                                                                        S      1
,,,19HWorm_Gear_Motor_12V,22HAutodesk Inventor 2018,7Hunknown,32,38,7,  G      1
99,15,,1.,1,4HINCH,1,0.08,15H20170916.222512,0.000393700787401575,      G      2
10000.,5Hjoeyt,,11,0,15H20170917.030446;                                G      3
     186       1                                                00000000D      1
     186            -903       1       0                               0D      2
     186       2                                                00000000D      3
     186            -905       1       0                               0D      4
     186       3                                                00000000D      5
     186            -905       1       0                               0D      6
     186       4                                                00000000D      7
     186            -901       1       0                               0D      8
     514       5                                                00010000D      9
     514                       1       1                               0D     10
     514       6                                                00010000D     11
     514                       3       1                               0D     12
     514       9                                                00010000D     13
     514                       4       1                               0D     14
     514      13                                                00010000D     15
     514                       1       1                               0D     16
     510      14                                                00010000D     17
     510            -903       1       1                               0D     18
     510      15                                                00010000D     19
     510            -903       1       1                               0D     20
     510      16                                                00010000D     21
     510            -903       1       1                               0D     22
     510      17                                                00010000D     23
     510            -903       1       1                               0D     24
     510      18                                                00010000D     25
     510            -903       1       1                               0D     26
     510      19                                                00010000D     27
     510            -905       1       1                               0D     28
     510      20                                                00010000D     29
     510            -905       1       1                               0D     30
     510      21                                                00010000D     31
     510            -905       1       1                               0D     32
     510      22                                                00010000D     33
     510            -905       1       1                               0D     34
     510      23                                                00010000D     35
     510            -905       1       1                               0D     36
     510      24                                                00010000D     37
     510            -905       1       1                               0D     38
     510      25                                                00010000D     39
     510            -905       1       1                               0D     40
     510      26                                                00010000D     41
     510            -905       1       1                               0D     42
     510      27                                                00010000D     43
     510            -905       1       1                               0D     44
     510      28                                                00010000D     45
     510            -905       1       1                               0D     46
     510      29                                                00010000D     47
     510            -905       1       1                               0D     48
     510      30                                                00010000D     49
     510            -905       1       1                               0D     50
     510      31                                                00010000D     51
     510            -905       1       1                               0D     52
     510      32                                                00010000D     53
     510            -905       1       1                               0D     54
     510      33                                                00010000D     55
     510            -905       1       1                               0D     56
     510      34                                                00010000D     57
     510            -905       1       1                               0D     58
     510      35                                                00010000D     59
     510            -905       1       1                               0D     60
     510      36                                                00010000D     61
     510            -905       1       1                               0D     62
     510      37                                                00010000D     63
     510            -905       1       1                               0D     64
     510      38                                                00010000D     65
     510            -905       1       1                               0D     66
     510      39                                                00010000D     67
     510            -905       1       1                               0D     68
     510      40                                                00010000D     69
     510            -905       1       1                               0D     70
     510      41                                                00010000D     71
     510            -905       1       1                               0D     72
     510      42                                                00010000D     73
     510            -905       1       1                               0D     74
     510      43                                                00010000D     75
     510            -905       1       1                               0D     76
     510      44                                                00010000D     77
     510            -905       1       1                               0D     78
     510      45                                                00010000D     79
     510            -905       1       1                               0D     80
     510      46                                                00010000D     81
     510            -905       1       1                               0D     82
     510      47                                                00010000D     83
     510            -905       1       1                               0D     84
     510      48                                                00010000D     85
     510            -905       1       1                               0D     86
     510      49                                                00010000D     87
     510            -905       1       1                               0D     88
     510      50                                                00010000D     89
     510            -905       1       1                               0D     90
     510      51                                                00010000D     91
     510            -905       1       1                               0D     92
     510      52                                                00010000D     93
     510            -905       1       1                               0D     94
     510      53                                                00010000D     95
     510            -905       1       1                               0D     96
     510      54                                                00010000D     97
     510            -905       1       1                               0D     98
     510      55                                                00010000D     99
     510            -905       1       1                               0D    100
     510      56                                                00010000D    101
     510            -905       1       1                               0D    102
     510      57                                                00010000D    103
     510            -905       1       1                               0D    104
     510      58                                                00010000D    105
     510            -905       1       1                               0D    106
     510      59                                                00010000D    107
     510            -905       1       1                               0D    108
     510      60                                                00010000D    109
     510            -905       1       1                               0D    110
     510      61                                                00010000D    111
     510            -905       1       1                               0D    112
     510      62                                                00010000D    113
     510            -905       1       1                               0D    114
     510      63                                                00010000D    115
     510            -905       1       1                               0D    116
     510      64                                                00010000D    117
     510            -905       1       1                               0D    118
     510      65                                                00010000D    119
     510            -905       1       1                               0D    120
     510      66                                                00010000D    121
     510            -905       1       1                               0D    122
     510      67                                                00010000D    123
     510            -905       1       1                               0D    124
     510      68                                                00010000D    125
     510            -905       1       1                               0D    126
     510      69                                                00010000D    127
     510            -905       1       1                               0D    128
     510      70                                                00010000D    129
     510            -905       1       1                               0D    130
     510      71                                                00010000D    131
     510            -905       1       1                               0D    132
     510      72                                                00010000D    133
     510            -905       1       1                               0D    134
     510      73                                                00010000D    135
     510            -905       1       1                               0D    136
     510      74                                                00010000D    137
     510            -905       1       1                               0D    138
     510      75                                                00010000D    139
     510            -905       1       1                               0D    140
     510      76                                                00010000D    141
     510            -905       1       1                               0D    142
     510      77                                                00010000D    143
     510            -905       1       1                               0D    144
     510      78                                                00010000D    145
     510            -905       1       1                               0D    146
     510      79                                                00010000D    147
     510            -905       1       1                               0D    148
     510      80                                                00010000D    149
     510            -905       1       1                               0D    150
     510      81                                                00010000D    151
     510            -905       1       1                               0D    152
     510      82                                                00010000D    153
     510            -905       1       1                               0D    154
     510      83                                                00010000D    155
     510            -905       1       1                               0D    156
     510      84                                                00010000D    157
     510            -905       1       1                               0D    158
     510      85                                                00010000D    159
     510            -905       1       1                               0D    160
     510      86                                                00010000D    161
     510            -905       1       1                               0D    162
     510      87                                                00010000D    163
     510            -905       1       1                               0D    164
     510      88                                                00010000D    165
     510            -905       1       1                               0D    166
     510      89                                                00010000D    167
     510            -907       1       1                               0D    168
     510      90                                                00010000D    169
     510            -907       1       1                               0D    170
     510      91                                                00010000D    171
     510            -907       1       1                               0D    172
     510      92                                                00010000D    173
     510            -907       1       1                               0D    174
     510      93                                                00010000D    175
     510            -909       1       1                               0D    176
     510      94                                                00010000D    177
     510            -901       1       1                               0D    178
     510      95                                                00010000D    179
     510            -907       1       1                               0D    180
     508      96                                                00010000D    181
     508                       1       1                               0D    182
     508      97                                                00010000D    183
     508                       1       1                               0D    184
     508      98                                                00010000D    185
     508                       1       1                               0D    186
     508      99                                                00010000D    187
     508                       2       1                               0D    188
     508     101                                                00010000D    189
     508                       1       1                               0D    190
     508     102                                                00010000D    191
     508                       2       1                               0D    192
     508     104                                                00010000D    193
     508                       2       1                               0D    194
     508     106                                                00010000D    195
     508                       1       1                               0D    196
     508     107                                                00010000D    197
     508                       2       1                               0D    198
     508     109                                                00010000D    199
     508                       1       1                               0D    200
     508     110                                                00010000D    201
     508                       1       1                               0D    202
     508     111                                                00010000D    203
     508                       1       1                               0D    204
     508     112                                                00010000D    205
     508                       1       1                               0D    206
     508     113                                                00010000D    207
     508                       1       1                               0D    208
     508     114                                                00010000D    209
     508                       1       1                               0D    210
     508     115                                                00010000D    211
     508                       1       1                               0D    212
     508     116                                                00010000D    213
     508                       1       1                               0D    214
     508     117                                                00010000D    215
     508                       1       1                               0D    216
     508     118                                                00010000D    217
     508                       1       1                               0D    218
     508     119                                                00010000D    219
     508                       1       1                               0D    220
     508     120                                                00010000D    221
     508                       1       1                               0D    222
     508     121                                                00010000D    223
     508                       1       1                               0D    224
     508     122                                                00010000D    225
     508                       1       1                               0D    226
     508     123                                                00010000D    227
     508                       1       1                               0D    228
     508     124                                                00010000D    229
     508                       1       1                               0D    230
     508     125                                                00010000D    231
     508                       2       1                               0D    232
     508     127                                                00010000D    233
     508                       1       1                               0D    234
     508     128                                                00010000D    235
     508                       1       1                               0D    236
     508     129                                                00010000D    237
     508                       1       1                               0D    238
     508     130                                                00010000D    239
     508                       1       1                               0D    240
     508     131                                                00010000D    241
     508                       1       1                               0D    242
     508     132                                                00010000D    243
     508                       1       1                               0D    244
     508     133                                                00010000D    245
     508                       1       1                               0D    246
     508     134                                                00010000D    247
     508                       1       1                               0D    248
     508     135                                                00010000D    249
     508                       1       1                               0D    250
     508     136                                                00010000D    251
     508                       1       1                               0D    252
     508     137                                                00010000D    253
     508                       1       1                               0D    254
     508     138                                                00010000D    255
     508                       1       1                               0D    256
     508     139                                                00010000D    257
     508                       1       1                               0D    258
     508     140                                                00010000D    259
     508                       1       1                               0D    260
     508     141                                                00010000D    261
     508                       1       1                               0D    262
     508     142                                                00010000D    263
     508                       1       1                               0D    264
     508     143                                                00010000D    265
     508                       1       1                               0D    266
     508     144                                                00010000D    267
     508                       1       1                               0D    268
     508     145                                                00010000D    269
     508                       1       1                               0D    270
     508     146                                                00010000D    271
     508                       1       1                               0D    272
     508     147                                                00010000D    273
     508                       1       1                               0D    274
     508     148                                                00010000D    275
     508                       1       1                               0D    276
     508     149                                                00010000D    277
     508                       1       1                               0D    278
     508     150                                                00010000D    279
     508                       2       1                               0D    280
     508     152                                                00010000D    281
     508                       2       1                               0D    282
     508     154                                                00010000D    283
     508                       1       1                               0D    284
     508     155                                                00010000D    285
     508                       2       1                               0D    286
     508     157                                                00010000D    287
     508                       1       1                               0D    288
     508     158                                                00010000D    289
     508                       1       1                               0D    290
     508     159                                                00010000D    291
     508                       1       1                               0D    292
     508     160                                                00010000D    293
     508                       1       1                               0D    294
     508     161                                                00010000D    295
     508                       1       1                               0D    296
     508     162                                                00010000D    297
     508                       1       1                               0D    298
     508     163                                                00010000D    299
     508                       1       1                               0D    300
     508     164                                                00010000D    301
     508                       1       1                               0D    302
     508     165                                                00010000D    303
     508                       1       1                               0D    304
     508     166                                                00010000D    305
     508                       1       1                               0D    306
     508     167                                                00010000D    307
     508                       1       1                               0D    308
     508     168                                                00010000D    309
     508                       1       1                               0D    310
     508     169                                                00010000D    311
     508                       1       1                               0D    312
     508     170                                                00010000D    313
     508                       1       1                               0D    314
     508     171                                                00010000D    315
     508                       1       1                               0D    316
     508     172                                                00010000D    317
     508                       1       1                               0D    318
     508     173                                                00010000D    319
     508                       2       1                               0D    320
     508     175                                                00010000D    321
     508                       1       1                               0D    322
     508     176                                                00010000D    323
     508                       1       1                               0D    324
     508     177                                                00010000D    325
     508                       1       1                               0D    326
     508     178                                                00010000D    327
     508                       1       1                               0D    328
     508     179                                                00010000D    329
     508                       1       1                               0D    330
     508     180                                                00010000D    331
     508                       1       1                               0D    332
     508     181                                                00010000D    333
     508                       1       1                               0D    334
     508     182                                                00010000D    335
     508                       1       1                               0D    336
     508     183                                                00010000D    337
     508                       1       1                               0D    338
     508     184                                                00010000D    339
     508                       1       1                               0D    340
     508     185                                                00010000D    341
     508                       1       1                               0D    342
     508     186                                                00010000D    343
     508                       1       1                               0D    344
     508     187                                                00010000D    345
     508                       1       1                               0D    346
     508     188                                                00010000D    347
     508                       1       1                               0D    348
     508     189                                                00010000D    349
     508                       1       1                               0D    350
     508     190                                                00010000D    351
     508                       1       1                               0D    352
     508     191                                                00010000D    353
     508                       1       1                               0D    354
     508     192                                                00010000D    355
     508                       1       1                               0D    356
     508     193                                                00010000D    357
     508                       1       1                               0D    358
     508     194                                                00010000D    359
     508                       1       1                               0D    360
     508     195                                                00010000D    361
     508                       1       1                               0D    362
     508     196                                                00010000D    363
     508                       1       1                               0D    364
     508     197                                                00010000D    365
     508                       1       1                               0D    366
     508     198                                                00010000D    367
     508                       1       1                               0D    368
     508     199                                                00010000D    369
     508                       1       1                               0D    370
     508     200                                                00010000D    371
     508                       1       1                               0D    372
     508     201                                                00010000D    373
     508                       1       1                               0D    374
     508     202                                                00010000D    375
     508                       1       1                               0D    376
     508     203                                                00010000D    377
     508                       1       1                               0D    378
     508     204                                                00010000D    379
     508                       1       1                               0D    380
     508     205                                                00010000D    381
     508                       1       1                               0D    382
     508     206                                                00010000D    383
     508                       1       1                               0D    384
     508     207                                                00010000D    385
     508                       1       1                               0D    386
     508     208                                                00010000D    387
     508                       1       1                               0D    388
     508     209                                                00010000D    389
     508                       1       1                               0D    390
     508     210                                                00010000D    391
     508                       1       1                               0D    392
     508     211                                                00010000D    393
     508                       1       1                               0D    394
     508     212                                                00010000D    395
     508                       1       1                               0D    396
     508     213                                                00010000D    397
     508                       1       1                               0D    398
     508     214                                                00010000D    399
     508                       1       1                               0D    400
     508     215                                                00010000D    401
     508                       1       1                               0D    402
     508     216                                                00010000D    403
     508                       1       1                               0D    404
     508     217                                                00010000D    405
     508                       1       1                               0D    406
     126     218                                                00010000D    407
     126       0               4       0                               0D    408
     126     222                                                00010000D    409
     126       0               5       0                               0D    410
     126     227                                                00010000D    411
     126       0               4       0                               0D    412
     126     231                                                00010000D    413
     126       0               5       0                               0D    414
     126     236                                                00010000D    415
     126       0               7       0                               0D    416
     126     243                                                00010000D    417
     126       0               7       0                               0D    418
     126     250                                                00010000D    419
     126       0              16       0                               0D    420
     126     266                                                00010000D    421
     126       0               4       0                               0D    422
     126     270                                                00010000D    423
     126       0              15       0                               0D    424
     126     285                                                00010000D    425
     126       0              12       0                               0D    426
     126     297                                                00010000D    427
     126       0               6       0                               0D    428
     126     303                                                00010000D    429
     126       0              12       0                               0D    430
     126     315                                                00010000D    431
     126       0               7       0                               0D    432
     126     322                                                00010000D    433
     126       0               6       0                               0D    434
     126     328                                                00010000D    435
     126       0               4       0                               0D    436
     126     332                                                00010000D    437
     126       0              15       0                               0D    438
     126     347                                                00010000D    439
     126       0               7       0                               0D    440
     126     354                                                00010000D    441
     126       0               4       0                               0D    442
     126     358                                                00010000D    443
     126       0               7       0                               0D    444
     126     365                                                00010000D    445
     126       0               3       0                               0D    446
     126     368                                                00010000D    447
     126       0               7       0                               0D    448
     126     375                                                00010000D    449
     126       0               3       0                               0D    450
     126     378                                                00010000D    451
     126       0               7       0                               0D    452
     126     385                                                00010000D    453
     126       0               3       0                               0D    454
     126     388                                                00010000D    455
     126       0              15       0                               0D    456
     126     403                                                00010000D    457
     126       0              15       0                               0D    458
     126     418                                                00010000D    459
     126       0              15       0                               0D    460
     126     433                                                00010000D    461
     126       0              15       0                               0D    462
     126     448                                                00010000D    463
     126       0               3       0                               0D    464
     126     451                                                00010000D    465
     126       0               7       0                               0D    466
     126     458                                                00010000D    467
     126       0               3       0                               0D    468
     126     461                                                00010000D    469
     126       0               3       0                               0D    470
     126     464                                                00010000D    471
     126       0               3       0                               0D    472
     126     467                                                00010000D    473
     126       0               7       0                               0D    474
     126     474                                                00010000D    475
     126       0               3       0                               0D    476
     126     477                                                00010000D    477
     126       0               3       0                               0D    478
     126     480                                                00010000D    479
     126       0               3       0                               0D    480
     126     483                                                00010000D    481
     126       0               7       0                               0D    482
     126     490                                                00010000D    483
     126       0               3       0                               0D    484
     126     493                                                00010000D    485
     126       0               3       0                               0D    486
     126     496                                                00010000D    487
     126       0               3       0                               0D    488
     126     499                                                00010000D    489
     126       0               7       0                               0D    490
     126     506                                                00010000D    491
     126       0               3       0                               0D    492
     126     509                                                00010000D    493
     126       0               3       0                               0D    494
     126     512                                                00010000D    495
     126       0               4       0                               0D    496
     126     516                                                00010000D    497
     126       0              15       0                               0D    498
     126     531                                                00010000D    499
     126       0               4       0                               0D    500
     126     535                                                00010000D    501
     126       0              15       0                               0D    502
     126     550                                                00010000D    503
     126       0               4       0                               0D    504
     126     554                                                00010000D    505
     126       0              15       0                               0D    506
     126     569                                                00010000D    507
     126       0               3       0                               0D    508
     126     572                                                00010000D    509
     126       0              15       0                               0D    510
     126     587                                                00010000D    511
     126       0              15       0                               0D    512
     126     602                                                00010000D    513
     126       0              15       0                               0D    514
     126     617                                                00010000D    515
     126       0              15       0                               0D    516
     126     632                                                00010000D    517
     126       0              15       0                               0D    518
     126     647                                                00010000D    519
     126       0              15       0                               0D    520
     126     662                                                00010000D    521
     126       0              15       0                               0D    522
     126     677                                                00010000D    523
     126       0              15       0                               0D    524
     126     692                                                00010000D    525
     126       0              15       0                               0D    526
     126     707                                                00010000D    527
     126       0              15       0                               0D    528
     126     722                                                00010000D    529
     126       0              15       0                               0D    530
     126     737                                                00010000D    531
     126       0               4       0                               0D    532
     126     741                                                00010000D    533
     126       0               4       0                               0D    534
     126     745                                                00010000D    535
     126       0               4       0                               0D    536
     126     749                                                00010000D    537
     126       0               3       0                               0D    538
     126     752                                                00010000D    539
     126       0              15       0                               0D    540
     126     767                                                00010000D    541
     126       0               4       0                               0D    542
     126     771                                                00010000D    543
     126       0              15       0                               0D    544
     126     786                                                00010000D    545
     126       0               4       0                               0D    546
     126     790                                                00010000D    547
     126       0              12       0                               0D    548
     126     802                                                00010000D    549
     126       0               6       0                               0D    550
     126     808                                                00010000D    551
     126       0              12       0                               0D    552
     126     820                                                00010000D    553
     126       0               7       0                               0D    554
     126     827                                                00010000D    555
     126       0               6       0                               0D    556
     126     833                                                00010000D    557
     126       0               4       0                               0D    558
     126     837                                                00010000D    559
     126       0              12       0                               0D    560
     126     849                                                00010000D    561
     126       0               7       0                               0D    562
     126     856                                                00010000D    563
     126       0               3       0                               0D    564
     126     859                                                00010000D    565
     126       0               7       0                               0D    566
     126     866                                                00010000D    567
     126       0               3       0                               0D    568
     126     869                                                00010000D    569
     126       0               7       0                               0D    570
     126     876                                                00010000D    571
     126       0               3       0                               0D    572
     126     879                                                00010000D    573
     126       0               7       0                               0D    574
     126     886                                                00010000D    575
     126       0               4       0                               0D    576
     126     890                                                00010000D    577
     126       0              15       0                               0D    578
     126     905                                                00010000D    579
     126       0              15       0                               0D    580
     126     920                                                00010000D    581
     126       0              15       0                               0D    582
     126     935                                                00010000D    583
     126       0              15       0                               0D    584
     126     950                                                00010000D    585
     126       0               3       0                               0D    586
     126     953                                                00010000D    587
     126       0               6       0                               0D    588
     126     959                                                00010000D    589
     126       0               3       0                               0D    590
     126     962                                                00010000D    591
     126       0               3       0                               0D    592
     126     965                                                00010000D    593
     126       0               3       0                               0D    594
     126     968                                                00010000D    595
     126       0               3       0                               0D    596
     126     971                                                00010000D    597
     126       0               6       0                               0D    598
     126     977                                                00010000D    599
     126       0               3       0                               0D    600
     126     980                                                00010000D    601
     126       0               3       0                               0D    602
     126     983                                                00010000D    603
     126       0               3       0                               0D    604
     126     986                                                00010000D    605
     126       0               6       0                               0D    606
     126     992                                                00010000D    607
     126       0               3       0                               0D    608
     126     995                                                00010000D    609
     126       0               3       0                               0D    610
     126     998                                                00010000D    611
     126       0               3       0                               0D    612
     126    1001                                                00010000D    613
     126       0               6       0                               0D    614
     126    1007                                                00010000D    615
     126       0               3       0                               0D    616
     126    1010                                                00010000D    617
     126       0              15       0                               0D    618
     126    1025                                                00010000D    619
     126       0               4       0                               0D    620
     126    1029                                                00010000D    621
     126       0              15       0                               0D    622
     126    1044                                                00010000D    623
     126       0               4       0                               0D    624
     126    1048                                                00010000D    625
     126       0              15       0                               0D    626
     126    1063                                                00010000D    627
     126       0               4       0                               0D    628
     126    1067                                                00010000D    629
     126       0              15       0                               0D    630
     126    1082                                                00010000D    631
     126       0               3       0                               0D    632
     126    1085                                                00010000D    633
     126       0              12       0                               0D    634
     126    1097                                                00010000D    635
     126       0              12       0                               0D    636
     126    1109                                                00010000D    637
     126       0              12       0                               0D    638
     126    1121                                                00010000D    639
     126       0              12       0                               0D    640
     126    1133                                                00010000D    641
     126       0              12       0                               0D    642
     126    1145                                                00010000D    643
     126       0              12       0                               0D    644
     126    1157                                                00010000D    645
     126       0              15       0                               0D    646
     126    1172                                                00010000D    647
     126       0               4       0                               0D    648
     126    1176                                                00010000D    649
     126       0              15       0                               0D    650
     126    1191                                                00010000D    651
     126       0               4       0                               0D    652
     126    1195                                                00010000D    653
     126       0              15       0                               0D    654
     126    1210                                                00010000D    655
     126       0               4       0                               0D    656
     126    1214                                                00010000D    657
     126       0              15       0                               0D    658
     126    1229                                                00010000D    659
     126       0               3       0                               0D    660
     126    1232                                                00010000D    661
     126       0              15       0                               0D    662
     126    1247                                                00010000D    663
     126       0               4       0                               0D    664
     126    1251                                                00010000D    665
     126       0              15       0                               0D    666
     126    1266                                                00010000D    667
     126       0               4       0                               0D    668
     126    1270                                                00010000D    669
     126       0              15       0                               0D    670
     126    1285                                                00010000D    671
     126       0              15       0                               0D    672
     126    1300                                                00010000D    673
     126       0              15       0                               0D    674
     126    1315                                                00010000D    675
     126       0              15       0                               0D    676
     126    1330                                                00010000D    677
     126       0              15       0                               0D    678
     126    1345                                                00010000D    679
     126       0               3       0                               0D    680
     126    1348                                                00010000D    681
     126       0              15       0                               0D    682
     126    1363                                                00010000D    683
     126       0               3       0                               0D    684
     126    1366                                                00010000D    685
     126       0              15       0                               0D    686
     126    1381                                                00010000D    687
     126       0               3       0                               0D    688
     126    1384                                                00010000D    689
     126       0              12       0                               0D    690
     126    1396                                                00010000D    691
     126       0               3       0                               0D    692
     126    1399                                                00010000D    693
     126       0              15       0                               0D    694
     126    1414                                                00010000D    695
     126       0               5       0                               0D    696
     126    1419                                                00010000D    697
     126       0              15       0                               0D    698
     126    1434                                                00010000D    699
     126       0              15       0                               0D    700
     126    1449                                                00010000D    701
     126       0               5       0                               0D    702
     126    1454                                                00010000D    703
     126       0              15       0                               0D    704
     126    1469                                                00010000D    705
     126       0              15       0                               0D    706
     126    1484                                                00010000D    707
     126       0               4       0                               0D    708
     126    1488                                                00010000D    709
     126       0              15       0                               0D    710
     126    1503                                                00010000D    711
     126       0               5       0                               0D    712
     128    1508                                                00010000D    713
     128       0    -903       8       0                               0D    714
     128    1516                                                00010000D    715
     128       0    -903       9       0                               0D    716
     128    1525                                                00010000D    717
     128       0    -903       7       0                               0D    718
     128    1532                                                00010000D    719
     128       0    -903      26       0                               0D    720
     128    1558                                                00010000D    721
     128       0    -903       6       0                               0D    722
     128    1564                                                00010000D    723
     128       0    -905      39       0                               0D    724
     128    1603                                                00010000D    725
     128       0    -905      26       0                               0D    726
     128    1629                                                00010000D    727
     128       0    -905       6       0                               0D    728
     128    1635                                                00010000D    729
     128       0    -905       6       0                               0D    730
     128    1641                                                00010000D    731
     128       0    -905      11       0                               0D    732
     128    1652                                                00010000D    733
     128       0    -905       6       0                               0D    734
     128    1658                                                00010000D    735
     128       0    -905      11       0                               0D    736
     128    1669                                                00010000D    737
     128       0    -905       6       0                               0D    738
     128    1675                                                00010000D    739
     128       0    -905      11       0                               0D    740
     128    1686                                                00010000D    741
     128       0    -905       6       0                               0D    742
     128    1692                                                00010000D    743
     128       0    -905      11       0                               0D    744
     128    1703                                                00010000D    745
     128       0    -905       7       0                               0D    746
     128    1710                                                00010000D    747
     128       0    -905      26       0                               0D    748
     128    1736                                                00010000D    749
     128       0    -905      26       0                               0D    750
     128    1762                                                00010000D    751
     128       0    -905      26       0                               0D    752
     128    1788                                                00010000D    753
     128       0    -905      26       0                               0D    754
     128    1814                                                00010000D    755
     128       0    -905       6       0                               0D    756
     128    1820                                                00010000D    757
     128       0    -905       6       0                               0D    758
     128    1826                                                00010000D    759
     128       0    -905       6       0                               0D    760
     128    1832                                                00010000D    761
     128       0    -905       6       0                               0D    762
     128    1838                                                00010000D    763
     128       0    -905       6       0                               0D    764
     128    1844                                                00010000D    765
     128       0    -905      26       0                               0D    766
     128    1870                                                00010000D    767
     128       0    -905      26       0                               0D    768
     128    1896                                                00010000D    769
     128       0    -905      26       0                               0D    770
     128    1922                                                00010000D    771
     128       0    -905      26       0                               0D    772
     128    1948                                                00010000D    773
     128       0    -905      26       0                               0D    774
     128    1974                                                00010000D    775
     128       0    -905      26       0                               0D    776
     128    2000                                                00010000D    777
     128       0    -905       9       0                               0D    778
     128    2009                                                00010000D    779
     128       0    -905       9       0                               0D    780
     128    2018                                                00010000D    781
     128       0    -905      37       0                               0D    782
     128    2055                                                00010000D    783
     128       0    -905      24       0                               0D    784
     128    2079                                                00010000D    785
     128       0    -905       6       0                               0D    786
     128    2085                                                00010000D    787
     128       0    -905       6       0                               0D    788
     128    2091                                                00010000D    789
     128       0    -905      10       0                               0D    790
     128    2101                                                00010000D    791
     128       0    -905       6       0                               0D    792
     128    2107                                                00010000D    793
     128       0    -905      10       0                               0D    794
     128    2117                                                00010000D    795
     128       0    -905       6       0                               0D    796
     128    2123                                                00010000D    797
     128       0    -905      10       0                               0D    798
     128    2133                                                00010000D    799
     128       0    -905       6       0                               0D    800
     128    2139                                                00010000D    801
     128       0    -905      10       0                               0D    802
     128    2149                                                00010000D    803
     128       0    -905       7       0                               0D    804
     128    2156                                                00010000D    805
     128       0    -905      27       0                               0D    806
     128    2183                                                00010000D    807
     128       0    -905      27       0                               0D    808
     128    2210                                                00010000D    809
     128       0    -905      27       0                               0D    810
     128    2237                                                00010000D    811
     128       0    -905      26       0                               0D    812
     128    2263                                                00010000D    813
     128       0    -905       5       0                               0D    814
     128    2268                                                00010000D    815
     128       0    -905       6       0                               0D    816
     128    2274                                                00010000D    817
     128       0    -905       6       0                               0D    818
     128    2280                                                00010000D    819
     128       0    -905       6       0                               0D    820
     128    2286                                                00010000D    821
     128       0    -905       6       0                               0D    822
     128    2292                                                00010000D    823
     128       0    -905      23       0                               0D    824
     128    2315                                                00010000D    825
     128       0    -905      23       0                               0D    826
     128    2338                                                00010000D    827
     128       0    -905      23       0                               0D    828
     128    2361                                                00010000D    829
     128       0    -905      23       0                               0D    830
     128    2384                                                00010000D    831
     128       0    -905      23       0                               0D    832
     128    2407                                                00010000D    833
     128       0    -905      23       0                               0D    834
     128    2430                                                00010000D    835
     128       0    -905       6       0                               0D    836
     128    2436                                                00010000D    837
     128       0    -905       6       0                               0D    838
     128    2442                                                00010000D    839
     128       0    -905       6       0                               0D    840
     128    2448                                                00010000D    841
     128       0    -905       6       0                               0D    842
     128    2454                                                00010000D    843
     128       0    -905       9       0                               0D    844
     128    2463                                                00010000D    845
     128       0    -905       9       0                               0D    846
     128    2472                                                00010000D    847
     128       0    -905      26       0                               0D    848
     128    2498                                                00010000D    849
     128       0    -905      26       0                               0D    850
     128    2524                                                00010000D    851
     128       0    -905      26       0                               0D    852
     128    2550                                                00010000D    853
     128       0    -905      23       0                               0D    854
     128    2573                                                00010000D    855
     128       0    -905       6       0                               0D    856
     128    2579                                                00010000D    857
     128       0    -905       6       0                               0D    858
     128    2585                                                00010000D    859
     128       0    -905       6       0                               0D    860
     128    2591                                                00010000D    861
     128       0    -905       5       0                               0D    862
     128    2596                                                00010000D    863
     128       0    -907      28       0                               0D    864
     128    2624                                                00010000D    865
     128       0    -907      27       0                               0D    866
     128    2651                                                00010000D    867
     128       0    -907      26       0                               0D    868
     128    2677                                                00010000D    869
     128       0    -907       6       0                               0D    870
     128    2683                                                00010000D    871
     128       0    -909      27       0                               0D    872
     128    2710                                                00010000D    873
     128       0    -901       6       0                               0D    874
     128    2716                                                00010000D    875
     128       0    -907       6       0                               0D    876
     502    2722                                                00010000D    877
     502                       6       1                               0D    878
     502    2728                                                00010000D    879
     502                      41       1                               0D    880
     502    2769                                                00010000D    881
     502                      45       1                               0D    882
     502    2814                                                00010000D    883
     502                       6       1                               0D    884
     504    2820                                                00010001D    885
     504                       3       1                               0D    886
     504    2823                                                00010001D    887
     504                      18       1                               0D    888
     504    2841                                                00010001D    889
     504                      21       1                               0D    890
     504    2862                                                00010001D    891
     504                       3       1                               0D    892
     406    2865                                                00000000D    893
     406                       1      15                               0D    894
     406    2866                                                00000000D    895
     406                       1      15                               0D    896
     406    2867                                                00000000D    897
     406                       1      15                               0D    898
     406    2868                                                00000000D    899
     406                       1      15                               0D    900
     314    2869                                                00000200D    901
     314                       1       0                               0D    902
     314    2870                                                00000200D    903
     314                       1       0                               0D    904
     314    2871                                                00000200D    905
     314                       1       0                               0D    906
     314    2872                                                00000200D    907
     314                       1       0                               0D    908
     314    2873                                                00000200D    909
     314                       1       0                               0D    910
186,9,1,0,0,1,893;                                                     1P      1
186,11,1,0,0,1,895;                                                    3P      2
186,13,1,0,0,1,897;                                                    5P      3
186,15,1,0,0,1,899;                                                    7P      4
514,5,17,1,19,1,21,1,23,1,25,1;                                        9P      5
514,29,27,1,29,1,31,1,33,1,35,1,37,1,39,1,41,1,43,1,45,1,47,1,        11P      6
49,1,51,1,53,1,55,1,57,1,59,1,61,1,63,1,65,1,67,1,69,1,71,1,73,       11P      7
1,75,1,77,1,79,1,81,1,83,1;                                           11P      8
514,41,85,1,87,1,89,1,91,1,93,1,95,1,97,1,99,1,101,1,103,1,105,       13P      9
1,107,1,109,1,111,1,113,1,115,1,117,1,119,1,121,1,123,1,125,1,        13P     10
127,1,129,1,131,1,133,1,135,1,137,1,139,1,141,1,143,1,145,1,147,      13P     11
1,149,1,151,1,153,1,155,1,157,1,159,1,161,1,163,1,165,1;              13P     12
514,7,167,1,169,1,171,1,173,1,175,1,177,1,179,1;                      15P     13
510,713,1,1,181;                                                      17P     14
510,715,1,1,183;                                                      19P     15
510,717,1,1,185;                                                      21P     16
510,719,1,1,187;                                                      23P     17
510,721,1,1,189;                                                      25P     18
510,723,1,1,191;                                                      27P     19
510,725,1,1,193;                                                      29P     20
510,727,1,1,195;                                                      31P     21
510,729,5,1,197,199,201,203,205;                                      33P     22
510,731,1,1,207;                                                      35P     23
510,733,1,1,209;                                                      37P     24
510,735,1,1,211;                                                      39P     25
510,737,1,1,213;                                                      41P     26
510,739,1,1,215;                                                      43P     27
510,741,1,1,217;                                                      45P     28
510,743,1,1,219;                                                      47P     29
510,745,1,1,221;                                                      49P     30
510,747,1,1,223;                                                      51P     31
510,749,1,1,225;                                                      53P     32
510,751,1,1,227;                                                      55P     33
510,753,1,1,229;                                                      57P     34
510,755,8,1,231,233,235,237,239,241,243,245;                          59P     35
510,757,2,1,247,249;                                                  61P     36
510,759,2,1,251,253;                                                  63P     37
510,761,2,1,255,257;                                                  65P     38
510,763,2,1,259,261;                                                  67P     39
510,765,1,1,263;                                                      69P     40
510,767,1,1,265;                                                      71P     41
510,769,1,1,267;                                                      73P     42
510,771,1,1,269;                                                      75P     43
510,773,1,1,271;                                                      77P     44
510,775,1,1,273;                                                      79P     45
510,777,1,1,275;                                                      81P     46
510,779,1,1,277;                                                      83P     47
510,781,1,1,279;                                                      85P     48
510,783,1,1,281;                                                      87P     49
510,785,1,1,283;                                                      89P     50
510,787,5,1,285,287,289,291,293;                                      91P     51
510,789,1,1,295;                                                      93P     52
510,791,1,1,297;                                                      95P     53
510,793,1,1,299;                                                      97P     54
510,795,1,1,301;                                                      99P     55
510,797,1,1,303;                                                     101P     56
510,799,1,1,305;                                                     103P     57
510,801,1,1,307;                                                     105P     58
510,803,1,1,309;                                                     107P     59
510,805,1,1,311;                                                     109P     60
510,807,1,1,313;                                                     111P     61
510,809,1,1,315;                                                     113P     62
510,811,1,1,317;                                                     115P     63
510,813,8,1,319,321,323,325,327,329,331,333;                         117P     64
510,815,1,1,335;                                                     119P     65
510,817,1,1,337;                                                     121P     66
510,819,1,1,339;                                                     123P     67
510,821,1,1,341;                                                     125P     68
510,823,1,1,343;                                                     127P     69
510,825,1,1,345;                                                     129P     70
510,827,1,1,347;                                                     131P     71
510,829,1,1,349;                                                     133P     72
510,831,1,1,351;                                                     135P     73
510,833,1,1,353;                                                     137P     74
510,835,2,1,355,357;                                                 139P     75
510,837,2,1,359,361;                                                 141P     76
510,839,2,1,363,365;                                                 143P     77
510,841,2,1,367,369;                                                 145P     78
510,843,1,1,371;                                                     147P     79
510,845,1,1,373;                                                     149P     80
510,847,1,1,375;                                                     151P     81
510,849,1,1,377;                                                     153P     82
510,851,1,1,379;                                                     155P     83
510,853,1,1,381;                                                     157P     84
510,855,1,1,383;                                                     159P     85
510,857,1,1,385;                                                     161P     86
510,859,1,1,387;                                                     163P     87
510,861,1,1,389;                                                     165P     88
510,863,1,1,391;                                                     167P     89
510,865,1,1,393;                                                     169P     90
510,867,1,1,395;                                                     171P     91
510,869,2,1,397,399;                                                 173P     92
510,871,1,1,401;                                                     175P     93
510,873,1,1,403;                                                     177P     94
510,875,1,1,405;                                                     179P     95
508,4,0,885,1,0,0,0,885,2,1,0,0,885,3,0,0,0,885,4,0,0;               181P     96
508,3,0,885,5,0,0,0,885,2,0,0,0,885,6,0,0;                           183P     97
508,2,0,885,4,1,0,0,885,7,1,0;                                       185P     98
508,8,0,885,1,1,0,0,885,7,0,0,0,885,3,1,0,0,885,5,1,0,0,885,8,1,     187P     99
0,0,885,9,0,0,0,885,8,0,0,0,885,6,1,0;                               187P    100
508,1,0,885,9,1,0;                                                   189P    101
508,6,0,887,1,1,0,0,887,2,1,0,0,887,3,1,0,0,887,4,1,0,0,887,2,0,     191P    102
0,0,887,5,1,0;                                                       191P    103
508,5,0,887,4,0,0,0,887,6,1,0,0,887,7,0,0,0,887,6,0,0,0,887,3,0,     193P    104
0;                                                                   193P    105
508,2,0,887,1,0,0,0,887,5,0,0;                                       195P    106
508,8,0,887,8,1,0,0,887,9,1,0,0,887,10,1,0,0,887,11,1,0,0,887,       197P    107
12,1,0,0,887,13,1,0,0,887,14,1,0,0,887,15,1,0;                       197P    108
508,1,0,887,16,1,0;                                                  199P    109
508,1,0,887,17,1,0;                                                  201P    110
508,1,0,887,18,1,0;                                                  203P    111
508,1,0,887,19,1,0;                                                  205P    112
508,4,0,887,8,0,0,0,887,20,1,0,0,887,21,1,0,0,887,22,1,0;            207P    113
508,4,0,887,9,0,0,0,887,22,0,0,0,887,23,0,0,0,887,24,0,0;            209P    114
508,4,0,887,10,0,0,0,887,24,1,0,0,887,25,1,0,0,887,26,1,0;           211P    115
508,4,0,887,11,0,0,0,887,26,0,0,0,887,27,0,0,0,887,28,0,0;           213P    116
508,4,0,887,12,0,0,0,887,28,1,0,0,887,29,1,0,0,887,30,1,0;           215P    117
508,4,0,887,13,0,0,0,887,30,0,0,0,887,31,0,0,0,887,32,0,0;           217P    118
508,4,0,887,14,0,0,0,887,32,1,0,0,887,33,1,0,0,887,34,1,0;           219P    119
508,4,0,887,15,0,0,0,887,34,0,0,0,887,35,0,0,0,887,20,0,0;           221P    120
508,4,0,887,16,0,0,0,887,36,1,0,0,887,37,0,0,0,887,36,0,0;           223P    121
508,4,0,887,17,0,0,0,887,38,1,0,0,887,39,0,0,0,887,38,0,0;           225P    122
508,4,0,887,18,0,0,0,887,40,1,0,0,887,41,0,0,0,887,40,0,0;           227P    123
508,4,0,887,19,0,0,0,887,42,1,0,0,887,43,0,0,0,887,42,0,0;           229P    124
508,8,0,887,33,0,0,0,887,31,1,0,0,887,29,0,0,0,887,27,1,0,0,887,     231P    125
25,0,0,0,887,23,1,0,0,887,21,0,0,0,887,35,1,0;                       231P    126
508,1,0,887,44,1,0;                                                  233P    127
508,1,0,887,45,1,0;                                                  235P    128
508,1,0,887,46,1,0;                                                  237P    129
508,1,0,887,47,1,0;                                                  239P    130
508,1,0,887,7,1,0;                                                   241P    131
508,1,0,887,48,1,0;                                                  243P    132
508,1,0,887,49,1,0;                                                  245P    133
508,1,0,887,50,1,0;                                                  247P    134
508,1,0,887,37,1,0;                                                  249P    135
508,1,0,887,51,1,0;                                                  251P    136
508,1,0,887,39,1,0;                                                  253P    137
508,1,0,887,52,1,0;                                                  255P    138
508,1,0,887,41,1,0;                                                  257P    139
508,1,0,887,53,1,0;                                                  259P    140
508,1,0,887,43,1,0;                                                  261P    141
508,4,0,887,50,0,0,0,887,54,1,0,0,887,44,0,0,0,887,54,0,0;           263P    142
508,4,0,887,51,0,0,0,887,55,1,0,0,887,45,0,0,0,887,55,0,0;           265P    143
508,4,0,887,52,0,0,0,887,56,1,0,0,887,46,0,0,0,887,56,0,0;           267P    144
508,4,0,887,53,0,0,0,887,57,1,0,0,887,47,0,0,0,887,57,0,0;           269P    145
508,4,0,887,58,0,0,0,887,59,1,0,0,887,48,0,0,0,887,59,0,0;           271P    146
508,4,0,887,60,0,0,0,887,61,1,0,0,887,49,0,0,0,887,61,0,0;           273P    147
508,1,0,887,58,1,0;                                                  275P    148
508,1,0,887,60,1,0;                                                  277P    149
508,6,0,889,1,1,0,0,889,2,1,0,0,889,3,1,0,0,889,4,1,0,0,889,2,0,     279P    150
0,0,889,5,1,0;                                                       279P    151
508,5,0,889,1,0,0,0,889,6,1,0,0,889,7,0,0,0,889,6,0,0,0,889,5,0,     281P    152
0;                                                                   281P    153
508,2,0,889,4,0,0,0,889,3,0,0;                                       283P    154
508,8,0,889,8,0,0,0,889,9,0,0,0,889,10,0,0,0,889,11,0,0,0,889,       285P    155
12,0,0,0,889,13,0,0,0,889,14,0,0,0,889,15,0,0;                       285P    156
508,1,0,889,16,0,0;                                                  287P    157
508,1,0,889,17,0,0;                                                  289P    158
508,1,0,889,18,0,0;                                                  291P    159
508,1,0,889,19,0,0;                                                  293P    160
508,4,0,889,8,1,0,0,889,20,1,0,0,889,21,1,0,0,889,22,1,0;            295P    161
508,4,0,889,15,1,0,0,889,23,0,0,0,889,24,0,0,0,889,20,0,0;           297P    162
508,4,0,889,14,1,0,0,889,25,1,0,0,889,26,1,0,0,889,23,1,0;           299P    163
508,4,0,889,13,1,0,0,889,27,0,0,0,889,28,0,0,0,889,25,0,0;           301P    164
508,4,0,889,12,1,0,0,889,29,1,0,0,889,30,1,0,0,889,27,1,0;           303P    165
508,4,0,889,11,1,0,0,889,31,0,0,0,889,32,0,0,0,889,29,0,0;           305P    166
508,4,0,889,10,1,0,0,889,33,1,0,0,889,34,1,0,0,889,31,1,0;           307P    167
508,4,0,889,9,1,0,0,889,22,0,0,0,889,35,0,0,0,889,33,0,0;            309P    168
508,4,0,889,36,1,0,0,889,37,1,0,0,889,16,1,0,0,889,37,0,0;           311P    169
508,4,0,889,38,1,0,0,889,39,1,0,0,889,17,1,0,0,889,39,0,0;           313P    170
508,4,0,889,40,1,0,0,889,41,1,0,0,889,18,1,0,0,889,41,0,0;           315P    171
508,4,0,889,42,1,0,0,889,43,1,0,0,889,19,1,0,0,889,43,0,0;           317P    172
508,8,0,889,34,0,0,0,889,35,1,0,0,889,21,0,0,0,889,24,1,0,0,889,     319P    173
26,0,0,0,889,28,1,0,0,889,30,0,0,0,889,32,1,0;                       319P    174
508,1,0,889,44,1,0;                                                  321P    175
508,1,0,889,45,1,0;                                                  323P    176
508,1,0,889,46,1,0;                                                  325P    177
508,1,0,889,47,1,0;                                                  327P    178
508,1,0,889,48,1,0;                                                  329P    179
508,1,0,889,49,1,0;                                                  331P    180
508,1,0,889,7,1,0;                                                   333P    181
508,1,0,889,36,0,0;                                                  335P    182
508,1,0,889,38,0,0;                                                  337P    183
508,1,0,889,40,0,0;                                                  339P    184
508,1,0,889,42,0,0;                                                  341P    185
508,4,0,889,50,1,0,0,889,51,1,0,0,889,44,0,0,0,889,51,0,0;           343P    186
508,4,0,889,52,1,0,0,889,53,1,0,0,889,45,0,0,0,889,53,0,0;           345P    187
508,4,0,889,54,1,0,0,889,55,1,0,0,889,46,0,0,0,889,55,0,0;           347P    188
508,4,0,889,56,1,0,0,889,57,1,0,0,889,47,0,0,0,889,57,0,0;           349P    189
508,4,0,889,58,1,0,0,889,59,1,0,0,889,48,0,0,0,889,59,0,0;           351P    190
508,4,0,889,60,1,0,0,889,61,1,0,0,889,49,0,0,0,889,61,0,0;           353P    191
508,1,0,889,50,0,0;                                                  355P    192
508,1,0,889,62,0,0;                                                  357P    193
508,1,0,889,52,0,0;                                                  359P    194
508,1,0,889,63,0,0;                                                  361P    195
508,1,0,889,54,0,0;                                                  363P    196
508,1,0,889,64,0,0;                                                  365P    197
508,1,0,889,56,0,0;                                                  367P    198
508,1,0,889,65,0,0;                                                  369P    199
508,1,0,889,58,0,0;                                                  371P    200
508,1,0,889,60,0,0;                                                  373P    201
508,4,0,889,66,0,0,0,889,67,1,0,0,889,62,1,0,0,889,67,0,0;           375P    202
508,4,0,889,68,0,0,0,889,69,1,0,0,889,63,1,0,0,889,69,0,0;           377P    203
508,4,0,889,70,0,0,0,889,71,1,0,0,889,64,1,0,0,889,71,0,0;           379P    204
508,4,0,889,72,0,0,0,889,73,1,0,0,889,65,1,0,0,889,73,0,0;           381P    205
508,1,0,889,66,1,0;                                                  383P    206
508,1,0,889,68,1,0;                                                  385P    207
508,1,0,889,70,1,0;                                                  387P    208
508,1,0,889,72,1,0;                                                  389P    209
508,4,0,891,1,0,0,0,891,2,1,0,0,891,3,0,0,0,891,2,0,0;               391P    210
508,4,0,891,4,1,0,0,891,5,1,0,0,891,6,0,0,0,891,5,0,0;               393P    211
508,4,0,891,7,1,0,0,891,8,1,0,0,891,9,0,0,0,891,8,0,0;               395P    212
508,1,0,891,4,0,0;                                                   397P    213
508,1,0,891,7,0,0;                                                   399P    214
508,4,0,891,6,1,0,0,891,10,1,0,0,891,1,1,0,0,891,10,0,0;             401P    215
508,1,0,891,3,1,0;                                                   403P    216
508,1,0,891,9,1,0;                                                   405P    217
126,1,1,0,0,1,0,0.0999999999999996,0.0999999999999996,1.5,1.5,       407P    218
1.,1.,-0.236220472440944,1.24015748031496,0.104163437443488,         407P    219
-0.236220472440944,1.79133858267716,0.104163437443488,               407P    220
0.0999999999999996,1.5,0.,0.,0.;                                     407P    221
126,1,1,0,0,1,0,0.135424868893541,0.135424868893541,                 409P    222
0.664575131106459,0.664575131106459,1.,1.,-0.236220472440944,        409P    223
1.24015748031496,0.104163437443488,-0.236220472440944,               409P    224
1.24015748031496,-0.104163437443487,0.135424868893541,               409P    225
0.664575131106459,0.,0.,0.;                                          409P    226
126,1,1,0,0,1,0,-1.5,-1.5,-0.0999999999999996,                       411P    227
-0.0999999999999996,1.,1.,-0.236220472440944,1.79133858267716,       411P    228
-0.104163437443487,-0.236220472440944,1.24015748031496,              411P    229
-0.104163437443487,-1.5,-0.0999999999999996,0.,0.,0.;                411P    230
126,1,1,0,0,1,0,-0.064575131106459,-0.064575131106459,               413P    231
0.464575131106459,0.464575131106459,1.,1.,-0.236220472440944,        413P    232
1.79133858267716,0.104163437443488,-0.236220472440944,               413P    233
1.79133858267716,-0.104163437443487,-0.064575131106459,              413P    234
0.464575131106459,0.,0.,0.;                                          413P    235
126,2,2,0,0,0,0,2.41885840577638,2.41885840577638,                   415P    236
2.41885840577638,3.14159265358979,3.14159265358979,                  415P    237
3.14159265358979,1.,0.935414346693487,1.,-0.236220472440944,         415P    238
1.24015748031496,-0.104163437443487,-0.196850393700787,              415P    239
1.24015748031496,-0.0595219642534213,-0.196850393700787,             415P    240
1.24015748031496,3.303907668245D-16,2.41885840577638,                415P    241
3.14159265358979,0.,0.,0.;                                           415P    242
126,2,2,0,0,0,0,3.14159265358979,3.14159265358979,                   417P    243
3.14159265358979,3.86432690140321,3.86432690140321,                  417P    244
3.86432690140321,1.,0.935414346693483,1.,-0.196850393700787,         417P    245
1.24015748031496,3.303907668245D-16,-0.196850393700787,              417P    246
1.24015748031496,0.0595219642534219,-0.236220472440944,              417P    247
1.24015748031496,0.104163437443488,3.14159265358979,                 417P    248
3.86432690140321,0.,0.,0.;                                           417P    249
126,8,2,0,0,0,0,-2.41885840577638,-2.41885840577638,                 419P    250
-2.41885840577638,-1.20942920288819,-1.20942920288819,               419P    251
2.22044604925031D-16,2.22044604925031D-16,1.20942920288819,          419P    252
1.20942920288819,2.41885840577638,2.41885840577638,                  419P    253
2.41885840577638,1.,0.822664388008037,1.,0.822664388008035,1.,       419P    254
0.822664388008036,1.,0.822664388008037,1.,-0.236220472440944,        419P    255
1.79133858267716,-0.104163437443487,-0.308205792312841,              419P    256
1.79133858267716,-0.185787117912834,-0.410008407967444,              419P    257
1.79133858267716,-0.147309345935982,-0.511811023622047,              419P    258
1.79133858267716,-0.108831573959129,-0.511811023622047,              419P    259
1.79133858267716,3.84644197507928D-16,-0.511811023622047,            419P    260
1.79133858267716,0.10883157395913,-0.410008407967444,                419P    261
1.79133858267716,0.147309345935982,-0.308205792312841,               419P    262
1.79133858267716,0.185787117912835,-0.236220472440944,               419P    263
1.79133858267716,0.104163437443488,-2.41885840577638,                419P    264
2.41885840577638,0.,0.,0.;                                           419P    265
126,1,1,0,0,1,0,-0.249999999999998,-0.249999999999998,0.,0.,1.,      421P    266
1.,-0.196850393700787,1.24015748031496,3.49676543189026D-16,         421P    267
-0.196850393700787,1.2007874015748,3.49676543189026D-16,             421P    268
-0.249999999999998,0.,0.,0.,0.;                                      421P    269
126,8,2,0,1,0,0,-3.14159265358979,-3.14159265358979,                 423P    270
-3.14159265358979,-1.5707963267949,-1.5707963267949,0.,0.,           423P    271
1.5707963267949,1.5707963267949,3.14159265358979,                    423P    272
3.14159265358979,3.14159265358979,1.,0.707106781186548,1.,           423P    273
0.707106781186548,1.,0.707106781186548,1.,0.707106781186548,1.,      423P    274
-0.196850393700787,1.2007874015748,3.68962319553551D-16,             423P    275
-0.196850393700787,1.2007874015748,0.15748031496063,                 423P    276
-0.354330708661417,1.2007874015748,0.15748031496063,                 423P    277
-0.511811023622047,1.2007874015748,0.15748031496063,                 423P    278
-0.511811023622047,1.2007874015748,3.49676543189026D-16,             423P    279
-0.511811023622047,1.2007874015748,-0.15748031496063,                423P    280
-0.354330708661417,1.2007874015748,-0.15748031496063,                423P    281
-0.196850393700787,1.2007874015748,-0.15748031496063,                423P    282
-0.196850393700787,1.2007874015748,3.303907668245D-16,               423P    283
-3.14159265358979,3.14159265358979,0.,0.,0.;                         423P    284
126,6,2,0,0,0,0,-3.14159265358979,-3.14159265358979,                 425P    285
-3.14159265358979,-1.5707963267949,-1.5707963267949,0.,0.,           425P    286
1.5707963267949,1.5707963267949,1.5707963267949,1.,                  425P    287
0.707106781186548,1.,0.707106781186548,1.,0.707106781186548,1.,      425P    288
-0.0196850393700781,1.2007874015748,3.90658817963642D-16,            425P    289
-0.0196850393700781,1.2007874015748,0.334645669291339,               425P    290
-0.354330708661417,1.2007874015748,0.334645669291339,                425P    291
-0.688976377952755,1.2007874015748,0.334645669291339,                425P    292
-0.688976377952755,1.2007874015748,3.49676543189026D-16,             425P    293
-0.688976377952755,1.2007874015748,-0.334645669291338,               425P    294
-0.354330708661417,1.2007874015748,-0.334645669291338,               425P    295
-3.14159265358979,1.5707963267949,0.,0.,0.;                          425P    296
126,2,2,0,0,0,0,-1.5707963267949,-1.5707963267949,                   427P    297
-1.5707963267949,0.,0.,0.,1.,0.707106781186542,1.,                   427P    298
-0.354330708661417,1.2007874015748,-0.334645669291338,               427P    299
-0.354330708661417,1.2007874015748,-0.374015748031496,               427P    300
-0.354330708661417,1.16141732283465,-0.374015748031496,              427P    301
-1.5707963267949,0.,0.,0.,0.;                                        427P    302
126,6,2,0,0,0,0,-1.5707963267949,-1.5707963267949,                   429P    303
-1.5707963267949,0.,0.,1.5707963267949,1.5707963267949,              429P    304
3.14159265358979,3.14159265358979,3.14159265358979,1.,               429P    305
0.707106781186548,1.,0.707106781186548,1.,0.707106781186548,1.,      429P    306
-0.354330708661417,1.16141732283465,-0.374015748031496,              429P    307
-0.728346456692913,1.16141732283465,-0.374015748031496,              429P    308
-0.728346456692913,1.16141732283465,3.49676543189026D-16,            429P    309
-0.728346456692913,1.16141732283465,0.374015748031496,               429P    310
-0.354330708661417,1.16141732283465,0.374015748031496,               429P    311
0.0196850393700793,1.16141732283465,0.374015748031496,               429P    312
0.0196850393700794,1.16141732283465,3.95480262054773D-16,            429P    313
-1.5707963267949,3.14159265358979,0.,0.,0.;                          429P    314
126,2,2,0,0,0,0,-3.14159265358979,-3.14159265358979,                 431P    315
-3.14159265358979,-1.5707963267949,-1.5707963267949,                 431P    316
-1.5707963267949,1.,0.707106781186548,1.,0.0196850393700794,         431P    317
1.16141732283465,3.03872824323278D-16,0.0196850393700793,            431P    318
1.16141732283465,-0.374015748031496,-0.354330708661417,              431P    319
1.16141732283465,-0.374015748031496,-3.14159265358979,               431P    320
-1.5707963267949,0.,0.,0.;                                           431P    321
126,2,2,0,0,0,0,1.5707963267949,1.5707963267949,1.5707963267949,     433P    322
3.14159265358979,3.14159265358979,3.14159265358979,1.,               433P    323
0.707106781186548,1.,-0.354330708661417,1.2007874015748,             433P    324
-0.334645669291338,-0.0196850393700781,1.2007874015748,              433P    325
-0.334645669291338,-0.0196850393700781,1.2007874015748,              433P    326
3.0869426841441D-16,1.5707963267949,3.14159265358979,0.,0.,0.;       433P    327
126,1,1,0,0,1,0,-0.263157894736841,-0.263157894736841,0.,0.,1.,      435P    328
1.,0.0196850393700794,1.16141732283465,3.49676543189026D-16,         435P    329
0.0196850393700794,1.06299212598425,3.49676543189026D-16,            435P    330
-0.263157894736841,0.,0.,0.,0.;                                      435P    331
126,8,2,0,1,0,0,-3.14159265358979,-3.14159265358979,                 437P    332
-3.14159265358979,-1.5707963267949,-1.5707963267949,0.,0.,           437P    333
1.5707963267949,1.5707963267949,3.14159265358979,                    437P    334
3.14159265358979,3.14159265358979,1.,0.707106781186548,1.,           437P    335
0.707106781186548,1.,0.707106781186548,1.,0.707106781186548,1.,      437P    336
0.0196850393700794,1.06299212598425,3.95480262054773D-16,            437P    337
0.0196850393700793,1.06299212598425,0.374015748031496,               437P    338
-0.354330708661417,1.06299212598425,0.374015748031496,               437P    339
-0.728346456692913,1.06299212598425,0.374015748031496,               437P    340
-0.728346456692913,1.06299212598425,3.49676543189026D-16,            437P    341
-0.728346456692913,1.06299212598425,-0.374015748031496,              437P    342
-0.354330708661417,1.06299212598425,-0.374015748031496,              437P    343
0.0196850393700793,1.06299212598425,-0.374015748031496,              437P    344
0.0196850393700794,1.06299212598425,3.03872824323278D-16,            437P    345
-3.14159265358979,3.14159265358979,0.,0.,0.;                         437P    346
126,2,2,0,0,0,0,-0.785398163397448,-0.785398163397448,               439P    347
-0.785398163397448,0.785398163397449,0.785398163397449,              439P    348
0.785398163397449,1.,0.707106781186546,1.,1.0236220472441,           439P    349
0.984251968503937,-0.787401574803149,1.14173228346457,               439P    350
0.984251968503937,-0.787401574803149,1.14173228346457,               439P    351
0.984251968503937,-0.669291338582677,-0.785398163397448,             439P    352
0.785398163397449,0.,0.,0.;                                          439P    353
126,1,1,0,0,1,0,-2.7,-2.7,0.700000000000001,0.700000000000001,       441P    354
1.,1.,1.14173228346457,0.984251968503937,-0.669291338582677,         441P    355
1.14173228346457,0.984251968503937,0.669291338582678,-2.7,           441P    356
0.700000000000001,0.,0.,0.;                                          441P    357
126,2,2,0,0,0,0,-0.785398163397449,-0.785398163397449,               443P    358
-0.785398163397449,0.785398163397448,0.785398163397448,              443P    359
0.785398163397448,1.,0.707106781186549,1.,1.14173228346457,          443P    360
0.984251968503937,0.669291338582678,1.14173228346457,                443P    361
0.984251968503937,0.78740157480315,1.0236220472441,                  443P    362
0.984251968503937,0.78740157480315,-0.785398163397449,               443P    363
0.785398163397448,0.,0.,0.;                                          443P    364
126,1,1,0,0,1,0,-4.05,-4.05,1.15,1.15,1.,1.,1.0236220472441,         445P    365
0.984251968503937,0.78740157480315,-1.02362204724409,                445P    366
0.984251968503937,0.78740157480315,-4.05,1.15,0.,0.,0.;              445P    367
126,2,2,0,0,0,0,-0.78539816339745,-0.78539816339745,                 447P    368
-0.78539816339745,0.785398163397447,0.785398163397447,               447P    369
0.785398163397447,1.,0.70710678118655,1.,-1.02362204724409,          447P    370
0.984251968503937,0.78740157480315,-1.14173228346457,                447P    371
0.984251968503937,0.78740157480315,-1.14173228346457,                447P    372
0.984251968503937,0.669291338582678,-0.78539816339745,               447P    373
0.785398163397447,0.,0.,0.;                                          447P    374
126,1,1,0,0,1,0,-2.7,-2.7,0.7,0.7,1.,1.,-1.14173228346457,           449P    375
0.984251968503937,0.669291338582678,-1.14173228346457,               449P    376
0.984251968503937,-0.669291338582677,-2.7,0.7,0.,0.,0.;              449P    377
126,2,2,0,0,0,0,-0.785398163397447,-0.785398163397447,               451P    378
-0.785398163397447,0.78539816339745,0.78539816339745,                451P    379
0.78539816339745,1.,0.707106781186549,1.,-1.14173228346457,          451P    380
0.984251968503937,-0.669291338582677,-1.14173228346457,              451P    381
0.984251968503937,-0.787401574803149,-1.02362204724409,              451P    382
0.984251968503937,-0.787401574803149,-0.785398163397447,             451P    383
0.78539816339745,0.,0.,0.;                                           451P    384
126,1,1,0,0,1,0,-4.05,-4.05,1.15,1.15,1.,1.,-1.02362204724409,       453P    385
0.984251968503937,-0.787401574803149,1.0236220472441,                453P    386
0.984251968503937,-0.787401574803149,-4.05,1.15,0.,0.,0.;            453P    387
126,8,2,0,1,0,0,-3.14159265358979,-3.14159265358979,                 455P    388
-3.14159265358979,-1.5707963267949,-1.5707963267949,0.,0.,           455P    389
1.5707963267949,1.5707963267949,3.14159265358979,                    455P    390
3.14159265358979,3.14159265358979,1.,0.707106781186547,1.,           455P    391
0.707106781186546,1.,0.707106781186546,1.,0.707106781186547,1.,      455P    392
-0.708661417322834,0.984251968503937,0.551181102362205,              455P    393
-0.708661417322834,0.984251968503937,0.47244094488189,               455P    394
-0.787401574803149,0.984251968503937,0.47244094488189,               455P    395
-0.866141732283464,0.984251968503937,0.47244094488189,               455P    396
-0.866141732283464,0.984251968503937,0.551181102362205,              455P    397
-0.866141732283464,0.984251968503937,0.62992125984252,               455P    398
-0.787401574803149,0.984251968503937,0.62992125984252,               455P    399
-0.708661417322834,0.984251968503937,0.62992125984252,               455P    400
-0.708661417322834,0.984251968503937,0.551181102362205,              455P    401
-3.14159265358979,3.14159265358979,0.,0.,0.;                         455P    402
126,8,2,0,1,0,0,-3.14159265358979,-3.14159265358979,                 457P    403
-3.14159265358979,-1.5707963267949,-1.5707963267949,0.,0.,           457P    404
1.5707963267949,1.5707963267949,3.14159265358979,                    457P    405
3.14159265358979,3.14159265358979,1.,0.707106781186546,1.,           457P    406
0.707106781186547,1.,0.707106781186547,1.,0.707106781186546,1.,      457P    407
0.866141732283465,0.984251968503937,0.551181102362204,               457P    408
0.866141732283465,0.984251968503937,0.472440944881889,               457P    409
0.78740157480315,0.984251968503937,0.472440944881889,                457P    410
0.708661417322835,0.984251968503937,0.472440944881889,               457P    411
0.708661417322835,0.984251968503937,0.551181102362204,               457P    412
0.708661417322835,0.984251968503937,0.629921259842519,               457P    413
0.78740157480315,0.984251968503937,0.629921259842519,                457P    414
0.866141732283465,0.984251968503937,0.629921259842519,               457P    415
0.866141732283465,0.984251968503937,0.551181102362204,               457P    416
-3.14159265358979,3.14159265358979,0.,0.,0.;                         457P    417
126,8,2,0,1,0,0,-3.14159265358979,-3.14159265358979,                 459P    418
-3.14159265358979,-1.5707963267949,-1.5707963267949,0.,0.,           459P    419
1.5707963267949,1.5707963267949,3.14159265358979,                    459P    420
3.14159265358979,3.14159265358979,1.,0.707106781186546,1.,           459P    421
0.707106781186547,1.,0.707106781186547,1.,0.707106781186546,1.,      459P    422
0.866141732283465,0.984251968503937,-0.551181102362204,              459P    423
0.866141732283465,0.984251968503937,-0.629921259842519,              459P    424
0.78740157480315,0.984251968503937,-0.629921259842519,               459P    425
0.708661417322835,0.984251968503937,-0.629921259842519,              459P    426
0.708661417322835,0.984251968503937,-0.551181102362204,              459P    427
0.708661417322835,0.984251968503937,-0.472440944881889,              459P    428
0.78740157480315,0.984251968503937,-0.472440944881889,               459P    429
0.866141732283465,0.984251968503937,-0.472440944881889,              459P    430
0.866141732283465,0.984251968503937,-0.551181102362204,              459P    431
-3.14159265358979,3.14159265358979,0.,0.,0.;                         459P    432
126,8,2,0,1,0,0,-3.14159265358979,-3.14159265358979,                 461P    433
-3.14159265358979,-1.5707963267949,-1.5707963267949,0.,0.,           461P    434
1.5707963267949,1.5707963267949,3.14159265358979,                    461P    435
3.14159265358979,3.14159265358979,1.,0.707106781186547,1.,           461P    436
0.707106781186552,1.,0.707106781186552,1.,0.707106781186547,1.,      461P    437
-0.708661417322834,0.984251968503937,-0.551181102362205,             461P    438
-0.708661417322834,0.984251968503937,-0.629921259842519,             461P    439
-0.787401574803149,0.984251968503937,-0.629921259842519,             461P    440
-0.866141732283464,0.984251968503937,-0.629921259842519,             461P    441
-0.866141732283464,0.984251968503937,-0.551181102362205,             461P    442
-0.866141732283464,0.984251968503937,-0.47244094488189,              461P    443
-0.787401574803149,0.984251968503937,-0.47244094488189,              461P    444
-0.708661417322834,0.984251968503937,-0.47244094488189,              461P    445
-0.708661417322834,0.984251968503937,-0.551181102362205,             461P    446
-3.14159265358979,3.14159265358979,0.,0.,0.;                         461P    447
126,1,1,0,0,1,0,2.5,2.5,2.7,2.7,1.,1.,1.0236220472441,               463P    448
0.984251968503937,-0.787401574803149,1.0236220472441,                463P    449
1.06299212598425,-0.787401574803149,2.5,2.7,0.,0.,0.;                463P    450
126,2,2,0,0,0,0,-0.785398163397448,-0.785398163397448,               465P    451
-0.785398163397448,0.785398163397449,0.785398163397449,              465P    452
0.785398163397449,1.,0.707106781186546,1.,1.0236220472441,           465P    453
1.06299212598425,-0.787401574803149,1.14173228346457,                465P    454
1.06299212598425,-0.787401574803149,1.14173228346457,                465P    455
1.06299212598425,-0.669291338582677,-0.785398163397448,              465P    456
0.785398163397449,0.,0.,0.;                                          465P    457
126,1,1,0,0,1,0,-2.7,-2.7,-2.5,-2.5,1.,1.,1.14173228346457,          467P    458
1.06299212598425,-0.669291338582677,1.14173228346457,                467P    459
0.984251968503937,-0.669291338582677,-2.7,-2.5,0.,0.,0.;             467P    460
126,1,1,0,0,1,0,-3.7,-3.7,-0.3,-0.3,1.,1.,1.14173228346457,          469P    461
1.06299212598425,0.669291338582678,1.14173228346457,                 469P    462
1.06299212598425,-0.669291338582677,-3.7,-0.3,0.,0.,0.;              469P    463
126,1,1,0,0,1,0,2.5,2.5,2.7,2.7,1.,1.,1.14173228346457,              471P    464
0.984251968503937,0.669291338582678,1.14173228346457,                471P    465
1.06299212598425,0.669291338582678,2.5,2.7,0.,0.,0.;                 471P    466
126,2,2,0,0,0,0,-0.785398163397448,-0.785398163397448,               473P    467
-0.785398163397448,0.785398163397448,0.785398163397448,              473P    468
0.785398163397448,1.,0.707106781186548,1.,1.14173228346457,          473P    469
1.06299212598425,0.669291338582678,1.14173228346457,                 473P    470
1.06299212598425,0.78740157480315,1.0236220472441,                   473P    471
1.06299212598425,0.78740157480315,-0.785398163397448,                473P    472
0.785398163397448,0.,0.,0.;                                          473P    473
126,1,1,0,0,1,0,-2.7,-2.7,-2.5,-2.5,1.,1.,1.0236220472441,           475P    474
1.06299212598425,0.78740157480315,1.0236220472441,                   475P    475
0.984251968503937,0.78740157480315,-2.7,-2.5,0.,0.,0.;               475P    476
126,1,1,0,0,1,0,-5.5,-5.5,-0.3,-0.3,1.,1.,-1.02362204724409,         477P    477
1.06299212598425,0.78740157480315,1.0236220472441,                   477P    478
1.06299212598425,0.78740157480315,-5.5,-0.3,0.,0.,0.;                477P    479
126,1,1,0,0,1,0,2.5,2.5,2.7,2.7,1.,1.,-1.02362204724409,             479P    480
0.984251968503937,0.78740157480315,-1.02362204724409,                479P    481
1.06299212598425,0.78740157480315,2.5,2.7,0.,0.,0.;                  479P    482
126,2,2,0,0,0,0,-0.78539816339745,-0.78539816339745,                 481P    483
-0.78539816339745,0.785398163397447,0.785398163397447,               481P    484
0.785398163397447,1.,0.70710678118655,1.,-1.02362204724409,          481P    485
1.06299212598425,0.78740157480315,-1.14173228346457,                 481P    486
1.06299212598425,0.78740157480315,-1.14173228346457,                 481P    487
1.06299212598425,0.669291338582678,-0.78539816339745,                481P    488
0.785398163397447,0.,0.,0.;                                          481P    489
126,1,1,0,0,1,0,-2.7,-2.7,-2.5,-2.5,1.,1.,-1.14173228346457,         483P    490
1.06299212598425,0.669291338582678,-1.14173228346457,                483P    491
0.984251968503937,0.669291338582678,-2.7,-2.5,0.,0.,0.;              483P    492
126,1,1,0,0,1,0,-3.7,-3.7,-0.3,-0.3,1.,1.,-1.14173228346457,         485P    493
1.06299212598425,-0.669291338582677,-1.14173228346457,               485P    494
1.06299212598425,0.669291338582678,-3.7,-0.3,0.,0.,0.;               485P    495
126,1,1,0,0,1,0,2.5,2.5,2.7,2.7,1.,1.,-1.14173228346457,             487P    496
0.984251968503937,-0.669291338582677,-1.14173228346457,              487P    497
1.06299212598425,-0.669291338582677,2.5,2.7,0.,0.,0.;                487P    498
126,2,2,0,0,0,0,-0.785398163397447,-0.785398163397447,               489P    499
-0.785398163397447,0.78539816339745,0.78539816339745,                489P    500
0.78539816339745,1.,0.707106781186549,1.,-1.14173228346457,          489P    501
1.06299212598425,-0.669291338582677,-1.14173228346457,               489P    502
1.06299212598425,-0.787401574803149,-1.02362204724409,               489P    503
1.06299212598425,-0.787401574803149,-0.785398163397447,              489P    504
0.78539816339745,0.,0.,0.;                                           489P    505
126,1,1,0,0,1,0,-2.7,-2.7,-2.5,-2.5,1.,1.,-1.02362204724409,         491P    506
1.06299212598425,-0.787401574803149,-1.02362204724409,               491P    507
0.984251968503937,-0.787401574803149,-2.7,-2.5,0.,0.,0.;             491P    508
126,1,1,0,0,1,0,-5.5,-5.5,-0.3,-0.3,1.,1.,1.0236220472441,           493P    509
1.06299212598425,-0.787401574803149,-1.02362204724409,               493P    510
1.06299212598425,-0.787401574803149,-5.5,-0.3,0.,0.,0.;              493P    511
126,1,1,0,0,1,0,-0.999999999999999,-0.999999999999999,1.,1.,1.,      495P    512
1.,-0.708661417322834,0.984251968503937,0.551181102362205,           495P    513
-0.708661417322834,1.14173228346457,0.551181102362205,               495P    514
-0.999999999999999,1.,0.,0.,0.;                                      495P    515
126,8,2,0,1,0,0,-3.14159265358979,-3.14159265358979,                 497P    516
-3.14159265358979,-1.5707963267949,-1.5707963267949,0.,0.,           497P    517
1.5707963267949,1.5707963267949,3.14159265358979,                    497P    518
3.14159265358979,3.14159265358979,1.,0.707106781186547,1.,           497P    519
0.707106781186546,1.,0.707106781186546,1.,0.707106781186547,1.,      497P    520
-0.708661417322834,1.14173228346457,0.551181102362205,               497P    521
-0.708661417322834,1.14173228346457,0.62992125984252,                497P    522
-0.787401574803149,1.14173228346457,0.62992125984252,                497P    523
-0.866141732283464,1.14173228346457,0.62992125984252,                497P    524
-0.866141732283464,1.14173228346457,0.551181102362205,               497P    525
-0.866141732283464,1.14173228346457,0.47244094488189,                497P    526
-0.787401574803149,1.14173228346457,0.47244094488189,                497P    527
-0.708661417322834,1.14173228346457,0.47244094488189,                497P    528
-0.708661417322834,1.14173228346457,0.551181102362205,               497P    529
-3.14159265358979,3.14159265358979,0.,0.,0.;                         497P    530
126,1,1,0,0,1,0,-0.999999999999999,-0.999999999999999,1.,1.,1.,      499P    531
1.,0.866141732283465,0.984251968503937,0.551181102362204,            499P    532
0.866141732283465,1.14173228346457,0.551181102362204,                499P    533
-0.999999999999999,1.,0.,0.,0.;                                      499P    534
126,8,2,0,1,0,0,-3.14159265358979,-3.14159265358979,                 501P    535
-3.14159265358979,-1.5707963267949,-1.5707963267949,0.,0.,           501P    536
1.5707963267949,1.5707963267949,3.14159265358979,                    501P    537
3.14159265358979,3.14159265358979,1.,0.707106781186546,1.,           501P    538
0.707106781186547,1.,0.707106781186547,1.,0.707106781186546,1.,      501P    539
0.866141732283465,1.14173228346457,0.551181102362204,                501P    540
0.866141732283465,1.14173228346457,0.629921259842519,                501P    541
0.78740157480315,1.14173228346457,0.629921259842519,                 501P    542
0.708661417322835,1.14173228346457,0.629921259842519,                501P    543
0.708661417322835,1.14173228346457,0.551181102362204,                501P    544
0.708661417322835,1.14173228346457,0.472440944881889,                501P    545
0.78740157480315,1.14173228346457,0.472440944881889,                 501P    546
0.866141732283465,1.14173228346457,0.472440944881889,                501P    547
0.866141732283465,1.14173228346457,0.551181102362204,                501P    548
-3.14159265358979,3.14159265358979,0.,0.,0.;                         501P    549
126,1,1,0,0,1,0,-0.999999999999999,-0.999999999999999,1.,1.,1.,      503P    550
1.,0.866141732283465,0.984251968503937,-0.551181102362204,           503P    551
0.866141732283465,1.14173228346457,-0.551181102362204,               503P    552
-0.999999999999999,1.,0.,0.,0.;                                      503P    553
126,8,2,0,1,0,0,-3.14159265358979,-3.14159265358979,                 505P    554
-3.14159265358979,-1.5707963267949,-1.5707963267949,0.,0.,           505P    555
1.5707963267949,1.5707963267949,3.14159265358979,                    505P    556
3.14159265358979,3.14159265358979,1.,0.707106781186546,1.,           505P    557
0.707106781186547,1.,0.707106781186547,1.,0.707106781186546,1.,      505P    558
0.866141732283465,1.14173228346457,-0.551181102362204,               505P    559
0.866141732283465,1.14173228346457,-0.472440944881889,               505P    560
0.78740157480315,1.14173228346457,-0.472440944881889,                505P    561
0.708661417322835,1.14173228346457,-0.472440944881889,               505P    562
0.708661417322835,1.14173228346457,-0.551181102362204,               505P    563
0.708661417322835,1.14173228346457,-0.629921259842519,               505P    564
0.78740157480315,1.14173228346457,-0.629921259842519,                505P    565
0.866141732283465,1.14173228346457,-0.629921259842519,               505P    566
0.866141732283465,1.14173228346457,-0.551181102362204,               505P    567
-3.14159265358979,3.14159265358979,0.,0.,0.;                         505P    568
126,1,1,0,0,1,0,-1.,-1.,1.,1.,1.,1.,-0.708661417322834,              507P    569
0.984251968503937,-0.551181102362205,-0.708661417322834,             507P    570
1.14173228346457,-0.551181102362205,-1.,1.,0.,0.,0.;                 507P    571
126,8,2,0,1,0,0,-3.14159265358979,-3.14159265358979,                 509P    572
-3.14159265358979,-1.5707963267949,-1.5707963267949,0.,0.,           509P    573
1.5707963267949,1.5707963267949,3.14159265358979,                    509P    574
3.14159265358979,3.14159265358979,1.,0.707106781186547,1.,           509P    575
0.707106781186552,1.,0.707106781186552,1.,0.707106781186547,1.,      509P    576
-0.708661417322834,1.14173228346457,-0.551181102362205,              509P    577
-0.708661417322834,1.14173228346457,-0.47244094488189,               509P    578
-0.787401574803149,1.14173228346457,-0.47244094488189,               509P    579
-0.866141732283464,1.14173228346457,-0.47244094488189,               509P    580
-0.866141732283464,1.14173228346457,-0.551181102362205,              509P    581
-0.866141732283464,1.14173228346457,-0.629921259842519,              509P    582
-0.787401574803149,1.14173228346457,-0.629921259842519,              509P    583
-0.708661417322834,1.14173228346457,-0.629921259842519,              509P    584
-0.708661417322834,1.14173228346457,-0.551181102362205,              509P    585
-3.14159265358979,3.14159265358979,0.,0.,0.;                         509P    586
126,8,2,0,1,0,0,-3.14159265358979,-3.14159265358979,                 511P    587
-3.14159265358979,-1.5707963267949,-1.5707963267949,0.,0.,           511P    588
1.5707963267949,1.5707963267949,3.14159265358979,                    511P    589
3.14159265358979,3.14159265358979,1.,0.707106781186547,1.,           511P    590
0.707106781186547,1.,0.707106781186547,1.,0.707106781186547,1.,      511P    591
-0.629921259842519,1.06299212598425,0.551181102362205,               511P    592
-0.629921259842519,1.06299212598425,0.708661417322835,               511P    593
-0.787401574803149,1.06299212598425,0.708661417322835,               511P    594
-0.944881889763779,1.06299212598425,0.708661417322835,               511P    595
-0.944881889763779,1.06299212598425,0.551181102362205,               511P    596
-0.944881889763779,1.06299212598425,0.393700787401575,               511P    597
-0.787401574803149,1.06299212598425,0.393700787401575,               511P    598
-0.629921259842519,1.06299212598425,0.393700787401575,               511P    599
-0.629921259842519,1.06299212598425,0.551181102362205,               511P    600
-3.14159265358979,3.14159265358979,0.,0.,0.;                         511P    601
126,8,2,0,1,0,0,-3.14159265358979,-3.14159265358979,                 513P    602
-3.14159265358979,-1.5707963267949,-1.5707963267949,0.,0.,           513P    603
1.5707963267949,1.5707963267949,3.14159265358979,                    513P    604
3.14159265358979,3.14159265358979,1.,0.707106781186547,1.,           513P    605
0.707106781186549,1.,0.707106781186549,1.,0.707106781186548,1.,      513P    606
0.94488188976378,1.06299212598425,0.551181102362204,                 513P    607
0.94488188976378,1.06299212598425,0.708661417322834,                 513P    608
0.78740157480315,1.06299212598425,0.708661417322834,                 513P    609
0.629921259842521,1.06299212598425,0.708661417322834,                513P    610
0.629921259842521,1.06299212598425,0.551181102362204,                513P    611
0.629921259842521,1.06299212598425,0.393700787401574,                513P    612
0.78740157480315,1.06299212598425,0.393700787401574,                 513P    613
0.94488188976378,1.06299212598425,0.393700787401574,                 513P    614
0.94488188976378,1.06299212598425,0.551181102362204,                 513P    615
-3.14159265358979,3.14159265358979,0.,0.,0.;                         513P    616
126,8,2,0,1,0,0,-3.14159265358979,-3.14159265358979,                 515P    617
-3.14159265358979,-1.5707963267949,-1.5707963267949,0.,0.,           515P    618
1.5707963267949,1.5707963267949,3.14159265358979,                    515P    619
3.14159265358979,3.14159265358979,1.,0.707106781186548,1.,           515P    620
0.707106781186549,1.,0.707106781186549,1.,0.707106781186547,1.,      515P    621
0.94488188976378,1.06299212598425,-0.551181102362204,                515P    622
0.94488188976378,1.06299212598425,-0.393700787401574,                515P    623
0.78740157480315,1.06299212598425,-0.393700787401574,                515P    624
0.62992125984252,1.06299212598425,-0.393700787401574,                515P    625
0.62992125984252,1.06299212598425,-0.551181102362204,                515P    626
0.62992125984252,1.06299212598425,-0.708661417322834,                515P    627
0.78740157480315,1.06299212598425,-0.708661417322834,                515P    628
0.94488188976378,1.06299212598425,-0.708661417322834,                515P    629
0.94488188976378,1.06299212598425,-0.551181102362204,                515P    630
-3.14159265358979,3.14159265358979,0.,0.,0.;                         515P    631
126,8,2,0,1,0,0,-3.14159265358979,-3.14159265358979,                 517P    632
-3.14159265358979,-1.5707963267949,-1.5707963267949,0.,0.,           517P    633
1.5707963267949,1.5707963267949,3.14159265358979,                    517P    634
3.14159265358979,3.14159265358979,1.,0.707106781186548,1.,           517P    635
0.707106781186548,1.,0.707106781186549,1.,0.707106781186549,1.,      517P    636
-0.629921259842519,1.06299212598425,-0.551181102362205,              517P    637
-0.629921259842519,1.06299212598425,-0.393700787401575,              517P    638
-0.787401574803149,1.06299212598425,-0.393700787401575,              517P    639
-0.944881889763779,1.06299212598425,-0.393700787401575,              517P    640
-0.944881889763779,1.06299212598425,-0.551181102362205,              517P    641
-0.944881889763779,1.06299212598425,-0.708661417322834,              517P    642
-0.787401574803149,1.06299212598425,-0.708661417322834,              517P    643
-0.629921259842519,1.06299212598425,-0.708661417322834,              517P    644
-0.629921259842519,1.06299212598425,-0.551181102362205,              517P    645
-3.14159265358979,3.14159265358979,0.,0.,0.;                         517P    646
126,8,2,0,1,0,0,-3.14159265358979,-3.14159265358979,                 519P    647
-3.14159265358979,-1.5707963267949,-1.5707963267949,0.,0.,           519P    648
1.5707963267949,1.5707963267949,3.14159265358979,                    519P    649
3.14159265358979,3.14159265358979,1.,0.707106781186547,1.,           519P    650
0.707106781186547,1.,0.707106781186548,1.,0.707106781186548,1.,      519P    651
0.291991917114321,1.06299212598425,0.209039665144192,                519P    652
0.291991917114321,1.06299212598425,0.315218542677749,                519P    653
0.185813039580764,1.06299212598425,0.315218542677749,                519P    654
0.0796341620472062,1.06299212598425,0.315218542677749,               519P    655
0.0796341620472062,1.06299212598425,0.209039665144192,               519P    656
0.0796341620472062,1.06299212598425,0.102860787610634,               519P    657
0.185813039580764,1.06299212598425,0.102860787610634,                519P    658
0.291991917114321,1.06299212598425,0.102860787610634,                519P    659
0.291991917114321,1.06299212598425,0.209039665144192,                519P    660
-3.14159265358979,3.14159265358979,0.,0.,0.;                         519P    661
126,8,2,0,1,0,0,-3.14159265358979,-3.14159265358979,                 521P    662
-3.14159265358979,-1.5707963267949,-1.5707963267949,0.,0.,           521P    663
1.5707963267949,1.5707963267949,3.14159265358979,                    521P    664
3.14159265358979,3.14159265358979,1.,0.707106781186548,1.,           521P    665
0.707106781186548,1.,0.707106781186547,1.,0.707106781186547,1.,      521P    666
0.291991917114321,1.06299212598425,-0.209039665144192,               521P    667
0.291991917114321,1.06299212598425,-0.102860787610634,               521P    668
0.185813039580764,1.06299212598425,-0.102860787610634,               521P    669
0.0796341620472062,1.06299212598425,-0.102860787610634,              521P    670
0.0796341620472062,1.06299212598425,-0.209039665144192,              521P    671
0.0796341620472062,1.06299212598425,-0.315218542677749,              521P    672
0.185813039580764,1.06299212598425,-0.315218542677749,               521P    673
0.291991917114321,1.06299212598425,-0.315218542677749,               521P    674
0.291991917114321,1.06299212598425,-0.209039665144192,               521P    675
-3.14159265358979,3.14159265358979,0.,0.,0.;                         521P    676
126,8,2,0,1,0,0,-3.14159265358979,-3.14159265358979,                 523P    677
-3.14159265358979,-1.5707963267949,-1.5707963267949,0.,0.,           523P    678
1.5707963267949,1.5707963267949,3.14159265358979,                    523P    679
3.14159265358979,3.14159265358979,1.,0.707106781186547,1.,           523P    680
0.707106781186547,1.,0.707106781186547,1.,0.707106781186547,1.,      523P    681
-0.629921259842519,1.14173228346457,0.551181102362205,               523P    682
-0.629921259842519,1.14173228346457,0.393700787401575,               523P    683
-0.787401574803149,1.14173228346457,0.393700787401575,               523P    684
-0.944881889763779,1.14173228346457,0.393700787401575,               523P    685
-0.944881889763779,1.14173228346457,0.551181102362205,               523P    686
-0.944881889763779,1.14173228346457,0.708661417322835,               523P    687
-0.787401574803149,1.14173228346457,0.708661417322835,               523P    688
-0.629921259842519,1.14173228346457,0.708661417322835,               523P    689
-0.629921259842519,1.14173228346457,0.551181102362205,               523P    690
-3.14159265358979,3.14159265358979,0.,0.,0.;                         523P    691
126,8,2,0,1,0,0,-3.14159265358979,-3.14159265358979,                 525P    692
-3.14159265358979,-1.5707963267949,-1.5707963267949,0.,0.,           525P    693
1.5707963267949,1.5707963267949,3.14159265358979,                    525P    694
3.14159265358979,3.14159265358979,1.,0.707106781186548,1.,           525P    695
0.707106781186549,1.,0.707106781186549,1.,0.707106781186547,1.,      525P    696
0.94488188976378,1.14173228346457,0.551181102362204,                 525P    697
0.94488188976378,1.14173228346457,0.393700787401574,                 525P    698
0.78740157480315,1.14173228346457,0.393700787401574,                 525P    699
0.629921259842521,1.14173228346457,0.393700787401574,                525P    700
0.629921259842521,1.14173228346457,0.551181102362204,                525P    701
0.629921259842521,1.14173228346457,0.708661417322834,                525P    702
0.78740157480315,1.14173228346457,0.708661417322834,                 525P    703
0.94488188976378,1.14173228346457,0.708661417322834,                 525P    704
0.94488188976378,1.14173228346457,0.551181102362204,                 525P    705
-3.14159265358979,3.14159265358979,0.,0.,0.;                         525P    706
126,8,2,0,1,0,0,-3.14159265358979,-3.14159265358979,                 527P    707
-3.14159265358979,-1.5707963267949,-1.5707963267949,0.,0.,           527P    708
1.5707963267949,1.5707963267949,3.14159265358979,                    527P    709
3.14159265358979,3.14159265358979,1.,0.707106781186547,1.,           527P    710
0.707106781186549,1.,0.707106781186549,1.,0.707106781186548,1.,      527P    711
0.94488188976378,1.14173228346457,-0.551181102362204,                527P    712
0.94488188976378,1.14173228346457,-0.708661417322834,                527P    713
0.78740157480315,1.14173228346457,-0.708661417322834,                527P    714
0.62992125984252,1.14173228346457,-0.708661417322834,                527P    715
0.62992125984252,1.14173228346457,-0.551181102362204,                527P    716
0.62992125984252,1.14173228346457,-0.393700787401574,                527P    717
0.78740157480315,1.14173228346457,-0.393700787401574,                527P    718
0.94488188976378,1.14173228346457,-0.393700787401574,                527P    719
0.94488188976378,1.14173228346457,-0.551181102362204,                527P    720
-3.14159265358979,3.14159265358979,0.,0.,0.;                         527P    721
126,8,2,0,1,0,0,-3.14159265358979,-3.14159265358979,                 529P    722
-3.14159265358979,-1.5707963267949,-1.5707963267949,0.,0.,           529P    723
1.5707963267949,1.5707963267949,3.14159265358979,                    529P    724
3.14159265358979,3.14159265358979,1.,0.707106781186549,1.,           529P    725
0.707106781186549,1.,0.707106781186548,1.,0.707106781186548,1.,      529P    726
-0.629921259842519,1.14173228346457,-0.551181102362205,              529P    727
-0.629921259842519,1.14173228346457,-0.708661417322834,              529P    728
-0.787401574803149,1.14173228346457,-0.708661417322834,              529P    729
-0.944881889763779,1.14173228346457,-0.708661417322834,              529P    730
-0.944881889763779,1.14173228346457,-0.551181102362205,              529P    731
-0.944881889763779,1.14173228346457,-0.393700787401575,              529P    732
-0.787401574803149,1.14173228346457,-0.393700787401575,              529P    733
-0.629921259842519,1.14173228346457,-0.393700787401575,              529P    734
-0.629921259842519,1.14173228346457,-0.551181102362205,              529P    735
-3.14159265358979,3.14159265358979,0.,0.,0.;                         529P    736
126,1,1,0,0,1,0,-0.5,-0.5,-1.11022302462516D-15,                     531P    737
-1.11022302462516D-15,1.,1.,-0.629921259842519,1.14173228346457,     531P    738
0.551181102362205,-0.629921259842519,1.06299212598425,               531P    739
0.551181102362205,-0.5,-1.11022302462516D-15,0.,0.,0.;               531P    740
126,1,1,0,0,1,0,-0.5,-0.5,-1.11022302462516D-15,                     533P    741
-1.11022302462516D-15,1.,1.,0.94488188976378,1.14173228346457,       533P    742
0.551181102362204,0.94488188976378,1.06299212598425,                 533P    743
0.551181102362204,-0.5,-1.11022302462516D-15,0.,0.,0.;               533P    744
126,1,1,0,0,1,0,-0.5,-0.5,-1.11022302462516D-15,                     535P    745
-1.11022302462516D-15,1.,1.,0.94488188976378,1.14173228346457,       535P    746
-0.551181102362204,0.94488188976378,1.06299212598425,                535P    747
-0.551181102362204,-0.5,-1.11022302462516D-15,0.,0.,0.;              535P    748
126,1,1,0,0,1,0,-0.5,-0.5,0.,0.,1.,1.,-0.629921259842519,            537P    749
1.14173228346457,-0.551181102362205,-0.629921259842519,              537P    750
1.06299212598425,-0.551181102362205,-0.5,0.,0.,0.,0.;                537P    751
126,8,2,0,1,0,0,-3.14159265358979,-3.14159265358979,                 539P    752
-3.14159265358979,-1.5707963267949,-1.5707963267949,0.,0.,           539P    753
1.5707963267949,1.5707963267949,3.14159265358979,                    539P    754
3.14159265358979,3.14159265358979,1.,0.707106781186548,1.,           539P    755
0.707106781186548,1.,0.707106781186547,1.,0.707106781186547,1.,      539P    756
0.291991917114321,1.14173228346457,0.209039665144192,                539P    757
0.291991917114321,1.14173228346457,0.102860787610634,                539P    758
0.185813039580764,1.14173228346457,0.102860787610634,                539P    759
0.0796341620472062,1.14173228346457,0.102860787610634,               539P    760
0.0796341620472062,1.14173228346457,0.209039665144192,               539P    761
0.0796341620472062,1.14173228346457,0.315218542677749,               539P    762
0.185813039580764,1.14173228346457,0.315218542677749,                539P    763
0.291991917114321,1.14173228346457,0.315218542677749,                539P    764
0.291991917114321,1.14173228346457,0.209039665144192,                539P    765
-3.14159265358979,3.14159265358979,0.,0.,0.;                         539P    766
126,1,1,0,0,1,0,-0.741580239962787,-0.741580239962787,0.,0.,1.,      541P    767
1.,0.291991917114321,1.14173228346457,0.209039665144192,             541P    768
0.291991917114321,1.06299212598425,0.209039665144192,                541P    769
-0.741580239962787,0.,0.,0.,0.;                                      541P    770
126,8,2,0,1,0,0,-3.14159265358979,-3.14159265358979,                 543P    771
-3.14159265358979,-1.5707963267949,-1.5707963267949,0.,0.,           543P    772
1.5707963267949,1.5707963267949,3.14159265358979,                    543P    773
3.14159265358979,3.14159265358979,1.,0.707106781186547,1.,           543P    774
0.707106781186547,1.,0.707106781186548,1.,0.707106781186548,1.,      543P    775
0.291991917114321,1.14173228346457,-0.209039665144192,               543P    776
0.291991917114321,1.14173228346457,-0.315218542677749,               543P    777
0.185813039580764,1.14173228346457,-0.315218542677749,               543P    778
0.0796341620472062,1.14173228346457,-0.315218542677749,              543P    779
0.0796341620472062,1.14173228346457,-0.209039665144192,              543P    780
0.0796341620472062,1.14173228346457,-0.102860787610634,              543P    781
0.185813039580764,1.14173228346457,-0.102860787610634,               543P    782
0.291991917114321,1.14173228346457,-0.102860787610634,               543P    783
0.291991917114321,1.14173228346457,-0.209039665144192,               543P    784
-3.14159265358979,3.14159265358979,0.,0.,0.;                         543P    785
126,1,1,0,0,1,0,-0.741580239962787,-0.741580239962787,0.,0.,1.,      545P    786
1.,0.291991917114321,1.14173228346457,-0.209039665144192,            545P    787
0.291991917114321,1.06299212598425,-0.209039665144192,               545P    788
-0.741580239962787,0.,0.,0.,0.;                                      545P    789
126,6,2,0,0,0,0,-3.14159265358979,-3.14159265358979,                 547P    790
-3.14159265358979,-1.5707963267949,-1.5707963267949,0.,0.,           547P    791
1.5707963267949,1.5707963267949,1.5707963267949,1.,                  547P    792
0.707106781186548,1.,0.707106781186548,1.,0.707106781186548,1.,      547P    793
0.0196850393700794,-0.0984251968503934,3.95480262054773D-16,         547P    794
0.0196850393700793,-0.0984251968503934,0.374015748031496,            547P    795
-0.354330708661417,-0.0984251968503934,0.374015748031496,            547P    796
-0.728346456692913,-0.0984251968503934,0.374015748031496,            547P    797
-0.728346456692913,-0.0984251968503934,3.49676543189026D-16,         547P    798
-0.728346456692913,-0.0984251968503934,-0.374015748031496,           547P    799
-0.354330708661417,-0.0984251968503934,-0.374015748031496,           547P    800
-3.14159265358979,1.5707963267949,0.,0.,0.;                          547P    801
126,2,2,0,0,0,0,0.,0.,0.,1.5707963267949,1.5707963267949,            549P    802
1.5707963267949,1.,0.707106781186548,1.,-0.354330708661417,          549P    803
-0.0984251968503934,-0.374015748031496,-0.354330708661417,           549P    804
-0.137795275590551,-0.374015748031496,-0.354330708661417,            549P    805
-0.137795275590551,-0.334645669291338,0.,1.5707963267949,0.,0.,      549P    806
0.;                                                                  549P    807
126,6,2,0,0,0,0,-1.5707963267949,-1.5707963267949,                   551P    808
-1.5707963267949,0.,0.,1.5707963267949,1.5707963267949,              551P    809
3.14159265358979,3.14159265358979,3.14159265358979,1.,               551P    810
0.707106781186548,1.,0.707106781186548,1.,0.707106781186548,1.,      551P    811
-0.354330708661417,-0.137795275590551,-0.334645669291338,            551P    812
-0.688976377952755,-0.137795275590551,-0.334645669291338,            551P    813
-0.688976377952755,-0.137795275590551,3.49676543189026D-16,          551P    814
-0.688976377952755,-0.137795275590551,0.334645669291339,             551P    815
-0.354330708661417,-0.137795275590551,0.334645669291339,             551P    816
-0.0196850393700781,-0.137795275590551,0.334645669291339,            551P    817
-0.0196850393700781,-0.137795275590551,3.90658817963642D-16,         551P    818
-1.5707963267949,3.14159265358979,0.,0.,0.;                          551P    819
126,2,2,0,0,0,0,-3.14159265358979,-3.14159265358979,                 553P    820
-3.14159265358979,-1.5707963267949,-1.5707963267949,                 553P    821
-1.5707963267949,1.,0.707106781186548,1.,-0.0196850393700781,        553P    822
-0.137795275590551,3.0869426841441D-16,-0.0196850393700781,          553P    823
-0.137795275590551,-0.334645669291338,-0.354330708661417,            553P    824
-0.137795275590551,-0.334645669291338,-3.14159265358979,             553P    825
-1.5707963267949,0.,0.,0.;                                           553P    826
126,2,2,0,0,0,0,1.5707963267949,1.5707963267949,1.5707963267949,     555P    827
3.14159265358979,3.14159265358979,3.14159265358979,1.,               555P    828
0.707106781186548,1.,-0.354330708661417,-0.0984251968503934,         555P    829
-0.374015748031496,0.0196850393700793,-0.0984251968503934,           555P    830
-0.374015748031496,0.0196850393700794,-0.0984251968503934,           555P    831
3.03872824323278D-16,1.5707963267949,3.14159265358979,0.,0.,0.;      555P    832
126,1,1,0,0,1,0,-0.263157894736841,-0.263157894736841,0.,0.,1.,      557P    833
1.,0.0196850393700794,-0.0984251968503934,3.49676543189026D-16,      557P    834
0.0196850393700794,0.,3.49676543189026D-16,-0.263157894736841,       557P    835
0.,0.,0.,0.;                                                         557P    836
126,8,2,0,1,0,0,-3.14159265358979,-3.14159265358979,                 559P    837
-3.14159265358979,-1.5707963267949,-1.5707963267949,0.,0.,           559P    838
1.5707963267949,1.5707963267949,3.14159265358979,                    559P    839
3.14159265358979,3.14159265358979,1.,0.707106781186548,1.,           559P    840
0.707106781186548,1.,0.707106781186548,1.,0.707106781186548,1.,      559P    841
0.0196850393700794,0.,3.03872824323278D-16,0.0196850393700793,       559P    842
0.,-0.374015748031496,-0.354330708661417,0.,-0.374015748031496,      559P    843
-0.728346456692913,0.,-0.374015748031496,-0.728346456692913,0.,      559P    844
3.49676543189026D-16,-0.728346456692913,0.,0.374015748031496,        559P    845
-0.354330708661417,0.,0.374015748031496,0.0196850393700793,0.,       559P    846
0.374015748031496,0.0196850393700794,0.,3.95480262054773D-16,        559P    847
-3.14159265358979,3.14159265358979,0.,0.,0.;                         559P    848
126,2,2,0,0,0,0,-0.785398163397448,-0.785398163397448,               561P    849
-0.785398163397448,0.785398163397449,0.785398163397449,              561P    850
0.785398163397449,1.,0.707106781186546,1.,1.0236220472441,           561P    851
0.984251968503937,-0.787401574803149,1.14173228346457,               561P    852
0.984251968503937,-0.787401574803149,1.14173228346457,               561P    853
0.984251968503937,-0.669291338582677,-0.785398163397448,             561P    854
0.785398163397449,0.,0.,0.;                                          561P    855
126,1,1,0,0,1,0,-4.05,-4.05,1.15,1.15,1.,1.,-1.02362204724409,       563P    856
0.984251968503937,-0.787401574803149,1.0236220472441,                563P    857
0.984251968503937,-0.787401574803149,-4.05,1.15,0.,0.,0.;            563P    858
126,2,2,0,0,0,0,-0.785398163397447,-0.785398163397447,               565P    859
-0.785398163397447,0.78539816339745,0.78539816339745,                565P    860
0.78539816339745,1.,0.707106781186549,1.,-1.14173228346457,          565P    861
0.984251968503937,-0.669291338582677,-1.14173228346457,              565P    862
0.984251968503937,-0.787401574803149,-1.02362204724409,              565P    863
0.984251968503937,-0.787401574803149,-0.785398163397447,             565P    864
0.78539816339745,0.,0.,0.;                                           565P    865
126,1,1,0,0,1,0,-2.7,-2.7,0.7,0.7,1.,1.,-1.14173228346457,           567P    866
0.984251968503937,0.669291338582678,-1.14173228346457,               567P    867
0.984251968503937,-0.669291338582677,-2.7,0.7,0.,0.,0.;              567P    868
126,2,2,0,0,0,0,-0.78539816339745,-0.78539816339745,                 569P    869
-0.78539816339745,0.785398163397447,0.785398163397447,               569P    870
0.785398163397447,1.,0.70710678118655,1.,-1.02362204724409,          569P    871
0.984251968503937,0.78740157480315,-1.14173228346457,                569P    872
0.984251968503937,0.78740157480315,-1.14173228346457,                569P    873
0.984251968503937,0.669291338582678,-0.78539816339745,               569P    874
0.785398163397447,0.,0.,0.;                                          569P    875
126,1,1,0,0,1,0,-4.05,-4.05,1.15,1.15,1.,1.,1.0236220472441,         571P    876
0.984251968503937,0.78740157480315,-1.02362204724409,                571P    877
0.984251968503937,0.78740157480315,-4.05,1.15,0.,0.,0.;              571P    878
126,2,2,0,0,0,0,-0.785398163397449,-0.785398163397449,               573P    879
-0.785398163397449,0.785398163397448,0.785398163397448,              573P    880
0.785398163397448,1.,0.707106781186549,1.,1.14173228346457,          573P    881
0.984251968503937,0.669291338582678,1.14173228346457,                573P    882
0.984251968503937,0.78740157480315,1.0236220472441,                  573P    883
0.984251968503937,0.78740157480315,-0.785398163397449,               573P    884
0.785398163397448,0.,0.,0.;                                          573P    885
126,1,1,0,0,1,0,-2.7,-2.7,0.700000000000001,0.700000000000001,       575P    886
1.,1.,1.14173228346457,0.984251968503937,-0.669291338582677,         575P    887
1.14173228346457,0.984251968503937,0.669291338582678,-2.7,           575P    888
0.700000000000001,0.,0.,0.;                                          575P    889
126,8,2,0,1,0,0,-3.14159265358979,-3.14159265358979,                 577P    890
-3.14159265358979,-1.5707963267949,-1.5707963267949,0.,0.,           577P    891
1.5707963267949,1.5707963267949,3.14159265358979,                    577P    892
3.14159265358979,3.14159265358979,1.,0.707106781186547,1.,           577P    893
0.707106781186546,1.,0.707106781186546,1.,0.707106781186547,1.,      577P    894
-0.708661417322834,0.984251968503937,0.551181102362205,              577P    895
-0.708661417322834,0.984251968503937,0.47244094488189,               577P    896
-0.787401574803149,0.984251968503937,0.47244094488189,               577P    897
-0.866141732283464,0.984251968503937,0.47244094488189,               577P    898
-0.866141732283464,0.984251968503937,0.551181102362205,              577P    899
-0.866141732283464,0.984251968503937,0.62992125984252,               577P    900
-0.787401574803149,0.984251968503937,0.62992125984252,               577P    901
-0.708661417322834,0.984251968503937,0.62992125984252,               577P    902
-0.708661417322834,0.984251968503937,0.551181102362205,              577P    903
-3.14159265358979,3.14159265358979,0.,0.,0.;                         577P    904
126,8,2,0,1,0,0,-3.14159265358979,-3.14159265358979,                 579P    905
-3.14159265358979,-1.5707963267949,-1.5707963267949,0.,0.,           579P    906
1.5707963267949,1.5707963267949,3.14159265358979,                    579P    907
3.14159265358979,3.14159265358979,1.,0.707106781186546,1.,           579P    908
0.707106781186547,1.,0.707106781186547,1.,0.707106781186546,1.,      579P    909
0.866141732283465,0.984251968503937,0.551181102362204,               579P    910
0.866141732283465,0.984251968503937,0.472440944881889,               579P    911
0.78740157480315,0.984251968503937,0.472440944881889,                579P    912
0.708661417322835,0.984251968503937,0.472440944881889,               579P    913
0.708661417322835,0.984251968503937,0.551181102362204,               579P    914
0.708661417322835,0.984251968503937,0.629921259842519,               579P    915
0.78740157480315,0.984251968503937,0.629921259842519,                579P    916
0.866141732283465,0.984251968503937,0.629921259842519,               579P    917
0.866141732283465,0.984251968503937,0.551181102362204,               579P    918
-3.14159265358979,3.14159265358979,0.,0.,0.;                         579P    919
126,8,2,0,1,0,0,-3.14159265358979,-3.14159265358979,                 581P    920
-3.14159265358979,-1.5707963267949,-1.5707963267949,0.,0.,           581P    921
1.5707963267949,1.5707963267949,3.14159265358979,                    581P    922
3.14159265358979,3.14159265358979,1.,0.707106781186546,1.,           581P    923
0.707106781186547,1.,0.707106781186547,1.,0.707106781186546,1.,      581P    924
0.866141732283465,0.984251968503937,-0.551181102362204,              581P    925
0.866141732283465,0.984251968503937,-0.629921259842519,              581P    926
0.78740157480315,0.984251968503937,-0.629921259842519,               581P    927
0.708661417322835,0.984251968503937,-0.629921259842519,              581P    928
0.708661417322835,0.984251968503937,-0.551181102362204,              581P    929
0.708661417322835,0.984251968503937,-0.472440944881889,              581P    930
0.78740157480315,0.984251968503937,-0.472440944881889,               581P    931
0.866141732283465,0.984251968503937,-0.472440944881889,              581P    932
0.866141732283465,0.984251968503937,-0.551181102362204,              581P    933
-3.14159265358979,3.14159265358979,0.,0.,0.;                         581P    934
126,8,2,0,1,0,0,-3.14159265358979,-3.14159265358979,                 583P    935
-3.14159265358979,-1.5707963267949,-1.5707963267949,0.,0.,           583P    936
1.5707963267949,1.5707963267949,3.14159265358979,                    583P    937
3.14159265358979,3.14159265358979,1.,0.707106781186547,1.,           583P    938
0.707106781186552,1.,0.707106781186552,1.,0.707106781186547,1.,      583P    939
-0.708661417322834,0.984251968503937,-0.551181102362205,             583P    940
-0.708661417322834,0.984251968503937,-0.629921259842519,             583P    941
-0.787401574803149,0.984251968503937,-0.629921259842519,             583P    942
-0.866141732283464,0.984251968503937,-0.629921259842519,             583P    943
-0.866141732283464,0.984251968503937,-0.551181102362205,             583P    944
-0.866141732283464,0.984251968503937,-0.47244094488189,              583P    945
-0.787401574803149,0.984251968503937,-0.47244094488189,              583P    946
-0.708661417322834,0.984251968503937,-0.47244094488189,              583P    947
-0.708661417322834,0.984251968503937,-0.551181102362205,             583P    948
-3.14159265358979,3.14159265358979,0.,0.,0.;                         583P    949
126,1,1,0,0,1,0,-2.5,-2.5,0.,0.,1.,1.,1.14173228346457,              585P    950
0.984251968503937,-0.669291338582677,1.14173228346457,0.,            585P    951
-0.669291338582677,-2.5,0.,0.,0.,0.;                                 585P    952
126,2,2,0,0,0,0,-0.785398163397449,-0.785398163397449,               587P    953
-0.785398163397449,0.785398163397448,0.785398163397448,              587P    954
0.785398163397448,1.,0.707106781186546,1.,1.14173228346457,0.,       587P    955
-0.669291338582677,1.14173228346457,0.,-0.787401574803149,           587P    956
1.0236220472441,0.,-0.787401574803149,-0.785398163397449,            587P    957
0.785398163397448,0.,0.,0.;                                          587P    958
126,1,1,0,0,1,0,0.,0.,2.5,2.5,1.,1.,1.0236220472441,0.,              589P    959
-0.787401574803149,1.0236220472441,0.984251968503937,                589P    960
-0.787401574803149,0.,2.5,0.,0.,0.;                                  589P    961
126,1,1,0,0,1,0,0.,0.,2.5,2.5,1.,1.,1.14173228346457,0.,             591P    962
0.669291338582678,1.14173228346457,0.984251968503937,                591P    963
0.669291338582678,0.,2.5,0.,0.,0.;                                   591P    964
126,1,1,0,0,1,0,0.3,0.3,3.7,3.7,1.,1.,1.14173228346457,0.,           593P    965
-0.669291338582677,1.14173228346457,0.,0.669291338582678,0.3,        593P    966
3.7,0.,0.,0.;                                                        593P    967
126,1,1,0,0,1,0,-2.5,-2.5,0.,0.,1.,1.,1.0236220472441,               595P    968
0.984251968503937,0.78740157480315,1.0236220472441,0.,               595P    969
0.78740157480315,-2.5,0.,0.,0.,0.;                                   595P    970
126,2,2,0,0,0,0,-0.785398163397448,-0.785398163397448,               597P    971
-0.785398163397448,0.785398163397448,0.785398163397448,              597P    972
0.785398163397448,1.,0.707106781186548,1.,1.0236220472441,0.,        597P    973
0.78740157480315,1.14173228346457,0.,0.78740157480315,               597P    974
1.14173228346457,0.,0.669291338582678,-0.785398163397448,            597P    975
0.785398163397448,0.,0.,0.;                                          597P    976
126,1,1,0,0,1,0,0.,0.,2.5,2.5,1.,1.,-1.02362204724409,0.,            599P    977
0.78740157480315,-1.02362204724409,0.984251968503937,                599P    978
0.78740157480315,0.,2.5,0.,0.,0.;                                    599P    979
126,1,1,0,0,1,0,0.3,0.3,5.5,5.5,1.,1.,1.0236220472441,0.,            601P    980
0.78740157480315,-1.02362204724409,0.,0.78740157480315,0.3,5.5,      601P    981
0.,0.,0.;                                                            601P    982
126,1,1,0,0,1,0,-2.5,-2.5,0.,0.,1.,1.,-1.14173228346457,             603P    983
0.984251968503937,0.669291338582678,-1.14173228346457,0.,            603P    984
0.669291338582678,-2.5,0.,0.,0.,0.;                                  603P    985
126,2,2,0,0,0,0,-0.785398163397447,-0.785398163397447,               605P    986
-0.785398163397447,0.78539816339745,0.78539816339745,                605P    987
0.78539816339745,1.,0.70710678118655,1.,-1.14173228346457,0.,        605P    988
0.669291338582678,-1.14173228346457,0.,0.78740157480315,             605P    989
-1.02362204724409,0.,0.78740157480315,-0.785398163397447,            605P    990
0.78539816339745,0.,0.,0.;                                           605P    991
126,1,1,0,0,1,0,0.,0.,2.5,2.5,1.,1.,-1.14173228346457,0.,            607P    992
-0.669291338582677,-1.14173228346457,0.984251968503937,              607P    993
-0.669291338582677,0.,2.5,0.,0.,0.;                                  607P    994
126,1,1,0,0,1,0,0.3,0.3,3.7,3.7,1.,1.,-1.14173228346457,0.,          609P    995
0.669291338582678,-1.14173228346457,0.,-0.669291338582677,0.3,       609P    996
3.7,0.,0.,0.;                                                        609P    997
126,1,1,0,0,1,0,-2.5,-2.5,0.,0.,1.,1.,-1.02362204724409,             611P    998
0.984251968503937,-0.787401574803149,-1.02362204724409,0.,           611P    999
-0.787401574803149,-2.5,0.,0.,0.,0.;                                 611P   1000
126,2,2,0,0,0,0,-0.78539816339745,-0.78539816339745,                 613P   1001
-0.78539816339745,0.785398163397447,0.785398163397447,               613P   1002
0.785398163397447,1.,0.707106781186549,1.,-1.02362204724409,0.,      613P   1003
-0.787401574803149,-1.14173228346457,0.,-0.787401574803149,          613P   1004
-1.14173228346457,0.,-0.669291338582677,-0.78539816339745,           613P   1005
0.785398163397447,0.,0.,0.;                                          613P   1006
126,1,1,0,0,1,0,0.3,0.3,5.5,5.5,1.,1.,-1.02362204724409,0.,          615P   1007
-0.787401574803149,1.0236220472441,0.,-0.787401574803149,0.3,        615P   1008
5.5,0.,0.,0.;                                                        615P   1009
126,8,2,0,1,0,0,-3.14159265358979,-3.14159265358979,                 617P   1010
-3.14159265358979,-1.5707963267949,-1.5707963267949,0.,0.,           617P   1011
1.5707963267949,1.5707963267949,3.14159265358979,                    617P   1012
3.14159265358979,3.14159265358979,1.,0.707106781186547,1.,           617P   1013
0.707106781186546,1.,0.707106781186546,1.,0.707106781186547,1.,      617P   1014
-0.708661417322834,0.669291338582677,0.551181102362205,              617P   1015
-0.708661417322834,0.669291338582677,0.62992125984252,               617P   1016
-0.787401574803149,0.669291338582677,0.62992125984252,               617P   1017
-0.866141732283464,0.669291338582677,0.62992125984252,               617P   1018
-0.866141732283464,0.669291338582677,0.551181102362205,              617P   1019
-0.866141732283464,0.669291338582677,0.47244094488189,               617P   1020
-0.787401574803149,0.669291338582677,0.47244094488189,               617P   1021
-0.708661417322834,0.669291338582677,0.47244094488189,               617P   1022
-0.708661417322834,0.669291338582677,0.551181102362205,              617P   1023
-3.14159265358979,3.14159265358979,0.,0.,0.;                         617P   1024
126,1,1,0,0,1,0,-5.,-5.,-0.999999999999999,-0.999999999999999,       619P   1025
1.,1.,-0.708661417322834,0.669291338582677,0.551181102362205,        619P   1026
-0.708661417322834,0.984251968503937,0.551181102362205,-5.,          619P   1027
-0.999999999999999,0.,0.,0.;                                         619P   1028
126,8,2,0,1,0,0,-3.14159265358979,-3.14159265358979,                 621P   1029
-3.14159265358979,-1.5707963267949,-1.5707963267949,0.,0.,           621P   1030
1.5707963267949,1.5707963267949,3.14159265358979,                    621P   1031
3.14159265358979,3.14159265358979,1.,0.707106781186546,1.,           621P   1032
0.707106781186547,1.,0.707106781186547,1.,0.707106781186546,1.,      621P   1033
0.866141732283465,0.669291338582677,0.551181102362204,               621P   1034
0.866141732283465,0.669291338582677,0.629921259842519,               621P   1035
0.78740157480315,0.669291338582677,0.629921259842519,                621P   1036
0.708661417322835,0.669291338582677,0.629921259842519,               621P   1037
0.708661417322835,0.669291338582677,0.551181102362204,               621P   1038
0.708661417322835,0.669291338582677,0.472440944881889,               621P   1039
0.78740157480315,0.669291338582677,0.472440944881889,                621P   1040
0.866141732283465,0.669291338582677,0.472440944881889,               621P   1041
0.866141732283465,0.669291338582677,0.551181102362204,               621P   1042
-3.14159265358979,3.14159265358979,0.,0.,0.;                         621P   1043
126,1,1,0,0,1,0,-5.,-5.,-0.999999999999999,-0.999999999999999,       623P   1044
1.,1.,0.866141732283465,0.669291338582677,0.551181102362204,         623P   1045
0.866141732283465,0.984251968503937,0.551181102362204,-5.,           623P   1046
-0.999999999999999,0.,0.,0.;                                         623P   1047
126,8,2,0,1,0,0,-3.14159265358979,-3.14159265358979,                 625P   1048
-3.14159265358979,-1.5707963267949,-1.5707963267949,0.,0.,           625P   1049
1.5707963267949,1.5707963267949,3.14159265358979,                    625P   1050
3.14159265358979,3.14159265358979,1.,0.707106781186546,1.,           625P   1051
0.707106781186547,1.,0.707106781186547,1.,0.707106781186546,1.,      625P   1052
0.866141732283465,0.669291338582677,-0.551181102362204,              625P   1053
0.866141732283465,0.669291338582677,-0.472440944881889,              625P   1054
0.78740157480315,0.669291338582677,-0.472440944881889,               625P   1055
0.708661417322835,0.669291338582677,-0.472440944881889,              625P   1056
0.708661417322835,0.669291338582677,-0.551181102362204,              625P   1057
0.708661417322835,0.669291338582677,-0.629921259842519,              625P   1058
0.78740157480315,0.669291338582677,-0.629921259842519,               625P   1059
0.866141732283465,0.669291338582677,-0.629921259842519,              625P   1060
0.866141732283465,0.669291338582677,-0.551181102362204,              625P   1061
-3.14159265358979,3.14159265358979,0.,0.,0.;                         625P   1062
126,1,1,0,0,1,0,-5.,-5.,-0.999999999999999,-0.999999999999999,       627P   1063
1.,1.,0.866141732283465,0.669291338582677,-0.551181102362204,        627P   1064
0.866141732283465,0.984251968503937,-0.551181102362204,-5.,          627P   1065
-0.999999999999999,0.,0.,0.;                                         627P   1066
126,8,2,0,1,0,0,-3.14159265358979,-3.14159265358979,                 629P   1067
-3.14159265358979,-1.5707963267949,-1.5707963267949,0.,0.,           629P   1068
1.5707963267949,1.5707963267949,3.14159265358979,                    629P   1069
3.14159265358979,3.14159265358979,1.,0.707106781186547,1.,           629P   1070
0.707106781186552,1.,0.707106781186552,1.,0.707106781186547,1.,      629P   1071
-0.708661417322834,0.669291338582677,-0.551181102362205,             629P   1072
-0.708661417322834,0.669291338582677,-0.47244094488189,              629P   1073
-0.787401574803149,0.669291338582677,-0.47244094488189,              629P   1074
-0.866141732283464,0.669291338582677,-0.47244094488189,              629P   1075
-0.866141732283464,0.669291338582677,-0.551181102362205,             629P   1076
-0.866141732283464,0.669291338582677,-0.629921259842519,             629P   1077
-0.787401574803149,0.669291338582677,-0.629921259842519,             629P   1078
-0.708661417322834,0.669291338582677,-0.629921259842519,             629P   1079
-0.708661417322834,0.669291338582677,-0.551181102362205,             629P   1080
-3.14159265358979,3.14159265358979,0.,0.,0.;                         629P   1081
126,1,1,0,0,1,0,-5.,-5.,-1.,-1.,1.,1.,-0.708661417322834,            631P   1082
0.669291338582677,-0.551181102362205,-0.708661417322834,             631P   1083
0.984251968503937,-0.551181102362205,-5.,-1.,0.,0.,0.;               631P   1084
126,8,2,0,1,0,0,-3.14159265358979,-3.14159265358979,                 633P   1085
-3.14159265358979,-1.5707963267949,-1.5707963267949,0.,0.,           633P   1086
1.5707963267949,1.5707963267949,3.14159265358979,                    633P   1087
3.14159265358979,3.14159265358979,1.,0.707106781186547,1.,           633P   1088
0.707106781186547,1.,0.707106781186547,1.,0.707106781186547,1.,      633P   1089
-0.629921259842519,0.,0.551181102362205,-0.629921259842519,0.,       633P   1090
0.393700787401575,-0.787401574803149,0.,0.393700787401575,           633P   1091
-0.944881889763779,0.,0.393700787401575,-0.944881889763779,0.,       633P   1092
0.551181102362205,-0.944881889763779,0.,0.708661417322835,           633P   1093
-0.787401574803149,0.,0.708661417322835,-0.629921259842519,0.,       633P   1094
0.708661417322835,-0.629921259842519,0.,0.551181102362205,           633P   1095
-3.14159265358979,3.14159265358979,0.,0.,0.;                         633P   1096
126,8,2,0,1,0,0,-3.14159265358979,-3.14159265358979,                 635P   1097
-3.14159265358979,-1.5707963267949,-1.5707963267949,0.,0.,           635P   1098
1.5707963267949,1.5707963267949,3.14159265358979,                    635P   1099
3.14159265358979,3.14159265358979,1.,0.707106781186548,1.,           635P   1100
0.707106781186549,1.,0.707106781186549,1.,0.707106781186547,1.,      635P   1101
0.94488188976378,0.,0.551181102362204,0.94488188976378,0.,           635P   1102
0.393700787401574,0.78740157480315,0.,0.393700787401574,             635P   1103
0.629921259842521,0.,0.393700787401574,0.629921259842521,0.,         635P   1104
0.551181102362204,0.629921259842521,0.,0.708661417322834,            635P   1105
0.78740157480315,0.,0.708661417322834,0.94488188976378,0.,           635P   1106
0.708661417322834,0.94488188976378,0.,0.551181102362204,             635P   1107
-3.14159265358979,3.14159265358979,0.,0.,0.;                         635P   1108
126,8,2,0,1,0,0,-3.14159265358979,-3.14159265358979,                 637P   1109
-3.14159265358979,-1.5707963267949,-1.5707963267949,0.,0.,           637P   1110
1.5707963267949,1.5707963267949,3.14159265358979,                    637P   1111
3.14159265358979,3.14159265358979,1.,0.707106781186547,1.,           637P   1112
0.707106781186549,1.,0.707106781186549,1.,0.707106781186548,1.,      637P   1113
0.94488188976378,0.,-0.551181102362204,0.94488188976378,0.,          637P   1114
-0.708661417322834,0.78740157480315,0.,-0.708661417322834,           637P   1115
0.62992125984252,0.,-0.708661417322834,0.62992125984252,0.,          637P   1116
-0.551181102362204,0.62992125984252,0.,-0.393700787401574,           637P   1117
0.78740157480315,0.,-0.393700787401574,0.94488188976378,0.,          637P   1118
-0.393700787401574,0.94488188976378,0.,-0.551181102362204,           637P   1119
-3.14159265358979,3.14159265358979,0.,0.,0.;                         637P   1120
126,8,2,0,1,0,0,-3.14159265358979,-3.14159265358979,                 639P   1121
-3.14159265358979,-1.5707963267949,-1.5707963267949,0.,0.,           639P   1122
1.5707963267949,1.5707963267949,3.14159265358979,                    639P   1123
3.14159265358979,3.14159265358979,1.,0.707106781186549,1.,           639P   1124
0.707106781186549,1.,0.707106781186548,1.,0.707106781186548,1.,      639P   1125
-0.629921259842519,0.,-0.551181102362205,-0.629921259842519,0.,      639P   1126
-0.708661417322834,-0.787401574803149,0.,-0.708661417322834,         639P   1127
-0.944881889763779,0.,-0.708661417322834,-0.944881889763779,0.,      639P   1128
-0.551181102362205,-0.944881889763779,0.,-0.393700787401575,         639P   1129
-0.787401574803149,0.,-0.393700787401575,-0.629921259842519,0.,      639P   1130
-0.393700787401575,-0.629921259842519,0.,-0.551181102362205,         639P   1131
-3.14159265358979,3.14159265358979,0.,0.,0.;                         639P   1132
126,8,2,0,1,0,0,-3.14159265358979,-3.14159265358979,                 641P   1133
-3.14159265358979,-1.5707963267949,-1.5707963267949,0.,0.,           641P   1134
1.5707963267949,1.5707963267949,3.14159265358979,                    641P   1135
3.14159265358979,3.14159265358979,1.,0.707106781186547,1.,           641P   1136
0.707106781186547,1.,0.707106781186548,1.,0.707106781186548,1.,      641P   1137
0.291991917114321,0.,-0.209039665144192,0.291991917114321,0.,        641P   1138
-0.315218542677749,0.185813039580764,0.,-0.315218542677749,          641P   1139
0.0796341620472062,0.,-0.315218542677749,0.0796341620472062,0.,      641P   1140
-0.209039665144192,0.0796341620472062,0.,-0.102860787610634,         641P   1141
0.185813039580764,0.,-0.102860787610634,0.291991917114321,0.,        641P   1142
-0.102860787610634,0.291991917114321,0.,-0.209039665144192,          641P   1143
-3.14159265358979,3.14159265358979,0.,0.,0.;                         641P   1144
126,8,2,0,1,0,0,-3.14159265358979,-3.14159265358979,                 643P   1145
-3.14159265358979,-1.5707963267949,-1.5707963267949,0.,0.,           643P   1146
1.5707963267949,1.5707963267949,3.14159265358979,                    643P   1147
3.14159265358979,3.14159265358979,1.,0.707106781186548,1.,           643P   1148
0.707106781186548,1.,0.707106781186547,1.,0.707106781186547,1.,      643P   1149
0.291991917114321,0.,0.209039665144192,0.291991917114321,0.,         643P   1150
0.102860787610634,0.185813039580764,0.,0.102860787610634,            643P   1151
0.0796341620472062,0.,0.102860787610634,0.0796341620472062,0.,       643P   1152
0.209039665144192,0.0796341620472062,0.,0.315218542677749,           643P   1153
0.185813039580764,0.,0.315218542677749,0.291991917114321,0.,         643P   1154
0.315218542677749,0.291991917114321,0.,0.209039665144192,            643P   1155
-3.14159265358979,3.14159265358979,0.,0.,0.;                         643P   1156
126,8,2,0,1,0,0,-3.14159265358979,-3.14159265358979,                 645P   1157
-3.14159265358979,-1.5707963267949,-1.5707963267949,0.,0.,           645P   1158
1.5707963267949,1.5707963267949,3.14159265358979,                    645P   1159
3.14159265358979,3.14159265358979,1.,0.707106781186547,1.,           645P   1160
0.707106781186547,1.,0.707106781186547,1.,0.707106781186547,1.,      645P   1161
-0.629921259842519,-0.0787401574803148,0.551181102362205,            645P   1162
-0.629921259842519,-0.0787401574803148,0.393700787401575,            645P   1163
-0.787401574803149,-0.0787401574803148,0.393700787401575,            645P   1164
-0.944881889763779,-0.0787401574803148,0.393700787401575,            645P   1165
-0.944881889763779,-0.0787401574803148,0.551181102362205,            645P   1166
-0.944881889763779,-0.0787401574803148,0.708661417322835,            645P   1167
-0.787401574803149,-0.0787401574803148,0.708661417322835,            645P   1168
-0.629921259842519,-0.0787401574803148,0.708661417322835,            645P   1169
-0.629921259842519,-0.0787401574803148,0.551181102362205,            645P   1170
-3.14159265358979,3.14159265358979,0.,0.,0.;                         645P   1171
126,1,1,0,0,1,0,-0.5,-0.5,-1.11022302462516D-15,                     647P   1172
-1.11022302462516D-15,1.,1.,-0.629921259842519,                      647P   1173
-0.0787401574803148,0.551181102362205,-0.629921259842519,0.,         647P   1174
0.551181102362205,-0.5,-1.11022302462516D-15,0.,0.,0.;               647P   1175
126,8,2,0,1,0,0,-3.14159265358979,-3.14159265358979,                 649P   1176
-3.14159265358979,-1.5707963267949,-1.5707963267949,0.,0.,           649P   1177
1.5707963267949,1.5707963267949,3.14159265358979,                    649P   1178
3.14159265358979,3.14159265358979,1.,0.707106781186548,1.,           649P   1179
0.707106781186549,1.,0.707106781186549,1.,0.707106781186547,1.,      649P   1180
0.94488188976378,-0.0787401574803148,0.551181102362204,              649P   1181
0.94488188976378,-0.0787401574803148,0.393700787401574,              649P   1182
0.78740157480315,-0.0787401574803148,0.393700787401574,              649P   1183
0.629921259842521,-0.0787401574803148,0.393700787401574,             649P   1184
0.629921259842521,-0.0787401574803148,0.551181102362204,             649P   1185
0.629921259842521,-0.0787401574803148,0.708661417322834,             649P   1186
0.78740157480315,-0.0787401574803148,0.708661417322834,              649P   1187
0.94488188976378,-0.0787401574803148,0.708661417322834,              649P   1188
0.94488188976378,-0.0787401574803148,0.551181102362204,              649P   1189
-3.14159265358979,3.14159265358979,0.,0.,0.;                         649P   1190
126,1,1,0,0,1,0,-0.5,-0.5,-1.11022302462516D-15,                     651P   1191
-1.11022302462516D-15,1.,1.,0.94488188976378,                        651P   1192
-0.0787401574803148,0.551181102362204,0.94488188976378,0.,           651P   1193
0.551181102362204,-0.5,-1.11022302462516D-15,0.,0.,0.;               651P   1194
126,8,2,0,1,0,0,-3.14159265358979,-3.14159265358979,                 653P   1195
-3.14159265358979,-1.5707963267949,-1.5707963267949,0.,0.,           653P   1196
1.5707963267949,1.5707963267949,3.14159265358979,                    653P   1197
3.14159265358979,3.14159265358979,1.,0.707106781186547,1.,           653P   1198
0.707106781186549,1.,0.707106781186549,1.,0.707106781186548,1.,      653P   1199
0.94488188976378,-0.0787401574803148,-0.551181102362204,             653P   1200
0.94488188976378,-0.0787401574803148,-0.708661417322834,             653P   1201
0.78740157480315,-0.0787401574803148,-0.708661417322834,             653P   1202
0.62992125984252,-0.0787401574803148,-0.708661417322834,             653P   1203
0.62992125984252,-0.0787401574803148,-0.551181102362204,             653P   1204
0.62992125984252,-0.0787401574803148,-0.393700787401574,             653P   1205
0.78740157480315,-0.0787401574803148,-0.393700787401574,             653P   1206
0.94488188976378,-0.0787401574803148,-0.393700787401574,             653P   1207
0.94488188976378,-0.0787401574803148,-0.551181102362204,             653P   1208
-3.14159265358979,3.14159265358979,0.,0.,0.;                         653P   1209
126,1,1,0,0,1,0,-0.5,-0.5,-1.11022302462516D-15,                     655P   1210
-1.11022302462516D-15,1.,1.,0.94488188976378,                        655P   1211
-0.0787401574803148,-0.551181102362204,0.94488188976378,0.,          655P   1212
-0.551181102362204,-0.5,-1.11022302462516D-15,0.,0.,0.;              655P   1213
126,8,2,0,1,0,0,-3.14159265358979,-3.14159265358979,                 657P   1214
-3.14159265358979,-1.5707963267949,-1.5707963267949,0.,0.,           657P   1215
1.5707963267949,1.5707963267949,3.14159265358979,                    657P   1216
3.14159265358979,3.14159265358979,1.,0.707106781186549,1.,           657P   1217
0.707106781186549,1.,0.707106781186548,1.,0.707106781186548,1.,      657P   1218
-0.629921259842519,-0.078740157480315,-0.551181102362205,            657P   1219
-0.629921259842519,-0.078740157480315,-0.708661417322834,            657P   1220
-0.787401574803149,-0.078740157480315,-0.708661417322834,            657P   1221
-0.944881889763779,-0.078740157480315,-0.708661417322834,            657P   1222
-0.944881889763779,-0.078740157480315,-0.551181102362205,            657P   1223
-0.944881889763779,-0.078740157480315,-0.393700787401575,            657P   1224
-0.787401574803149,-0.078740157480315,-0.393700787401575,            657P   1225
-0.629921259842519,-0.078740157480315,-0.393700787401575,            657P   1226
-0.629921259842519,-0.078740157480315,-0.551181102362205,            657P   1227
-3.14159265358979,3.14159265358979,0.,0.,0.;                         657P   1228
126,1,1,0,0,1,0,-0.5,-0.5,0.,0.,1.,1.,-0.629921259842519,            659P   1229
-0.078740157480315,-0.551181102362205,-0.629921259842519,0.,         659P   1230
-0.551181102362205,-0.5,0.,0.,0.,0.;                                 659P   1231
126,8,2,0,1,0,0,-3.14159265358979,-3.14159265358979,                 661P   1232
-3.14159265358979,-1.5707963267949,-1.5707963267949,0.,0.,           661P   1233
1.5707963267949,1.5707963267949,3.14159265358979,                    661P   1234
3.14159265358979,3.14159265358979,1.,0.707106781186547,1.,           661P   1235
0.707106781186547,1.,0.707106781186548,1.,0.707106781186548,1.,      661P   1236
0.291991917114321,-0.078740157480315,-0.209039665144192,             661P   1237
0.291991917114321,-0.078740157480315,-0.315218542677749,             661P   1238
0.185813039580764,-0.078740157480315,-0.315218542677749,             661P   1239
0.0796341620472062,-0.078740157480315,-0.315218542677749,            661P   1240
0.0796341620472062,-0.078740157480315,-0.209039665144192,            661P   1241
0.0796341620472062,-0.078740157480315,-0.102860787610634,            661P   1242
0.185813039580764,-0.078740157480315,-0.102860787610634,             661P   1243
0.291991917114321,-0.078740157480315,-0.102860787610634,             661P   1244
0.291991917114321,-0.078740157480315,-0.209039665144192,             661P   1245
-3.14159265358979,3.14159265358979,0.,0.,0.;                         661P   1246
126,1,1,0,0,1,0,-0.741580239962787,-0.741580239962787,0.,0.,1.,      663P   1247
1.,0.291991917114321,-0.078740157480315,-0.209039665144192,          663P   1248
0.291991917114321,0.,-0.209039665144192,-0.741580239962787,0.,       663P   1249
0.,0.,0.;                                                            663P   1250
126,8,2,0,1,0,0,-3.14159265358979,-3.14159265358979,                 665P   1251
-3.14159265358979,-1.5707963267949,-1.5707963267949,0.,0.,           665P   1252
1.5707963267949,1.5707963267949,3.14159265358979,                    665P   1253
3.14159265358979,3.14159265358979,1.,0.707106781186548,1.,           665P   1254
0.707106781186548,1.,0.707106781186547,1.,0.707106781186547,1.,      665P   1255
0.291991917114321,-0.078740157480315,0.209039665144192,              665P   1256
0.291991917114321,-0.078740157480315,0.102860787610634,              665P   1257
0.185813039580764,-0.078740157480315,0.102860787610634,              665P   1258
0.0796341620472062,-0.078740157480315,0.102860787610634,             665P   1259
0.0796341620472062,-0.078740157480315,0.209039665144192,             665P   1260
0.0796341620472062,-0.078740157480315,0.315218542677749,             665P   1261
0.185813039580764,-0.078740157480315,0.315218542677749,              665P   1262
0.291991917114321,-0.078740157480315,0.315218542677749,              665P   1263
0.291991917114321,-0.078740157480315,0.209039665144192,              665P   1264
-3.14159265358979,3.14159265358979,0.,0.,0.;                         665P   1265
126,1,1,0,0,1,0,-0.741580239962787,-0.741580239962787,0.,0.,1.,      667P   1266
1.,0.291991917114321,-0.078740157480315,0.209039665144192,           667P   1267
0.291991917114321,0.,0.209039665144192,-0.741580239962787,0.,0.,     667P   1268
0.,0.;                                                               667P   1269
126,8,2,0,1,0,0,-3.14159265358979,-3.14159265358979,                 669P   1270
-3.14159265358979,-1.5707963267949,-1.5707963267949,0.,0.,           669P   1271
1.5707963267949,1.5707963267949,3.14159265358979,                    669P   1272
3.14159265358979,3.14159265358979,1.,0.707106781186547,1.,           669P   1273
0.707106781186546,1.,0.707106781186546,1.,0.707106781186547,1.,      669P   1274
-0.708661417322834,-0.0787401574803148,0.551181102362205,            669P   1275
-0.708661417322834,-0.0787401574803148,0.62992125984252,             669P   1276
-0.787401574803149,-0.0787401574803148,0.62992125984252,             669P   1277
-0.866141732283464,-0.0787401574803148,0.62992125984252,             669P   1278
-0.866141732283464,-0.0787401574803148,0.551181102362205,            669P   1279
-0.866141732283464,-0.0787401574803148,0.47244094488189,             669P   1280
-0.787401574803149,-0.0787401574803148,0.47244094488189,             669P   1281
-0.708661417322834,-0.0787401574803148,0.47244094488189,             669P   1282
-0.708661417322834,-0.0787401574803148,0.551181102362205,            669P   1283
-3.14159265358979,3.14159265358979,0.,0.,0.;                         669P   1284
126,8,2,0,1,0,0,-3.14159265358979,-3.14159265358979,                 671P   1285
-3.14159265358979,-1.5707963267949,-1.5707963267949,0.,0.,           671P   1286
1.5707963267949,1.5707963267949,3.14159265358979,                    671P   1287
3.14159265358979,3.14159265358979,1.,0.707106781186546,1.,           671P   1288
0.707106781186547,1.,0.707106781186547,1.,0.707106781186546,1.,      671P   1289
0.866141732283465,-0.0787401574803148,0.551181102362204,             671P   1290
0.866141732283465,-0.0787401574803148,0.629921259842519,             671P   1291
0.78740157480315,-0.0787401574803148,0.629921259842519,              671P   1292
0.708661417322835,-0.0787401574803148,0.629921259842519,             671P   1293
0.708661417322835,-0.0787401574803148,0.551181102362204,             671P   1294
0.708661417322835,-0.0787401574803148,0.472440944881889,             671P   1295
0.78740157480315,-0.0787401574803148,0.472440944881889,              671P   1296
0.866141732283465,-0.0787401574803148,0.472440944881889,             671P   1297
0.866141732283465,-0.0787401574803148,0.551181102362204,             671P   1298
-3.14159265358979,3.14159265358979,0.,0.,0.;                         671P   1299
126,8,2,0,1,0,0,-3.14159265358979,-3.14159265358979,                 673P   1300
-3.14159265358979,-1.5707963267949,-1.5707963267949,0.,0.,           673P   1301
1.5707963267949,1.5707963267949,3.14159265358979,                    673P   1302
3.14159265358979,3.14159265358979,1.,0.707106781186546,1.,           673P   1303
0.707106781186547,1.,0.707106781186547,1.,0.707106781186546,1.,      673P   1304
0.866141732283465,-0.0787401574803148,-0.551181102362204,            673P   1305
0.866141732283465,-0.0787401574803148,-0.472440944881889,            673P   1306
0.78740157480315,-0.0787401574803148,-0.472440944881889,             673P   1307
0.708661417322835,-0.0787401574803148,-0.472440944881889,            673P   1308
0.708661417322835,-0.0787401574803148,-0.551181102362204,            673P   1309
0.708661417322835,-0.0787401574803148,-0.629921259842519,            673P   1310
0.78740157480315,-0.0787401574803148,-0.629921259842519,             673P   1311
0.866141732283465,-0.0787401574803148,-0.629921259842519,            673P   1312
0.866141732283465,-0.0787401574803148,-0.551181102362204,            673P   1313
-3.14159265358979,3.14159265358979,0.,0.,0.;                         673P   1314
126,8,2,0,1,0,0,-3.14159265358979,-3.14159265358979,                 675P   1315
-3.14159265358979,-1.5707963267949,-1.5707963267949,0.,0.,           675P   1316
1.5707963267949,1.5707963267949,3.14159265358979,                    675P   1317
3.14159265358979,3.14159265358979,1.,0.707106781186547,1.,           675P   1318
0.707106781186552,1.,0.707106781186552,1.,0.707106781186547,1.,      675P   1319
-0.708661417322834,-0.078740157480315,-0.551181102362205,            675P   1320
-0.708661417322834,-0.078740157480315,-0.47244094488189,             675P   1321
-0.787401574803149,-0.078740157480315,-0.47244094488189,             675P   1322
-0.866141732283464,-0.078740157480315,-0.47244094488189,             675P   1323
-0.866141732283464,-0.078740157480315,-0.551181102362205,            675P   1324
-0.866141732283464,-0.078740157480315,-0.629921259842519,            675P   1325
-0.787401574803149,-0.078740157480315,-0.629921259842519,            675P   1326
-0.708661417322834,-0.078740157480315,-0.629921259842519,            675P   1327
-0.708661417322834,-0.078740157480315,-0.551181102362205,            675P   1328
-3.14159265358979,3.14159265358979,0.,0.,0.;                         675P   1329
126,8,2,0,1,0,0,-3.14159265358979,-3.14159265358979,                 677P   1330
-3.14159265358979,-1.5707963267949,-1.5707963267949,0.,0.,           677P   1331
1.5707963267949,1.5707963267949,3.14159265358979,                    677P   1332
3.14159265358979,3.14159265358979,1.,0.707106781186547,1.,           677P   1333
0.707106781186546,1.,0.707106781186546,1.,0.707106781186547,1.,      677P   1334
-0.708661417322834,0.393700787401575,0.551181102362205,              677P   1335
-0.708661417322834,0.393700787401575,0.62992125984252,               677P   1336
-0.787401574803149,0.393700787401575,0.62992125984252,               677P   1337
-0.866141732283464,0.393700787401575,0.62992125984252,               677P   1338
-0.866141732283464,0.393700787401575,0.551181102362205,              677P   1339
-0.866141732283464,0.393700787401575,0.47244094488189,               677P   1340
-0.787401574803149,0.393700787401575,0.47244094488189,               677P   1341
-0.708661417322834,0.393700787401575,0.47244094488189,               677P   1342
-0.708661417322834,0.393700787401575,0.551181102362205,              677P   1343
-3.14159265358979,3.14159265358979,0.,0.,0.;                         677P   1344
126,1,1,0,0,1,0,-5.,-5.,1.,1.,1.,1.,-0.708661417322834,              679P   1345
0.393700787401575,0.551181102362205,-0.708661417322834,              679P   1346
-0.0787401574803148,0.551181102362205,-5.,1.,0.,0.,0.;               679P   1347
126,8,2,0,1,0,0,-3.14159265358979,-3.14159265358979,                 681P   1348
-3.14159265358979,-1.5707963267949,-1.5707963267949,0.,0.,           681P   1349
1.5707963267949,1.5707963267949,3.14159265358979,                    681P   1350
3.14159265358979,3.14159265358979,1.,0.707106781186546,1.,           681P   1351
0.707106781186547,1.,0.707106781186547,1.,0.707106781186546,1.,      681P   1352
0.866141732283465,0.393700787401575,0.551181102362204,               681P   1353
0.866141732283465,0.393700787401575,0.629921259842519,               681P   1354
0.78740157480315,0.393700787401575,0.629921259842519,                681P   1355
0.708661417322835,0.393700787401575,0.629921259842519,               681P   1356
0.708661417322835,0.393700787401575,0.551181102362204,               681P   1357
0.708661417322835,0.393700787401575,0.472440944881889,               681P   1358
0.78740157480315,0.393700787401575,0.472440944881889,                681P   1359
0.866141732283465,0.393700787401575,0.472440944881889,               681P   1360
0.866141732283465,0.393700787401575,0.551181102362204,               681P   1361
-3.14159265358979,3.14159265358979,0.,0.,0.;                         681P   1362
126,1,1,0,0,1,0,-5.,-5.,1.,1.,1.,1.,0.866141732283465,               683P   1363
0.393700787401575,0.551181102362204,0.866141732283465,               683P   1364
-0.0787401574803148,0.551181102362204,-5.,1.,0.,0.,0.;               683P   1365
126,8,2,0,1,0,0,-3.14159265358979,-3.14159265358979,                 685P   1366
-3.14159265358979,-1.5707963267949,-1.5707963267949,0.,0.,           685P   1367
1.5707963267949,1.5707963267949,3.14159265358979,                    685P   1368
3.14159265358979,3.14159265358979,1.,0.707106781186546,1.,           685P   1369
0.707106781186547,1.,0.707106781186547,1.,0.707106781186546,1.,      685P   1370
0.866141732283465,0.393700787401575,-0.551181102362204,              685P   1371
0.866141732283465,0.393700787401575,-0.472440944881889,              685P   1372
0.78740157480315,0.393700787401575,-0.472440944881889,               685P   1373
0.708661417322835,0.393700787401575,-0.472440944881889,              685P   1374
0.708661417322835,0.393700787401575,-0.551181102362204,              685P   1375
0.708661417322835,0.393700787401575,-0.629921259842519,              685P   1376
0.78740157480315,0.393700787401575,-0.629921259842519,               685P   1377
0.866141732283465,0.393700787401575,-0.629921259842519,              685P   1378
0.866141732283465,0.393700787401575,-0.551181102362204,              685P   1379
-3.14159265358979,3.14159265358979,0.,0.,0.;                         685P   1380
126,1,1,0,0,1,0,-5.,-5.,1.,1.,1.,1.,0.866141732283465,               687P   1381
0.393700787401575,-0.551181102362204,0.866141732283465,              687P   1382
-0.0787401574803148,-0.551181102362204,-5.,1.,0.,0.,0.;              687P   1383
126,8,2,0,1,0,0,-3.14159265358979,-3.14159265358979,                 689P   1384
-3.14159265358979,-1.5707963267949,-1.5707963267949,0.,0.,           689P   1385
1.5707963267949,1.5707963267949,3.14159265358979,                    689P   1386
3.14159265358979,3.14159265358979,1.,0.707106781186547,1.,           689P   1387
0.707106781186552,1.,0.707106781186552,1.,0.707106781186547,1.,      689P   1388
-0.708661417322834,0.,-0.551181102362205,-0.708661417322834,0.,      689P   1389
-0.47244094488189,-0.787401574803149,0.,-0.47244094488189,           689P   1390
-0.866141732283464,0.,-0.47244094488189,-0.866141732283464,0.,       689P   1391
-0.551181102362205,-0.866141732283464,0.,-0.629921259842519,         689P   1392
-0.787401574803149,0.,-0.629921259842519,-0.708661417322834,0.,      689P   1393
-0.629921259842519,-0.708661417322834,0.,-0.551181102362205,         689P   1394
-3.14159265358979,3.14159265358979,0.,0.,0.;                         689P   1395
126,1,1,0,0,1,0,0.,0.,1.,1.,1.,1.,-0.708661417322834,0.,             691P   1396
-0.551181102362205,-0.708661417322834,-0.078740157480315,            691P   1397
-0.551181102362205,0.,1.,0.,0.,0.;                                   691P   1398
126,8,2,0,1,0,0,-3.14159265358979,-3.14159265358979,                 693P   1399
-3.14159265358979,-1.5707963267949,-1.5707963267949,0.,0.,           693P   1400
1.5707963267949,1.5707963267949,3.14159265358979,                    693P   1401
3.14159265358979,3.14159265358979,1.,0.707106781186547,1.,           693P   1402
0.707106781186548,1.,0.707106781186548,1.,0.707106781186547,1.,      693P   1403
1.25984251968504,0.354330708661417,-0.61023622047244,                693P   1404
1.25984251968504,0.964566929133858,-0.61023622047244,                693P   1405
1.25984251968504,0.964566929133858,5.49191131938592D-16,             693P   1406
1.25984251968504,0.964566929133858,0.610236220472441,                693P   1407
1.25984251968504,0.354330708661417,0.610236220472441,                693P   1408
1.25984251968504,-0.255905511811024,0.610236220472441,               693P   1409
1.25984251968504,-0.255905511811024,5.49191131938592D-16,            693P   1410
1.25984251968504,-0.255905511811024,-0.61023622047244,               693P   1411
1.25984251968504,0.354330708661417,-0.61023622047244,                693P   1412
-3.14159265358979,3.14159265358979,0.,0.,0.;                         693P   1413
126,1,1,0,0,1,0,-0.193548387096774,-0.193548387096774,               695P   1414
1.07882771014129D-16,1.07882771014129D-16,1.,1.,                     695P   1415
1.25984251968504,0.354330708661417,-0.61023622047244,                695P   1416
1.14173228346457,0.354330708661417,-0.61023622047244,                695P   1417
-0.193548387096774,1.07882771014129D-16,0.,0.,0.;                    695P   1418
126,8,2,0,1,0,0,-3.14159265358979,-3.14159265358979,                 697P   1419
-3.14159265358979,-1.5707963267949,-1.5707963267949,0.,0.,           697P   1420
1.5707963267949,1.5707963267949,3.14159265358979,                    697P   1421
3.14159265358979,3.14159265358979,1.,0.707106781186547,1.,           697P   1422
0.707106781186548,1.,0.707106781186548,1.,0.707106781186547,1.,      697P   1423
1.14173228346457,0.354330708661417,-0.61023622047244,                697P   1424
1.14173228346457,-0.255905511811024,-0.61023622047244,               697P   1425
1.14173228346457,-0.255905511811024,5.61881006489806D-16,            697P   1426
1.14173228346457,-0.255905511811024,0.610236220472441,               697P   1427
1.14173228346457,0.354330708661417,0.610236220472441,                697P   1428
1.14173228346457,0.964566929133858,0.610236220472441,                697P   1429
1.14173228346457,0.964566929133858,5.61881006489806D-16,             697P   1430
1.14173228346457,0.964566929133858,-0.61023622047244,                697P   1431
1.14173228346457,0.354330708661417,-0.61023622047244,                697P   1432
-3.14159265358979,3.14159265358979,0.,0.,0.;                         697P   1433
126,8,2,0,1,0,0,-3.14159265358979,-3.14159265358979,                 699P   1434
-3.14159265358979,-1.5707963267949,-1.5707963267949,0.,0.,           699P   1435
1.5707963267949,1.5707963267949,3.14159265358979,                    699P   1436
3.14159265358979,3.14159265358979,1.,0.707106781186547,1.,           699P   1437
0.707106781186548,1.,0.707106781186548,1.,0.707106781186547,1.,      699P   1438
3.50393700787402,0.354330708661417,-0.610236220472441,               699P   1439
3.50393700787402,-0.255905511811024,-0.610236220472441,              699P   1440
3.50393700787402,-0.255905511811024,3.08083515465513D-16,            699P   1441
3.50393700787402,-0.255905511811024,0.610236220472441,               699P   1442
3.50393700787402,0.354330708661417,0.610236220472441,                699P   1443
3.50393700787402,0.964566929133858,0.610236220472441,                699P   1444
3.50393700787402,0.964566929133858,3.08083515465513D-16,             699P   1445
3.50393700787402,0.964566929133858,-0.610236220472441,               699P   1446
3.50393700787402,0.354330708661417,-0.610236220472441,               699P   1447
-3.14159265358979,3.14159265358979,0.,0.,0.;                         699P   1448
126,1,1,0,0,1,0,-3.87096774193548,-3.87096774193548,                 701P   1449
-3.74193548387097,-3.74193548387097,1.,1.,3.50393700787402,          701P   1450
0.354330708661417,-0.610236220472441,3.4251968503937,                701P   1451
0.354330708661417,-0.610236220472441,-3.87096774193548,              701P   1452
-3.74193548387097,0.,0.,0.;                                          701P   1453
126,8,2,0,1,0,0,-3.14159265358979,-3.14159265358979,                 703P   1454
-3.14159265358979,-1.5707963267949,-1.5707963267949,0.,0.,           703P   1455
1.5707963267949,1.5707963267949,3.14159265358979,                    703P   1456
3.14159265358979,3.14159265358979,1.,0.707106781186547,1.,           703P   1457
0.707106781186548,1.,0.707106781186548,1.,0.707106781186547,1.,      703P   1458
3.4251968503937,0.354330708661417,-0.610236220472441,                703P   1459
3.4251968503937,-0.255905511811024,-0.610236220472441,               703P   1460
3.4251968503937,-0.255905511811024,3.1654343183299D-16,              703P   1461
3.4251968503937,-0.255905511811024,0.610236220472441,                703P   1462
3.4251968503937,0.354330708661417,0.610236220472441,                 703P   1463
3.4251968503937,0.964566929133858,0.610236220472441,                 703P   1464
3.4251968503937,0.964566929133858,3.1654343183299D-16,               703P   1465
3.4251968503937,0.964566929133858,-0.610236220472441,                703P   1466
3.4251968503937,0.354330708661417,-0.610236220472441,                703P   1467
-3.14159265358979,3.14159265358979,0.,0.,0.;                         703P   1468
126,8,2,0,1,0,0,-3.14159265358979,-3.14159265358979,                 705P   1469
-3.14159265358979,-1.5707963267949,-1.5707963267949,0.,0.,           705P   1470
1.5707963267949,1.5707963267949,3.14159265358979,                    705P   1471
3.14159265358979,3.14159265358979,1.,0.707106781186548,1.,           705P   1472
0.707106781186548,1.,0.707106781186548,1.,0.707106781186548,1.,      705P   1473
3.50393700787402,0.354330708661417,-0.295275590551181,               705P   1474
3.50393700787402,0.649606299212598,-0.295275590551181,               705P   1475
3.50393700787402,0.649606299212598,2.80337822733512D-16,             705P   1476
3.50393700787402,0.649606299212598,0.295275590551181,                705P   1477
3.50393700787402,0.354330708661417,0.295275590551181,                705P   1478
3.50393700787402,0.0590551181102363,0.295275590551181,               705P   1479
3.50393700787402,0.0590551181102363,2.80337822733512D-16,            705P   1480
3.50393700787402,0.0590551181102363,-0.295275590551181,              705P   1481
3.50393700787402,0.354330708661417,-0.295275590551181,               705P   1482
-3.14159265358979,3.14159265358979,0.,0.,0.;                         705P   1483
126,1,1,0,0,1,0,-0.266666666666666,-0.266666666666666,0.,0.,1.,      707P   1484
1.,3.50393700787402,0.354330708661417,-0.295275590551181,            707P   1485
3.58267716535433,0.354330708661417,-0.295275590551181,               707P   1486
-0.266666666666666,0.,0.,0.,0.;                                      707P   1487
126,8,2,0,1,0,0,-3.14159265358979,-3.14159265358979,                 709P   1488
-3.14159265358979,-1.5707963267949,-1.5707963267949,0.,0.,           709P   1489
1.5707963267949,1.5707963267949,3.14159265358979,                    709P   1490
3.14159265358979,3.14159265358979,1.,0.707106781186548,1.,           709P   1491
0.707106781186548,1.,0.707106781186548,1.,0.707106781186548,1.,      709P   1492
3.58267716535433,0.354330708661417,-0.295275590551181,               709P   1493
3.58267716535433,0.649606299212598,-0.295275590551181,               709P   1494
3.58267716535433,0.649606299212598,2.80337822733512D-16,             709P   1495
3.58267716535433,0.649606299212598,0.295275590551181,                709P   1496
3.58267716535433,0.354330708661417,0.295275590551181,                709P   1497
3.58267716535433,0.0590551181102363,0.295275590551181,               709P   1498
3.58267716535433,0.0590551181102363,2.80337822733512D-16,            709P   1499
3.58267716535433,0.0590551181102363,-0.295275590551181,              709P   1500
3.58267716535433,0.354330708661417,-0.295275590551181,               709P   1501
-3.14159265358979,3.14159265358979,0.,0.,0.;                         709P   1502
126,1,1,0,0,1,0,-3.74193548387097,-3.74193548387097,                 711P   1503
-0.193548387096774,-0.193548387096774,1.,1.,3.4251968503937,         711P   1504
0.354330708661417,-0.610236220472441,1.25984251968504,               711P   1505
0.354330708661417,-0.61023622047244,-3.74193548387097,               711P   1506
-0.193548387096774,0.,0.,0.;                                         711P   1507
128,1,1,1,1,0,0,1,0,0,0.134424868893541,0.134424868893541,           713P   1508
0.665575131106459,0.665575131106459,-0.001,-0.001,1.401,1.401,       713P   1509
1.,1.,1.,1.,-0.236220472440944,1.79173228346457,                     713P   1510
-0.104557138230889,-0.236220472440944,1.79173228346457,              713P   1511
0.10455713823089,-0.236220472440944,1.23976377952756,                713P   1512
-0.104557138230889,-0.236220472440944,1.23976377952756,              713P   1513
0.10455713823089,0.134424868893541,0.665575131106459,-0.001,         713P   1514
1.401;                                                               713P   1515
128,1,1,1,1,0,0,1,0,0,-0.265575131106459,-0.265575131106459,         715P   1516
0.265575131106459,0.265575131106459,-0.0509999999999999,             715P   1517
-0.0509999999999999,0.184333333333333,0.184333333333333,1.,1.,       715P   1518
1.,1.,-0.236614173228346,1.24015748031496,-0.104557138230889,        715P   1519
-0.236614173228346,1.24015748031496,0.10455713823089,                715P   1520
-0.143963254593175,1.24015748031496,-0.104557138230889,              715P   1521
-0.143963254593175,1.24015748031496,0.10455713823089,                715P   1522
-0.265575131106459,0.265575131106459,-0.0509999999999999,            715P   1523
0.184333333333333;                                                   715P   1524
128,1,1,1,1,0,0,1,0,0,-0.4728992794986,-0.4728992794986,             717P   1525
0.4728992794986,0.4728992794986,-0.401,-0.401,0.301,0.301,1.,1.,     717P   1526
1.,1.,-0.512204724409448,1.79133858267716,-0.186180818700236,        717P   1527
-0.512204724409448,1.79133858267716,0.186180818700237,               717P   1528
-0.235826771653543,1.79133858267716,-0.186180818700236,              717P   1529
-0.235826771653543,1.79133858267716,0.186180818700237,               717P   1530
-0.4728992794986,0.4728992794986,-0.401,0.301;                       717P   1531
128,1,8,1,2,0,1,0,0,1,0.,0.,3.75,3.75,-3.14159265358979,             719P   1532
-3.14159265358979,-3.14159265358979,-1.5707963267949,                719P   1533
-1.5707963267949,0.,0.,1.5707963267949,1.5707963267949,              719P   1534
3.14159265358979,3.14159265358979,3.14159265358979,1.,1.,            719P   1535
0.707106781186548,0.707106781186548,1.,1.,0.707106781186548,         719P   1536
0.707106781186548,1.,1.,0.707106781186548,0.707106781186548,1.,      719P   1537
1.,0.707106781186548,0.707106781186548,1.,1.,-0.196850393700787,     719P   1538
1.79133858267716,3.49676543189026D-16,-0.196850393700787,            719P   1539
1.2007874015748,3.49676543189026D-16,-0.196850393700787,             719P   1540
1.79133858267716,-0.15748031496063,-0.196850393700787,               719P   1541
1.2007874015748,-0.15748031496063,-0.354330708661417,                719P   1542
1.79133858267716,-0.15748031496063,-0.354330708661417,               719P   1543
1.2007874015748,-0.15748031496063,-0.511811023622047,                719P   1544
1.79133858267716,-0.15748031496063,-0.511811023622047,               719P   1545
1.2007874015748,-0.15748031496063,-0.511811023622047,                719P   1546
1.79133858267716,3.49676543189026D-16,-0.511811023622047,            719P   1547
1.2007874015748,3.49676543189026D-16,-0.511811023622047,             719P   1548
1.79133858267716,0.15748031496063,-0.511811023622047,                719P   1549
1.2007874015748,0.15748031496063,-0.354330708661417,                 719P   1550
1.79133858267716,0.15748031496063,-0.354330708661417,                719P   1551
1.2007874015748,0.15748031496063,-0.196850393700787,                 719P   1552
1.79133858267716,0.15748031496063,-0.196850393700787,                719P   1553
1.2007874015748,0.15748031496063,-0.196850393700787,                 719P   1554
1.79133858267716,3.49676543189026D-16,-0.196850393700787,            719P   1555
1.2007874015748,3.49676543189026D-16,0.,3.75,-3.14159265358979,      719P   1556
3.14159265358979;                                                    719P   1557
128,1,1,1,1,0,0,1,0,0,-0.401,-0.401,0.401,0.401,-0.401,-0.401,       721P   1558
0.401,0.401,1.,1.,1.,1.,-0.512204724409448,1.2007874015748,          721P   1559
0.157874015748032,-0.512204724409448,1.2007874015748,                721P   1560
-0.157874015748031,-0.196456692913385,1.2007874015748,               721P   1561
0.157874015748032,-0.196456692913385,1.2007874015748,                721P   1562
-0.157874015748031,-0.401,0.401,-0.401,0.401;                        721P   1563
128,2,8,2,2,0,1,0,0,1,0.,0.,0.,1.5707963267949,1.5707963267949,      723P   1564
1.5707963267949,-3.14159265358979,-3.14159265358979,                 723P   1565
-3.14159265358979,-1.5707963267949,-1.5707963267949,0.,0.,           723P   1566
1.5707963267949,1.5707963267949,3.14159265358979,                    723P   1567
3.14159265358979,3.14159265358979,1.,0.707106781186542,1.,           723P   1568
0.707106781186548,0.499999999999996,0.707106781186548,1.,            723P   1569
0.707106781186542,1.,0.707106781186548,0.499999999999996,            723P   1570
0.707106781186548,1.,0.707106781186542,1.,0.707106781186548,         723P   1571
0.499999999999996,0.707106781186548,1.,0.707106781186542,1.,         723P   1572
0.707106781186548,0.499999999999996,0.707106781186548,1.,            723P   1573
0.707106781186542,1.,-0.354330708661417,1.2007874015748,             723P   1574
-0.334645669291338,-0.354330708661417,1.2007874015748,               723P   1575
-0.374015748031496,-0.354330708661417,1.16141732283465,              723P   1576
-0.374015748031496,-0.688976377952755,1.2007874015748,               723P   1577
-0.334645669291338,-0.728346456692913,1.2007874015748,               723P   1578
-0.374015748031496,-0.728346456692913,1.16141732283465,              723P   1579
-0.374015748031496,-0.688976377952755,1.2007874015748,               723P   1580
3.49676543189026D-16,-0.728346456692913,1.2007874015748,             723P   1581
3.49676543189026D-16,-0.728346456692913,1.16141732283465,            723P   1582
3.49676543189026D-16,-0.688976377952755,1.2007874015748,             723P   1583
0.334645669291339,-0.728346456692913,1.2007874015748,                723P   1584
0.374015748031496,-0.728346456692913,1.16141732283465,               723P   1585
0.374015748031496,-0.354330708661417,1.2007874015748,                723P   1586
0.334645669291339,-0.354330708661417,1.2007874015748,                723P   1587
0.374015748031496,-0.354330708661417,1.16141732283465,               723P   1588
0.374015748031496,-0.0196850393700782,1.2007874015748,               723P   1589
0.334645669291339,0.0196850393700793,1.2007874015748,                723P   1590
0.374015748031496,0.0196850393700793,1.16141732283465,               723P   1591
0.374015748031496,-0.0196850393700781,1.2007874015748,               723P   1592
3.49676543189026D-16,0.0196850393700794,1.2007874015748,             723P   1593
3.49676543189026D-16,0.0196850393700794,1.16141732283465,            723P   1594
3.49676543189026D-16,-0.0196850393700782,1.2007874015748,            723P   1595
-0.334645669291338,0.0196850393700793,1.2007874015748,               723P   1596
-0.374015748031496,0.0196850393700793,1.16141732283465,              723P   1597
-0.374015748031496,-0.354330708661417,1.2007874015748,               723P   1598
-0.334645669291338,-0.354330708661417,1.2007874015748,               723P   1599
-0.374015748031496,-0.354330708661417,1.16141732283465,              723P   1600
-0.374015748031496,0.,1.5707963267949,-3.14159265358979,             723P   1601
3.14159265358979;                                                    723P   1602
128,1,8,1,2,0,1,0,0,1,0.,0.,0.263157894736841,0.263157894736841,     725P   1603
-3.14159265358979,-3.14159265358979,-3.14159265358979,               725P   1604
-1.5707963267949,-1.5707963267949,0.,0.,1.5707963267949,             725P   1605
1.5707963267949,3.14159265358979,3.14159265358979,                   725P   1606
3.14159265358979,1.,1.,0.707106781186548,0.707106781186548,1.,       725P   1607
1.,0.707106781186548,0.707106781186548,1.,1.,0.707106781186548,      725P   1608
0.707106781186548,1.,1.,0.707106781186548,0.707106781186548,1.,      725P   1609
1.,0.0196850393700794,1.16141732283465,3.49676543189026D-16,         725P   1610
0.0196850393700794,1.06299212598425,3.49676543189026D-16,            725P   1611
0.0196850393700793,1.16141732283465,-0.374015748031496,              725P   1612
0.0196850393700793,1.06299212598425,-0.374015748031496,              725P   1613
-0.354330708661417,1.16141732283465,-0.374015748031496,              725P   1614
-0.354330708661417,1.06299212598425,-0.374015748031496,              725P   1615
-0.728346456692913,1.16141732283465,-0.374015748031496,              725P   1616
-0.728346456692913,1.06299212598425,-0.374015748031496,              725P   1617
-0.728346456692913,1.16141732283465,3.49676543189026D-16,            725P   1618
-0.728346456692913,1.06299212598425,3.49676543189026D-16,            725P   1619
-0.728346456692913,1.16141732283465,0.374015748031496,               725P   1620
-0.728346456692913,1.06299212598425,0.374015748031496,               725P   1621
-0.354330708661417,1.16141732283465,0.374015748031496,               725P   1622
-0.354330708661417,1.06299212598425,0.374015748031496,               725P   1623
0.0196850393700793,1.16141732283465,0.374015748031496,               725P   1624
0.0196850393700793,1.06299212598425,0.374015748031496,               725P   1625
0.0196850393700794,1.16141732283465,3.49676543189026D-16,            725P   1626
0.0196850393700794,1.06299212598425,3.49676543189026D-16,0.,         725P   1627
0.263157894736841,-3.14159265358979,3.14159265358979;                725P   1628
128,1,1,1,1,0,0,1,0,0,-0.851,-0.851,0.851,0.851,-0.851,-0.851,       727P   1629
0.851,0.851,1.,1.,1.,1.,-0.689370078740157,1.2007874015748,          727P   1630
-0.33503937007874,-0.689370078740157,1.2007874015748,                727P   1631
0.33503937007874,-0.0192913385826765,1.2007874015748,                727P   1632
-0.33503937007874,-0.0192913385826765,1.2007874015748,               727P   1633
0.33503937007874,-0.851,0.851,-0.851,0.851;                          727P   1634
128,1,1,1,1,0,0,1,0,0,-2.001,-2.001,2.001,2.001,-2.901,-2.901,       729P   1635
2.901,2.901,1.,1.,1.,1.,-1.14212598425197,0.984251968503937,         729P   1636
0.787795275590552,-1.14212598425197,0.984251968503937,               729P   1637
-0.787795275590551,1.14212598425197,0.984251968503937,               729P   1638
0.787795275590552,1.14212598425197,0.984251968503937,                729P   1639
-0.787795275590551,-2.001,2.001,-2.901,2.901;                        729P   1640
128,1,2,1,2,0,0,0,0,0,8.33333333333333,8.33333333333333,9.,9.,       731P   1641
-0.785398163397449,-0.785398163397449,-0.785398163397449,            731P   1642
0.785398163397448,0.785398163397448,0.785398163397448,1.,1.,         731P   1643
0.707106781186548,0.707106781186548,1.,1.,1.14173228346457,          731P   1644
1.06299212598425,-0.669291338582677,1.14173228346457,                731P   1645
0.984251968503937,-0.669291338582677,1.14173228346457,               731P   1646
1.06299212598425,-0.787401574803149,1.14173228346457,                731P   1647
0.984251968503937,-0.787401574803149,1.0236220472441,                731P   1648
1.06299212598425,-0.787401574803149,1.0236220472441,                 731P   1649
0.984251968503937,-0.787401574803149,8.33333333333333,9.,            731P   1650
-0.785398163397449,0.785398163397448;                                731P   1651
128,1,1,1,1,0,0,1,0,0,0.299,0.299,3.701,3.701,2.499,2.499,2.701,     733P   1652
2.701,1.,1.,1.,1.,1.14173228346457,0.983858267716535,                733P   1653
0.669685039370079,1.14173228346457,0.983858267716535,                733P   1654
-0.669685039370078,1.14173228346457,1.06338582677165,                733P   1655
0.669685039370079,1.14173228346457,1.06338582677165,                 733P   1656
-0.669685039370078,0.299,3.701,2.499,2.701;                          733P   1657
128,1,2,1,2,0,0,0,0,0,8.33333333333333,8.33333333333333,9.,9.,       735P   1658
-0.785398163397448,-0.785398163397448,-0.785398163397448,            735P   1659
0.785398163397449,0.785398163397449,0.785398163397449,1.,1.,         735P   1660
0.707106781186548,0.707106781186548,1.,1.,1.0236220472441,           735P   1661
1.06299212598425,0.78740157480315,1.0236220472441,                   735P   1662
0.984251968503937,0.78740157480315,1.14173228346457,                 735P   1663
1.06299212598425,0.78740157480315,1.14173228346457,                  735P   1664
0.984251968503937,0.78740157480315,1.14173228346457,                 735P   1665
1.06299212598425,0.669291338582678,1.14173228346457,                 735P   1666
0.984251968503937,0.669291338582678,8.33333333333333,9.,             735P   1667
-0.785398163397448,0.785398163397449;                                735P   1668
128,1,1,1,1,0,0,1,0,0,0.299,0.299,5.501,5.501,2.499,2.499,2.701,     737P   1669
2.701,1.,1.,1.,1.,-1.0240157480315,0.983858267716535,                737P   1670
0.78740157480315,1.0240157480315,0.983858267716535,                  737P   1671
0.78740157480315,-1.0240157480315,1.06338582677165,                  737P   1672
0.78740157480315,1.0240157480315,1.06338582677165,                   737P   1673
0.78740157480315,0.299,5.501,2.499,2.701;                            737P   1674
128,1,2,1,2,0,0,0,0,0,8.33333333333333,8.33333333333333,9.,9.,       739P   1675
-0.785398163397447,-0.785398163397447,-0.785398163397447,            739P   1676
0.78539816339745,0.78539816339745,0.78539816339745,1.,1.,            739P   1677
0.707106781186548,0.707106781186548,1.,1.,-1.14173228346457,         739P   1678
1.06299212598425,0.669291338582678,-1.14173228346457,                739P   1679
0.984251968503937,0.669291338582678,-1.14173228346457,               739P   1680
1.06299212598425,0.78740157480315,-1.14173228346457,                 739P   1681
0.984251968503937,0.78740157480315,-1.02362204724409,                739P   1682
1.06299212598425,0.78740157480315,-1.02362204724409,                 739P   1683
0.984251968503937,0.78740157480315,8.33333333333333,9.,              739P   1684
-0.785398163397447,0.78539816339745;                                 739P   1685
128,1,1,1,1,0,0,1,0,0,0.299,0.299,3.701,3.701,2.499,2.499,2.701,     741P   1686
2.701,1.,1.,1.,1.,-1.14173228346457,0.983858267716535,               741P   1687
-0.669685039370078,-1.14173228346457,0.983858267716535,              741P   1688
0.669685039370079,-1.14173228346457,1.06338582677165,                741P   1689
-0.669685039370078,-1.14173228346457,1.06338582677165,               741P   1690
0.669685039370079,0.299,3.701,2.499,2.701;                           741P   1691
128,1,2,1,2,0,0,0,0,0,8.33333333333333,8.33333333333333,9.,9.,       743P   1692
-0.78539816339745,-0.78539816339745,-0.78539816339745,               743P   1693
0.785398163397447,0.785398163397447,0.785398163397447,1.,1.,         743P   1694
0.707106781186548,0.707106781186548,1.,1.,-1.02362204724409,         743P   1695
1.06299212598425,-0.787401574803149,-1.02362204724409,               743P   1696
0.984251968503937,-0.787401574803149,-1.14173228346457,              743P   1697
1.06299212598425,-0.787401574803149,-1.14173228346457,               743P   1698
0.984251968503937,-0.787401574803149,-1.14173228346457,              743P   1699
1.06299212598425,-0.669291338582677,-1.14173228346457,               743P   1700
0.984251968503937,-0.669291338582677,8.33333333333333,9.,            743P   1701
-0.78539816339745,0.785398163397447;                                 743P   1702
128,1,1,1,1,0,0,1,0,0,0.298999999999999,0.298999999999999,5.501,     745P   1703
5.501,2.499,2.499,2.701,2.701,1.,1.,1.,1.,1.0240157480315,           745P   1704
0.983858267716535,-0.787401574803149,-1.0240157480315,               745P   1705
0.983858267716535,-0.787401574803149,1.0240157480315,                745P   1706
1.06338582677165,-0.787401574803149,-1.0240157480315,                745P   1707
1.06338582677165,-0.787401574803149,0.298999999999999,5.501,         745P   1708
2.499,2.701;                                                         745P   1709
128,1,8,1,2,0,1,0,0,1,-0.999999999999999,-0.999999999999999,1.,      747P   1710
1.,-3.14159265358979,-3.14159265358979,-3.14159265358979,            747P   1711
-1.5707963267949,-1.5707963267949,0.,0.,1.5707963267949,             747P   1712
1.5707963267949,3.14159265358979,3.14159265358979,                   747P   1713
3.14159265358979,1.,1.,0.707106781186548,0.707106781186548,1.,       747P   1714
1.,0.707106781186548,0.707106781186548,1.,1.,0.707106781186548,      747P   1715
0.707106781186548,1.,1.,0.707106781186548,0.707106781186548,1.,      747P   1716
1.,-0.708661417322834,0.984251968503937,0.551181102362205,           747P   1717
-0.708661417322834,1.14173228346457,0.551181102362205,               747P   1718
-0.708661417322834,0.984251968503937,0.47244094488189,               747P   1719
-0.708661417322834,1.14173228346457,0.47244094488189,                747P   1720
-0.787401574803149,0.984251968503937,0.47244094488189,               747P   1721
-0.787401574803149,1.14173228346457,0.47244094488189,                747P   1722
-0.866141732283464,0.984251968503937,0.47244094488189,               747P   1723
-0.866141732283464,1.14173228346457,0.47244094488189,                747P   1724
-0.866141732283464,0.984251968503937,0.551181102362205,              747P   1725
-0.866141732283464,1.14173228346457,0.551181102362205,               747P   1726
-0.866141732283464,0.984251968503937,0.62992125984252,               747P   1727
-0.866141732283464,1.14173228346457,0.62992125984252,                747P   1728
-0.787401574803149,0.984251968503937,0.62992125984252,               747P   1729
-0.787401574803149,1.14173228346457,0.62992125984252,                747P   1730
-0.708661417322834,0.984251968503937,0.62992125984252,               747P   1731
-0.708661417322834,1.14173228346457,0.62992125984252,                747P   1732
-0.708661417322834,0.984251968503937,0.551181102362205,              747P   1733
-0.708661417322834,1.14173228346457,0.551181102362205,               747P   1734
-0.999999999999999,1.,-3.14159265358979,3.14159265358979;            747P   1735
128,1,8,1,2,0,1,0,0,1,-0.999999999999999,-0.999999999999999,1.,      749P   1736
1.,-3.14159265358979,-3.14159265358979,-3.14159265358979,            749P   1737
-1.5707963267949,-1.5707963267949,0.,0.,1.5707963267949,             749P   1738
1.5707963267949,3.14159265358979,3.14159265358979,                   749P   1739
3.14159265358979,1.,1.,0.707106781186548,0.707106781186548,1.,       749P   1740
1.,0.707106781186548,0.707106781186548,1.,1.,0.707106781186548,      749P   1741
0.707106781186548,1.,1.,0.707106781186548,0.707106781186548,1.,      749P   1742
1.,0.866141732283465,0.984251968503937,0.551181102362204,            749P   1743
0.866141732283465,1.14173228346457,0.551181102362204,                749P   1744
0.866141732283465,0.984251968503937,0.472440944881889,               749P   1745
0.866141732283465,1.14173228346457,0.472440944881889,                749P   1746
0.78740157480315,0.984251968503937,0.472440944881889,                749P   1747
0.78740157480315,1.14173228346457,0.472440944881889,                 749P   1748
0.708661417322835,0.984251968503937,0.472440944881889,               749P   1749
0.708661417322835,1.14173228346457,0.472440944881889,                749P   1750
0.708661417322835,0.984251968503937,0.551181102362204,               749P   1751
0.708661417322835,1.14173228346457,0.551181102362204,                749P   1752
0.708661417322835,0.984251968503937,0.629921259842519,               749P   1753
0.708661417322835,1.14173228346457,0.629921259842519,                749P   1754
0.78740157480315,0.984251968503937,0.629921259842519,                749P   1755
0.78740157480315,1.14173228346457,0.629921259842519,                 749P   1756
0.866141732283465,0.984251968503937,0.629921259842519,               749P   1757
0.866141732283465,1.14173228346457,0.629921259842519,                749P   1758
0.866141732283465,0.984251968503937,0.551181102362204,               749P   1759
0.866141732283465,1.14173228346457,0.551181102362204,                749P   1760
-0.999999999999999,1.,-3.14159265358979,3.14159265358979;            749P   1761
128,1,8,1,2,0,1,0,0,1,-0.999999999999999,-0.999999999999999,1.,      751P   1762
1.,-3.14159265358979,-3.14159265358979,-3.14159265358979,            751P   1763
-1.5707963267949,-1.5707963267949,0.,0.,1.5707963267949,             751P   1764
1.5707963267949,3.14159265358979,3.14159265358979,                   751P   1765
3.14159265358979,1.,1.,0.707106781186548,0.707106781186548,1.,       751P   1766
1.,0.707106781186548,0.707106781186548,1.,1.,0.707106781186548,      751P   1767
0.707106781186548,1.,1.,0.707106781186548,0.707106781186548,1.,      751P   1768
1.,0.866141732283465,0.984251968503937,-0.551181102362204,           751P   1769
0.866141732283465,1.14173228346457,-0.551181102362204,               751P   1770
0.866141732283465,0.984251968503937,-0.629921259842519,              751P   1771
0.866141732283465,1.14173228346457,-0.629921259842519,               751P   1772
0.78740157480315,0.984251968503937,-0.629921259842519,               751P   1773
0.78740157480315,1.14173228346457,-0.629921259842519,                751P   1774
0.708661417322835,0.984251968503937,-0.629921259842519,              751P   1775
0.708661417322835,1.14173228346457,-0.629921259842519,               751P   1776
0.708661417322835,0.984251968503937,-0.551181102362204,              751P   1777
0.708661417322835,1.14173228346457,-0.551181102362204,               751P   1778
0.708661417322835,0.984251968503937,-0.472440944881889,              751P   1779
0.708661417322835,1.14173228346457,-0.472440944881889,               751P   1780
0.78740157480315,0.984251968503937,-0.472440944881889,               751P   1781
0.78740157480315,1.14173228346457,-0.472440944881889,                751P   1782
0.866141732283465,0.984251968503937,-0.472440944881889,              751P   1783
0.866141732283465,1.14173228346457,-0.472440944881889,               751P   1784
0.866141732283465,0.984251968503937,-0.551181102362204,              751P   1785
0.866141732283465,1.14173228346457,-0.551181102362204,               751P   1786
-0.999999999999999,1.,-3.14159265358979,3.14159265358979;            751P   1787
128,1,8,1,2,0,1,0,0,1,-1.,-1.,1.,1.,-3.14159265358979,               753P   1788
-3.14159265358979,-3.14159265358979,-1.5707963267949,                753P   1789
-1.5707963267949,0.,0.,1.5707963267949,1.5707963267949,              753P   1790
3.14159265358979,3.14159265358979,3.14159265358979,1.,1.,            753P   1791
0.707106781186548,0.707106781186548,1.,1.,0.707106781186548,         753P   1792
0.707106781186548,1.,1.,0.707106781186548,0.707106781186548,1.,      753P   1793
1.,0.707106781186548,0.707106781186548,1.,1.,-0.708661417322834,     753P   1794
0.984251968503937,-0.551181102362205,-0.708661417322834,             753P   1795
1.14173228346457,-0.551181102362205,-0.708661417322834,              753P   1796
0.984251968503937,-0.629921259842519,-0.708661417322834,             753P   1797
1.14173228346457,-0.629921259842519,-0.787401574803149,              753P   1798
0.984251968503937,-0.629921259842519,-0.787401574803149,             753P   1799
1.14173228346457,-0.629921259842519,-0.866141732283464,              753P   1800
0.984251968503937,-0.629921259842519,-0.866141732283464,             753P   1801
1.14173228346457,-0.629921259842519,-0.866141732283464,              753P   1802
0.984251968503937,-0.551181102362205,-0.866141732283464,             753P   1803
1.14173228346457,-0.551181102362205,-0.866141732283464,              753P   1804
0.984251968503937,-0.47244094488189,-0.866141732283464,              753P   1805
1.14173228346457,-0.47244094488189,-0.787401574803149,               753P   1806
0.984251968503937,-0.47244094488189,-0.787401574803149,              753P   1807
1.14173228346457,-0.47244094488189,-0.708661417322834,               753P   1808
0.984251968503937,-0.47244094488189,-0.708661417322834,              753P   1809
1.14173228346457,-0.47244094488189,-0.708661417322834,               753P   1810
0.984251968503937,-0.551181102362205,-0.708661417322834,             753P   1811
1.14173228346457,-0.551181102362205,-1.,1.,-3.14159265358979,        753P   1812
3.14159265358979;                                                    753P   1813
128,1,1,1,1,0,0,1,0,0,-2.001,-2.001,2.001,2.001,-2.901,-2.901,       755P   1814
2.901,2.901,1.,1.,1.,1.,-1.14212598425197,1.06299212598425,          755P   1815
-0.787795275590551,-1.14212598425197,1.06299212598425,               755P   1816
0.787795275590552,1.14212598425197,1.06299212598425,                 755P   1817
-0.787795275590551,1.14212598425197,1.06299212598425,                755P   1818
0.787795275590552,-2.001,2.001,-2.901,2.901;                         755P   1819
128,1,1,1,1,0,0,1,0,0,-0.401,-0.401,0.401,0.401,-0.401,-0.401,       757P   1820
0.401,0.401,1.,1.,1.,1.,-0.94527559055118,1.14173228346457,          757P   1821
0.393307086614174,-0.94527559055118,1.14173228346457,                757P   1822
0.709055118110237,-0.629527559055117,1.14173228346457,               757P   1823
0.393307086614174,-0.629527559055117,1.14173228346457,               757P   1824
0.709055118110237,-0.401,0.401,-0.401,0.401;                         757P   1825
128,1,1,1,1,0,0,1,0,0,-0.401,-0.401,0.401,0.401,-0.401,-0.401,       759P   1826
0.401,0.401,1.,1.,1.,1.,0.629527559055119,1.14173228346457,          759P   1827
0.393307086614173,0.629527559055119,1.14173228346457,                759P   1828
0.709055118110236,0.945275590551182,1.14173228346457,                759P   1829
0.393307086614173,0.945275590551182,1.14173228346457,                759P   1830
0.709055118110236,-0.401,0.401,-0.401,0.401;                         759P   1831
128,1,1,1,1,0,0,1,0,0,-0.401,-0.401,0.401,0.401,-0.401,-0.401,       761P   1832
0.401,0.401,1.,1.,1.,1.,0.629527559055119,1.14173228346457,          761P   1833
-0.709055118110236,0.629527559055119,1.14173228346457,               761P   1834
-0.393307086614173,0.945275590551181,1.14173228346457,               761P   1835
-0.709055118110236,0.945275590551181,1.14173228346457,               761P   1836
-0.393307086614173,-0.401,0.401,-0.401,0.401;                        761P   1837
128,1,1,1,1,0,0,1,0,0,-0.401,-0.401,0.401,0.401,-0.401,-0.401,       763P   1838
0.401,0.401,1.,1.,1.,1.,-0.94527559055118,1.14173228346457,          763P   1839
-0.709055118110236,-0.94527559055118,1.14173228346457,               763P   1840
-0.393307086614173,-0.629527559055118,1.14173228346457,              763P   1841
-0.709055118110236,-0.629527559055118,1.14173228346457,              763P   1842
-0.393307086614173,-0.401,0.401,-0.401,0.401;                        763P   1843
128,1,8,1,2,0,1,0,0,1,1.11022302462516D-15,1.11022302462516D-15,     765P   1844
0.5,0.5,-3.14159265358979,-3.14159265358979,-3.14159265358979,       765P   1845
-1.5707963267949,-1.5707963267949,0.,0.,1.5707963267949,             765P   1846
1.5707963267949,3.14159265358979,3.14159265358979,                   765P   1847
3.14159265358979,1.,1.,0.707106781186548,0.707106781186548,1.,       765P   1848
1.,0.707106781186548,0.707106781186548,1.,1.,0.707106781186548,      765P   1849
0.707106781186548,1.,1.,0.707106781186548,0.707106781186548,1.,      765P   1850
1.,-0.629921259842519,1.14173228346457,0.551181102362205,            765P   1851
-0.629921259842519,1.06299212598425,0.551181102362205,               765P   1852
-0.629921259842519,1.14173228346457,0.393700787401575,               765P   1853
-0.629921259842519,1.06299212598425,0.393700787401575,               765P   1854
-0.787401574803149,1.14173228346457,0.393700787401575,               765P   1855
-0.787401574803149,1.06299212598425,0.393700787401575,               765P   1856
-0.944881889763779,1.14173228346457,0.393700787401575,               765P   1857
-0.944881889763779,1.06299212598425,0.393700787401575,               765P   1858
-0.944881889763779,1.14173228346457,0.551181102362205,               765P   1859
-0.944881889763779,1.06299212598425,0.551181102362205,               765P   1860
-0.944881889763779,1.14173228346457,0.708661417322835,               765P   1861
-0.944881889763779,1.06299212598425,0.708661417322835,               765P   1862
-0.787401574803149,1.14173228346457,0.708661417322835,               765P   1863
-0.787401574803149,1.06299212598425,0.708661417322835,               765P   1864
-0.629921259842519,1.14173228346457,0.708661417322835,               765P   1865
-0.629921259842519,1.06299212598425,0.708661417322835,               765P   1866
-0.629921259842519,1.14173228346457,0.551181102362205,               765P   1867
-0.629921259842519,1.06299212598425,0.551181102362205,               765P   1868
1.11022302462516D-15,0.5,-3.14159265358979,3.14159265358979;         765P   1869
128,1,8,1,2,0,1,0,0,1,1.11022302462516D-15,1.11022302462516D-15,     767P   1870
0.5,0.5,-3.14159265358979,-3.14159265358979,-3.14159265358979,       767P   1871
-1.5707963267949,-1.5707963267949,0.,0.,1.5707963267949,             767P   1872
1.5707963267949,3.14159265358979,3.14159265358979,                   767P   1873
3.14159265358979,1.,1.,0.707106781186548,0.707106781186548,1.,       767P   1874
1.,0.707106781186548,0.707106781186548,1.,1.,0.707106781186548,      767P   1875
0.707106781186548,1.,1.,0.707106781186548,0.707106781186548,1.,      767P   1876
1.,0.94488188976378,1.14173228346457,0.551181102362204,              767P   1877
0.94488188976378,1.06299212598425,0.551181102362204,                 767P   1878
0.94488188976378,1.14173228346457,0.393700787401574,                 767P   1879
0.94488188976378,1.06299212598425,0.393700787401574,                 767P   1880
0.78740157480315,1.14173228346457,0.393700787401574,                 767P   1881
0.78740157480315,1.06299212598425,0.393700787401574,                 767P   1882
0.629921259842521,1.14173228346457,0.393700787401574,                767P   1883
0.629921259842521,1.06299212598425,0.393700787401574,                767P   1884
0.629921259842521,1.14173228346457,0.551181102362204,                767P   1885
0.629921259842521,1.06299212598425,0.551181102362204,                767P   1886
0.629921259842521,1.14173228346457,0.708661417322834,                767P   1887
0.629921259842521,1.06299212598425,0.708661417322834,                767P   1888
0.78740157480315,1.14173228346457,0.708661417322834,                 767P   1889
0.78740157480315,1.06299212598425,0.708661417322834,                 767P   1890
0.94488188976378,1.14173228346457,0.708661417322834,                 767P   1891
0.94488188976378,1.06299212598425,0.708661417322834,                 767P   1892
0.94488188976378,1.14173228346457,0.551181102362204,                 767P   1893
0.94488188976378,1.06299212598425,0.551181102362204,                 767P   1894
1.11022302462516D-15,0.5,-3.14159265358979,3.14159265358979;         767P   1895
128,1,8,1,2,0,1,0,0,1,1.11022302462516D-15,1.11022302462516D-15,     769P   1896
0.5,0.5,-3.14159265358979,-3.14159265358979,-3.14159265358979,       769P   1897
-1.5707963267949,-1.5707963267949,0.,0.,1.5707963267949,             769P   1898
1.5707963267949,3.14159265358979,3.14159265358979,                   769P   1899
3.14159265358979,1.,1.,0.707106781186548,0.707106781186548,1.,       769P   1900
1.,0.707106781186548,0.707106781186548,1.,1.,0.707106781186548,      769P   1901
0.707106781186548,1.,1.,0.707106781186548,0.707106781186548,1.,      769P   1902
1.,0.94488188976378,1.14173228346457,-0.551181102362204,             769P   1903
0.94488188976378,1.06299212598425,-0.551181102362204,                769P   1904
0.94488188976378,1.14173228346457,-0.708661417322834,                769P   1905
0.94488188976378,1.06299212598425,-0.708661417322834,                769P   1906
0.78740157480315,1.14173228346457,-0.708661417322834,                769P   1907
0.78740157480315,1.06299212598425,-0.708661417322834,                769P   1908
0.62992125984252,1.14173228346457,-0.708661417322834,                769P   1909
0.62992125984252,1.06299212598425,-0.708661417322834,                769P   1910
0.62992125984252,1.14173228346457,-0.551181102362204,                769P   1911
0.62992125984252,1.06299212598425,-0.551181102362204,                769P   1912
0.62992125984252,1.14173228346457,-0.393700787401575,                769P   1913
0.62992125984252,1.06299212598425,-0.393700787401575,                769P   1914
0.78740157480315,1.14173228346457,-0.393700787401574,                769P   1915
0.78740157480315,1.06299212598425,-0.393700787401574,                769P   1916
0.94488188976378,1.14173228346457,-0.393700787401575,                769P   1917
0.94488188976378,1.06299212598425,-0.393700787401575,                769P   1918
0.94488188976378,1.14173228346457,-0.551181102362204,                769P   1919
0.94488188976378,1.06299212598425,-0.551181102362204,                769P   1920
1.11022302462516D-15,0.5,-3.14159265358979,3.14159265358979;         769P   1921
128,1,8,1,2,0,1,0,0,1,0.,0.,0.5,0.5,-3.14159265358979,               771P   1922
-3.14159265358979,-3.14159265358979,-1.5707963267949,                771P   1923
-1.5707963267949,0.,0.,1.5707963267949,1.5707963267949,              771P   1924
3.14159265358979,3.14159265358979,3.14159265358979,1.,1.,            771P   1925
0.707106781186548,0.707106781186548,1.,1.,0.707106781186548,         771P   1926
0.707106781186548,1.,1.,0.707106781186548,0.707106781186548,1.,      771P   1927
1.,0.707106781186548,0.707106781186548,1.,1.,-0.629921259842519,     771P   1928
1.14173228346457,-0.551181102362205,-0.629921259842519,              771P   1929
1.06299212598425,-0.551181102362205,-0.629921259842519,              771P   1930
1.14173228346457,-0.708661417322834,-0.629921259842519,              771P   1931
1.06299212598425,-0.708661417322834,-0.787401574803149,              771P   1932
1.14173228346457,-0.708661417322834,-0.787401574803149,              771P   1933
1.06299212598425,-0.708661417322834,-0.944881889763779,              771P   1934
1.14173228346457,-0.708661417322834,-0.944881889763779,              771P   1935
1.06299212598425,-0.708661417322834,-0.944881889763779,              771P   1936
1.14173228346457,-0.551181102362205,-0.944881889763779,              771P   1937
1.06299212598425,-0.551181102362205,-0.944881889763779,              771P   1938
1.14173228346457,-0.393700787401575,-0.944881889763779,              771P   1939
1.06299212598425,-0.393700787401575,-0.787401574803149,              771P   1940
1.14173228346457,-0.393700787401575,-0.787401574803149,              771P   1941
1.06299212598425,-0.393700787401575,-0.629921259842519,              771P   1942
1.14173228346457,-0.393700787401575,-0.629921259842519,              771P   1943
1.06299212598425,-0.393700787401575,-0.629921259842519,              771P   1944
1.14173228346457,-0.551181102362205,-0.629921259842519,              771P   1945
1.06299212598425,-0.551181102362205,0.,0.5,-3.14159265358979,        771P   1946
3.14159265358979;                                                    771P   1947
128,1,8,1,2,0,1,0,0,1,0.,0.,0.741580239962787,0.741580239962787,     773P   1948
-3.14159265358979,-3.14159265358979,-3.14159265358979,               773P   1949
-1.5707963267949,-1.5707963267949,0.,0.,1.5707963267949,             773P   1950
1.5707963267949,3.14159265358979,3.14159265358979,                   773P   1951
3.14159265358979,1.,1.,0.707106781186548,0.707106781186548,1.,       773P   1952
1.,0.707106781186548,0.707106781186548,1.,1.,0.707106781186548,      773P   1953
0.707106781186548,1.,1.,0.707106781186548,0.707106781186548,1.,      773P   1954
1.,0.291991917114321,1.14173228346457,0.209039665144192,             773P   1955
0.291991917114321,1.06299212598425,0.209039665144192,                773P   1956
0.291991917114321,1.14173228346457,0.102860787610634,                773P   1957
0.291991917114321,1.06299212598425,0.102860787610634,                773P   1958
0.185813039580764,1.14173228346457,0.102860787610634,                773P   1959
0.185813039580764,1.06299212598425,0.102860787610634,                773P   1960
0.0796341620472062,1.14173228346457,0.102860787610634,               773P   1961
0.0796341620472062,1.06299212598425,0.102860787610634,               773P   1962
0.0796341620472062,1.14173228346457,0.209039665144192,               773P   1963
0.0796341620472062,1.06299212598425,0.209039665144192,               773P   1964
0.0796341620472062,1.14173228346457,0.315218542677749,               773P   1965
0.0796341620472062,1.06299212598425,0.315218542677749,               773P   1966
0.185813039580764,1.14173228346457,0.315218542677749,                773P   1967
0.185813039580764,1.06299212598425,0.315218542677749,                773P   1968
0.291991917114321,1.14173228346457,0.315218542677749,                773P   1969
0.291991917114321,1.06299212598425,0.315218542677749,                773P   1970
0.291991917114321,1.14173228346457,0.209039665144192,                773P   1971
0.291991917114321,1.06299212598425,0.209039665144192,0.,             773P   1972
0.741580239962787,-3.14159265358979,3.14159265358979;                773P   1973
128,1,8,1,2,0,1,0,0,1,0.,0.,0.741580239962787,0.741580239962787,     775P   1974
-3.14159265358979,-3.14159265358979,-3.14159265358979,               775P   1975
-1.5707963267949,-1.5707963267949,0.,0.,1.5707963267949,             775P   1976
1.5707963267949,3.14159265358979,3.14159265358979,                   775P   1977
3.14159265358979,1.,1.,0.707106781186548,0.707106781186548,1.,       775P   1978
1.,0.707106781186548,0.707106781186548,1.,1.,0.707106781186548,      775P   1979
0.707106781186548,1.,1.,0.707106781186548,0.707106781186548,1.,      775P   1980
1.,0.291991917114321,1.14173228346457,-0.209039665144192,            775P   1981
0.291991917114321,1.06299212598425,-0.209039665144192,               775P   1982
0.291991917114321,1.14173228346457,-0.315218542677749,               775P   1983
0.291991917114321,1.06299212598425,-0.315218542677749,               775P   1984
0.185813039580764,1.14173228346457,-0.315218542677749,               775P   1985
0.185813039580764,1.06299212598425,-0.315218542677749,               775P   1986
0.0796341620472062,1.14173228346457,-0.315218542677749,              775P   1987
0.0796341620472062,1.06299212598425,-0.315218542677749,              775P   1988
0.0796341620472062,1.14173228346457,-0.209039665144192,              775P   1989
0.0796341620472062,1.06299212598425,-0.209039665144192,              775P   1990
0.0796341620472062,1.14173228346457,-0.102860787610634,              775P   1991
0.0796341620472062,1.06299212598425,-0.102860787610634,              775P   1992
0.185813039580764,1.14173228346457,-0.102860787610634,               775P   1993
0.185813039580764,1.06299212598425,-0.102860787610634,               775P   1994
0.291991917114321,1.14173228346457,-0.102860787610634,               775P   1995
0.291991917114321,1.06299212598425,-0.102860787610634,               775P   1996
0.291991917114321,1.14173228346457,-0.209039665144192,               775P   1997
0.291991917114321,1.06299212598425,-0.209039665144192,0.,            775P   1998
0.741580239962787,-3.14159265358979,3.14159265358979;                775P   1999
128,1,1,1,1,0,0,1,0,0,-0.270694348935236,-0.270694348935236,         777P   2000
0.270694348935236,0.270694348935236,-0.270694348935236,              777P   2001
-0.270694348935236,0.270694348935236,0.270694348935236,1.,1.,1.,     777P   2002
1.,0.0792404612598046,1.14173228346457,0.102467086823232,            777P   2003
0.0792404612598046,1.14173228346457,0.315612243465151,               777P   2004
0.292385617901723,1.14173228346457,0.102467086823232,                777P   2005
0.292385617901723,1.14173228346457,0.315612243465151,                777P   2006
-0.270694348935236,0.270694348935236,-0.270694348935236,             777P   2007
0.270694348935236;                                                   777P   2008
128,1,1,1,1,0,0,1,0,0,-0.270694348935236,-0.270694348935236,         779P   2009
0.270694348935236,0.270694348935236,-0.270694348935236,              779P   2010
-0.270694348935236,0.270694348935236,0.270694348935236,1.,1.,1.,     779P   2011
1.,0.0792404612598046,1.14173228346457,-0.315612243465151,           779P   2012
0.0792404612598046,1.14173228346457,-0.102467086823232,              779P   2013
0.292385617901723,1.14173228346457,-0.315612243465151,               779P   2014
0.292385617901723,1.14173228346457,-0.102467086823232,               779P   2015
-0.270694348935236,0.270694348935236,-0.270694348935236,             779P   2016
0.270694348935236;                                                   779P   2017
128,2,8,2,2,0,1,0,0,1,-1.5707963267949,-1.5707963267949,             781P   2018
-1.5707963267949,0.,0.,0.,-3.14159265358979,-3.14159265358979,       781P   2019
-3.14159265358979,-1.5707963267949,-1.5707963267949,0.,0.,           781P   2020
1.5707963267949,1.5707963267949,3.14159265358979,                    781P   2021
3.14159265358979,3.14159265358979,1.,0.707106781186548,1.,           781P   2022
0.707106781186548,0.5,0.707106781186548,1.,0.707106781186548,1.,     781P   2023
0.707106781186548,0.5,0.707106781186548,1.,0.707106781186548,1.,     781P   2024
0.707106781186548,0.5,0.707106781186548,1.,0.707106781186548,1.,     781P   2025
0.707106781186548,0.5,0.707106781186548,1.,0.707106781186548,1.,     781P   2026
-0.354330708661417,-0.0984251968503934,-0.374015748031496,           781P   2027
-0.354330708661417,-0.137795275590551,-0.374015748031496,            781P   2028
-0.354330708661417,-0.137795275590551,-0.334645669291338,            781P   2029
-0.728346456692913,-0.0984251968503934,-0.374015748031496,           781P   2030
-0.728346456692913,-0.137795275590551,-0.374015748031496,            781P   2031
-0.688976377952755,-0.137795275590551,-0.334645669291338,            781P   2032
-0.728346456692913,-0.0984251968503934,3.49676543189026D-16,         781P   2033
-0.728346456692913,-0.137795275590551,3.49676543189026D-16,          781P   2034
-0.688976377952755,-0.137795275590551,3.49676543189026D-16,          781P   2035
-0.728346456692913,-0.0984251968503934,0.374015748031496,            781P   2036
-0.728346456692913,-0.137795275590551,0.374015748031496,             781P   2037
-0.688976377952755,-0.137795275590551,0.334645669291339,             781P   2038
-0.354330708661417,-0.0984251968503934,0.374015748031496,            781P   2039
-0.354330708661417,-0.137795275590551,0.374015748031496,             781P   2040
-0.354330708661417,-0.137795275590551,0.334645669291339,             781P   2041
0.0196850393700793,-0.0984251968503934,0.374015748031496,            781P   2042
0.0196850393700793,-0.137795275590551,0.374015748031496,             781P   2043
-0.0196850393700783,-0.137795275590551,0.334645669291339,            781P   2044
0.0196850393700794,-0.0984251968503934,3.49676543189026D-16,         781P   2045
0.0196850393700794,-0.137795275590551,3.49676543189026D-16,          781P   2046
-0.0196850393700782,-0.137795275590551,3.49676543189026D-16,         781P   2047
0.0196850393700793,-0.0984251968503934,-0.374015748031496,           781P   2048
0.0196850393700793,-0.137795275590551,-0.374015748031496,            781P   2049
-0.0196850393700783,-0.137795275590551,-0.334645669291338,           781P   2050
-0.354330708661417,-0.0984251968503934,-0.374015748031496,           781P   2051
-0.354330708661417,-0.137795275590551,-0.374015748031496,            781P   2052
-0.354330708661417,-0.137795275590551,-0.334645669291338,            781P   2053
-1.5707963267949,0.,-3.14159265358979,3.14159265358979;              781P   2054
128,1,8,1,2,0,1,0,0,1,0.,0.,0.263157894736841,0.263157894736841,     783P   2055
-3.14159265358979,-3.14159265358979,-3.14159265358979,               783P   2056
-1.5707963267949,-1.5707963267949,0.,0.,1.5707963267949,             783P   2057
1.5707963267949,3.14159265358979,3.14159265358979,                   783P   2058
3.14159265358979,1.,1.,0.707106781186548,0.707106781186548,1.,       783P   2059
1.,0.707106781186548,0.707106781186548,1.,1.,0.707106781186548,      783P   2060
0.707106781186548,1.,1.,0.707106781186548,0.707106781186548,1.,      783P   2061
1.,0.0196850393700794,0.,3.49676543189026D-16,                       783P   2062
0.0196850393700794,-0.0984251968503934,3.49676543189026D-16,         783P   2063
0.0196850393700793,0.,-0.374015748031496,0.0196850393700793,         783P   2064
-0.0984251968503934,-0.374015748031496,-0.354330708661417,0.,        783P   2065
-0.374015748031496,-0.354330708661417,-0.0984251968503934,           783P   2066
-0.374015748031496,-0.728346456692913,0.,-0.374015748031496,         783P   2067
-0.728346456692913,-0.0984251968503934,-0.374015748031496,           783P   2068
-0.728346456692913,0.,3.49676543189026D-16,-0.728346456692913,       783P   2069
-0.0984251968503934,3.49676543189026D-16,-0.728346456692913,0.,      783P   2070
0.374015748031496,-0.728346456692913,-0.0984251968503934,            783P   2071
0.374015748031496,-0.354330708661417,0.,0.374015748031496,           783P   2072
-0.354330708661417,-0.0984251968503934,0.374015748031496,            783P   2073
0.0196850393700793,0.,0.374015748031496,0.0196850393700793,          783P   2074
-0.0984251968503934,0.374015748031496,0.0196850393700794,0.,         783P   2075
3.49676543189026D-16,0.0196850393700794,-0.0984251968503934,         783P   2076
3.49676543189026D-16,0.,0.263157894736841,-3.14159265358979,         783P   2077
3.14159265358979;                                                    783P   2078
128,1,1,1,1,0,0,1,0,0,-0.851,-0.851,0.851,0.851,-0.851,-0.851,       785P   2079
0.851,0.851,1.,1.,1.,1.,-0.689370078740157,-0.137795275590551,       785P   2080
0.33503937007874,-0.689370078740157,-0.137795275590551,              785P   2081
-0.33503937007874,-0.0192913385826765,-0.137795275590551,            785P   2082
0.33503937007874,-0.0192913385826765,-0.137795275590551,             785P   2083
-0.33503937007874,-0.851,0.851,-0.851,0.851;                         785P   2084
128,1,1,1,1,0,0,1,0,0,-2.001,-2.001,2.001,2.001,-2.901,-2.901,       787P   2085
2.901,2.901,1.,1.,1.,1.,-1.14212598425197,0.984251968503937,         787P   2086
-0.787795275590551,-1.14212598425197,0.984251968503937,              787P   2087
0.787795275590552,1.14212598425197,0.984251968503937,                787P   2088
-0.787795275590551,1.14212598425197,0.984251968503937,               787P   2089
0.787795275590552,-2.001,2.001,-2.901,2.901;                         787P   2090
128,1,2,1,2,0,0,0,0,0,0.,0.,8.33333333333333,8.33333333333333,       789P   2091
-0.785398163397449,-0.785398163397449,-0.785398163397449,            789P   2092
0.785398163397448,0.785398163397448,0.785398163397448,1.,1.,         789P   2093
0.707106781186548,0.707106781186548,1.,1.,1.14173228346457,          789P   2094
0.984251968503937,-0.669291338582677,1.14173228346457,0.,            789P   2095
-0.669291338582677,1.14173228346457,0.984251968503937,               789P   2096
-0.787401574803149,1.14173228346457,0.,-0.787401574803149,           789P   2097
1.0236220472441,0.984251968503937,-0.787401574803149,                789P   2098
1.0236220472441,0.,-0.787401574803149,0.,8.33333333333333,           789P   2099
-0.785398163397449,0.785398163397448;                                789P   2100
128,1,1,1,1,0,0,1,0,0,0.299,0.299,3.701,3.701,-0.001,-0.001,         791P   2101
2.501,2.501,1.,1.,1.,1.,1.14173228346457,-0.000393700787401575,      791P   2102
0.669685039370079,1.14173228346457,-0.000393700787401575,            791P   2103
-0.669685039370078,1.14173228346457,0.984645669291338,               791P   2104
0.669685039370079,1.14173228346457,0.984645669291338,                791P   2105
-0.669685039370078,0.299,3.701,-0.001,2.501;                         791P   2106
128,1,2,1,2,0,0,0,0,0,0.,0.,8.33333333333333,8.33333333333333,       793P   2107
-0.785398163397448,-0.785398163397448,-0.785398163397448,            793P   2108
0.785398163397449,0.785398163397449,0.785398163397449,1.,1.,         793P   2109
0.707106781186548,0.707106781186548,1.,1.,1.0236220472441,           793P   2110
0.984251968503937,0.78740157480315,1.0236220472441,0.,               793P   2111
0.78740157480315,1.14173228346457,0.984251968503937,                 793P   2112
0.78740157480315,1.14173228346457,0.,0.78740157480315,               793P   2113
1.14173228346457,0.984251968503937,0.669291338582678,                793P   2114
1.14173228346457,0.,0.669291338582678,0.,8.33333333333333,           793P   2115
-0.785398163397448,0.785398163397449;                                793P   2116
128,1,1,1,1,0,0,1,0,0,0.299,0.299,5.501,5.501,-0.001,-0.001,         795P   2117
2.501,2.501,1.,1.,1.,1.,-1.0240157480315,-0.000393700787401575,      795P   2118
0.78740157480315,1.0240157480315,-0.000393700787401575,              795P   2119
0.78740157480315,-1.0240157480315,0.984645669291338,                 795P   2120
0.78740157480315,1.0240157480315,0.984645669291338,                  795P   2121
0.78740157480315,0.299,5.501,-0.001,2.501;                           795P   2122
128,1,2,1,2,0,0,0,0,0,0.,0.,8.33333333333333,8.33333333333333,       797P   2123
-0.785398163397447,-0.785398163397447,-0.785398163397447,            797P   2124
0.78539816339745,0.78539816339745,0.78539816339745,1.,1.,            797P   2125
0.707106781186548,0.707106781186548,1.,1.,-1.14173228346457,         797P   2126
0.984251968503937,0.669291338582678,-1.14173228346457,0.,            797P   2127
0.669291338582678,-1.14173228346457,0.984251968503937,               797P   2128
0.78740157480315,-1.14173228346457,0.,0.78740157480315,              797P   2129
-1.02362204724409,0.984251968503937,0.78740157480315,                797P   2130
-1.02362204724409,0.,0.78740157480315,0.,8.33333333333333,           797P   2131
-0.785398163397447,0.78539816339745;                                 797P   2132
128,1,1,1,1,0,0,1,0,0,0.299,0.299,3.701,3.701,-0.001,-0.001,         799P   2133
2.501,2.501,1.,1.,1.,1.,-1.14173228346457,-0.000393700787401575,     799P   2134
-0.669685039370078,-1.14173228346457,-0.000393700787401575,          799P   2135
0.669685039370079,-1.14173228346457,0.984645669291338,               799P   2136
-0.669685039370078,-1.14173228346457,0.984645669291338,              799P   2137
0.669685039370079,0.299,3.701,-0.001,2.501;                          799P   2138
128,1,2,1,2,0,0,0,0,0,0.,0.,8.33333333333333,8.33333333333333,       801P   2139
-0.78539816339745,-0.78539816339745,-0.78539816339745,               801P   2140
0.785398163397447,0.785398163397447,0.785398163397447,1.,1.,         801P   2141
0.707106781186548,0.707106781186548,1.,1.,-1.02362204724409,         801P   2142
0.984251968503937,-0.787401574803149,-1.02362204724409,0.,           801P   2143
-0.787401574803149,-1.14173228346457,0.984251968503937,              801P   2144
-0.787401574803149,-1.14173228346457,0.,-0.787401574803149,          801P   2145
-1.14173228346457,0.984251968503937,-0.669291338582677,              801P   2146
-1.14173228346457,0.,-0.669291338582677,0.,8.33333333333333,         801P   2147
-0.78539816339745,0.785398163397447;                                 801P   2148
128,1,1,1,1,0,0,1,0,0,0.298999999999999,0.298999999999999,5.501,     803P   2149
5.501,-0.001,-0.001,2.501,2.501,1.,1.,1.,1.,1.0240157480315,         803P   2150
-0.000393700787401575,-0.787401574803149,-1.0240157480315,           803P   2151
-0.000393700787401575,-0.787401574803149,1.0240157480315,            803P   2152
0.984645669291338,-0.787401574803149,-1.0240157480315,               803P   2153
0.984645669291338,-0.787401574803149,0.298999999999999,5.501,        803P   2154
-0.001,2.501;                                                        803P   2155
128,1,8,1,2,0,1,0,0,1,-5.,-5.,-0.999999999999999,                    805P   2156
-0.999999999999999,-3.14159265358979,-3.14159265358979,              805P   2157
-3.14159265358979,-1.5707963267949,-1.5707963267949,0.,0.,           805P   2158
1.5707963267949,1.5707963267949,3.14159265358979,                    805P   2159
3.14159265358979,3.14159265358979,1.,1.,0.707106781186548,           805P   2160
0.707106781186548,1.,1.,0.707106781186548,0.707106781186548,1.,      805P   2161
1.,0.707106781186548,0.707106781186548,1.,1.,0.707106781186548,      805P   2162
0.707106781186548,1.,1.,-0.708661417322834,0.669291338582677,        805P   2163
0.551181102362205,-0.708661417322834,0.984251968503937,              805P   2164
0.551181102362205,-0.708661417322834,0.669291338582677,              805P   2165
0.47244094488189,-0.708661417322834,0.984251968503937,               805P   2166
0.47244094488189,-0.787401574803149,0.669291338582677,               805P   2167
0.47244094488189,-0.787401574803149,0.984251968503937,               805P   2168
0.47244094488189,-0.866141732283464,0.669291338582677,               805P   2169
0.47244094488189,-0.866141732283464,0.984251968503937,               805P   2170
0.47244094488189,-0.866141732283464,0.669291338582677,               805P   2171
0.551181102362205,-0.866141732283464,0.984251968503937,              805P   2172
0.551181102362205,-0.866141732283464,0.669291338582677,              805P   2173
0.62992125984252,-0.866141732283464,0.984251968503937,               805P   2174
0.62992125984252,-0.787401574803149,0.669291338582677,               805P   2175
0.62992125984252,-0.787401574803149,0.984251968503937,               805P   2176
0.62992125984252,-0.708661417322834,0.669291338582677,               805P   2177
0.62992125984252,-0.708661417322834,0.984251968503937,               805P   2178
0.62992125984252,-0.708661417322834,0.669291338582677,               805P   2179
0.551181102362205,-0.708661417322834,0.984251968503937,              805P   2180
0.551181102362205,-5.,-0.999999999999999,-3.14159265358979,          805P   2181
3.14159265358979;                                                    805P   2182
128,1,8,1,2,0,1,0,0,1,-5.,-5.,-0.999999999999999,                    807P   2183
-0.999999999999999,-3.14159265358979,-3.14159265358979,              807P   2184
-3.14159265358979,-1.5707963267949,-1.5707963267949,0.,0.,           807P   2185
1.5707963267949,1.5707963267949,3.14159265358979,                    807P   2186
3.14159265358979,3.14159265358979,1.,1.,0.707106781186548,           807P   2187
0.707106781186548,1.,1.,0.707106781186548,0.707106781186548,1.,      807P   2188
1.,0.707106781186548,0.707106781186548,1.,1.,0.707106781186548,      807P   2189
0.707106781186548,1.,1.,0.866141732283465,0.669291338582677,         807P   2190
0.551181102362204,0.866141732283465,0.984251968503937,               807P   2191
0.551181102362204,0.866141732283465,0.669291338582677,               807P   2192
0.472440944881889,0.866141732283465,0.984251968503937,               807P   2193
0.472440944881889,0.78740157480315,0.669291338582677,                807P   2194
0.472440944881889,0.78740157480315,0.984251968503937,                807P   2195
0.472440944881889,0.708661417322835,0.669291338582677,               807P   2196
0.472440944881889,0.708661417322835,0.984251968503937,               807P   2197
0.472440944881889,0.708661417322835,0.669291338582677,               807P   2198
0.551181102362204,0.708661417322835,0.984251968503937,               807P   2199
0.551181102362204,0.708661417322835,0.669291338582677,               807P   2200
0.629921259842519,0.708661417322835,0.984251968503937,               807P   2201
0.629921259842519,0.78740157480315,0.669291338582677,                807P   2202
0.629921259842519,0.78740157480315,0.984251968503937,                807P   2203
0.629921259842519,0.866141732283465,0.669291338582677,               807P   2204
0.629921259842519,0.866141732283465,0.984251968503937,               807P   2205
0.629921259842519,0.866141732283465,0.669291338582677,               807P   2206
0.551181102362204,0.866141732283465,0.984251968503937,               807P   2207
0.551181102362204,-5.,-0.999999999999999,-3.14159265358979,          807P   2208
3.14159265358979;                                                    807P   2209
128,1,8,1,2,0,1,0,0,1,-5.,-5.,-0.999999999999999,                    809P   2210
-0.999999999999999,-3.14159265358979,-3.14159265358979,              809P   2211
-3.14159265358979,-1.5707963267949,-1.5707963267949,0.,0.,           809P   2212
1.5707963267949,1.5707963267949,3.14159265358979,                    809P   2213
3.14159265358979,3.14159265358979,1.,1.,0.707106781186548,           809P   2214
0.707106781186548,1.,1.,0.707106781186548,0.707106781186548,1.,      809P   2215
1.,0.707106781186548,0.707106781186548,1.,1.,0.707106781186548,      809P   2216
0.707106781186548,1.,1.,0.866141732283465,0.669291338582677,         809P   2217
-0.551181102362204,0.866141732283465,0.984251968503937,              809P   2218
-0.551181102362204,0.866141732283465,0.669291338582677,              809P   2219
-0.629921259842519,0.866141732283465,0.984251968503937,              809P   2220
-0.629921259842519,0.78740157480315,0.669291338582677,               809P   2221
-0.629921259842519,0.78740157480315,0.984251968503937,               809P   2222
-0.629921259842519,0.708661417322835,0.669291338582677,              809P   2223
-0.629921259842519,0.708661417322835,0.984251968503937,              809P   2224
-0.629921259842519,0.708661417322835,0.669291338582677,              809P   2225
-0.551181102362204,0.708661417322835,0.984251968503937,              809P   2226
-0.551181102362204,0.708661417322835,0.669291338582677,              809P   2227
-0.472440944881889,0.708661417322835,0.984251968503937,              809P   2228
-0.472440944881889,0.78740157480315,0.669291338582677,               809P   2229
-0.472440944881889,0.78740157480315,0.984251968503937,               809P   2230
-0.472440944881889,0.866141732283465,0.669291338582677,              809P   2231
-0.472440944881889,0.866141732283465,0.984251968503937,              809P   2232
-0.472440944881889,0.866141732283465,0.669291338582677,              809P   2233
-0.551181102362204,0.866141732283465,0.984251968503937,              809P   2234
-0.551181102362204,-5.,-0.999999999999999,-3.14159265358979,         809P   2235
3.14159265358979;                                                    809P   2236
128,1,8,1,2,0,1,0,0,1,-5.,-5.,-1.,-1.,-3.14159265358979,             811P   2237
-3.14159265358979,-3.14159265358979,-1.5707963267949,                811P   2238
-1.5707963267949,0.,0.,1.5707963267949,1.5707963267949,              811P   2239
3.14159265358979,3.14159265358979,3.14159265358979,1.,1.,            811P   2240
0.707106781186548,0.707106781186548,1.,1.,0.707106781186548,         811P   2241
0.707106781186548,1.,1.,0.707106781186548,0.707106781186548,1.,      811P   2242
1.,0.707106781186548,0.707106781186548,1.,1.,-0.708661417322834,     811P   2243
0.669291338582677,-0.551181102362205,-0.708661417322834,             811P   2244
0.984251968503937,-0.551181102362205,-0.708661417322834,             811P   2245
0.669291338582677,-0.629921259842519,-0.708661417322834,             811P   2246
0.984251968503937,-0.629921259842519,-0.787401574803149,             811P   2247
0.669291338582677,-0.629921259842519,-0.787401574803149,             811P   2248
0.984251968503937,-0.629921259842519,-0.866141732283464,             811P   2249
0.669291338582677,-0.629921259842519,-0.866141732283464,             811P   2250
0.984251968503937,-0.629921259842519,-0.866141732283464,             811P   2251
0.669291338582677,-0.551181102362205,-0.866141732283464,             811P   2252
0.984251968503937,-0.551181102362205,-0.866141732283464,             811P   2253
0.669291338582677,-0.47244094488189,-0.866141732283464,              811P   2254
0.984251968503937,-0.47244094488189,-0.787401574803149,              811P   2255
0.669291338582677,-0.47244094488189,-0.787401574803149,              811P   2256
0.984251968503937,-0.47244094488189,-0.708661417322834,              811P   2257
0.669291338582677,-0.47244094488189,-0.708661417322834,              811P   2258
0.984251968503937,-0.47244094488189,-0.708661417322834,              811P   2259
0.669291338582677,-0.551181102362205,-0.708661417322834,             811P   2260
0.984251968503937,-0.551181102362205,-5.,-1.,-3.14159265358979,      811P   2261
3.14159265358979;                                                    811P   2262
128,1,1,1,1,0,0,1,0,0,-2.001,-2.001,2.001,2.001,-2.901,-2.901,       813P   2263
2.901,2.901,1.,1.,1.,1.,-1.14212598425197,0.,0.787795275590552,      813P   2264
-1.14212598425197,0.,-0.787795275590551,1.14212598425197,0.,         813P   2265
0.787795275590552,1.14212598425197,0.,-0.787795275590551,-2.001,     813P   2266
2.001,-2.901,2.901;                                                  813P   2267
128,1,1,1,1,0,0,1,0,0,-0.201,-0.201,0.201,0.201,-0.201,-0.201,       815P   2268
0.201,0.201,1.,1.,1.,1.,-0.866535433070865,0.669291338582677,        815P   2269
0.472047244094489,-0.866535433070865,0.669291338582677,              815P   2270
0.630314960629922,-0.708267716535432,0.669291338582677,              815P   2271
0.472047244094489,-0.708267716535432,0.669291338582677,              815P   2272
0.630314960629922,-0.201,0.201,-0.201,0.201;                         815P   2273
128,1,1,1,1,0,0,1,0,0,-0.201,-0.201,0.201,0.201,-0.201,-0.201,       817P   2274
0.201,0.201,1.,1.,1.,1.,0.708267716535434,0.669291338582677,         817P   2275
0.472047244094488,0.708267716535434,0.669291338582677,               817P   2276
0.630314960629921,0.866535433070867,0.669291338582677,               817P   2277
0.472047244094488,0.866535433070867,0.669291338582677,               817P   2278
0.630314960629921,-0.201,0.201,-0.201,0.201;                         817P   2279
128,1,1,1,1,0,0,1,0,0,-0.201,-0.201,0.201,0.201,-0.201,-0.201,       819P   2280
0.201,0.201,1.,1.,1.,1.,0.708267716535434,0.669291338582677,         819P   2281
-0.630314960629921,0.708267716535434,0.669291338582677,              819P   2282
-0.472047244094488,0.866535433070866,0.669291338582677,              819P   2283
-0.630314960629921,0.866535433070866,0.669291338582677,              819P   2284
-0.472047244094488,-0.201,0.201,-0.201,0.201;                        819P   2285
128,1,1,1,1,0,0,1,0,0,-0.201,-0.201,0.201,0.201,-0.201,-0.201,       821P   2286
0.201,0.201,1.,1.,1.,1.,-0.866535433070865,0.669291338582677,        821P   2287
-0.630314960629921,-0.866535433070865,0.669291338582677,             821P   2288
-0.472047244094488,-0.708267716535432,0.669291338582677,             821P   2289
-0.630314960629921,-0.708267716535432,0.669291338582677,             821P   2290
-0.472047244094488,-0.201,0.201,-0.201,0.201;                        821P   2291
128,1,8,1,2,0,1,0,0,1,1.11022302462516D-15,1.11022302462516D-15,     823P   2292
0.5,0.5,-3.14159265358979,-3.14159265358979,-3.14159265358979,       823P   2293
-1.5707963267949,-1.5707963267949,0.,0.,1.5707963267949,             823P   2294
1.5707963267949,3.14159265358979,3.14159265358979,                   823P   2295
3.14159265358979,1.,1.,0.707106781186548,0.707106781186548,1.,       823P   2296
1.,0.707106781186548,0.707106781186548,1.,1.,0.707106781186548,      823P   2297
0.707106781186548,1.,1.,0.707106781186548,0.707106781186548,1.,      823P   2298
1.,-0.629921259842519,0.,0.551181102362205,-0.629921259842519,       823P   2299
-0.0787401574803148,0.551181102362205,-0.629921259842519,0.,         823P   2300
0.393700787401575,-0.629921259842519,-0.0787401574803148,            823P   2301
0.393700787401575,-0.787401574803149,0.,0.393700787401575,           823P   2302
-0.787401574803149,-0.0787401574803148,0.393700787401575,            823P   2303
-0.944881889763779,0.,0.393700787401575,-0.944881889763779,          823P   2304
-0.0787401574803148,0.393700787401575,-0.944881889763779,0.,         823P   2305
0.551181102362205,-0.944881889763779,-0.0787401574803148,            823P   2306
0.551181102362205,-0.944881889763779,0.,0.708661417322835,           823P   2307
-0.944881889763779,-0.0787401574803148,0.708661417322835,            823P   2308
-0.787401574803149,0.,0.708661417322835,-0.787401574803149,          823P   2309
-0.0787401574803148,0.708661417322835,-0.629921259842519,0.,         823P   2310
0.708661417322835,-0.629921259842519,-0.0787401574803148,            823P   2311
0.708661417322835,-0.629921259842519,0.,0.551181102362205,           823P   2312
-0.629921259842519,-0.0787401574803148,0.551181102362205,            823P   2313
1.11022302462516D-15,0.5,-3.14159265358979,3.14159265358979;         823P   2314
128,1,8,1,2,0,1,0,0,1,1.11022302462516D-15,1.11022302462516D-15,     825P   2315
0.5,0.5,-3.14159265358979,-3.14159265358979,-3.14159265358979,       825P   2316
-1.5707963267949,-1.5707963267949,0.,0.,1.5707963267949,             825P   2317
1.5707963267949,3.14159265358979,3.14159265358979,                   825P   2318
3.14159265358979,1.,1.,0.707106781186548,0.707106781186548,1.,       825P   2319
1.,0.707106781186548,0.707106781186548,1.,1.,0.707106781186548,      825P   2320
0.707106781186548,1.,1.,0.707106781186548,0.707106781186548,1.,      825P   2321
1.,0.94488188976378,0.,0.551181102362204,0.94488188976378,           825P   2322
-0.0787401574803148,0.551181102362204,0.94488188976378,0.,           825P   2323
0.393700787401574,0.94488188976378,-0.0787401574803148,              825P   2324
0.393700787401574,0.78740157480315,0.,0.393700787401574,             825P   2325
0.78740157480315,-0.0787401574803148,0.393700787401574,              825P   2326
0.629921259842521,0.,0.393700787401574,0.629921259842521,            825P   2327
-0.0787401574803148,0.393700787401574,0.629921259842521,0.,          825P   2328
0.551181102362204,0.629921259842521,-0.0787401574803148,             825P   2329
0.551181102362204,0.629921259842521,0.,0.708661417322834,            825P   2330
0.629921259842521,-0.0787401574803148,0.708661417322834,             825P   2331
0.78740157480315,0.,0.708661417322834,0.78740157480315,              825P   2332
-0.0787401574803148,0.708661417322834,0.94488188976378,0.,           825P   2333
0.708661417322834,0.94488188976378,-0.0787401574803148,              825P   2334
0.708661417322834,0.94488188976378,0.,0.551181102362204,             825P   2335
0.94488188976378,-0.0787401574803148,0.551181102362204,              825P   2336
1.11022302462516D-15,0.5,-3.14159265358979,3.14159265358979;         825P   2337
128,1,8,1,2,0,1,0,0,1,1.11022302462516D-15,1.11022302462516D-15,     827P   2338
0.5,0.5,-3.14159265358979,-3.14159265358979,-3.14159265358979,       827P   2339
-1.5707963267949,-1.5707963267949,0.,0.,1.5707963267949,             827P   2340
1.5707963267949,3.14159265358979,3.14159265358979,                   827P   2341
3.14159265358979,1.,1.,0.707106781186548,0.707106781186548,1.,       827P   2342
1.,0.707106781186548,0.707106781186548,1.,1.,0.707106781186548,      827P   2343
0.707106781186548,1.,1.,0.707106781186548,0.707106781186548,1.,      827P   2344
1.,0.94488188976378,0.,-0.551181102362204,0.94488188976378,          827P   2345
-0.0787401574803148,-0.551181102362204,0.94488188976378,0.,          827P   2346
-0.708661417322834,0.94488188976378,-0.0787401574803148,             827P   2347
-0.708661417322834,0.78740157480315,0.,-0.708661417322834,           827P   2348
0.78740157480315,-0.0787401574803148,-0.708661417322834,             827P   2349
0.62992125984252,0.,-0.708661417322834,0.62992125984252,             827P   2350
-0.0787401574803148,-0.708661417322834,0.62992125984252,0.,          827P   2351
-0.551181102362204,0.62992125984252,-0.0787401574803148,             827P   2352
-0.551181102362204,0.62992125984252,0.,-0.393700787401575,           827P   2353
0.62992125984252,-0.0787401574803148,-0.393700787401575,             827P   2354
0.78740157480315,0.,-0.393700787401574,0.78740157480315,             827P   2355
-0.0787401574803148,-0.393700787401574,0.94488188976378,0.,          827P   2356
-0.393700787401575,0.94488188976378,-0.0787401574803148,             827P   2357
-0.393700787401575,0.94488188976378,0.,-0.551181102362204,           827P   2358
0.94488188976378,-0.0787401574803148,-0.551181102362204,             827P   2359
1.11022302462516D-15,0.5,-3.14159265358979,3.14159265358979;         827P   2360
128,1,8,1,2,0,1,0,0,1,0.,0.,0.5,0.5,-3.14159265358979,               829P   2361
-3.14159265358979,-3.14159265358979,-1.5707963267949,                829P   2362
-1.5707963267949,0.,0.,1.5707963267949,1.5707963267949,              829P   2363
3.14159265358979,3.14159265358979,3.14159265358979,1.,1.,            829P   2364
0.707106781186548,0.707106781186548,1.,1.,0.707106781186548,         829P   2365
0.707106781186548,1.,1.,0.707106781186548,0.707106781186548,1.,      829P   2366
1.,0.707106781186548,0.707106781186548,1.,1.,-0.629921259842519,     829P   2367
0.,-0.551181102362205,-0.629921259842519,-0.078740157480315,         829P   2368
-0.551181102362205,-0.629921259842519,0.,-0.708661417322834,         829P   2369
-0.629921259842519,-0.078740157480315,-0.708661417322834,            829P   2370
-0.787401574803149,0.,-0.708661417322834,-0.787401574803149,         829P   2371
-0.078740157480315,-0.708661417322834,-0.944881889763779,0.,         829P   2372
-0.708661417322834,-0.944881889763779,-0.078740157480315,            829P   2373
-0.708661417322834,-0.944881889763779,0.,-0.551181102362205,         829P   2374
-0.944881889763779,-0.078740157480315,-0.551181102362205,            829P   2375
-0.944881889763779,0.,-0.393700787401575,-0.944881889763779,         829P   2376
-0.078740157480315,-0.393700787401575,-0.787401574803149,0.,         829P   2377
-0.393700787401575,-0.787401574803149,-0.078740157480315,            829P   2378
-0.393700787401575,-0.629921259842519,0.,-0.393700787401575,         829P   2379
-0.629921259842519,-0.078740157480315,-0.393700787401575,            829P   2380
-0.629921259842519,0.,-0.551181102362205,-0.629921259842519,         829P   2381
-0.078740157480315,-0.551181102362205,0.,0.5,-3.14159265358979,      829P   2382
3.14159265358979;                                                    829P   2383
128,1,8,1,2,0,1,0,0,1,0.,0.,0.741580239962787,0.741580239962787,     831P   2384
-3.14159265358979,-3.14159265358979,-3.14159265358979,               831P   2385
-1.5707963267949,-1.5707963267949,0.,0.,1.5707963267949,             831P   2386
1.5707963267949,3.14159265358979,3.14159265358979,                   831P   2387
3.14159265358979,1.,1.,0.707106781186548,0.707106781186548,1.,       831P   2388
1.,0.707106781186548,0.707106781186548,1.,1.,0.707106781186548,      831P   2389
0.707106781186548,1.,1.,0.707106781186548,0.707106781186548,1.,      831P   2390
1.,0.291991917114321,0.,-0.209039665144192,0.291991917114321,        831P   2391
-0.078740157480315,-0.209039665144192,0.291991917114321,0.,          831P   2392
-0.315218542677749,0.291991917114321,-0.078740157480315,             831P   2393
-0.315218542677749,0.185813039580764,0.,-0.315218542677749,          831P   2394
0.185813039580764,-0.078740157480315,-0.315218542677749,             831P   2395
0.0796341620472062,0.,-0.315218542677749,0.0796341620472062,         831P   2396
-0.078740157480315,-0.315218542677749,0.0796341620472062,0.,         831P   2397
-0.209039665144192,0.0796341620472062,-0.078740157480315,            831P   2398
-0.209039665144192,0.0796341620472062,0.,-0.102860787610634,         831P   2399
0.0796341620472062,-0.078740157480315,-0.102860787610634,            831P   2400
0.185813039580764,0.,-0.102860787610634,0.185813039580764,           831P   2401
-0.078740157480315,-0.102860787610634,0.291991917114321,0.,          831P   2402
-0.102860787610634,0.291991917114321,-0.078740157480315,             831P   2403
-0.102860787610634,0.291991917114321,0.,-0.209039665144192,          831P   2404
0.291991917114321,-0.078740157480315,-0.209039665144192,0.,          831P   2405
0.741580239962787,-3.14159265358979,3.14159265358979;                831P   2406
128,1,8,1,2,0,1,0,0,1,0.,0.,0.741580239962787,0.741580239962787,     833P   2407
-3.14159265358979,-3.14159265358979,-3.14159265358979,               833P   2408
-1.5707963267949,-1.5707963267949,0.,0.,1.5707963267949,             833P   2409
1.5707963267949,3.14159265358979,3.14159265358979,                   833P   2410
3.14159265358979,1.,1.,0.707106781186548,0.707106781186548,1.,       833P   2411
1.,0.707106781186548,0.707106781186548,1.,1.,0.707106781186548,      833P   2412
0.707106781186548,1.,1.,0.707106781186548,0.707106781186548,1.,      833P   2413
1.,0.291991917114321,0.,0.209039665144192,0.291991917114321,         833P   2414
-0.078740157480315,0.209039665144192,0.291991917114321,0.,           833P   2415
0.102860787610634,0.291991917114321,-0.078740157480315,              833P   2416
0.102860787610634,0.185813039580764,0.,0.102860787610634,            833P   2417
0.185813039580764,-0.078740157480315,0.102860787610634,              833P   2418
0.0796341620472062,0.,0.102860787610634,0.0796341620472062,          833P   2419
-0.078740157480315,0.102860787610634,0.0796341620472062,0.,          833P   2420
0.209039665144192,0.0796341620472062,-0.078740157480315,             833P   2421
0.209039665144192,0.0796341620472062,0.,0.315218542677749,           833P   2422
0.0796341620472062,-0.078740157480315,0.315218542677749,             833P   2423
0.185813039580764,0.,0.315218542677749,0.185813039580764,            833P   2424
-0.078740157480315,0.315218542677749,0.291991917114321,0.,           833P   2425
0.315218542677749,0.291991917114321,-0.078740157480315,              833P   2426
0.315218542677749,0.291991917114321,0.,0.209039665144192,            833P   2427
0.291991917114321,-0.078740157480315,0.209039665144192,0.,           833P   2428
0.741580239962787,-3.14159265358979,3.14159265358979;                833P   2429
128,1,1,1,1,0,0,1,0,0,-0.401,-0.401,0.401,0.401,-0.401,-0.401,       835P   2430
0.401,0.401,1.,1.,1.,1.,-0.94527559055118,-0.0787401574803148,       835P   2431
0.709055118110237,-0.94527559055118,-0.0787401574803148,             835P   2432
0.393307086614174,-0.629527559055117,-0.0787401574803148,            835P   2433
0.709055118110237,-0.629527559055117,-0.0787401574803148,            835P   2434
0.393307086614174,-0.401,0.401,-0.401,0.401;                         835P   2435
128,1,1,1,1,0,0,1,0,0,-0.401,-0.401,0.401,0.401,-0.401,-0.401,       837P   2436
0.401,0.401,1.,1.,1.,1.,0.629527559055119,-0.0787401574803148,       837P   2437
0.709055118110236,0.629527559055119,-0.0787401574803148,             837P   2438
0.393307086614173,0.945275590551182,-0.0787401574803148,             837P   2439
0.709055118110236,0.945275590551182,-0.0787401574803148,             837P   2440
0.393307086614173,-0.401,0.401,-0.401,0.401;                         837P   2441
128,1,1,1,1,0,0,1,0,0,-0.401,-0.401,0.401,0.401,-0.401,-0.401,       839P   2442
0.401,0.401,1.,1.,1.,1.,0.629527559055119,-0.0787401574803148,       839P   2443
-0.393307086614173,0.629527559055119,-0.0787401574803148,            839P   2444
-0.709055118110236,0.945275590551181,-0.0787401574803148,            839P   2445
-0.393307086614173,0.945275590551181,-0.0787401574803148,            839P   2446
-0.709055118110236,-0.401,0.401,-0.401,0.401;                        839P   2447
128,1,1,1,1,0,0,1,0,0,-0.401,-0.401,0.401,0.401,-0.401,-0.401,       841P   2448
0.401,0.401,1.,1.,1.,1.,-0.94527559055118,-0.078740157480315,        841P   2449
-0.393307086614173,-0.94527559055118,-0.078740157480315,             841P   2450
-0.709055118110236,-0.629527559055118,-0.078740157480315,            841P   2451
-0.393307086614173,-0.629527559055118,-0.078740157480315,            841P   2452
-0.709055118110236,-0.401,0.401,-0.401,0.401;                        841P   2453
128,1,1,1,1,0,0,1,0,0,-0.270694348935236,-0.270694348935236,         843P   2454
0.270694348935236,0.270694348935236,-0.270694348935236,              843P   2455
-0.270694348935236,0.270694348935236,0.270694348935236,1.,1.,1.,     843P   2456
1.,0.0792404612598046,-0.078740157480315,-0.102467086823232,         843P   2457
0.0792404612598046,-0.078740157480315,-0.315612243465151,            843P   2458
0.292385617901723,-0.078740157480315,-0.102467086823232,             843P   2459
0.292385617901723,-0.078740157480315,-0.315612243465151,             843P   2460
-0.270694348935236,0.270694348935236,-0.270694348935236,             843P   2461
0.270694348935236;                                                   843P   2462
128,1,1,1,1,0,0,1,0,0,-0.270694348935236,-0.270694348935236,         845P   2463
0.270694348935236,0.270694348935236,-0.270694348935236,              845P   2464
-0.270694348935236,0.270694348935236,0.270694348935236,1.,1.,1.,     845P   2465
1.,0.0792404612598046,-0.078740157480315,0.315612243465151,          845P   2466
0.0792404612598046,-0.078740157480315,0.102467086823232,             845P   2467
0.292385617901723,-0.078740157480315,0.315612243465151,              845P   2468
0.292385617901723,-0.078740157480315,0.102467086823232,              845P   2469
-0.270694348935236,0.270694348935236,-0.270694348935236,             845P   2470
0.270694348935236;                                                   845P   2471
128,1,8,1,2,0,1,0,0,1,-5.,-5.,1.,1.,-3.14159265358979,               847P   2472
-3.14159265358979,-3.14159265358979,-1.5707963267949,                847P   2473
-1.5707963267949,0.,0.,1.5707963267949,1.5707963267949,              847P   2474
3.14159265358979,3.14159265358979,3.14159265358979,1.,1.,            847P   2475
0.707106781186548,0.707106781186548,1.,1.,0.707106781186548,         847P   2476
0.707106781186548,1.,1.,0.707106781186548,0.707106781186548,1.,      847P   2477
1.,0.707106781186548,0.707106781186548,1.,1.,-0.708661417322834,     847P   2478
-0.0787401574803148,0.551181102362205,-0.708661417322834,            847P   2479
0.393700787401575,0.551181102362205,-0.708661417322834,              847P   2480
-0.0787401574803148,0.47244094488189,-0.708661417322834,             847P   2481
0.393700787401575,0.47244094488189,-0.787401574803149,               847P   2482
-0.0787401574803148,0.47244094488189,-0.787401574803149,             847P   2483
0.393700787401575,0.47244094488189,-0.866141732283464,               847P   2484
-0.0787401574803148,0.47244094488189,-0.866141732283464,             847P   2485
0.393700787401575,0.47244094488189,-0.866141732283464,               847P   2486
-0.0787401574803148,0.551181102362205,-0.866141732283464,            847P   2487
0.393700787401575,0.551181102362205,-0.866141732283464,              847P   2488
-0.0787401574803148,0.62992125984252,-0.866141732283464,             847P   2489
0.393700787401575,0.62992125984252,-0.787401574803149,               847P   2490
-0.0787401574803148,0.62992125984252,-0.787401574803149,             847P   2491
0.393700787401575,0.62992125984252,-0.708661417322834,               847P   2492
-0.0787401574803148,0.62992125984252,-0.708661417322834,             847P   2493
0.393700787401575,0.62992125984252,-0.708661417322834,               847P   2494
-0.0787401574803148,0.551181102362205,-0.708661417322834,            847P   2495
0.393700787401575,0.551181102362205,-5.,1.,-3.14159265358979,        847P   2496
3.14159265358979;                                                    847P   2497
128,1,8,1,2,0,1,0,0,1,-5.,-5.,1.,1.,-3.14159265358979,               849P   2498
-3.14159265358979,-3.14159265358979,-1.5707963267949,                849P   2499
-1.5707963267949,0.,0.,1.5707963267949,1.5707963267949,              849P   2500
3.14159265358979,3.14159265358979,3.14159265358979,1.,1.,            849P   2501
0.707106781186548,0.707106781186548,1.,1.,0.707106781186548,         849P   2502
0.707106781186548,1.,1.,0.707106781186548,0.707106781186548,1.,      849P   2503
1.,0.707106781186548,0.707106781186548,1.,1.,0.866141732283465,      849P   2504
-0.0787401574803148,0.551181102362204,0.866141732283465,             849P   2505
0.393700787401575,0.551181102362204,0.866141732283465,               849P   2506
-0.0787401574803148,0.472440944881889,0.866141732283465,             849P   2507
0.393700787401575,0.472440944881889,0.78740157480315,                849P   2508
-0.0787401574803148,0.472440944881889,0.78740157480315,              849P   2509
0.393700787401575,0.472440944881889,0.708661417322835,               849P   2510
-0.0787401574803148,0.472440944881889,0.708661417322835,             849P   2511
0.393700787401575,0.472440944881889,0.708661417322835,               849P   2512
-0.0787401574803148,0.551181102362204,0.708661417322835,             849P   2513
0.393700787401575,0.551181102362204,0.708661417322835,               849P   2514
-0.0787401574803148,0.629921259842519,0.708661417322835,             849P   2515
0.393700787401575,0.629921259842519,0.78740157480315,                849P   2516
-0.0787401574803148,0.629921259842519,0.78740157480315,              849P   2517
0.393700787401575,0.629921259842519,0.866141732283465,               849P   2518
-0.0787401574803148,0.629921259842519,0.866141732283465,             849P   2519
0.393700787401575,0.629921259842519,0.866141732283465,               849P   2520
-0.0787401574803148,0.551181102362204,0.866141732283465,             849P   2521
0.393700787401575,0.551181102362204,-5.,1.,-3.14159265358979,        849P   2522
3.14159265358979;                                                    849P   2523
128,1,8,1,2,0,1,0,0,1,-5.,-5.,1.,1.,-3.14159265358979,               851P   2524
-3.14159265358979,-3.14159265358979,-1.5707963267949,                851P   2525
-1.5707963267949,0.,0.,1.5707963267949,1.5707963267949,              851P   2526
3.14159265358979,3.14159265358979,3.14159265358979,1.,1.,            851P   2527
0.707106781186548,0.707106781186548,1.,1.,0.707106781186548,         851P   2528
0.707106781186548,1.,1.,0.707106781186548,0.707106781186548,1.,      851P   2529
1.,0.707106781186548,0.707106781186548,1.,1.,0.866141732283465,      851P   2530
-0.0787401574803148,-0.551181102362204,0.866141732283465,            851P   2531
0.393700787401575,-0.551181102362204,0.866141732283465,              851P   2532
-0.0787401574803148,-0.629921259842519,0.866141732283465,            851P   2533
0.393700787401575,-0.629921259842519,0.78740157480315,               851P   2534
-0.0787401574803148,-0.629921259842519,0.78740157480315,             851P   2535
0.393700787401575,-0.629921259842519,0.708661417322835,              851P   2536
-0.0787401574803148,-0.629921259842519,0.708661417322835,            851P   2537
0.393700787401575,-0.629921259842519,0.708661417322835,              851P   2538
-0.0787401574803148,-0.551181102362204,0.708661417322835,            851P   2539
0.393700787401575,-0.551181102362204,0.708661417322835,              851P   2540
-0.0787401574803148,-0.472440944881889,0.708661417322835,            851P   2541
0.393700787401575,-0.472440944881889,0.78740157480315,               851P   2542
-0.0787401574803148,-0.472440944881889,0.78740157480315,             851P   2543
0.393700787401575,-0.472440944881889,0.866141732283465,              851P   2544
-0.0787401574803148,-0.472440944881889,0.866141732283465,            851P   2545
0.393700787401575,-0.472440944881889,0.866141732283465,              851P   2546
-0.0787401574803148,-0.551181102362204,0.866141732283465,            851P   2547
0.393700787401575,-0.551181102362204,-5.,1.,-3.14159265358979,       851P   2548
3.14159265358979;                                                    851P   2549
128,1,8,1,2,0,1,0,0,1,0.,0.,1.,1.,-3.14159265358979,                 853P   2550
-3.14159265358979,-3.14159265358979,-1.5707963267949,                853P   2551
-1.5707963267949,0.,0.,1.5707963267949,1.5707963267949,              853P   2552
3.14159265358979,3.14159265358979,3.14159265358979,1.,1.,            853P   2553
0.707106781186548,0.707106781186548,1.,1.,0.707106781186548,         853P   2554
0.707106781186548,1.,1.,0.707106781186548,0.707106781186548,1.,      853P   2555
1.,0.707106781186548,0.707106781186548,1.,1.,-0.708661417322834,     853P   2556
-0.078740157480315,-0.551181102362205,-0.708661417322834,0.,         853P   2557
-0.551181102362205,-0.708661417322834,-0.078740157480315,            853P   2558
-0.629921259842519,-0.708661417322834,0.,-0.629921259842519,         853P   2559
-0.787401574803149,-0.078740157480315,-0.629921259842519,            853P   2560
-0.787401574803149,0.,-0.629921259842519,-0.866141732283464,         853P   2561
-0.078740157480315,-0.629921259842519,-0.866141732283464,0.,         853P   2562
-0.629921259842519,-0.866141732283464,-0.078740157480315,            853P   2563
-0.551181102362205,-0.866141732283464,0.,-0.551181102362205,         853P   2564
-0.866141732283464,-0.078740157480315,-0.47244094488189,             853P   2565
-0.866141732283464,0.,-0.47244094488189,-0.787401574803149,          853P   2566
-0.078740157480315,-0.47244094488189,-0.787401574803149,0.,          853P   2567
-0.47244094488189,-0.708661417322834,-0.078740157480315,             853P   2568
-0.47244094488189,-0.708661417322834,0.,-0.47244094488189,           853P   2569
-0.708661417322834,-0.078740157480315,-0.551181102362205,            853P   2570
-0.708661417322834,0.,-0.551181102362205,0.,1.,                      853P   2571
-3.14159265358979,3.14159265358979;                                  853P   2572
128,1,1,1,1,0,0,1,0,0,-0.201,-0.201,0.201,0.201,-0.201,-0.201,       855P   2573
0.201,0.201,1.,1.,1.,1.,-0.866535433070865,0.393700787401575,        855P   2574
0.630314960629922,-0.866535433070865,0.393700787401575,              855P   2575
0.472047244094489,-0.708267716535432,0.393700787401575,              855P   2576
0.630314960629922,-0.708267716535432,0.393700787401575,              855P   2577
0.472047244094489,-0.201,0.201,-0.201,0.201;                         855P   2578
128,1,1,1,1,0,0,1,0,0,-0.201,-0.201,0.201,0.201,-0.201,-0.201,       857P   2579
0.201,0.201,1.,1.,1.,1.,0.708267716535434,0.393700787401575,         857P   2580
0.630314960629921,0.708267716535434,0.393700787401575,               857P   2581
0.472047244094488,0.866535433070867,0.393700787401575,               857P   2582
0.630314960629921,0.866535433070867,0.393700787401575,               857P   2583
0.472047244094488,-0.201,0.201,-0.201,0.201;                         857P   2584
128,1,1,1,1,0,0,1,0,0,-0.201,-0.201,0.201,0.201,-0.201,-0.201,       859P   2585
0.201,0.201,1.,1.,1.,1.,0.708267716535434,0.393700787401575,         859P   2586
-0.472047244094488,0.708267716535434,0.393700787401575,              859P   2587
-0.630314960629921,0.866535433070866,0.393700787401575,              859P   2588
-0.472047244094488,0.866535433070866,0.393700787401575,              859P   2589
-0.630314960629921,-0.201,0.201,-0.201,0.201;                        859P   2590
128,1,1,1,1,0,0,1,0,0,1.199,1.199,1.601,1.601,-2.201,-2.201,         861P   2591
-1.799,-1.799,1.,1.,1.,1.,-0.866535433070865,0.,                     861P   2592
-0.472047244094488,-0.866535433070865,0.,-0.630314960629921,         861P   2593
-0.708267716535433,0.,-0.472047244094488,-0.708267716535433,0.,      861P   2594
-0.630314960629921,1.199,1.601,-2.201,-1.799;                        861P   2595
128,1,8,1,2,0,1,0,0,1,-1.07882771014129D-16,                         863P   2596
-1.07882771014129D-16,0.193548387096774,0.193548387096774,           863P   2597
-3.14159265358979,-3.14159265358979,-3.14159265358979,               863P   2598
-1.5707963267949,-1.5707963267949,0.,0.,1.5707963267949,             863P   2599
1.5707963267949,3.14159265358979,3.14159265358979,                   863P   2600
3.14159265358979,1.,1.,0.707106781186548,0.707106781186548,1.,       863P   2601
1.,0.707106781186548,0.707106781186548,1.,1.,0.707106781186548,      863P   2602
0.707106781186548,1.,1.,0.707106781186548,0.707106781186548,1.,      863P   2603
1.,1.25984251968504,0.354330708661417,-0.61023622047244,             863P   2604
1.14173228346457,0.354330708661417,-0.61023622047244,                863P   2605
1.25984251968504,0.964566929133858,-0.61023622047244,                863P   2606
1.14173228346457,0.964566929133858,-0.61023622047244,                863P   2607
1.25984251968504,0.964566929133858,5.11824940232324D-16,             863P   2608
1.14173228346457,0.964566929133858,5.24514814783538D-16,             863P   2609
1.25984251968504,0.964566929133858,0.610236220472441,                863P   2610
1.14173228346457,0.964566929133858,0.610236220472441,                863P   2611
1.25984251968504,0.354330708661417,0.610236220472441,                863P   2612
1.14173228346457,0.354330708661417,0.610236220472441,                863P   2613
1.25984251968504,-0.255905511811023,0.610236220472441,               863P   2614
1.14173228346457,-0.255905511811023,0.610236220472441,               863P   2615
1.25984251968504,-0.255905511811024,5.11824940232324D-16,            863P   2616
1.14173228346457,-0.255905511811024,5.24514814783538D-16,            863P   2617
1.25984251968504,-0.255905511811023,-0.61023622047244,               863P   2618
1.14173228346457,-0.255905511811023,-0.61023622047244,               863P   2619
1.25984251968504,0.354330708661417,-0.61023622047244,                863P   2620
1.14173228346457,0.354330708661417,-0.61023622047244,                863P   2621
-1.07882771014129D-16,0.193548387096774,-3.14159265358979,           863P   2622
3.14159265358979;                                                    863P   2623
128,1,8,1,2,0,1,0,0,1,3.74193548387097,3.74193548387097,             865P   2624
3.87096774193548,3.87096774193548,-3.14159265358979,                 865P   2625
-3.14159265358979,-3.14159265358979,-1.5707963267949,                865P   2626
-1.5707963267949,0.,0.,1.5707963267949,1.5707963267949,              865P   2627
3.14159265358979,3.14159265358979,3.14159265358979,1.,1.,            865P   2628
0.707106781186548,0.707106781186548,1.,1.,0.707106781186548,         865P   2629
0.707106781186548,1.,1.,0.707106781186548,0.707106781186548,1.,      865P   2630
1.,0.707106781186548,0.707106781186548,1.,1.,3.50393700787402,       865P   2631
0.354330708661417,-0.610236220472441,3.4251968503937,                865P   2632
0.354330708661417,-0.610236220472441,3.50393700787402,               865P   2633
0.964566929133858,-0.610236220472441,3.4251968503937,                865P   2634
0.964566929133858,-0.610236220472441,3.50393700787402,               865P   2635
0.964566929133858,2.70717323759246D-16,3.4251968503937,              865P   2636
0.964566929133858,2.79177240126722D-16,3.50393700787402,             865P   2637
0.964566929133858,0.610236220472441,3.4251968503937,                 865P   2638
0.964566929133858,0.610236220472441,3.50393700787402,                865P   2639
0.354330708661417,0.610236220472441,3.4251968503937,                 865P   2640
0.354330708661417,0.610236220472441,3.50393700787402,                865P   2641
-0.255905511811023,0.610236220472441,3.4251968503937,                865P   2642
-0.255905511811023,0.610236220472441,3.50393700787402,               865P   2643
-0.255905511811024,2.70717323759246D-16,3.4251968503937,             865P   2644
-0.255905511811024,2.79177240126722D-16,3.50393700787402,            865P   2645
-0.255905511811023,-0.610236220472441,3.4251968503937,               865P   2646
-0.255905511811023,-0.610236220472441,3.50393700787402,              865P   2647
0.354330708661417,-0.610236220472441,3.4251968503937,                865P   2648
0.354330708661417,-0.610236220472441,3.74193548387097,               865P   2649
3.87096774193548,-3.14159265358979,3.14159265358979;                 865P   2650
128,1,8,1,2,0,1,0,0,1,0.,0.,0.266666666666666,0.266666666666666,     867P   2651
-3.14159265358979,-3.14159265358979,-3.14159265358979,               867P   2652
-1.5707963267949,-1.5707963267949,0.,0.,1.5707963267949,             867P   2653
1.5707963267949,3.14159265358979,3.14159265358979,                   867P   2654
3.14159265358979,1.,1.,0.707106781186548,0.707106781186548,1.,       867P   2655
1.,0.707106781186548,0.707106781186548,1.,1.,0.707106781186548,      867P   2656
0.707106781186548,1.,1.,0.707106781186548,0.707106781186548,1.,      867P   2657
1.,3.50393700787402,0.354330708661417,-0.295275590551181,            867P   2658
3.58267716535433,0.354330708661417,-0.295275590551181,               867P   2659
3.50393700787402,0.0590551181102364,-0.295275590551181,              867P   2660
3.58267716535433,0.0590551181102364,-0.295275590551181,              867P   2661
3.50393700787402,0.0590551181102363,2.62257407391769D-16,            867P   2662
3.58267716535433,0.0590551181102363,2.62257407391769D-16,            867P   2663
3.50393700787402,0.0590551181102364,0.295275590551181,               867P   2664
3.58267716535433,0.0590551181102364,0.295275590551181,               867P   2665
3.50393700787402,0.354330708661417,0.295275590551181,                867P   2666
3.58267716535433,0.354330708661417,0.295275590551181,                867P   2667
3.50393700787402,0.649606299212598,0.295275590551181,                867P   2668
3.58267716535433,0.649606299212598,0.295275590551181,                867P   2669
3.50393700787402,0.649606299212598,2.62257407391769D-16,             867P   2670
3.58267716535433,0.649606299212598,2.62257407391769D-16,             867P   2671
3.50393700787402,0.649606299212598,-0.295275590551181,               867P   2672
3.58267716535433,0.649606299212598,-0.295275590551181,               867P   2673
3.50393700787402,0.354330708661417,-0.295275590551181,               867P   2674
3.58267716535433,0.354330708661417,-0.295275590551181,0.,            867P   2675
0.266666666666666,-3.14159265358979,3.14159265358979;                867P   2676
128,1,1,1,1,0,0,1,0,0,-1.551,-1.551,1.551,1.551,-1.551,-1.551,       869P   2677
1.551,1.551,1.,1.,1.,1.,3.50393700787402,-0.256299212598425,         869P   2678
0.610629921259843,3.50393700787402,-0.256299212598425,               869P   2679
-0.610629921259842,3.50393700787402,0.96496062992126,                869P   2680
0.610629921259843,3.50393700787402,0.96496062992126,                 869P   2681
-0.610629921259842,-1.551,1.551,-1.551,1.551;                        869P   2682
128,1,8,1,2,0,1,0,0,1,0.193548387096774,0.193548387096774,           871P   2683
3.74193548387097,3.74193548387097,-3.14159265358979,                 871P   2684
-3.14159265358979,-3.14159265358979,-1.5707963267949,                871P   2685
-1.5707963267949,0.,0.,1.5707963267949,1.5707963267949,              871P   2686
3.14159265358979,3.14159265358979,3.14159265358979,1.,1.,            871P   2687
0.707106781186548,0.707106781186548,1.,1.,0.707106781186548,         871P   2688
0.707106781186548,1.,1.,0.707106781186548,0.707106781186548,1.,      871P   2689
1.,0.707106781186548,0.707106781186548,1.,1.,3.4251968503937,        871P   2690
0.354330708661417,-0.610236220472441,1.25984251968504,               871P   2691
0.354330708661417,-0.61023622047244,3.4251968503937,                 871P   2692
0.964566929133858,-0.610236220472441,1.25984251968504,               871P   2693
0.964566929133858,-0.61023622047244,3.4251968503937,                 871P   2694
0.964566929133858,2.79177240126722D-16,1.25984251968504,             871P   2695
0.964566929133858,5.11824940232324D-16,3.4251968503937,              871P   2696
0.964566929133858,0.610236220472441,1.25984251968504,                871P   2697
0.964566929133858,0.610236220472441,3.4251968503937,                 871P   2698
0.354330708661417,0.610236220472441,1.25984251968504,                871P   2699
0.354330708661417,0.610236220472441,3.4251968503937,                 871P   2700
-0.255905511811023,0.610236220472441,1.25984251968504,               871P   2701
-0.255905511811023,0.610236220472441,3.4251968503937,                871P   2702
-0.255905511811024,2.79177240126722D-16,1.25984251968504,            871P   2703
-0.255905511811024,5.11824940232324D-16,3.4251968503937,             871P   2704
-0.255905511811023,-0.610236220472441,1.25984251968504,              871P   2705
-0.255905511811023,-0.61023622047244,3.4251968503937,                871P   2706
0.354330708661417,-0.610236220472441,1.25984251968504,               871P   2707
0.354330708661417,-0.61023622047244,0.193548387096774,               871P   2708
3.74193548387097,-3.14159265358979,3.14159265358979;                 871P   2709
128,1,1,1,1,0,0,1,0,0,-1.551,-1.551,1.551,1.551,-1.551,-1.551,       873P   2710
1.551,1.551,1.,1.,1.,1.,1.14173228346457,-0.256299212598425,         873P   2711
-0.610629921259842,1.14173228346457,-0.256299212598425,              873P   2712
0.610629921259843,1.14173228346457,0.96496062992126,                 873P   2713
-0.610629921259842,1.14173228346457,0.96496062992126,                873P   2714
0.610629921259843,-1.551,1.551,-1.551,1.551;                         873P   2715
128,1,1,1,1,0,0,1,0,0,-0.751,-0.751,0.751,0.751,-0.751,-0.751,       875P   2716
0.751,0.751,1.,1.,1.,1.,3.58267716535433,0.0586614173228347,         875P   2717
0.295669291338583,3.58267716535433,0.0586614173228347,               875P   2718
-0.295669291338582,3.58267716535433,0.65,0.295669291338583,          875P   2719
3.58267716535433,0.65,-0.295669291338582,-0.751,0.751,-0.751,        875P   2720
0.751;                                                               875P   2721
502,6,-0.236220472440944,1.24015748031496,0.104163437443488,         877P   2722
-0.236220472440944,1.79133858267716,0.104163437443488,               877P   2723
-0.236220472440944,1.24015748031496,-0.104163437443487,              877P   2724
-0.236220472440944,1.79133858267716,-0.104163437443487,              877P   2725
-0.196850393700787,1.24015748031496,3.49676543189026D-16,            877P   2726
-0.196850393700787,1.2007874015748,3.303907668245D-16;               877P   2727
502,41,-0.0196850393700781,1.2007874015748,3.90658817963642D-16,     879P   2728
-0.354330708661417,1.2007874015748,-0.334645669291338,               879P   2729
-0.354330708661417,1.16141732283465,-0.374015748031496,              879P   2730
0.0196850393700794,1.16141732283465,3.03872824323278D-16,            879P   2731
0.0196850393700794,1.06299212598425,3.03872824323278D-16,            879P   2732
1.0236220472441,0.984251968503937,-0.787401574803149,                879P   2733
1.14173228346457,0.984251968503937,-0.669291338582677,               879P   2734
1.14173228346457,0.984251968503937,0.669291338582678,                879P   2735
1.0236220472441,0.984251968503937,0.78740157480315,                  879P   2736
-1.02362204724409,0.984251968503937,0.78740157480315,                879P   2737
-1.14173228346457,0.984251968503937,0.669291338582678,               879P   2738
-1.14173228346457,0.984251968503937,-0.669291338582677,              879P   2739
-1.02362204724409,0.984251968503937,-0.787401574803149,              879P   2740
-0.708661417322834,0.984251968503937,0.551181102362205,              879P   2741
0.866141732283465,0.984251968503937,0.551181102362204,               879P   2742
0.866141732283465,0.984251968503937,-0.551181102362204,              879P   2743
-0.708661417322834,0.984251968503937,-0.551181102362205,             879P   2744
1.0236220472441,1.06299212598425,-0.787401574803149,                 879P   2745
1.14173228346457,1.06299212598425,-0.669291338582677,                879P   2746
1.14173228346457,1.06299212598425,0.669291338582678,                 879P   2747
1.0236220472441,1.06299212598425,0.78740157480315,                   879P   2748
-1.02362204724409,1.06299212598425,0.78740157480315,                 879P   2749
-1.14173228346457,1.06299212598425,0.669291338582678,                879P   2750
-1.14173228346457,1.06299212598425,-0.669291338582677,               879P   2751
-1.02362204724409,1.06299212598425,-0.787401574803149,               879P   2752
-0.708661417322834,1.14173228346457,0.551181102362205,               879P   2753
0.866141732283465,1.14173228346457,0.551181102362204,                879P   2754
0.866141732283465,1.14173228346457,-0.551181102362204,               879P   2755
-0.708661417322834,1.14173228346457,-0.551181102362205,              879P   2756
-0.629921259842519,1.06299212598425,0.551181102362205,               879P   2757
0.94488188976378,1.06299212598425,0.551181102362204,                 879P   2758
0.94488188976378,1.06299212598425,-0.551181102362204,                879P   2759
-0.629921259842519,1.06299212598425,-0.551181102362205,              879P   2760
0.291991917114321,1.06299212598425,0.209039665144192,                879P   2761
0.291991917114321,1.06299212598425,-0.209039665144192,               879P   2762
-0.629921259842519,1.14173228346457,0.551181102362205,               879P   2763
0.94488188976378,1.14173228346457,0.551181102362204,                 879P   2764
0.94488188976378,1.14173228346457,-0.551181102362204,                879P   2765
-0.629921259842519,1.14173228346457,-0.551181102362205,              879P   2766
0.291991917114321,1.14173228346457,0.209039665144192,                879P   2767
0.291991917114321,1.14173228346457,-0.209039665144192;               879P   2768
502,49,0.0196850393700794,-0.0984251968503934,                       881P   2769
3.95480262054773D-16,-0.354330708661417,-0.0984251968503934,         881P   2770
-0.374015748031496,-0.354330708661417,-0.137795275590551,            881P   2771
-0.334645669291338,-0.0196850393700781,-0.137795275590551,           881P   2772
3.0869426841441D-16,0.0196850393700794,0.,3.03872824323278D-16,      881P   2773
1.0236220472441,0.984251968503937,-0.787401574803149,                881P   2774
1.14173228346457,0.984251968503937,-0.669291338582677,               881P   2775
-1.02362204724409,0.984251968503937,-0.787401574803149,              881P   2776
-1.14173228346457,0.984251968503937,-0.669291338582677,              881P   2777
-1.14173228346457,0.984251968503937,0.669291338582678,               881P   2778
-1.02362204724409,0.984251968503937,0.78740157480315,                881P   2779
1.0236220472441,0.984251968503937,0.78740157480315,                  881P   2780
1.14173228346457,0.984251968503937,0.669291338582678,                881P   2781
-0.708661417322834,0.984251968503937,0.551181102362205,              881P   2782
0.866141732283465,0.984251968503937,0.551181102362204,               881P   2783
0.866141732283465,0.984251968503937,-0.551181102362204,              881P   2784
-0.708661417322834,0.984251968503937,-0.551181102362205,             881P   2785
1.14173228346457,0.,-0.669291338582677,1.0236220472441,0.,           881P   2786
-0.787401574803149,1.14173228346457,0.,0.669291338582678,            881P   2787
1.0236220472441,0.,0.78740157480315,-1.02362204724409,0.,            881P   2788
0.78740157480315,-1.14173228346457,0.,0.669291338582678,             881P   2789
-1.14173228346457,0.,-0.669291338582677,-1.02362204724409,0.,        881P   2790
-0.787401574803149,-0.708661417322834,0.669291338582677,             881P   2791
0.551181102362205,0.866141732283465,0.669291338582677,               881P   2792
0.551181102362204,0.866141732283465,0.669291338582677,               881P   2793
-0.551181102362204,-0.708661417322834,0.669291338582677,             881P   2794
-0.551181102362205,-0.629921259842519,1.74838271594513D-16,          881P   2795
0.551181102362205,0.94488188976378,1.74838271594513D-16,             881P   2796
0.551181102362204,0.94488188976378,1.74838271594513D-16,             881P   2797
-0.551181102362204,-0.629921259842519,0.,-0.551181102362205,         881P   2798
0.291991917114321,0.,-0.209039665144192,0.291991917114321,0.,        881P   2799
0.209039665144192,-0.629921259842519,-0.0787401574803148,            881P   2800
0.551181102362205,0.94488188976378,-0.0787401574803148,              881P   2801
0.551181102362204,0.94488188976378,-0.0787401574803148,              881P   2802
-0.551181102362204,-0.629921259842519,-0.078740157480315,            881P   2803
-0.551181102362205,0.291991917114321,-0.078740157480315,             881P   2804
-0.209039665144192,0.291991917114321,-0.078740157480315,             881P   2805
0.209039665144192,-0.708661417322834,-0.0787401574803148,            881P   2806
0.551181102362205,0.866141732283465,-0.0787401574803148,             881P   2807
0.551181102362204,0.866141732283465,-0.0787401574803148,             881P   2808
-0.551181102362204,-0.708661417322834,-0.078740157480315,            881P   2809
-0.551181102362205,-0.708661417322834,0.393700787401575,             881P   2810
0.551181102362205,0.866141732283465,0.393700787401575,               881P   2811
0.551181102362204,0.866141732283465,0.393700787401575,               881P   2812
-0.551181102362204,-0.708661417322834,0.,-0.551181102362205;         881P   2813
502,6,1.25984251968504,0.354330708661417,-0.61023622047244,          883P   2814
1.14173228346457,0.354330708661417,-0.61023622047244,                883P   2815
3.50393700787402,0.354330708661417,-0.610236220472441,               883P   2816
3.4251968503937,0.354330708661417,-0.610236220472441,                883P   2817
3.50393700787402,0.354330708661417,-0.295275590551181,               883P   2818
3.58267716535433,0.354330708661417,-0.295275590551181;               883P   2819
504,9,407,877,1,877,2,409,877,1,877,3,411,877,4,877,3,413,877,2,     885P   2820
877,4,415,877,3,877,5,417,877,5,877,1,419,877,4,877,2,421,877,5,     885P   2821
877,6,423,877,6,877,6;                                               885P   2822
504,61,425,879,1,879,2,427,879,2,879,3,429,879,3,879,4,431,879,      887P   2823
4,879,3,433,879,2,879,1,435,879,4,879,5,437,879,5,879,5,439,879,     887P   2824
6,879,7,441,879,7,879,8,443,879,8,879,9,445,879,9,879,10,447,        887P   2825
879,10,879,11,449,879,11,879,12,451,879,12,879,13,453,879,13,        887P   2826
879,6,455,879,14,879,14,457,879,15,879,15,459,879,16,879,16,461,     887P   2827
879,17,879,17,463,879,6,879,18,465,879,18,879,19,467,879,19,879,     887P   2828
7,469,879,20,879,19,471,879,8,879,20,473,879,20,879,21,475,879,      887P   2829
21,879,9,477,879,22,879,21,479,879,10,879,22,481,879,22,879,23,      887P   2830
483,879,23,879,11,485,879,24,879,23,487,879,12,879,24,489,879,       887P   2831
24,879,25,491,879,25,879,13,493,879,18,879,25,495,879,14,879,26,     887P   2832
497,879,26,879,26,499,879,15,879,27,501,879,27,879,27,503,879,       887P   2833
16,879,28,505,879,28,879,28,507,879,17,879,29,509,879,29,879,29,     887P   2834
511,879,30,879,30,513,879,31,879,31,515,879,32,879,32,517,879,       887P   2835
33,879,33,519,879,34,879,34,521,879,35,879,35,523,879,36,879,36,     887P   2836
525,879,37,879,37,527,879,38,879,38,529,879,39,879,39,531,879,       887P   2837
36,879,30,533,879,37,879,31,535,879,38,879,32,537,879,39,879,33,     887P   2838
539,879,40,879,40,541,879,40,879,34,543,879,41,879,41,545,879,       887P   2839
41,879,35;                                                           887P   2840
504,73,547,881,1,881,2,549,881,2,881,3,551,881,3,881,4,553,881,      889P   2841
4,881,3,555,881,2,881,1,557,881,1,881,5,559,881,5,881,5,561,881,     889P   2842
6,881,7,563,881,8,881,6,565,881,9,881,8,567,881,10,881,9,569,        889P   2843
881,11,881,10,571,881,12,881,11,573,881,13,881,12,575,881,7,881,     889P   2844
13,577,881,14,881,14,579,881,15,881,15,581,881,16,881,16,583,        889P   2845
881,17,881,17,585,881,7,881,18,587,881,18,881,19,589,881,19,881,     889P   2846
6,591,881,20,881,13,593,881,18,881,20,595,881,12,881,21,597,881,     889P   2847
21,881,20,599,881,22,881,11,601,881,21,881,22,603,881,10,881,23,     889P   2848
605,881,23,881,22,607,881,24,881,9,609,881,23,881,24,611,881,8,      889P   2849
881,25,613,881,25,881,24,615,881,25,881,19,617,881,26,881,26,        889P   2850
619,881,26,881,14,621,881,27,881,27,623,881,27,881,15,625,881,       889P   2851
28,881,28,627,881,28,881,16,629,881,29,881,29,631,881,29,881,17,     889P   2852
633,881,30,881,30,635,881,31,881,31,637,881,32,881,32,639,881,       889P   2853
33,881,33,641,881,34,881,34,643,881,35,881,35,645,881,36,881,36,     889P   2854
647,881,36,881,30,649,881,37,881,37,651,881,37,881,31,653,881,       889P   2855
38,881,38,655,881,38,881,32,657,881,39,881,39,659,881,39,881,33,     889P   2856
661,881,40,881,40,663,881,40,881,34,665,881,41,881,41,667,881,       889P   2857
41,881,35,669,881,42,881,42,671,881,43,881,43,673,881,44,881,44,     889P   2858
675,881,45,881,45,677,881,46,881,46,679,881,46,881,42,681,881,       889P   2859
47,881,47,683,881,47,881,43,685,881,48,881,48,687,881,48,881,44,     889P   2860
689,881,49,881,49,691,881,49,881,45;                                 889P   2861
504,10,693,883,1,883,1,695,883,1,883,2,697,883,2,883,2,699,883,      891P   2862
3,883,3,701,883,3,883,4,703,883,4,883,4,705,883,5,883,5,707,883,     891P   2863
5,883,6,709,883,6,883,6,711,883,4,883,1;                             891P   2864
406,1,6HSolid2;                                                      893P   2865
406,1,6HSolid3;                                                      895P   2866
406,1,6HSolid4;                                                      897P   2867
406,1,6HSolid5;                                                      899P   2868
314,74.9019607843137,74.9019607843137,74.9019607843137,;             901P   2869
314,95.6862745098039,95.6862745098039,95.6862745098039,;             903P   2870
314,95.6862745098039,95.6862745098039,95.6862745098039,;             905P   2871
314,99.6078431372549,99.6078431372549,100.,;                         907P   2872
314,20.,20.,20.,;                                                    909P   2873
S      1G      3D    910P   2873                                        T      1
