ISO-10303-21;
HEADER;
FILE_DESCRIPTION (( 'STEP AP214' ),
    '1' );
FILE_NAME ('CXHJ-D-D20-d5-e6-EC-EE.step',
    '2025-04-29T08:04:08',
    ( '' ),
    ( 'Aliyun' ),
    'FaSTEP 2.0',
    'Forface 3D 2012',
    '' );
FILE_SCHEMA (( 'AUTOMOTIVE_DESIGN' ));
ENDSEC;

DATA;
#1 = CARTESIAN_POINT ( 'NONE',  ( 4.178460349414661000, -4.500000000000000900, 9.085178540258281600 ) ) ;
#2 = DIRECTION ( 'NONE',  ( -0.0000000000000000000, 1.000000000000000000, 6.123233995736766000E-017 ) ) ;
#3 = DIRECTION ( 'NONE',  ( 0.0000000000000000000, 0.0000000000000000000, 1.000000000000000000 ) ) ;
#4 = CARTESIAN_POINT ( 'NONE',  ( 0.0000000000000000000, -2.000000000000000000, 0.0000000000000000000 ) ) ;
#5 = CARTESIAN_POINT ( 'NONE',  ( -4.191776784957406600, -4.333611410657233900, 8.987023473681247800 ) ) ;
#6 = DIRECTION ( 'NONE',  ( 0.0000000000000000000, 1.000000000000000000, 0.0000000000000000000 ) ) ;
#7 = DIRECTION ( 'NONE',  ( 0.0000000000000000000, -1.000000000000000000, 0.0000000000000000000 ) ) ;
#8 = CARTESIAN_POINT ( 'NONE',  ( 4.218717850584446300, -4.500000000000000000, -8.790046626563487600 ) ) ;
#9 = CARTESIAN_POINT ( 'NONE',  ( 4.205192687343669400, -4.416954607233577700, -8.888652636735178800 ) ) ;
#10 = CARTESIAN_POINT ( 'NONE',  ( 4.191776784957410100, -4.333611410657234800, -8.987023473681253100 ) ) ;
#11 = CARTESIAN_POINT ( 'NONE',  ( 4.178460349414659300, -4.249999999999999100, -9.085178540258285200 ) ) ;
#12 = CARTESIAN_POINT ( 'NONE',  ( -9.085178540258281600, -4.500000000000000900, 4.178460349414658400 ) ) ;
#13 = DIRECTION ( 'NONE',  ( -0.0000000000000000000, 1.000000000000000000, 6.123233995736766000E-017 ) ) ;
#14 = DIRECTION ( 'NONE',  ( -1.682156097916904100E-015, 0.0000000000000000000, 1.000000000000000000 ) ) ;
#15 = DIRECTION ( 'NONE',  ( -0.0000000000000000000, 1.000000000000000000, 6.123233995736766000E-017 ) ) ;
#16 = DIRECTION ( 'NONE',  ( -0.0000000000000000000, -1.000000000000000000, -0.0000000000000000000 ) ) ;
#17 = CARTESIAN_POINT ( 'NONE',  ( -9.659258262890695300, -4.500000000000000000, 2.588190451025184300 ) ) ;
#18 = DIRECTION ( 'NONE',  ( -0.0000000000000000000, -1.000000000000000000, -0.0000000000000000000 ) ) ;
#19 = CARTESIAN_POINT ( 'NONE',  ( 0.0000000000000000000, -4.500000000000000000, -5.510910596163088600E-016 ) ) ;
#20 = DIRECTION ( 'NONE',  ( -6.217248937900876600E-015, 0.0000000000000000000, 1.000000000000000000 ) ) ;
#21 = CARTESIAN_POINT ( 'NONE',  ( 2.588190451025178100, -4.500000000000000000, -9.659258262890691800 ) ) ;
#22 = DIRECTION ( 'NONE',  ( -0.0000000000000000000, -1.000000000000000000, -0.0000000000000000000 ) ) ;
#23 = DIRECTION ( 'NONE',  ( -0.0000000000000000000, 1.000000000000000000, -0.0000000000000000000 ) ) ;
#24 = CARTESIAN_POINT ( 'NONE',  ( 0.0000000000000000000, 4.500000000000000000, -7.513992767385075400E-033 ) ) ;
#25 = DIRECTION ( 'NONE',  ( 0.0000000000000000000, 1.000000000000000000, 0.0000000000000000000 ) ) ;
#26 = DIRECTION ( 'NONE',  ( 0.0000000000000000000, 0.0000000000000000000, 1.000000000000000000 ) ) ;
#27 = DIRECTION ( 'NONE',  ( 2.680936281055064800E-015, 0.0000000000000000000, 1.000000000000000000 ) ) ;
#28 = DIRECTION ( 'NONE',  ( -0.0000000000000000000, 1.000000000000000000, 6.123233995736766000E-017 ) ) ;
#29 = CARTESIAN_POINT ( 'NONE',  ( -4.178460349414656600, -4.500000000000000000, 9.085178540258278100 ) ) ;
#30 = DIRECTION ( 'NONE',  ( -0.0000000000000000000, -1.000000000000000000, -0.0000000000000000000 ) ) ;
#31 = DIRECTION ( 'NONE',  ( 0.0000000000000000000, 0.0000000000000000000, 1.000000000000000000 ) ) ;
#32 = DIRECTION ( 'NONE',  ( 0.0000000000000000000, 1.000000000000000000, 0.0000000000000000000 ) ) ;
#33 = CARTESIAN_POINT ( 'NONE',  ( 0.0000000000000000000, -2.000000000000000000, 0.0000000000000000000 ) ) ;
#34 = DIRECTION ( 'NONE',  ( 0.0000000000000000000, 1.000000000000000000, 0.0000000000000000000 ) ) ;
#35 = DIRECTION ( 'NONE',  ( 0.0000000000000000000, 0.0000000000000000000, 1.000000000000000000 ) ) ;
#36 = CARTESIAN_POINT ( 'NONE',  ( 0.0000000000000000000, 4.250000000000002700, 0.0000000000000000000 ) ) ;
#37 = CARTESIAN_POINT ( 'NONE',  ( 4.949747468305860200, -4.500000000000000000, -4.949747468305805100 ) ) ;
#38 = CARTESIAN_POINT ( 'NONE',  ( 2.588190451025183900, 4.500000000000000000, 9.659258262890691800 ) ) ;
#39 = CARTESIAN_POINT ( 'NONE',  ( 0.0000000000000000000, 4.500000000000000900, -3.000000000000001300 ) ) ;
#40 = DIRECTION ( 'NONE',  ( 0.0000000000000000000, 0.0000000000000000000, 1.000000000000000000 ) ) ;
#41 = DIRECTION ( 'NONE',  ( 0.0000000000000000000, -1.000000000000000000, 0.0000000000000000000 ) ) ;
#42 = CARTESIAN_POINT ( 'NONE',  ( 9.643109346774624100, 11.36561015129676000, 1.047209308713759100 ) ) ;
#43 = CARTESIAN_POINT ( 'NONE',  ( 9.632694132534348700, 11.31232863068719200, 1.112195300968850300 ) ) ;
#44 = CARTESIAN_POINT ( 'NONE',  ( 9.659659099842883700, 11.44550122102626900, 0.9325811124478348100 ) ) ;
#45 = CARTESIAN_POINT ( 'NONE',  ( 9.629179835997543800, 11.29400470991324000, 1.133465217545045900 ) ) ;
#46 = CARTESIAN_POINT ( 'NONE',  ( 9.622093010132591200, 11.25622899853482300, 1.175194140674637100 ) ) ;
#47 = CARTESIAN_POINT ( 'NONE',  ( 9.579867775154443900, 11.00367339287043400, 1.397916305588983200 ) ) ;
#48 = CARTESIAN_POINT ( 'NONE',  ( 9.552871832230387400, 10.80041581194312900, 1.522477052635608800 ) ) ;
#49 = CARTESIAN_POINT ( 'NONE',  ( 9.548486453263125300, 10.76257380510668700, 1.541778927336926900 ) ) ;
#50 = CARTESIAN_POINT ( 'NONE',  ( 9.721789493371941800, 11.71451165564179100, 0.1402178697863891400 ) ) ;
#51 = CARTESIAN_POINT ( 'NONE',  ( 9.708878059693606800, 11.66212088083303300, 0.4459791000089776100 ) ) ;
#52 = CARTESIAN_POINT ( 'NONE',  ( 9.607771751310407300, 11.17631764805626400, 1.255176080032403200 ) ) ;
#53 = CARTESIAN_POINT ( 'NONE',  ( 9.597152979897778400, 11.11344305422691100, 1.311269674230574500 ) ) ;
#54 = CARTESIAN_POINT ( 'NONE',  ( 9.680886053341012600, 11.54249034938875300, 0.7615311652355778400 ) ) ;
#55 = CARTESIAN_POINT ( 'NONE',  ( 9.542858196308534600, 10.71143099013080200, 1.566226833578961800 ) ) ;
#56 = CARTESIAN_POINT ( 'NONE',  ( 9.720397268909376700, 11.70892857796015600, 0.1969126197208239400 ) ) ;
#57 = CARTESIAN_POINT ( 'NONE',  ( 9.703011527923616000, 11.63769357174789800, 0.5264459891995895100 ) ) ;
#58 = CARTESIAN_POINT ( 'NONE',  ( 9.566703915018322800, 10.91070564481858300, 1.460186719156072700 ) ) ;
#59 = CARTESIAN_POINT ( 'NONE',  ( 9.600676203879558600, 11.13467258489054100, 1.292945609217234700 ) ) ;
#60 = CARTESIAN_POINT ( 'NONE',  ( 9.551394729841080200, 10.78787191371804600, 1.529005674841809700 ) ) ;
#61 = CARTESIAN_POINT ( 'NONE',  ( 9.649885740384689800, 11.39889783611884700, 1.002302788551736800 ) ) ;
#62 = CARTESIAN_POINT ( 'NONE',  ( 9.547055138146502500, 10.74981550404861100, 1.548023904347559200 ) ) ;
#63 = CARTESIAN_POINT ( 'NONE',  ( 9.535088782119384400, 10.63363394856473900, 1.599281298192596100 ) ) ;
#64 = CARTESIAN_POINT ( 'NONE',  ( 9.532671592279808000, 10.60742784467152700, 1.609415639814851400 ) ) ;
#65 = CARTESIAN_POINT ( 'NONE',  ( 9.723166349731903000, 11.72001388064001600, 0.02727891782281900400 ) ) ;
#66 = CARTESIAN_POINT ( 'NONE',  ( 9.672123050068378800, 11.50318068792505800, 0.8364457334750001700 ) ) ;
#67 = CARTESIAN_POINT ( 'NONE',  ( 9.722456552380187100, 11.71718693317589000, -0.1132521212549745800 ) ) ;
#68 = CARTESIAN_POINT ( 'NONE',  ( 9.719529201263551200, 11.70544127403271700, 0.2250998984733643100 ) ) ;
#69 = CARTESIAN_POINT ( 'NONE',  ( 9.528111393207597100, 10.55460910301810000, 1.628372205644475600 ) ) ;
#70 = CARTESIAN_POINT ( 'NONE',  ( 9.525968374870032600, 10.52799646000443400, 1.637194410736162000 ) ) ;
#71 = CARTESIAN_POINT ( 'NONE',  ( 9.586693704197456300, 11.04854625449976000, 1.364582776043717000 ) ) ;
#72 = CARTESIAN_POINT ( 'NONE',  ( 9.618515151602563800, 11.23674762011394700, 1.195682785193977700 ) ) ;
#73 = CARTESIAN_POINT ( 'NONE',  ( 9.560365768557128200, 10.86260772083018200, 1.489122168983362500 ) ) ;
#74 = CARTESIAN_POINT ( 'NONE',  ( 9.689048259921412100, 11.57825412220150700, 0.6843314406337565000 ) ) ;
#75 = CARTESIAN_POINT ( 'NONE',  ( 9.686409800746934800, 11.56678583767160400, 0.7102030473786903300 ) ) ;
#76 = CARTESIAN_POINT ( 'NONE',  ( 9.714240283028631900, 11.68402567827936500, -0.3502294099441251600 ) ) ;
#77 = CARTESIAN_POINT ( 'NONE',  ( 9.719700647987668400, 11.70613474936937100, -0.2250800495704141400 ) ) ;
#78 = CARTESIAN_POINT ( 'NONE',  ( 9.694061412740049700, 11.59984402284589100, 0.6322141075514298200 ) ) ;
#79 = CARTESIAN_POINT ( 'NONE',  ( 9.669083780899709900, 11.48932008317876800, 0.8608781799687423900 ) ) ;
#80 = CARTESIAN_POINT ( 'NONE',  ( 9.540182120194479900, 10.68563628905382700, 1.577686759584162200 ) ) ;
#81 = CARTESIAN_POINT ( 'NONE',  ( 9.520117790058781900, 10.44734628649725600, 1.661044677206113800 ) ) ;
#82 = CARTESIAN_POINT ( 'NONE',  ( 9.515165046079269800, 10.36547285802197600, 1.680959219766829000 ) ) ;
#83 = CARTESIAN_POINT ( 'NONE',  ( 9.512385645093406300, 10.31020426053070700, 1.692030615892972300 ) ) ;
#84 = CARTESIAN_POINT ( 'NONE',  ( 9.511155570333791300, 10.28235398278785000, 1.696902358891523500 ) ) ;
#85 = CARTESIAN_POINT ( 'NONE',  ( 9.509031167131874800, 10.22626710780998100, 1.705288785973667200 ) ) ;
#86 = CARTESIAN_POINT ( 'NONE',  ( 9.506707115307937900, 10.14141385484877800, 1.714411240433753000 ) ) ;
#87 = CARTESIAN_POINT ( 'NONE',  ( 9.506170837120748700, 10.11314188769227100, 1.716507966042737800 ) ) ;
#88 = CARTESIAN_POINT ( 'NONE',  ( 9.521971577750269600, 10.47436505142417000, 1.653530646208969200 ) ) ;
#89 = CARTESIAN_POINT ( 'NONE',  ( 9.722996864755989700, 11.71933778900807400, 0.05546945248876405900 ) ) ;
#90 = CARTESIAN_POINT ( 'NONE',  ( 9.611341970746494200, 11.19672132915066200, 1.235742490845768100 ) ) ;
#91 = CARTESIAN_POINT ( 'NONE',  ( 9.516714528819637300, 10.39290018651241000, 1.674758953794188900 ) ) ;
#92 = CARTESIAN_POINT ( 'NONE',  ( 9.505456069521917700, 10.05661792864231100, 1.719300760408436500 ) ) ;
#93 = CARTESIAN_POINT ( 'NONE',  ( 9.508135098610260600, 10.19793018183725600, 1.708810286836373700 ) ) ;
#94 = CARTESIAN_POINT ( 'NONE',  ( 9.505277190569504600, 10.02835799884860900, 1.719998352283063500 ) ) ;
#95 = CARTESIAN_POINT ( 'NONE',  ( 9.505276347606356400, 9.971842222641690500, 1.720001641890097900 ) ) ;
#96 = CARTESIAN_POINT ( 'NONE',  ( 9.716270549770060300, 11.69228249248137200, 0.3088220703820749300 ) ) ;
#97 = CARTESIAN_POINT ( 'NONE',  ( 9.712212373904911500, 11.67577834419976300, 0.3915760487884911200 ) ) ;
#98 = CARTESIAN_POINT ( 'NONE',  ( 9.700911780670169900, 11.62889313846536200, 0.5530785350014954000 ) ) ;
#99 = CARTESIAN_POINT ( 'NONE',  ( 9.717642986282491800, 11.69786382249656300, -0.2808101848557588200 ) ) ;
#100 = CARTESIAN_POINT ( 'NONE',  ( 9.723155722926717800, 11.71997158659413600, -0.05715204806228774800 ) ) ;
#101 = CARTESIAN_POINT ( 'NONE',  ( 9.722308273631144400, 11.71658598913916700, 0.1119455730087314900 ) ) ;
#102 = CARTESIAN_POINT ( 'NONE',  ( 9.696436737395927700, 11.60996836098419600, 0.6059625287159650100 ) ) ;
#103 = CARTESIAN_POINT ( 'NONE',  ( 9.678024443577006900, 11.52976695578200700, 0.7867697761023330100 ) ) ;
#104 = CARTESIAN_POINT ( 'NONE',  ( 9.717466122108053400, 11.69711937440536600, 0.2810433951704474600 ) ) ;
#105 = CARTESIAN_POINT ( 'NONE',  ( 9.662851820794975000, 11.46048037776211400, 0.9089458905628174900 ) ) ;
#106 = CARTESIAN_POINT ( 'NONE',  ( 9.548401638823659000, 9.237854742614770100, 1.542185547361288200 ) ) ;
#107 = CARTESIAN_POINT ( 'NONE',  ( 9.566727520364372200, 9.089974349514914600, 1.459808989094797800 ) ) ;
#108 = CARTESIAN_POINT ( 'NONE',  ( 9.690273457107615200, 8.416469593159458600, 0.6715902985214069500 ) ) ;
#109 = CARTESIAN_POINT ( 'NONE',  ( 9.701042830419103400, 8.370504105532717200, 0.5534359584741332900 ) ) ;
#110 = CARTESIAN_POINT ( 'NONE',  ( 9.712210299933151000, 8.324230105552221200, 0.3916161780481560700 ) ) ;
#111 = CARTESIAN_POINT ( 'NONE',  ( 9.560410482070109200, 9.138125628948046100, 1.488744946935045300 ) ) ;
#112 = CARTESIAN_POINT ( 'NONE',  ( 9.611268456405486700, 8.803696944201256300, 1.236144602749459600 ) ) ;
#113 = CARTESIAN_POINT ( 'NONE',  ( 9.716270809173131800, 8.307716444997819100, 0.3088178618971729200 ) ) ;
#114 = CARTESIAN_POINT ( 'NONE',  ( 9.535062533857534100, 9.366646249397604200, 1.599391670403357300 ) ) ;
#115 = CARTESIAN_POINT ( 'NONE',  ( 9.520106278155095600, 9.552826711891048800, 1.661091254062561500 ) ) ;
#116 = CARTESIAN_POINT ( 'NONE',  ( 9.542820041369502300, 9.288933061528759100, 1.566390626062803800 ) ) ;
#117 = CARTESIAN_POINT ( 'NONE',  ( 9.653109921971893200, 8.585729525687700200, 0.9792962203687791700 ) ) ;
#118 = CARTESIAN_POINT ( 'NONE',  ( 9.719530552265951000, 8.294553285840345700, 0.2250604352042751000 ) ) ;
#119 = CARTESIAN_POINT ( 'NONE',  ( 9.720398938563603200, 8.291064718129703700, 0.1968539249678040200 ) ) ;
#120 = CARTESIAN_POINT ( 'NONE',  ( 9.721790435352256000, 8.285484575114869800, 0.1401701964476233500 ) ) ;
#121 = CARTESIAN_POINT ( 'NONE',  ( 9.708873277925746900, 8.337898697232596100, 0.4460578589939316900 ) ) ;
#122 = CARTESIAN_POINT ( 'NONE',  ( 9.622013723077579100, 8.744198887338066900, 1.175653496877249800 ) ) ;
#123 = CARTESIAN_POINT ( 'NONE',  ( 9.649784404251637000, 8.601833804418367500, 1.002154642175382400 ) ) ;
#124 = CARTESIAN_POINT ( 'NONE',  ( 9.722308822171616100, 8.283411817714860300, 0.1119098227285226800 ) ) ;
#125 = CARTESIAN_POINT ( 'NONE',  ( 9.669054590925615100, 8.510813725606174900, 0.8611094932923099000 ) ) ;
#126 = CARTESIAN_POINT ( 'NONE',  ( 9.722996984428437600, 8.280661733781132100, 0.05545038900277094600 ) ) ;
#127 = CARTESIAN_POINT ( 'NONE',  ( 9.723166361109264200, 8.279986073831903300, 0.02726795131735887000 ) ) ;
#128 = CARTESIAN_POINT ( 'NONE',  ( 9.723155698994716500, 8.280028509161400800, -0.05713944557439318300 ) ) ;
#129 = CARTESIAN_POINT ( 'NONE',  ( 9.639589869012372200, 8.652391103945804600, 1.069176009571779100 ) ) ;
#130 = CARTESIAN_POINT ( 'NONE',  ( 9.505454383686796400, 9.943586376232906000, 1.719307338373556600 ) ) ;
#131 = CARTESIAN_POINT ( 'NONE',  ( 9.600619674927394000, 8.865665732852066900, 1.293241411837448900 ) ) ;
#132 = CARTESIAN_POINT ( 'NONE',  ( 9.719702338158819900, 8.293858460038675800, -0.2250250697925043600 ) ) ;
#133 = CARTESIAN_POINT ( 'NONE',  ( 9.607702991587997200, 8.824079490738952800, 1.255547098039262200 ) ) ;
#134 = CARTESIAN_POINT ( 'NONE',  ( 9.506167155746670300, 9.887078779246845500, 1.716522359156765500 ) ) ;
#135 = CARTESIAN_POINT ( 'NONE',  ( 9.632635057402632500, 8.687977110355229000, 1.112556963204630200 ) ) ;
#136 = CARTESIAN_POINT ( 'NONE',  ( 9.528093833390118000, 9.445604923218798600, 1.628444686620579300 ) ) ;
#137 = CARTESIAN_POINT ( 'NONE',  ( 9.525952831673667000, 9.472202110379756200, 1.637258236527075100 ) ) ;
#138 = CARTESIAN_POINT ( 'NONE',  ( 9.512376214967130000, 9.689998954861797700, 1.692068047583142000 ) ) ;
#139 = CARTESIAN_POINT ( 'NONE',  ( 9.506702389685495200, 9.858814750430168400, 1.714429735127901900 ) ) ;
#140 = CARTESIAN_POINT ( 'NONE',  ( 9.521959058623913600, 9.525813005548611700, 1.653581518321522800 ) ) ;
#141 = CARTESIAN_POINT ( 'NONE',  ( 9.557323761818818000, 9.162624718387933200, 1.502663828544947000 ) ) ;
#142 = CARTESIAN_POINT ( 'NONE',  ( 9.579831730290374400, 8.996568969087476800, 1.398090737401976000 ) ) ;
#143 = CARTESIAN_POINT ( 'NONE',  ( 9.684990833859400200, 8.439454673152669200, 0.7233946454960017400 ) ) ;
#144 = CARTESIAN_POINT ( 'NONE',  ( 9.722456891016175700, 8.282811721239777800, -0.1132247672392074800 ) ) ;
#145 = CARTESIAN_POINT ( 'NONE',  ( 9.717645555878421600, 8.302125832900493700, -0.2807440261898211400 ) ) ;
#146 = CARTESIAN_POINT ( 'NONE',  ( 9.540147600431190300, 9.314704091698583700, 1.577834018318312400 ) ) ;
#147 = CARTESIAN_POINT ( 'NONE',  ( 9.696547647312469200, 8.389447802307236300, 0.6063820108253524800 ) ) ;
#148 = CARTESIAN_POINT ( 'NONE',  ( 9.717466935621191100, 8.302877334665653900, 0.2810241602241320100 ) ) ;
#149 = CARTESIAN_POINT ( 'NONE',  ( 9.618420199626809700, 8.763774324774138000, 1.196221318065082900 ) ) ;
#150 = CARTESIAN_POINT ( 'NONE',  ( 9.586654066644982200, 8.951711191947655500, 1.364778134215958600 ) ) ;
#151 = CARTESIAN_POINT ( 'NONE',  ( 9.516704364699093000, 9.607273664023219700, 1.674799724590767500 ) ) ;
#152 = CARTESIAN_POINT ( 'NONE',  ( 9.569958559793773700, 9.066315072390461100, 1.444788945803406700 ) ) ;
#153 = CARTESIAN_POINT ( 'NONE',  ( 9.597101478475867300, 8.886870801472609200, 1.311535492744098500 ) ) ;
#154 = CARTESIAN_POINT ( 'NONE',  ( 9.532648679855489200, 9.392826994899175800, 1.609511395717927900 ) ) ;
#155 = CARTESIAN_POINT ( 'NONE',  ( 9.629113117725347900, 8.706345792234929000, 1.133865407385390200 ) ) ;
#156 = CARTESIAN_POINT ( 'NONE',  ( 9.659628970854409900, 8.554640879863461200, 0.9328017328105039400 ) ) ;
#157 = CARTESIAN_POINT ( 'NONE',  ( 9.662822518979490700, 8.539656508443032500, 0.9091656716948479700 ) ) ;
#158 = CARTESIAN_POINT ( 'NONE',  ( 9.515155222203068400, 9.634706902017219600, 1.680998483078017600 ) ) ;
#159 = CARTESIAN_POINT ( 'NONE',  ( 9.511146505054458800, 9.717857604898203000, 1.696938243593763200 ) ) ;
#160 = CARTESIAN_POINT ( 'NONE',  ( 9.551323761756302500, 9.212444906855228800, 1.529365405679666400 ) ) ;
#161 = CARTESIAN_POINT ( 'NONE',  ( 9.672093132434653700, 8.496955292230334000, 0.8366893927511333000 ) ) ;
#162 = CARTESIAN_POINT ( 'NONE',  ( 9.677991778857103700, 8.470379015349701400, 0.7870528275596608800 ) ) ;
#163 = CARTESIAN_POINT ( 'NONE',  ( 9.509021721632970900, 9.774010336247378900, 1.705325974653314900 ) ) ;
#164 = CARTESIAN_POINT ( 'NONE',  ( 9.508127228879049000, 9.802339942686348500, 1.708841194553685900 ) ) ;
#165 = CARTESIAN_POINT ( 'NONE',  ( 9.680850587738770900, 8.457666930569210700, 0.7618481121574804900 ) ) ;
#166 = CARTESIAN_POINT ( 'NONE',  ( 9.686344805414632800, 8.433533122064764200, 0.7104803973235578300 ) ) ;
#167 = CARTESIAN_POINT ( 'NONE',  ( 9.643024386325034700, 8.635164600005367700, 1.047094533216194700 ) ) ;
#168 = CARTESIAN_POINT ( 'NONE',  ( 9.688984636221068300, 8.422047179067307700, 0.6845911984633319400 ) ) ;
#169 = CARTESIAN_POINT ( 'NONE',  ( 9.586645117431210400, 8.952402139736507900, -1.364455241681670600 ) ) ;
#170 = CARTESIAN_POINT ( 'NONE',  ( 9.579779061465588400, 8.997735959181715900, -1.398091805246874700 ) ) ;
#171 = CARTESIAN_POINT ( 'NONE',  ( 9.597175399075693400, 8.886418192580253000, -1.311155412179807700 ) ) ;
#172 = CARTESIAN_POINT ( 'NONE',  ( 9.576404762459858900, 9.020753605150497700, -1.414307270448428100 ) ) ;
#173 = CARTESIAN_POINT ( 'NONE',  ( 9.569802283754251300, 9.067444293658262200, -1.445520123972570800 ) ) ;
#174 = CARTESIAN_POINT ( 'NONE',  ( 9.540198577422895500, 9.314201478604722700, -1.577616553841863600 ) ) ;
#175 = CARTESIAN_POINT ( 'NONE',  ( 9.529212227656296700, 9.432647120489518100, -1.623795741256635700 ) ) ;
#176 = CARTESIAN_POINT ( 'NONE',  ( 9.525927970534480600, 9.473026970330288100, -1.637345477459308100 ) ) ;
#177 = CARTESIAN_POINT ( 'NONE',  ( 9.693923741886475700, 8.400745513994406700, -0.6336944797584689300 ) ) ;
#178 = CARTESIAN_POINT ( 'NONE',  ( 9.662819375570144600, 8.539721020367334600, -0.9089475594203686400 ) ) ;
#179 = CARTESIAN_POINT ( 'NONE',  ( 9.557217420579217300, 9.163487728703641400, -1.503140236234102900 ) ) ;
#180 = CARTESIAN_POINT ( 'NONE',  ( 9.548403845109911400, 9.237843266483558600, -1.542174966525910100 ) ) ;
#181 = CARTESIAN_POINT ( 'NONE',  ( 9.629023075504859400, 8.706479214590658000, -1.135048421928468400 ) ) ;
#182 = CARTESIAN_POINT ( 'NONE',  ( 9.519856431769254000, 9.554161244138150300, -1.662171557502277300 ) ) ;
#183 = CARTESIAN_POINT ( 'NONE',  ( 9.686448218017544000, 8.432950332249941300, -0.7112597841960860400 ) ) ;
#184 = CARTESIAN_POINT ( 'NONE',  ( 9.659590063929329100, 8.554886230742955200, -0.9328702857258770500 ) ) ;
#185 = CARTESIAN_POINT ( 'NONE',  ( 9.535101253994463700, 9.366232954171730200, -1.599228849037858300 ) ) ;
#186 = CARTESIAN_POINT ( 'NONE',  ( 9.551279040695412400, 9.212836772026022900, -1.529561178852661300 ) ) ;
#187 = CARTESIAN_POINT ( 'NONE',  ( 9.528091278126268500, 9.446097840627807300, -1.628432963542722200 ) ) ;
#188 = CARTESIAN_POINT ( 'NONE',  ( 9.590149287134574200, 8.930012495628679000, -1.346968937922038200 ) ) ;
#189 = CARTESIAN_POINT ( 'NONE',  ( 9.524883376164458700, 9.486528595689474500, -1.641630202188892700 ) ) ;
#190 = CARTESIAN_POINT ( 'NONE',  ( 9.510935792341458100, 9.718902368141659300, -1.697803686851012200 ) ) ;
#191 = CARTESIAN_POINT ( 'NONE',  ( 9.508832198745645700, 9.774447325631237900, -1.706076102401340200 ) ) ;
#192 = CARTESIAN_POINT ( 'NONE',  ( 9.702887319389196500, 8.362825757707723200, -0.5280672988129753200 ) ) ;
#193 = CARTESIAN_POINT ( 'NONE',  ( 9.611339027246490500, 8.803299499598162800, -1.235754601949588400 ) ) ;
#194 = CARTESIAN_POINT ( 'NONE',  ( 9.708663141296463900, 8.338828691323307400, -0.4468945327173521900 ) ) ;
#195 = CARTESIAN_POINT ( 'NONE',  ( 9.680978621059845000, 8.456926537074974000, -0.7618861913094178200 ) ) ;
#196 = CARTESIAN_POINT ( 'NONE',  ( 9.506002767556728000, 9.886495527110318100, -1.717173852085327200 ) ) ;
#197 = CARTESIAN_POINT ( 'NONE',  ( 9.505276766307678900, 9.943011645783832000, -1.720000006473108000 ) ) ;
#198 = CARTESIAN_POINT ( 'NONE',  ( 9.542863620932646300, 9.288525626618422800, -1.566202642578643100 ) ) ;
#199 = CARTESIAN_POINT ( 'NONE',  ( 9.566573043546698700, 9.091123469031664700, -1.460523013896550100 ) ) ;
#200 = CARTESIAN_POINT ( 'NONE',  ( 9.532669654555176600, 9.392581455362613200, -1.609424361665432700 ) ) ;
#201 = CARTESIAN_POINT ( 'NONE',  ( 9.642867210371404600, 8.635947986899481100, -1.048117874068726900 ) ) ;
#202 = CARTESIAN_POINT ( 'NONE',  ( 9.639429062477587400, 8.653203987402108100, -1.070197639313504600 ) ) ;
#203 = CARTESIAN_POINT ( 'NONE',  ( 9.713522119190455900, 8.318901493536584400, -0.3640181249231947400 ) ) ;
#204 = CARTESIAN_POINT ( 'NONE',  ( 9.711189650994709800, 8.328443397520111100, -0.4055870146185880900 ) ) ;
#205 = CARTESIAN_POINT ( 'NONE',  ( 9.649657409293526600, 8.602451888931758700, -1.003019555308237300 ) ) ;
#206 = CARTESIAN_POINT ( 'NONE',  ( 9.607791687212390700, 8.823568153234871800, -1.255067769018006500 ) ) ;
#207 = CARTESIAN_POINT ( 'NONE',  ( 9.516447260894375800, 9.608762253613704700, -1.675853844547315500 ) ) ;
#208 = CARTESIAN_POINT ( 'NONE',  ( 9.775910270482302900, 9.999999999999992900, -2.105131440903070100 ) ) ;
#209 = CARTESIAN_POINT ( 'NONE',  ( 9.775910272573861800, 10.06781791692347400, -2.105131432980542600 ) ) ;
#210 = CARTESIAN_POINT ( 'NONE',  ( 9.776656308163712300, 10.13501443892798900, -2.101675398353839000 ) ) ;
#211 = CARTESIAN_POINT ( 'NONE',  ( 9.779563561107652300, 10.26829071721688200, -2.088105553523720300 ) ) ;
#212 = CARTESIAN_POINT ( 'NONE',  ( 9.781724946785294300, 10.33435670931234500, -2.077990728847581600 ) ) ;
#213 = CARTESIAN_POINT ( 'NONE',  ( 9.787387519258501800, 10.46535569928926400, -2.051154133146166900 ) ) ;
#214 = CARTESIAN_POINT ( 'NONE',  ( 9.790890825593072200, 10.53030400856427000, -2.034422421719272100 ) ) ;
#215 = CARTESIAN_POINT ( 'NONE',  ( 9.505276768341337500, 9.999999999999992900, -1.720000000000000000 ) ) ;
#216 = CARTESIAN_POINT ( 'NONE',  ( 9.700776396607778900, 8.371676199614759300, -0.5547510998959980200 ) ) ;
#217 = CARTESIAN_POINT ( 'NONE',  ( 9.560280619177834900, 9.139145183354765200, -1.489333077046513600 ) ) ;
#218 = CARTESIAN_POINT ( 'NONE',  ( 9.797086854546917000, 10.62681546639628700, -2.004294303461247500 ) ) ;
#219 = CARTESIAN_POINT ( 'NONE',  ( 9.799315298586392900, 10.65890124896846900, -1.993379768865528100 ) ) ;
#220 = CARTESIAN_POINT ( 'NONE',  ( 9.714244529757513300, 8.315957024493332700, -0.3501462209715874900 ) ) ;
#221 = CARTESIAN_POINT ( 'NONE',  ( 9.804059427108285300, 10.72254572347691100, -1.969914235368242400 ) ) ;
#222 = CARTESIAN_POINT ( 'NONE',  ( 9.806559673209855900, 10.75390481861592600, -1.957439430427395200 ) ) ;
#223 = CARTESIAN_POINT ( 'NONE',  ( 9.669115929899270200, 8.510531831847600900, -0.8606269696769315300 ) ) ;
#224 = CARTESIAN_POINT ( 'NONE',  ( 9.664411722223793100, 8.532300506362675600, -0.8969158337820076800 ) ) ;
#225 = CARTESIAN_POINT ( 'NONE',  ( 9.657953887238472000, 8.562627517880248000, -0.9447544738599883400 ) ) ;
#226 = CARTESIAN_POINT ( 'NONE',  ( 9.711995313594659500, 8.325142038805672900, -0.3917306343786208800 ) ) ;
#227 = CARTESIAN_POINT ( 'NONE',  ( 9.706830859537516800, 8.346401302402981100, -0.4741370007650849700 ) ) ;
#228 = CARTESIAN_POINT ( 'NONE',  ( 9.696294619488957900, 8.390636049281743800, -0.6075647032979633000 ) ) ;
#229 = CARTESIAN_POINT ( 'NONE',  ( 9.653009516629850900, 8.586211754119524600, -0.9800002273303883800 ) ) ;
#230 = CARTESIAN_POINT ( 'NONE',  ( 9.621963425043404100, 8.744002320718362100, -1.176433952701768200 ) ) ;
#231 = CARTESIAN_POINT ( 'NONE',  ( 9.672161115788528100, 8.496646675828445800, -0.8361334158174899000 ) ) ;
#232 = CARTESIAN_POINT ( 'NONE',  ( 9.600710488654339500, 8.865123404310780900, -1.292765287490857300 ) ) ;
#233 = CARTESIAN_POINT ( 'NONE',  ( 9.864913628553399100, 11.28561966829584100, -1.638170710078058300 ) ) ;
#234 = CARTESIAN_POINT ( 'NONE',  ( 9.884933116376240400, 11.42372270248068000, -1.512844070109995200 ) ) ;
#235 = CARTESIAN_POINT ( 'NONE',  ( 9.998587529009533600, 12.04032228379569400, 0.1716145617812746300 ) ) ;
#236 = CARTESIAN_POINT ( 'NONE',  ( 9.997155665240162700, 12.03367824742036900, 0.2410040388865599700 ) ) ;
#237 = CARTESIAN_POINT ( 'NONE',  ( 9.996262882039724600, 12.02952824710389000, 0.2755028335002182000 ) ) ;
#238 = CARTESIAN_POINT ( 'NONE',  ( 9.881280546700951500, 11.39956793180031800, -1.536502995847344400 ) ) ;
#239 = CARTESIAN_POINT ( 'NONE',  ( 9.934556742350881800, 11.71947609491343900, -1.142549843363661200 ) ) ;
#240 = CARTESIAN_POINT ( 'NONE',  ( 9.992911450473902900, 12.01386888711145000, 0.3779715407015669100 ) ) ;
#241 = CARTESIAN_POINT ( 'NONE',  ( 9.857746387722942300, 11.23255475799543200, -1.680757258234501600 ) ) ;
#242 = CARTESIAN_POINT ( 'NONE',  ( 9.823192283637906600, 10.93645033138826300, -1.872208229350488300 ) ) ;
#243 = CARTESIAN_POINT ( 'NONE',  ( 9.863106385381772900, 11.27244556653590400, -1.649014583343390900 ) ) ;
#244 = CARTESIAN_POINT ( 'NONE',  ( 9.969913407669968900, 11.90308856356521600, -0.7757810523656772900 ) ) ;
#245 = CARTESIAN_POINT ( 'NONE',  ( 9.988737730540652400, 11.99422843648932400, 0.4792552626790861900 ) ) ;
#246 = CARTESIAN_POINT ( 'NONE',  ( 9.985308481993936200, 11.97797562960048400, 0.5458398984974787100 ) ) ;
#247 = CARTESIAN_POINT ( 'NONE',  ( 9.977115387692698800, 11.93843358101214300, 0.6769203565815518100 ) ) ;
#248 = CARTESIAN_POINT ( 'NONE',  ( 9.999992657746117800, 12.04681977172666800, -0.06994917051535860800 ) ) ;
#249 = CARTESIAN_POINT ( 'NONE',  ( 9.944360558353874800, 11.77222904892816000, -1.053841109056251600 ) ) ;
#250 = CARTESIAN_POINT ( 'NONE',  ( 9.964782141417353900, 11.87750924661336100, -0.8391224633894688300 ) ) ;
#251 = CARTESIAN_POINT ( 'NONE',  ( 9.994141063054694700, 12.01962492728840100, 0.3439728415299125300 ) ) ;
#252 = CARTESIAN_POINT ( 'NONE',  ( 9.979139151652086400, 11.94824952689016900, -0.6464330103545097300 ) ) ;
#253 = CARTESIAN_POINT ( 'NONE',  ( 9.972512931333804800, 11.91591250623051200, 0.7416457972145920100 ) ) ;
#254 = CARTESIAN_POINT ( 'NONE',  ( 9.970069976618745500, 11.90386422843415200, 0.7737754623191873700 ) ) ;
#255 = CARTESIAN_POINT ( 'NONE',  ( 9.962200508523048700, 11.86452395818810300, 0.8692271886407354500 ) ) ;
#256 = CARTESIAN_POINT ( 'NONE',  ( 9.956478261912359100, 11.83539882142319800, -0.9324751718853431200 ) ) ;
#257 = CARTESIAN_POINT ( 'NONE',  ( 9.924343459706642900, 11.66279701685156500, -1.228079352367437600 ) ) ;
#258 = CARTESIAN_POINT ( 'NONE',  ( 9.953576404114837600, 11.82047033546001000, 0.9629382514100549600 ) ) ;
#259 = CARTESIAN_POINT ( 'NONE',  ( 9.947506986588424000, 11.78883184844653100, 1.023737332643857500 ) ) ;
#260 = CARTESIAN_POINT ( 'NONE',  ( 9.927788635019972200, 11.68211339717984400, -1.199935185411341100 ) ) ;
#261 = CARTESIAN_POINT ( 'NONE',  ( 9.988509061905789500, 11.99310743689245300, -0.4795576495867030500 ) ) ;
#262 = CARTESIAN_POINT ( 'NONE',  ( 9.953555706888545600, 11.82036312317772800, -0.9631503137273759200 ) ) ;
#263 = CARTESIAN_POINT ( 'NONE',  ( 9.848998017249094500, 11.16481060938058400, -1.731361631429646700 ) ) ;
#264 = CARTESIAN_POINT ( 'NONE',  ( 9.838831944132829600, 11.08158976455047700, -1.788542580797847000 ) ) ;
#265 = CARTESIAN_POINT ( 'NONE',  ( 9.811801707827552100, 10.81584157598840400, -1.930991708608018800 ) ) ;
#266 = CARTESIAN_POINT ( 'NONE',  ( 9.832345235446991800, 11.02449031800340200, -1.823751033217950300 ) ) ;
#267 = CARTESIAN_POINT ( 'NONE',  ( 9.873987237844776400, 11.35002816478803000, -1.582694779365057400 ) ) ;
#268 = CARTESIAN_POINT ( 'NONE',  ( 9.903132300620566000, 11.53904056419191300, -1.389539182314974300 ) ) ;
#269 = CARTESIAN_POINT ( 'NONE',  ( 9.979274918786936500, 11.94890637078554500, 0.6443244208144285300 ) ) ;
#270 = CARTESIAN_POINT ( 'NONE',  ( 9.964914089702288500, 11.87817157405952400, 0.8375625765561660600 ) ) ;
#271 = CARTESIAN_POINT ( 'NONE',  ( 9.956519489409862100, 11.83561157023432400, 0.9320483716075330700 ) ) ;
#272 = CARTESIAN_POINT ( 'NONE',  ( 9.944381183583958600, 11.77233729698770800, 1.053640536883502000 ) ) ;
#273 = CARTESIAN_POINT ( 'NONE',  ( 9.859524515829504000, 11.24592554242852700, -1.670297142690505100 ) ) ;
#274 = CARTESIAN_POINT ( 'NONE',  ( 9.996439210181682400, 12.03035350435902600, -0.2754785401561712400 ) ) ;
#275 = CARTESIAN_POINT ( 'NONE',  ( 9.999121079939993000, 12.04279080528097600, 0.1370117124480054200 ) ) ;
#276 = CARTESIAN_POINT ( 'NONE',  ( 9.937894050976915100, 11.73759866462897800, -1.113173346305023500 ) ) ;
#277 = CARTESIAN_POINT ( 'NONE',  ( 9.985081726109989100, 11.97681830292900100, -0.5470642732365915700 ) ) ;
#278 = CARTESIAN_POINT ( 'NONE',  ( 9.913831653065457800, 11.60243393185308700, -1.310211243511971500 ) ) ;
#279 = CARTESIAN_POINT ( 'NONE',  ( 9.820237197955496100, 10.90670283693632200, -1.887634880081682700 ) ) ;
#280 = CARTESIAN_POINT ( 'NONE',  ( 9.895869541604822600, 11.49436702103823500, -1.440195978968273200 ) ) ;
#281 = CARTESIAN_POINT ( 'NONE',  ( 9.917365716953844100, 11.62296120546435100, -1.283210545041297800 ) ) ;
#282 = CARTESIAN_POINT ( 'NONE',  ( 9.852461587147308500, 11.19216105074251300, -1.711558990943084200 ) ) ;
#283 = CARTESIAN_POINT ( 'NONE',  ( 9.947497027092683900, 11.78877925086110200, -1.023832343292716100 ) ) ;
#284 = CARTESIAN_POINT ( 'NONE',  ( 9.972354018369602000, 11.91513053053189500, -0.7437784310132993200 ) ) ;
#285 = CARTESIAN_POINT ( 'NONE',  ( 9.976966883332233100, 11.93771099853068000, -0.6791044035597724200 ) ) ;
#286 = CARTESIAN_POINT ( 'NONE',  ( 9.814541923294413600, 10.84639843890526800, -1.917026584454770900 ) ) ;
#287 = CARTESIAN_POINT ( 'NONE',  ( 9.870347580728195100, 11.32465086208639300, -1.605220785695656400 ) ) ;
#288 = CARTESIAN_POINT ( 'NONE',  ( 9.983196690924346600, 11.96780375518123100, -0.5804116041705567100 ) ) ;
#289 = CARTESIAN_POINT ( 'NONE',  ( 10.00000358711687200, 12.04687010295889100, 0.03338703929178795500 ) ) ;
#290 = CARTESIAN_POINT ( 'NONE',  ( 9.994322962891891000, 12.02051084370798300, -0.3436874122544125200 ) ) ;
#291 = CARTESIAN_POINT ( 'NONE',  ( 9.987680341163278200, 11.98917810068288700, -0.4965150519937537900 ) ) ;
#292 = CARTESIAN_POINT ( 'NONE',  ( 9.990080158273775300, 12.00053784260434900, -0.4456303158155317500 ) ) ;
#293 = CARTESIAN_POINT ( 'NONE',  ( 9.990823378135532500, 12.00404302098019100, -0.4286505479065844100 ) ) ;
#294 = CARTESIAN_POINT ( 'NONE',  ( 9.999273580470044100, 12.04350594740625800, -0.1386108146540113200 ) ) ;
#295 = CARTESIAN_POINT ( 'NONE',  ( 9.962091472337190700, 11.86397189235664800, -0.8704612501323978300 ) ) ;
#296 = CARTESIAN_POINT ( 'NONE',  ( 9.999829276577886000, 12.04606553285404600, 0.06788981886267223000 ) ) ;
#297 = CARTESIAN_POINT ( 'NONE',  ( 9.818878150788815900, 10.89230380943269500, 1.894647553669507100 ) ) ;
#298 = CARTESIAN_POINT ( 'NONE',  ( 9.814561713948684500, 10.84662504204630700, 1.916926366833246400 ) ) ;
#299 = CARTESIAN_POINT ( 'NONE',  ( 9.804085077720962700, 10.72285805885489300, 1.969785735381029500 ) ) ;
#300 = CARTESIAN_POINT ( 'NONE',  ( 9.799395041014836500, 10.66000211078190900, 1.992986934648183000 ) ) ;
#301 = CARTESIAN_POINT ( 'NONE',  ( 9.797191006825549700, 10.62833223651025900, 2.003784551692712900 ) ) ;
#302 = CARTESIAN_POINT ( 'NONE',  ( 9.779771564223700900, 10.26926490737757000, 2.087126185565514100 ) ) ;
#303 = CARTESIAN_POINT ( 'NONE',  ( 9.776829795118589000, 10.13464237115544900, 2.100857492951830000 ) ) ;
#304 = CARTESIAN_POINT ( 'NONE',  ( 9.924636537949989900, 11.66473200598844300, 1.226732042723650600 ) ) ;
#305 = CARTESIAN_POINT ( 'NONE',  ( 9.884995353095245500, 11.42413566412629300, 1.512442075778663900 ) ) ;
#306 = CARTESIAN_POINT ( 'NONE',  ( 9.787673685988892200, 10.46756346229017600, 2.049760307887258400 ) ) ;
#307 = CARTESIAN_POINT ( 'NONE',  ( 9.783221550621309600, 10.36915273407822400, 2.070899330515632900 ) ) ;
#308 = CARTESIAN_POINT ( 'NONE',  ( 9.832567760435202000, 11.02653006131247400, 1.822556917018044500 ) ) ;
#309 = CARTESIAN_POINT ( 'NONE',  ( 9.775910704732121200, 10.03374690208975500, 2.105129424239857700 ) ) ;
#310 = CARTESIAN_POINT ( 'NONE',  ( 9.917667207387157900, 11.62511862401150300, 1.281693744755727500 ) ) ;
#311 = CARTESIAN_POINT ( 'NONE',  ( 9.881323482648573600, 11.39985464797141800, 1.536227110433533200 ) ) ;
#312 = CARTESIAN_POINT ( 'NONE',  ( 9.778849982908727900, 10.23554308266727600, 2.091436198463830100 ) ) ;
#313 = CARTESIAN_POINT ( 'NONE',  ( 9.786080086496248500, 10.43492408692061300, 2.057348897911070100 ) ) ;
#314 = CARTESIAN_POINT ( 'NONE',  ( 9.776094676712174800, 10.06737709894891700, 2.104275632037418700 ) ) ;
#315 = CARTESIAN_POINT ( 'NONE',  ( 9.811809444803298400, 10.81592854416138000, 1.930952326451801100 ) ) ;
#316 = CARTESIAN_POINT ( 'NONE',  ( 9.775909837768189400, 9.966491367721369300, 2.105133450434737400 ) ) ;
#317 = CARTESIAN_POINT ( 'NONE',  ( 9.776092942878090500, 9.932866030217473600, 2.104283682898575100 ) ) ;
#318 = CARTESIAN_POINT ( 'NONE',  ( 9.777376482006673100, 9.831985154552821600, 2.098313917812167300 ) ) ;
#319 = CARTESIAN_POINT ( 'NONE',  ( 9.778841889111140200, 9.764778373931230600, 2.091474026840274700 ) ) ;
#320 = CARTESIAN_POINT ( 'NONE',  ( 9.823341299001185700, 10.93759212254171900, 1.871370883388780100 ) ) ;
#321 = CARTESIAN_POINT ( 'NONE',  ( 9.779761849793287000, 9.731065259693995300, 2.087171701297336300 ) ) ;
#322 = CARTESIAN_POINT ( 'NONE',  ( 9.906955451975704800, 11.56171195456348900, 1.361230986333785700 ) ) ;
#323 = CARTESIAN_POINT ( 'NONE',  ( 9.781947129883390000, 9.664241760016192700, 2.076905842941867400 ) ) ;
#324 = CARTESIAN_POINT ( 'NONE',  ( 9.786069982915405400, 9.565289833126247000, 2.057396952812733400 ) ) ;
#325 = CARTESIAN_POINT ( 'NONE',  ( 9.781956453268655600, 10.33601003592211300, 2.076861923165722200 ) ) ;
#326 = CARTESIAN_POINT ( 'NONE',  ( 9.793080413208514300, 10.56450918947664300, 2.023778692925161300 ) ) ;
#327 = CARTESIAN_POINT ( 'NONE',  ( 9.777381342176676400, 10.16828689285104700, 2.098291281903945600 ) ) ;
#328 = CARTESIAN_POINT ( 'NONE',  ( 9.852625026650070300, 11.19440260577325200, 1.710928817817377200 ) ) ;
#329 = CARTESIAN_POINT ( 'NONE',  ( 9.839086366110102200, 11.08376808929043600, 1.787142425630869400 ) ) ;
#330 = CARTESIAN_POINT ( 'NONE',  ( 9.820350218198303300, 10.90748658516154500, 1.887004241196966300 ) ) ;
#331 = CARTESIAN_POINT ( 'NONE',  ( 9.859645303014732000, 11.24780270907242000, 1.670131456723648300 ) ) ;
#332 = CARTESIAN_POINT ( 'NONE',  ( 9.776826008928708200, 9.865620229376714800, 2.100875108880243300 ) ) ;
#333 = CARTESIAN_POINT ( 'NONE',  ( 9.791162004948089900, 9.467849855995657600, 2.033032223916399600 ) ) ;
#334 = CARTESIAN_POINT ( 'NONE',  ( 9.793067537638561900, 9.435702703868116700, 2.023840955997021400 ) ) ;
#335 = CARTESIAN_POINT ( 'NONE',  ( 9.797175021084504100, 9.371904068433162000, 2.003862668948058500 ) ) ;
#336 = CARTESIAN_POINT ( 'NONE',  ( 9.799376981235596400, 9.340252587107741500, 1.993075645102637500 ) ) ;
#337 = CARTESIAN_POINT ( 'NONE',  ( 9.806544094001656800, 9.246289305396464500, 1.957517262607323200 ) ) ;
#338 = CARTESIAN_POINT ( 'NONE',  ( 9.811773942195984000, 9.184476519538151300, 1.931132558423435300 ) ) ;
#339 = CARTESIAN_POINT ( 'NONE',  ( 9.814522472665162300, 9.153808190770439200, 1.917126834686581700 ) ) ;
#340 = CARTESIAN_POINT ( 'NONE',  ( 9.820262988928737600, 9.093023399977559200, 1.887501908986213900 ) ) ;
#341 = CARTESIAN_POINT ( 'NONE',  ( 9.783211852001214100, 9.631089098569789900, 2.070945143671365500 ) ) ;
#342 = CARTESIAN_POINT ( 'NONE',  ( 9.937971787594985800, 11.73801714907499700, 1.112471262967104300 ) ) ;
#343 = CARTESIAN_POINT ( 'NONE',  ( 9.791173844617805600, 10.53235601747598300, 2.032975217867022600 ) ) ;
#344 = CARTESIAN_POINT ( 'NONE',  ( 9.787663232476298000, 9.532643425263334100, 2.049810207820832000 ) ) ;
#345 = CARTESIAN_POINT ( 'NONE',  ( 9.823268310318580300, 9.062784903810909400, 1.871811162863948000 ) ) ;
#346 = CARTESIAN_POINT ( 'NONE',  ( 9.804061512935879500, 9.277445208173466200, 1.969902932335809300 ) ) ;
#347 = CARTESIAN_POINT ( 'NONE',  ( 9.829439141917077900, 9.003497327445302300, 1.839130738707847900 ) ) ;
#348 = CARTESIAN_POINT ( 'NONE',  ( 9.832613747027680900, 8.974342647771948100, 1.822095229813106300 ) ) ;
#349 = CARTESIAN_POINT ( 'NONE',  ( 9.896052495240010000, 11.49495164458447900, 1.438336124825144900 ) ) ;
#350 = CARTESIAN_POINT ( 'NONE',  ( 9.892372768199702900, 11.47176819734434300, 1.463412456080463600 ) ) ;
#351 = CARTESIAN_POINT ( 'NONE',  ( 9.874025911342178200, 11.35029572540154200, 1.582453751942315600 ) ) ;
#352 = CARTESIAN_POINT ( 'NONE',  ( 9.824860457334992200, 10.95251975221943900, 1.863380413695964400 ) ) ;
#353 = CARTESIAN_POINT ( 'NONE',  ( 9.934688163739819400, 11.72019148590135600, 1.141398733143315300 ) ) ;
#354 = CARTESIAN_POINT ( 'NONE',  ( 9.870402374400754300, 11.32503192253100400, 1.604880824840339900 ) ) ;
#355 = CARTESIAN_POINT ( 'NONE',  ( 9.806571089601977300, 10.75404413890796100, 1.957382176554372400 ) ) ;
#356 = CARTESIAN_POINT ( 'NONE',  ( 9.903341096660753400, 11.53990591798237400, 1.387263527107040800 ) ) ;
#357 = CARTESIAN_POINT ( 'NONE',  ( 9.927952518184989500, 8.316974075645148900, 1.198573990381312200 ) ) ;
#358 = CARTESIAN_POINT ( 'NONE',  ( 9.947476217142154900, 8.211329972174688400, 1.024035550552613300 ) ) ;
#359 = CARTESIAN_POINT ( 'NONE',  ( 9.985087444456921100, 8.023154390848150200, -0.5469603090644279400 ) ) ;
#360 = CARTESIAN_POINT ( 'NONE',  ( 9.979147173796747000, 8.051711647445836600, -0.6463087637464718400 ) ) ;
#361 = CARTESIAN_POINT ( 'NONE',  ( 9.976976148985798400, 8.062243949040260200, -0.6789674315503706500 ) ) ;
#362 = CARTESIAN_POINT ( 'NONE',  ( 9.944351162515186400, 8.227821939635028100, 1.053923644412650100 ) ) ;
#363 = CARTESIAN_POINT ( 'NONE',  ( 9.972626999068293000, 8.083392709900499200, 0.7421592070924623000 ) ) ;
#364 = CARTESIAN_POINT ( 'NONE',  ( 9.969928386011300600, 8.096837338772234100, -0.7755873100387911100 ) ) ;
#365 = CARTESIAN_POINT ( 'NONE',  ( 9.914047523327328200, 8.396303430534889100, 1.308579089307470000 ) ) ;
#366 = CARTESIAN_POINT ( 'NONE',  ( 9.884919745659622900, 8.576362094193331800, 1.512934226017756300 ) ) ;
#367 = CARTESIAN_POINT ( 'NONE',  ( 9.924532316582404000, 8.336138669044396800, 1.226550724354863900 ) ) ;
#368 = CARTESIAN_POINT ( 'NONE',  ( 9.998588497809835800, 7.959673230687309700, 0.1715562137322412000 ) ) ;
#369 = CARTESIAN_POINT ( 'NONE',  ( 9.962240019607246900, 8.135162075799014400, -0.8705205432326813500 ) ) ;
#370 = CARTESIAN_POINT ( 'NONE',  ( 9.956614692709523600, 8.163694506491699700, -0.9324828928585107100 ) ) ;
#371 = CARTESIAN_POINT ( 'NONE',  ( 9.944414247927312500, 8.227486477280381300, -1.053333077183952200 ) ) ;
#372 = CARTESIAN_POINT ( 'NONE',  ( 9.983202994113991500, 8.032166033948730200, -0.5803027369802782300 ) ) ;
#373 = CARTESIAN_POINT ( 'NONE',  ( 9.985303564079931200, 8.022047668907646300, 0.5459362926928521500 ) ) ;
#374 = CARTESIAN_POINT ( 'NONE',  ( 9.997157382432655800, 7.966313774717712600, 0.2409322015784272400 ) ) ;
#375 = CARTESIAN_POINT ( 'NONE',  ( 9.947546136112839200, 8.210962709041659500, -1.023355082806063800 ) ) ;
#376 = CARTESIAN_POINT ( 'NONE',  ( 10.00000359881817100, 7.953129842861277300, 0.03337361723630043200 ) ) ;
#377 = CARTESIAN_POINT ( 'NONE',  ( 9.939576102416182800, 8.253391878130434700, -1.097747512522164500 ) ) ;
#378 = CARTESIAN_POINT ( 'NONE',  ( 9.937938418592228400, 8.262222520973375900, -1.112473305504613400 ) ) ;
#379 = CARTESIAN_POINT ( 'NONE',  ( 9.932934400454541900, 8.289481966638586400, -1.156297876079392100 ) ) ;
#380 = CARTESIAN_POINT ( 'NONE',  ( 9.994141899730113500, 7.980371156403586000, 0.3439492996169750700 ) ) ;
#381 = CARTESIAN_POINT ( 'NONE',  ( 9.964848654512886500, 8.122186983837059100, 0.8378804977038976100 ) ) ;
#382 = CARTESIAN_POINT ( 'NONE',  ( 9.927849254109851500, 8.317547942502237400, -1.199435634096076800 ) ) ;
#383 = CARTESIAN_POINT ( 'NONE',  ( 9.924401705833705700, 8.336874208871032400, -1.227609303325575100 ) ) ;
#384 = CARTESIAN_POINT ( 'NONE',  ( 9.966174170607798600, 8.115549482842885400, 0.8219685190812535700 ) ) ;
#385 = CARTESIAN_POINT ( 'NONE',  ( 9.994325605649104100, 7.979476845892473400, -0.3436064397627576800 ) ) ;
#386 = CARTESIAN_POINT ( 'NONE',  ( 9.992911717262682500, 7.986129848455679100, 0.3779663898794833900 ) ) ;
#387 = CARTESIAN_POINT ( 'NONE',  ( 9.903272478791091500, 8.460511190493436500, 1.387753324906621600 ) ) ;
#388 = CARTESIAN_POINT ( 'NONE',  ( 9.895970950730127700, 8.505557552934529800, 1.438898337141806500 ) ) ;
#389 = CARTESIAN_POINT ( 'NONE',  ( 9.870349406634355600, 8.675341575529234500, 1.605206163741732500 ) ) ;
#390 = CARTESIAN_POINT ( 'NONE',  ( 9.839110643545785400, 8.917041125150378300, 1.786680116660685600 ) ) ;
#391 = CARTESIAN_POINT ( 'NONE',  ( 9.892275112758673200, 8.528852933333031000, 1.464071573800753900 ) ) ;
#392 = CARTESIAN_POINT ( 'NONE',  ( 9.937941651500487700, 8.262145749773656800, 1.112740256089870900 ) ) ;
#393 = CARTESIAN_POINT ( 'NONE',  ( 9.956483014033747000, 8.164575597815511900, 0.9324362872647326000 ) ) ;
#394 = CARTESIAN_POINT ( 'NONE',  ( 9.934617162241110600, 8.280269593774546500, -1.141752656259169600 ) ) ;
#395 = CARTESIAN_POINT ( 'NONE',  ( 9.917418176895077800, 8.376735608983901600, -1.282805750275909400 ) ) ;
#396 = CARTESIAN_POINT ( 'NONE',  ( 9.913882138321364200, 8.397270787172351100, -1.309829475871620500 ) ) ;
#397 = CARTESIAN_POINT ( 'NONE',  ( 9.917579827950250500, 8.375803354174420800, 1.281553269459961400 ) ) ;
#398 = CARTESIAN_POINT ( 'NONE',  ( 9.987685888743124400, 8.010795567680839100, -0.4964034747067944700 ) ) ;
#399 = CARTESIAN_POINT ( 'NONE',  ( 9.972366767056820800, 8.084806760815640200, -0.7436067205206284800 ) ) ;
#400 = CARTESIAN_POINT ( 'NONE',  ( 9.977250168679971100, 8.060849120567134200, 0.6773578120398564600 ) ) ;
#401 = CARTESIAN_POINT ( 'NONE',  ( 9.999273928747646400, 7.956492451306465000, -0.1385773357013206600 ) ) ;
#402 = CARTESIAN_POINT ( 'NONE',  ( 9.960741140920465100, 8.142902444108518300, 0.8853725653573082400 ) ) ;
#403 = CARTESIAN_POINT ( 'NONE',  ( 9.881252765204683500, 8.600617959567275200, 1.536681204428524300 ) ) ;
#404 = CARTESIAN_POINT ( 'NONE',  ( 9.953542809367562000, 8.179703374734284400, 0.9632846819462215200 ) ) ;
#405 = CARTESIAN_POINT ( 'NONE',  ( 9.962133662648694700, 8.135855613834978700, 0.8695666410180805700 ) ) ;
#406 = CARTESIAN_POINT ( 'NONE',  ( 9.906894694861417600, 8.438651886802029300, 1.361673629673079600 ) ) ;
#407 = CARTESIAN_POINT ( 'NONE',  ( 9.988735597518925100, 8.005781618978801400, 0.4793043774270018300 ) ) ;
#408 = CARTESIAN_POINT ( 'NONE',  ( 9.999121644098472900, 7.957206584806995900, 0.1369679571928400200 ) ) ;
#409 = CARTESIAN_POINT ( 'NONE',  ( 9.999829399657635100, 7.953933899250246900, 0.06786648680235873900 ) ) ;
#410 = CARTESIAN_POINT ( 'NONE',  ( 9.873967772902078700, 8.650106883252053800, 1.582815788800515200 ) ) ;
#411 = CARTESIAN_POINT ( 'NONE',  ( 9.859604536904944500, 8.752503660220440900, 1.670370558253078600 ) ) ;
#412 = CARTESIAN_POINT ( 'NONE',  ( 9.934657176921138700, 8.279977618584332800, 1.141668753411777100 ) ) ;
#413 = CARTESIAN_POINT ( 'NONE',  ( 9.999992633132722000, 7.953180342225399700, -0.06993374615868075400 ) ) ;
#414 = CARTESIAN_POINT ( 'NONE',  ( 9.988514490106071600, 8.006866847960719000, -0.4794444620902914000 ) ) ;
#415 = CARTESIAN_POINT ( 'NONE',  ( 9.852587955519407400, 8.805885812507312900, 1.711142307290633100 ) ) ;
#416 = CARTESIAN_POINT ( 'NONE',  ( 9.842433676878942000, 8.888885848295654300, 1.768296880976823600 ) ) ;
#417 = CARTESIAN_POINT ( 'NONE',  ( 9.996440948475260800, 7.969638414625000800, -0.2754112496567034900 ) ) ;
#418 = CARTESIAN_POINT ( 'NONE',  ( 9.990827745776963200, 7.995936394780392800, -0.4285487317890540000 ) ) ;
#419 = CARTESIAN_POINT ( 'NONE',  ( 9.996264271507760300, 7.970465278975580300, 0.2754545338673554100 ) ) ;
#420 = CARTESIAN_POINT ( 'NONE',  ( 9.990084766792241700, 7.999440404673706000, -0.4455267440897894300 ) ) ;
#421 = CARTESIAN_POINT ( 'NONE',  ( 9.779566930825062300, 9.731585290673168100, -2.088089792871046700 ) ) ;
#422 = CARTESIAN_POINT ( 'NONE',  ( 9.776656940290957100, 9.864926141165046400, -2.101672479954474600 ) ) ;
#423 = CARTESIAN_POINT ( 'NONE',  ( 9.790905044955106700, 9.469437990949318300, -2.034354422020312900 ) ) ;
#424 = CARTESIAN_POINT ( 'NONE',  ( 9.775910268390745700, 9.932182083076512000, -2.105131448825598100 ) ) ;
#425 = CARTESIAN_POINT ( 'NONE',  ( 0.0000000000000000000, -4.500000000000000900, 0.0000000000000000000 ) ) ;
#426 = DIRECTION ( 'NONE',  ( 0.0000000000000000000, 1.000000000000000000, 0.0000000000000000000 ) ) ;
#427 = DIRECTION ( 'NONE',  ( 0.0000000000000000000, -1.000000000000000000, 0.0000000000000000000 ) ) ;
#428 = DIRECTION ( 'NONE',  ( 0.0000000000000000000, 0.0000000000000000000, 1.000000000000000000 ) ) ;
#429 = CARTESIAN_POINT ( 'NONE',  ( 9.863199273040947900, 8.726681535603587400, -1.648573640197480000 ) ) ;
#430 = CARTESIAN_POINT ( 'NONE',  ( 9.832480186689219100, 8.975555949278957600, -1.822815050271823400 ) ) ;
#431 = CARTESIAN_POINT ( 'NONE',  ( 0.0000000000000000000, 15.00000000000000000, 0.0000000000000000000 ) ) ;
#432 = DIRECTION ( 'NONE',  ( 0.0000000000000000000, -1.000000000000000000, 0.0000000000000000000 ) ) ;
#433 = CARTESIAN_POINT ( 'NONE',  ( 9.804083084825588700, 9.277153008475457000, -1.969796410172815600 ) ) ;
#434 = CARTESIAN_POINT ( 'NONE',  ( 4.949747468305860200, -4.999999999999999100, -4.949747468305805100 ) ) ;
#435 = CARTESIAN_POINT ( 'NONE',  ( 9.859595332889895800, 8.753325909614517300, -1.669975365679594600 ) ) ;
#436 = CARTESIAN_POINT ( 'NONE',  ( 9.829329772937933600, 9.004524336607309100, -1.839713820571438300 ) ) ;
#437 = DIRECTION ( 'NONE',  ( -0.0000000000000000000, 1.000000000000000000, 6.123233995736766000E-017 ) ) ;
#438 = CARTESIAN_POINT ( 'NONE',  ( 9.787398808432071100, 9.534414893250081800, -2.051100359601409900 ) ) ;
#439 = DIRECTION ( 'NONE',  ( 0.0000000000000000000, 0.0000000000000000000, 1.000000000000000000 ) ) ;
#440 = DIRECTION ( 'NONE',  ( -0.0000000000000000000, -1.000000000000000000, -0.0000000000000000000 ) ) ;
#441 = CARTESIAN_POINT ( 'NONE',  ( 9.881343986164004900, 8.600009452007304500, -1.536094547106905600 ) ) ;
#442 = CARTESIAN_POINT ( 'NONE',  ( 9.799374353218471600, 9.340839174180700900, -1.993061297067873400 ) ) ;
#443 = CARTESIAN_POINT ( 'NONE',  ( 9.895919220614228400, 8.505323632533262000, -1.439853547661807300 ) ) ;
#444 = CARTESIAN_POINT ( 'NONE',  ( 9.852533787111871900, 8.807274567076117200, -1.711143614240877600 ) ) ;
#445 = DIRECTION ( 'NONE',  ( 0.0000000000000000000, 0.0000000000000000000, -1.000000000000000000 ) ) ;
#446 = CARTESIAN_POINT ( 'NONE',  ( 9.775910270482302900, 9.999999999999992900, -2.105131440903070100 ) ) ;
#447 = CARTESIAN_POINT ( 'NONE',  ( 2.055498154690722900, 9.967486547231553500, 9.786466528139705200 ) ) ;
#448 = CARTESIAN_POINT ( 'NONE',  ( 9.811826370600641700, 9.183878394298139000, -1.930866400687010000 ) ) ;
#449 = CARTESIAN_POINT ( 'NONE',  ( 9.806583916575315000, 9.245797471201951700, -1.957317983319086800 ) ) ;
#450 = CARTESIAN_POINT ( 'NONE',  ( 9.797149452100892800, 9.372885677471847600, -2.003969444313982200 ) ) ;
#451 = CARTESIAN_POINT ( 'NONE',  ( 9.903179872895508500, 8.460669967253274100, -1.389201232528415100 ) ) ;
#452 = CARTESIAN_POINT ( 'NONE',  ( 9.814567293022275200, 9.153323330533670100, -1.916896759138245500 ) ) ;
#453 = PLANE ( 'NONE',  #4097 ) ;
#454 = CARTESIAN_POINT ( 'NONE',  ( 4.829629131445337900, -4.500000000000000000, -1.294095225512611900 ) ) ;
#455 = CARTESIAN_POINT ( 'NONE',  ( 0.0000000000000000000, -4.500000000000000000, 0.0000000000000000000 ) ) ;
#456 = DIRECTION ( 'NONE',  ( 0.0000000000000000000, -0.0000000000000000000, -1.000000000000000000 ) ) ;
#457 = DIRECTION ( 'NONE',  ( 0.0000000000000000000, 0.0000000000000000000, -1.000000000000000000 ) ) ;
#458 = CARTESIAN_POINT ( 'NONE',  ( 2.055497237152815500, 9.999999999999994700, 9.786466732588284100 ) ) ;
#459 = CARTESIAN_POINT ( 'NONE',  ( 2.054668949329133900, 9.934870986518507900, 9.786640813961877700 ) ) ;
#460 = CARTESIAN_POINT ( 'NONE',  ( 2.052167917711681600, 9.885883310313877500, 9.787165450624355500 ) ) ;
#461 = CARTESIAN_POINT ( 'NONE',  ( 2.051122786302475900, 9.869527955314314500, 9.787384582358370700 ) ) ;
#462 = CARTESIAN_POINT ( 'NONE',  ( 2.048607358669165500, 9.836778872415049300, 9.787911398505137600 ) ) ;
#463 = CARTESIAN_POINT ( 'NONE',  ( 9.874061172270408800, 8.649461495392317900, -1.582233053723896400 ) ) ;
#464 = CARTESIAN_POINT ( 'NONE',  ( 2.047136944050633700, 9.820395900938601500, 9.788219105048426600 ) ) ;
#465 = CARTESIAN_POINT ( 'NONE',  ( 2.042111169866231100, 9.771468512505457200, 9.789269314503222600 ) ) ;
#466 = CARTESIAN_POINT ( 'NONE',  ( 2.037938740262247500, 9.739056595333767800, 9.790139506378906700 ) ) ;
#467 = CARTESIAN_POINT ( 'NONE',  ( 9.842272951360174100, 8.890229656783741800, -1.769191779902769000 ) ) ;
#468 = CARTESIAN_POINT ( 'NONE',  ( 9.838951768476157200, 8.918408613174770800, -1.787554021346590800 ) ) ;
#469 = CARTESIAN_POINT ( 'NONE',  ( 9.823222315963141300, 9.063251235572005600, -1.872050772318320200 ) ) ;
#470 = CARTESIAN_POINT ( 'NONE',  ( 9.800527218336483800, 9.324832398174885700, -1.987385737513871500 ) ) ;
#471 = CARTESIAN_POINT ( 'NONE',  ( 9.884992325788132900, 8.575889122733716600, -1.512456898723701000 ) ) ;
#472 = CARTESIAN_POINT ( 'NONE',  ( 9.870425431895764500, 8.674802956846811200, -1.604740977959168800 ) ) ;
#473 = CARTESIAN_POINT ( 'NONE',  ( 9.820265258032172500, 9.093009743024206100, -1.887488958957750200 ) ) ;
#474 = CARTESIAN_POINT ( 'NONE',  ( 9.781730417774324900, 9.665485060825625800, -2.077965070739320500 ) ) ;
#475 = CARTESIAN_POINT ( 'NONE',  ( 9.849063415326861900, 8.834666282866335200, -1.730989943092322800 ) ) ;
#476 = CARTESIAN_POINT ( 'NONE',  ( 9.796075116121132400, 9.388953032275473700, -2.009213577304295800 ) ) ;
#477 = CARTESIAN_POINT ( 'NONE',  ( 1.779215852113376300, 9.005460681154904300, 9.840462249595118400 ) ) ;
#478 = CARTESIAN_POINT ( 'NONE',  ( 1.744759655575049100, 8.950072007846152600, 9.846629882591701100 ) ) ;
#479 = CARTESIAN_POINT ( 'NONE',  ( 2.022192653466215800, 9.642640864334202500, 9.793405023187094800 ) ) ;
#480 = CARTESIAN_POINT ( 'NONE',  ( 0.1339900875531677700, 8.018924588813822800, 9.999158701576250900 ) ) ;
#481 = CARTESIAN_POINT ( 'NONE',  ( 1.609874201991477800, 8.765351560458247700, 9.869588218518103400 ) ) ;
#482 = CARTESIAN_POINT ( 'NONE',  ( 0.06681955857951955800, 8.015752201488027100, 9.999833160165684000 ) ) ;
#483 = CARTESIAN_POINT ( 'NONE',  ( 1.029443541115466500, 8.280610437203673500, 9.947052558329565000 ) ) ;
#484 = CARTESIAN_POINT ( 'NONE',  ( 0.6619142518824325800, 8.119593208245126100, 9.978276083411993000 ) ) ;
#485 = CARTESIAN_POINT ( 'NONE',  ( -0.1344932772923525500, 8.018157221142066900, 9.999319774113283500 ) ) ;
#486 = CARTESIAN_POINT ( 'NONE',  ( 1.956807509596314900, 9.391445244898520200, 9.806681557893606200 ) ) ;
#487 = CARTESIAN_POINT ( 'NONE',  ( -0.2684785736125445700, 8.031703512663977300, 9.996451280555714200 ) ) ;
#488 = CARTESIAN_POINT ( 'NONE',  ( 1.252102476367238100, 8.424437164050088400, 9.921438993621741500 ) ) ;
#489 = CARTESIAN_POINT ( 'NONE',  ( 1.355386570353959200, 8.506268305055352000, 9.907857536291496500 ) ) ;
#490 = CARTESIAN_POINT ( 'NONE',  ( -0.3354124175889413000, 8.041506454523863900, 9.994387333212904100 ) ) ;
#491 = CARTESIAN_POINT ( 'NONE',  ( -0.3856054559814812200, 8.050141803048283900, 9.992576594658869400 ) ) ;
#492 = CARTESIAN_POINT ( 'NONE',  ( 1.726850875267932100, 8.922814147191566300, 9.849788930555286400 ) ) ;
#493 = CARTESIAN_POINT ( 'NONE',  ( -0.3688663274688225900, 8.047123979901408900, 9.993208606500806100 ) ) ;
#494 = CARTESIAN_POINT ( 'NONE',  ( 1.842662780949400900, 9.119765826512910700, 9.828774595537522500 ) ) ;
#495 = CARTESIAN_POINT ( 'NONE',  ( 0.4354201540970312800, 8.059742730313516300, 9.990570965655148700 ) ) ;
#496 = CARTESIAN_POINT ( 'NONE',  ( -0.4685288091933046400, 8.066949954499941500, 9.989071645379725700 ) ) ;
#497 = CARTESIAN_POINT ( 'NONE',  ( 1.689674816399754600, 8.869167060726987000, 9.856234316111578400 ) ) ;
#498 = CARTESIAN_POINT ( 'NONE',  ( 1.405037431396434200, 8.549671406353825300, 9.900917899389595400 ) ) ;
#499 = CARTESIAN_POINT ( 'NONE',  ( 0.8489045194346944700, 8.191003139343667500, 9.964096873927287500 ) ) ;
#500 = CARTESIAN_POINT ( 'NONE',  ( 0.5657625912997196200, 8.091367507884891500, 9.984034426034812200 ) ) ;
#501 = CARTESIAN_POINT ( 'NONE',  ( 1.986092754721704000, 9.484440823073187600, 9.800807757831085700 ) ) ;
#502 = CARTESIAN_POINT ( 'NONE',  ( 1.871598381523278800, 9.178667236854599000, 9.823305803670782800 ) ) ;
#503 = CARTESIAN_POINT ( 'NONE',  ( 2.027979280583204000, 9.674643286175722800, 9.792207407302411700 ) ) ;
#504 = CARTESIAN_POINT ( 'NONE',  ( 1.946250925081345300, 9.360647078461214600, 9.808783890575139000 ) ) ;
#505 = CARTESIAN_POINT ( 'NONE',  ( 1.885412972977393600, 9.208679030458712900, 9.820661550161283100 ) ) ;
#506 = CARTESIAN_POINT ( 'NONE',  ( 1.795763285476065500, 9.033591481314369200, 9.837453648766416600 ) ) ;
#507 = CARTESIAN_POINT ( 'NONE',  ( 1.567224762432401200, 8.715193781151976200, 9.876450426492619200 ) ) ;
#508 = CARTESIAN_POINT ( 'NONE',  ( 0.3691672830360951400, 8.046973455108085800, 9.993238457375488400 ) ) ;
#509 = CARTESIAN_POINT ( 'NONE',  ( 1.545222027690115000, 8.690569192414040200, 9.879919922193678900 ) ) ;
#510 = CARTESIAN_POINT ( 'NONE',  ( 0.5334460417081397000, 8.082706796585196000, 9.985814929753525200 ) ) ;
#511 = CARTESIAN_POINT ( 'NONE',  ( 1.911370769083542200, 9.269063250589505600, 9.815642410004487700 ) ) ;
#512 = CARTESIAN_POINT ( 'NONE',  ( 0.9098272003007363800, 8.218810166827195100, 9.958706130840942800 ) ) ;
#513 = CARTESIAN_POINT ( 'NONE',  ( 1.499749978504108600, 8.642155986943016900, 9.886924678842010600 ) ) ;
#514 = CARTESIAN_POINT ( 'NONE',  ( 0.4682753761196109000, 8.066894529579306200, 9.989083172641533900 ) ) ;
#515 = CARTESIAN_POINT ( 'NONE',  ( 2.002442135407259900, 9.547238037012233400, 9.797469388088170900 ) ) ;
#516 = CARTESIAN_POINT ( 'NONE',  ( 1.670407541600896600, 8.842777834229050200, 9.859520669173759800 ) ) ;
#517 = CARTESIAN_POINT ( 'NONE',  ( 0.7249531488368170500, 8.141396836703291800, 9.973881259274262900 ) ) ;
#518 = CARTESIAN_POINT ( 'NONE',  ( 0.3357452739884070300, 8.041352455960350200, 9.994418894959318700 ) ) ;
#519 = CARTESIAN_POINT ( 'NONE',  ( 1.087125314407180000, 8.314078218513515100, 9.940890175495974600 ) ) ;
#520 = CARTESIAN_POINT ( 'NONE',  ( 0.2684298461173013100, 8.031693728106379400, 9.996453332741136700 ) ) ;
#521 = CARTESIAN_POINT ( 'NONE',  ( 0.2348169032603103800, 8.027694374680562500, 9.997299203292287800 ) ) ;
#522 = CARTESIAN_POINT ( 'NONE',  ( 0.1675894824902395600, 8.021308711157699300, 9.998652114429694000 ) ) ;
#523 = CARTESIAN_POINT ( 'NONE',  ( 0.03324842577050959200, 8.014964007986789000, 10.00000103025220500 ) ) ;
#524 = CARTESIAN_POINT ( 'NONE',  ( 1.198459484909297300, 8.385993475265220100, 9.928083178080539600 ) ) ;
#525 = CARTESIAN_POINT ( 'NONE',  ( 1.476428464431726000, 8.618526982684304700, 9.890436885334969100 ) ) ;
#526 = CARTESIAN_POINT ( 'NONE',  ( -0.06742283625858508400, 8.014978486624864100, 9.999997925204796800 ) ) ;
#527 = CARTESIAN_POINT ( 'NONE',  ( -0.2349769781854186000, 8.027713514379359000, 9.997295166734421200 ) ) ;
#528 = CARTESIAN_POINT ( 'NONE',  ( -0.3186735945507410100, 8.038901543788831800, 9.994935131283984500 ) ) ;
#529 = CARTESIAN_POINT ( 'NONE',  ( -0.5339171412228351800, 8.082827231640173700, 9.985790109248137400 ) ) ;
#530 = CARTESIAN_POINT ( 'NONE',  ( 1.630507221908749700, 8.790870091086763000, 9.866197612400784000 ) ) ;
#531 = CARTESIAN_POINT ( 'NONE',  ( -0.4355462071925931300, 8.059766767269215000, 9.990565938926172500 ) ) ;
#532 = CARTESIAN_POINT ( 'NONE',  ( 1.827483692730290000, 9.090736824182950900, 9.831610419839353900 ) ) ;
#533 = CARTESIAN_POINT ( 'NONE',  ( -0.5663173930873249800, 8.091519893468007000, 9.984003164299917200 ) ) ;
#534 = CARTESIAN_POINT ( 'NONE',  ( -0.6626492726430278600, 8.119830240861450200, 9.978228078219265400 ) ) ;
#535 = CARTESIAN_POINT ( 'NONE',  ( -0.7257138256532070800, 8.141675482113308600, 9.973825581409970600 ) ) ;
#536 = CARTESIAN_POINT ( 'NONE',  ( 1.923532302961111800, 9.299454669413702100, 9.813264365607532000 ) ) ;
#537 = CARTESIAN_POINT ( 'NONE',  ( -1.923610099671549100, 10.70257449615128400, 9.813277274303198200 ) ) ;
#538 = CARTESIAN_POINT ( 'NONE',  ( -1.842659849728043500, 10.88023436968132000, 9.828775040807306200 ) ) ;
#539 = CARTESIAN_POINT ( 'NONE',  ( -1.087126410566060700, 8.315005805871344100, 9.940774580174636600 ) ) ;
#540 = CARTESIAN_POINT ( 'NONE',  ( -1.355605721454450800, 8.507497935845407300, 9.907722199794596600 ) ) ;
#541 = CARTESIAN_POINT ( 'NONE',  ( -1.946475192175877400, 9.361277782867778900, 9.808739429403006600 ) ) ;
#542 = CARTESIAN_POINT ( 'NONE',  ( -1.429436436342993200, 8.573183498396817400, 9.897337393966461500 ) ) ;
#543 = CARTESIAN_POINT ( 'NONE',  ( -1.957071764370253100, 9.392229600000293400, 9.806628873869293300 ) ) ;
#544 = CARTESIAN_POINT ( 'NONE',  ( -1.976659091219697100, 9.454540608500783700, 9.802699558174973400 ) ) ;
#545 = CARTESIAN_POINT ( 'NONE',  ( -1.923675602802945400, 9.299814416703615200, 9.813236333096712700 ) ) ;
#546 = CARTESIAN_POINT ( 'NONE',  ( -2.051511610309877400, 9.872230741877732600, 9.787303143987204000 ) ) ;
#547 = CARTESIAN_POINT ( 'NONE',  ( -0.9100220536559271400, 8.219811972709626600, 9.958553614720075900 ) ) ;
#548 = CARTESIAN_POINT ( 'NONE',  ( -2.054746067448616200, 9.937242442057057100, 9.786624614228557600 ) ) ;
#549 = CARTESIAN_POINT ( 'NONE',  ( -1.671643682835132600, 8.843094097426664700, 9.859362452530973500 ) ) ;
#550 = CARTESIAN_POINT ( 'NONE',  ( -2.009431002280582100, 9.580832869213049100, 9.796031455961832900 ) ) ;
#551 = CARTESIAN_POINT ( 'NONE',  ( -2.027978746590338500, 10.32536183709901300, 9.792207518400337200 ) ) ;
#552 = CARTESIAN_POINT ( 'NONE',  ( -2.042478781834922200, 9.774548603381299800, 9.789192601765433800 ) ) ;
#553 = CARTESIAN_POINT ( 'NONE',  ( -2.022164435197454600, 10.35754094906077900, 9.793410910519964900 ) ) ;
#554 = CARTESIAN_POINT ( 'NONE',  ( -1.278684348061061000, 8.445478327321073000, 9.917945558566948700 ) ) ;
#555 = CARTESIAN_POINT ( 'NONE',  ( -1.871727841126538800, 9.178948403512581700, 9.823281030981295500 ) ) ;
#556 = CARTESIAN_POINT ( 'NONE',  ( -2.012160688402146600, 10.40579413469889400, 9.795469412039802000 ) ) ;
#557 = CARTESIAN_POINT ( 'NONE',  ( -2.008612195554461400, 10.42186979399642500, 9.796197816033068100 ) ) ;
#558 = CARTESIAN_POINT ( 'NONE',  ( -2.049061357969783200, 9.839677655585244800, 9.787816855359720200 ) ) ;
#559 = CARTESIAN_POINT ( 'NONE',  ( -2.001130125027599700, 10.45382000275849400, 9.797728960459014800 ) ) ;
#560 = CARTESIAN_POINT ( 'NONE',  ( -1.975740364802619300, 10.54854972979214800, 9.802884789584284800 ) ) ;
#561 = CARTESIAN_POINT ( 'NONE',  ( -1.885034932462328100, 10.79214400456355700, 9.820733909069570400 ) ) ;
#562 = CARTESIAN_POINT ( 'NONE',  ( -0.8492594746508513900, 8.192027595657997100, 9.963919336802753400 ) ) ;
#563 = CARTESIAN_POINT ( 'NONE',  ( -1.842891219642464700, 9.120213442198561900, 9.828731721746393600 ) ) ;
#564 = CARTESIAN_POINT ( 'NONE',  ( -2.028390413144770800, 9.677027418136185900, 9.792122243917065200 ) ) ;
#565 = CARTESIAN_POINT ( 'NONE',  ( -2.038323963230439500, 9.741846261655684500, 9.790059304137880500 ) ) ;
#566 = CARTESIAN_POINT ( 'NONE',  ( -1.871418304051220000, 10.82170507679942200, 9.823339946328804500 ) ) ;
#567 = CARTESIAN_POINT ( 'NONE',  ( -2.055532345714036400, 9.969713183144145700, 9.786459348529664500 ) ) ;
#568 = CARTESIAN_POINT ( 'NONE',  ( -2.042092531122650100, 10.22864544785577200, 9.789273178759748000 ) ) ;
#569 = CARTESIAN_POINT ( 'NONE',  ( -1.171312159593849800, 8.368472653528078500, 9.931204137872576600 ) ) ;
#570 = CARTESIAN_POINT ( 'NONE',  ( -1.405169868987804500, 8.550880261939500600, 9.900814296858012400 ) ) ;
#571 = CARTESIAN_POINT ( 'NONE',  ( -1.476928339151434300, 8.619030040548638600, 9.890361911202026200 ) ) ;
#572 = CARTESIAN_POINT ( 'NONE',  ( -1.500147887362868400, 8.642567703160352700, 9.886864177428401800 ) ) ;
#573 = CARTESIAN_POINT ( 'NONE',  ( -1.115545733985141600, 8.332421717230127800, 9.937622726705400900 ) ) ;
#574 = CARTESIAN_POINT ( 'NONE',  ( -1.567490650776898000, 8.715802861737788700, 9.876390918330395500 ) ) ;
#575 = CARTESIAN_POINT ( 'NONE',  ( -1.745935372909379200, 8.950407930573758700, 9.846478138464803500 ) ) ;
#576 = CARTESIAN_POINT ( 'NONE',  ( -1.827770308445908700, 9.091277036025696000, 9.831557065312502200 ) ) ;
#577 = CARTESIAN_POINT ( 'NONE',  ( -1.885436012554464700, 9.208729539109658200, 9.820657134087314300 ) ) ;
#578 = CARTESIAN_POINT ( 'NONE',  ( -1.029271470492197500, 8.281452396764606800, 9.946931672911777200 ) ) ;
#579 = CARTESIAN_POINT ( 'NONE',  ( -1.985651991192936000, 9.485904829794089100, 9.800880371946146100 ) ) ;
#580 = CARTESIAN_POINT ( 'NONE',  ( -1.534199985375210600, 8.678840352867185400, 9.881617409248097100 ) ) ;
#581 = CARTESIAN_POINT ( 'NONE',  ( -2.002037943010050600, 9.549050961286079400, 9.797546324823578300 ) ) ;
#582 = CARTESIAN_POINT ( 'NONE',  ( -1.252358166930590500, 8.425616857163783300, 9.921306898990092500 ) ) ;
#583 = CARTESIAN_POINT ( 'NONE',  ( -2.022607128486045200, 9.644817602476097200, 9.793319439666234400 ) ) ;
#584 = CARTESIAN_POINT ( 'NONE',  ( -1.578350773817857300, 8.728267886490227700, 9.874660891183737000 ) ) ;
#585 = CARTESIAN_POINT ( 'NONE',  ( -1.545425067242411900, 8.691098647982116200, 9.879867728804910600 ) ) ;
#586 = CARTESIAN_POINT ( 'NONE',  ( -1.631738398784373200, 8.791108418824332900, 9.866067784967423600 ) ) ;
#587 = CARTESIAN_POINT ( 'NONE',  ( -1.911447213463818300, 9.269244172286125400, 9.815627590065091100 ) ) ;
#588 = CARTESIAN_POINT ( 'NONE',  ( -2.055423405829354300, 10.06702112254840900, 9.786482259812775200 ) ) ;
#589 = CARTESIAN_POINT ( 'NONE',  ( -0.8185886627021621300, 8.178883608231586800, 9.966487703900366300 ) ) ;
#590 = CARTESIAN_POINT ( 'NONE',  ( -0.9997050226429166100, 8.265250571894020100, 9.949949181244992500 ) ) ;
#591 = CARTESIAN_POINT ( 'NONE',  ( -0.9401189639922485900, 8.234455920669740100, 9.955755601577317600 ) ) ;
#592 = CARTESIAN_POINT ( 'NONE',  ( -1.330308125229456900, 8.486418868096798500, 9.911153217583056100 ) ) ;
#593 = CARTESIAN_POINT ( 'NONE',  ( -2.052065773916119400, 10.13175425342346800, 9.787189214328670100 ) ) ;
#594 = CARTESIAN_POINT ( 'NONE',  ( -1.997189767986070400, 10.46972844147872000, 9.798533096508688100 ) ) ;
#595 = CARTESIAN_POINT ( 'NONE',  ( -1.946300619135500100, 10.64167488678005200, 9.808787618967972600 ) ) ;
#596 = CARTESIAN_POINT ( 'NONE',  ( -1.780329302926187100, 9.005739674078659700, 9.840297845192612400 ) ) ;
#597 = CARTESIAN_POINT ( 'NONE',  ( -2.037944001163549700, 10.26090770907997100, 9.790138413823857600 ) ) ;
#598 = CARTESIAN_POINT ( 'NONE',  ( -1.198672064895310000, 8.387114028232211600, 9.927936179844817100 ) ) ;
#599 = CARTESIAN_POINT ( 'NONE',  ( -1.984789757287496400, 10.51719539650606600, 9.801055083052993700 ) ) ;
#600 = CARTESIAN_POINT ( 'NONE',  ( -1.276735552112305600, 11.55602232828090500, 9.918197450730506400 ) ) ;
#601 = CARTESIAN_POINT ( 'NONE',  ( -1.250175441130930900, 11.57600305015620500, 9.921582576005501900 ) ) ;
#602 = CARTESIAN_POINT ( 'NONE',  ( -1.688508624820234100, 11.13246212088725600, 9.856434444671100100 ) ) ;
#603 = CARTESIAN_POINT ( 'NONE',  ( -1.778994116023843800, 10.99492299905233100, 9.840502761087737600 ) ) ;
#604 = CARTESIAN_POINT ( 'NONE',  ( 0.1701764928771676300, 11.97848231758616300, 9.998607774626393100 ) ) ;
#605 = CARTESIAN_POINT ( 'NONE',  ( 0.2704456266882047100, 11.96884377312035100, 9.996565890489657500 ) ) ;
#606 = CARTESIAN_POINT ( 'NONE',  ( -0.9394762954625448500, 11.76585797317321700, 9.955815512387692600 ) ) ;
#607 = CARTESIAN_POINT ( 'NONE',  ( -0.5312523352429868700, 11.91786045439922700, 9.985931765906155300 ) ) ;
#608 = CARTESIAN_POINT ( 'NONE',  ( -0.3346514731738057200, 11.95881456678915500, 9.994454034471184300 ) ) ;
#609 = CARTESIAN_POINT ( 'NONE',  ( -1.608586523648368500, 11.23620749482060800, 9.869797943968722000 ) ) ;
#610 = CARTESIAN_POINT ( 'NONE',  ( 0.4684004808805202200, 11.93307887297060800, 9.989077630179542300 ) ) ;
#611 = CARTESIAN_POINT ( 'NONE',  ( -0.9095562997521173800, 11.78040923561605200, 9.958596053014764100 ) ) ;
#612 = CARTESIAN_POINT ( 'NONE',  ( -0.7080122573157486800, 11.86362996306841400, 9.974917307512758000 ) ) ;
#613 = CARTESIAN_POINT ( 'NONE',  ( -0.6601625932379033800, 11.88015187871202500, 9.978236607375654500 ) ) ;
#614 = CARTESIAN_POINT ( 'NONE',  ( -1.027977919221622300, 11.72017340358383900, 9.947199411281188100 ) ) ;
#615 = CARTESIAN_POINT ( 'NONE',  ( -1.196198990492636700, 11.61460021629453500, 9.928234857419390400 ) ) ;
#616 = CARTESIAN_POINT ( 'NONE',  ( 0.5663250792043276200, 11.90848313568641500, 9.984003697180099800 ) ) ;
#617 = CARTESIAN_POINT ( 'NONE',  ( -1.354519048187377000, 11.49316153352281800, 9.907847628187814900 ) ) ;
#618 = CARTESIAN_POINT ( 'NONE',  ( -0.1341521814082536100, 11.98106817571425400, 9.999157161571654100 ) ) ;
#619 = CARTESIAN_POINT ( 'NONE',  ( 0.6311846042416353600, 11.88919840123418900, 9.980073478825842100 ) ) ;
#620 = CARTESIAN_POINT ( 'NONE',  ( 0.6633815902140921500, 11.87888197852421600, 9.977985003105020600 ) ) ;
#621 = CARTESIAN_POINT ( 'NONE',  ( -1.168788744965578700, 11.63321223912524100, 9.931501280587847100 ) ) ;
#622 = CARTESIAN_POINT ( 'NONE',  ( -1.827517659412258600, 10.90920330943395700, 9.831604194367585600 ) ) ;
#623 = CARTESIAN_POINT ( 'NONE',  ( -0.7239413404139865000, 11.85791384539734100, 9.973773656296392800 ) ) ;
#624 = CARTESIAN_POINT ( 'NONE',  ( -0.4334352729269975200, 11.94066749632174200, 9.990656451270341500 ) ) ;
#625 = CARTESIAN_POINT ( 'NONE',  ( -1.629188160678922700, 11.21078708300440100, 9.866415575138038500 ) ) ;
#626 = CARTESIAN_POINT ( 'NONE',  ( -1.367163228415695400, 11.48237522093438700, 9.906110431480463800 ) ) ;
#627 = CARTESIAN_POINT ( 'NONE',  ( -1.725969062319178300, 11.07850919398038600, 9.849943764528767100 ) ) ;
#628 = CARTESIAN_POINT ( 'NONE',  ( -1.544928689491649900, 11.31093424948441700, 9.880032520408217800 ) ) ;
#629 = CARTESIAN_POINT ( 'NONE',  ( -1.404594035557424700, 11.44964444475645300, 9.900896394534697700 ) ) ;
#630 = CARTESIAN_POINT ( 'NONE',  ( -1.315950453933365700, 11.52498799646261100, 9.913044370232324100 ) ) ;
#631 = CARTESIAN_POINT ( 'NONE',  ( -0.8488665888988046200, 11.80814370134727700, 9.963952703222942000 ) ) ;
#632 = CARTESIAN_POINT ( 'NONE',  ( -0.2682573829509862800, 11.96832074503104300, 9.996456422814310000 ) ) ;
#633 = CARTESIAN_POINT ( 'NONE',  ( -0.06647651297527598600, 11.98426357625700300, 9.999836516285991900 ) ) ;
#634 = CARTESIAN_POINT ( 'NONE',  ( -0.8180868447440998700, 11.82133041297765400, 9.966529530198831900 ) ) ;
#635 = CARTESIAN_POINT ( 'NONE',  ( -0.2348985668582670200, 11.97229510629493100, 9.997296979085080100 ) ) ;
#636 = CARTESIAN_POINT ( 'NONE',  ( -1.428928688044882800, 11.42728950834241400, 9.897410630669615000 ) ) ;
#637 = CARTESIAN_POINT ( 'NONE',  ( -0.4661485338667290500, 11.93358410571971400, 9.989182539306202800 ) ) ;
#638 = CARTESIAN_POINT ( 'NONE',  ( -0.7712973777090282900, 11.84005580222048500, 9.970222975078936400 ) ) ;
#639 = CARTESIAN_POINT ( 'NONE',  ( -0.1678535494656901200, 11.97866895410047200, 9.998647378028861600 ) ) ;
#640 = CARTESIAN_POINT ( 'NONE',  ( -1.669149182423934000, 11.15891437038458600, 9.859733840576462100 ) ) ;
#641 = CARTESIAN_POINT ( 'NONE',  ( -1.085303902530210500, 11.68701383944199200, 9.941089154109681300 ) ) ;
#642 = CARTESIAN_POINT ( 'NONE',  ( -0.3676867424850742100, 11.95328272702779800, 9.993292195491696000 ) ) ;
#643 = CARTESIAN_POINT ( 'NONE',  ( -0.03234739071982416900, 11.98505654473933500, 10.00000539729390800 ) ) ;
#644 = CARTESIAN_POINT ( 'NONE',  ( -0.5636428801132248300, 11.90922021719758900, 9.984154897599266200 ) ) ;
#645 = CARTESIAN_POINT ( 'NONE',  ( 0.03548519824841407700, 11.98500467517429200, 9.999994356560193900 ) ) ;
#646 = CARTESIAN_POINT ( 'NONE',  ( 0.06928784585021613400, 11.98417023502520700, 9.999816650951430600 ) ) ;
#647 = CARTESIAN_POINT ( 'NONE',  ( 0.1366301304579138100, 11.98090863820285400, 9.999123265629981100 ) ) ;
#648 = CARTESIAN_POINT ( 'NONE',  ( 0.3367992103011268100, 11.95927705423955700, 9.994544062484052900 ) ) ;
#649 = CARTESIAN_POINT ( 'NONE',  ( -0.6280982532641342700, 11.89036611865386200, 9.980307355890476000 ) ) ;
#650 = CARTESIAN_POINT ( 'NONE',  ( -0.7555840189710937300, 11.84612619000398200, 9.971426385591794200 ) ) ;
#651 = CARTESIAN_POINT ( 'NONE',  ( 0.4355924496429474100, 11.94021799502052300, 9.990562822323259000 ) ) ;
#652 = CARTESIAN_POINT ( 'NONE',  ( 0.5337680698150122400, 11.91721128786596800, 9.985798043926593000 ) ) ;
#653 = CARTESIAN_POINT ( 'NONE',  ( -1.744063333799740700, 11.05101937445492100, 9.846753680713455000 ) ) ;
#654 = CARTESIAN_POINT ( 'NONE',  ( 0.6149788220004063200, 11.89417662724918400, 9.981085411376703600 ) ) ;
#655 = CARTESIAN_POINT ( 'NONE',  ( 0.6793852892640601700, 11.87354091158492300, 9.976907862378070000 ) ) ;
#656 = CARTESIAN_POINT ( 'NONE',  ( -1.795689924261841600, 10.96653935385203500, 9.837467131081577800 ) ) ;
#657 = CARTESIAN_POINT ( 'NONE',  ( -1.328923885258957300, 11.51445931689581000, 9.911313151798232500 ) ) ;
#658 = CARTESIAN_POINT ( 'NONE',  ( 0.7270715074974674100, 11.85698730547581000, 9.973584142124469300 ) ) ;
#659 = CARTESIAN_POINT ( 'NONE',  ( 0.7584939943559010400, 11.84522621162637200, 9.971241501195157400 ) ) ;
#660 = CARTESIAN_POINT ( 'NONE',  ( 0.8515290554783289100, 11.80784785929166100, 9.963872961039649900 ) ) ;
#661 = CARTESIAN_POINT ( 'NONE',  ( 0.9120360900667773300, 11.78010354073065400, 9.958498915724213400 ) ) ;
#662 = CARTESIAN_POINT ( 'NONE',  ( 1.000494753258322600, 11.73431763396492600, 9.949868750137072800 ) ) ;
#663 = CARTESIAN_POINT ( 'NONE',  ( -1.500015760620447800, 11.35871608422626300, 9.886973524763918800 ) ) ;
#664 = CARTESIAN_POINT ( 'NONE',  ( 9.508828922314529900, 10.22544848204608700, -1.706088979660250100 ) ) ;
#665 = CARTESIAN_POINT ( 'NONE',  ( 9.525867105913075500, 10.52672189663500500, -1.637610903990000600 ) ) ;
#666 = CARTESIAN_POINT ( 'NONE',  ( 9.642816202716174300, 11.36379724199577400, -1.048448612084864800 ) ) ;
#667 = CARTESIAN_POINT ( 'NONE',  ( 9.649600775635576600, 11.39727183739560300, -1.003403609404001300 ) ) ;
#668 = CARTESIAN_POINT ( 'NONE',  ( 9.662776236215172800, 11.46012871936663100, -0.9095195285400345900 ) ) ;
#669 = CARTESIAN_POINT ( 'NONE',  ( 9.519842606052133500, 10.44562195440832400, -1.662227116731781500 ) ) ;
#670 = CARTESIAN_POINT ( 'NONE',  ( 9.551249839776495800, 10.78691245047243400, -1.529689829296933000 ) ) ;
#671 = DIRECTION ( 'NONE',  ( 0.0000000000000000000, 0.0000000000000000000, -1.000000000000000000 ) ) ;
#672 = CARTESIAN_POINT ( 'NONE',  ( 9.505276768341337500, 9.999999999999992900, -1.720000000000000000 ) ) ;
#673 = DIRECTION ( 'NONE',  ( -0.0000000000000000000, -1.000000000000000000, -0.0000000000000000000 ) ) ;
#674 = CARTESIAN_POINT ( 'NONE',  ( 9.506002152929109900, 10.11345454150195700, -1.717176236566793100 ) ) ;
#675 = CARTESIAN_POINT ( 'NONE',  ( 9.591816182919640000, 11.08032437988912700, -1.338469212224355600 ) ) ;
#676 = CARTESIAN_POINT ( 'NONE',  ( 9.678004319326806400, 11.52967686378572200, -0.7869430418560525700 ) ) ;
#677 = CARTESIAN_POINT ( 'NONE',  ( 9.686303783087638000, 11.56632192894981900, -0.7112113387017008300 ) ) ;
#678 = CARTESIAN_POINT ( 'NONE',  ( 9.669063726652613200, 11.48922912080430200, -0.8610420576868316200 ) ) ;
#679 = CARTESIAN_POINT ( 'NONE',  ( 1.029600275837705000, 11.71835847427712300, 9.946896885599681300 ) ) ;
#680 = CARTESIAN_POINT ( 'NONE',  ( 9.566456536386205300, 10.90887516774798100, -1.461330717502630700 ) ) ;
#681 = CARTESIAN_POINT ( 'NONE',  ( 9.590058970950753500, 11.06925399596036600, -1.347329211013024400 ) ) ;
#682 = CARTESIAN_POINT ( 'NONE',  ( 9.607730003989273000, 11.17607671640486600, -1.255401492518540800 ) ) ;
#683 = CARTESIAN_POINT ( 'NONE',  ( 9.696282223732746200, 11.60931125575119100, -0.6077049995481912400 ) ) ;
#684 = CARTESIAN_POINT ( 'NONE',  ( 9.700767387461917600, 11.62828594219227400, -0.5548630130295935100 ) ) ;
#685 = CARTESIAN_POINT ( 'NONE',  ( 9.584847357933124800, 11.03573318567523700, -1.373264599061436300 ) ) ;
#686 = CARTESIAN_POINT ( 'NONE',  ( 9.542838953533065500, 10.71124057230824200, -1.566308716498817600 ) ) ;
#687 = CARTESIAN_POINT ( 'NONE',  ( 9.702879519327286300, 11.63714161653801100, -0.5281688146431379200 ) ) ;
#688 = CARTESIAN_POINT ( 'NONE',  ( 9.706824730843575100, 11.65357331097587800, -0.4742259508247542200 ) ) ;
#689 = DIRECTION ( 'NONE',  ( 0.0000000000000000000, 0.0000000000000000000, 1.000000000000000000 ) ) ;
#690 = CARTESIAN_POINT ( 'NONE',  ( 9.548376561840374400, 10.76191521039450500, -1.542294191543544400 ) ) ;
#691 = DIRECTION ( 'NONE',  ( 0.0000000000000000000, 0.0000000000000000000, -1.000000000000000000 ) ) ;
#692 = CARTESIAN_POINT ( 'NONE',  ( 9.579708860264164000, 11.00178978249346300, -1.398431189246380100 ) ) ;
#693 = CARTESIAN_POINT ( 'NONE',  ( 9.516436284247063800, 10.39104497205436300, -1.675897780282242800 ) ) ;
#694 = DIRECTION ( 'NONE',  ( 0.0000000000000000000, 1.000000000000000000, 0.0000000000000000000 ) ) ;
#695 = CARTESIAN_POINT ( 'NONE',  ( 9.639379974841057600, 11.34654788382108000, -1.070509562991357000 ) ) ;
#696 = CARTESIAN_POINT ( 'NONE',  ( 9.532646651771347700, 10.60716538483846000, -1.609520630873228200 ) ) ;
#697 = DIRECTION ( 'NONE',  ( -0.0000000000000000000, -1.000000000000000000, -6.123233995736754900E-017 ) ) ;
#698 = CARTESIAN_POINT ( 'NONE',  ( 9.708657581254620100, 11.66114836287164600, -0.4469794767606061200 ) ) ;
#699 = CARTESIAN_POINT ( 'NONE',  ( 9.711184256992472900, 11.67153447563372400, -0.4056781789657705200 ) ) ;
#700 = CARTESIAN_POINT ( 'NONE',  ( 9.711990035667124500, 11.67483635239295300, -0.3918231143492478800 ) ) ;
#701 = CARTESIAN_POINT ( 'NONE',  ( 9.505276770374994300, 10.05698835421615400, -1.719999993526891900 ) ) ;
#702 = CARTESIAN_POINT ( 'NONE',  ( 9.659531316686075900, 11.44490006786688800, -0.9335216283417059300 ) ) ;
#703 = CARTESIAN_POINT ( 'NONE',  ( 9.680845967173752300, 11.54231157355550000, -0.7618798828802712000 ) ) ;
#704 = CARTESIAN_POINT ( 'NONE',  ( 9.560149403887129100, 10.86089369569622000, -1.490097822960469600 ) ) ;
#705 = CARTESIAN_POINT ( 'NONE',  ( 9.535077681775391100, 10.63351687575400300, -1.599328077533633400 ) ) ;
#706 = CARTESIAN_POINT ( 'NONE',  ( 9.528033858345722300, 10.55368403327525000, -1.628693171281447200 ) ) ;
#707 = CARTESIAN_POINT ( 'NONE',  ( 9.540174597406961600, 10.68556320846875900, -1.577718936818978300 ) ) ;
#708 = CARTESIAN_POINT ( 'NONE',  ( 9.576341174843760100, 10.97880682001028200, -1.414610958820477400 ) ) ;
#709 = CARTESIAN_POINT ( 'NONE',  ( 9.600638601008189000, 11.13444774992496100, -1.293142540942765900 ) ) ;
#710 = CARTESIAN_POINT ( 'NONE',  ( 9.597099703117576700, 11.11312284374897700, -1.311547439627860400 ) ) ;
#711 = CARTESIAN_POINT ( 'NONE',  ( 9.611281456971012100, 11.19637431164252600, -1.236070940764110400 ) ) ;
#712 = CARTESIAN_POINT ( 'NONE',  ( 9.621915121333472600, 11.25573773110506400, -1.176713736583984600 ) ) ;
#713 = CARTESIAN_POINT ( 'NONE',  ( 9.672113366288465700, 11.50313648943053100, -0.8365233620319880700 ) ) ;
#714 = CARTESIAN_POINT ( 'NONE',  ( 9.510930472809718600, 10.28096466906864800, -1.697824650837085800 ) ) ;
#715 = CARTESIAN_POINT ( 'NONE',  ( 9.693909178201240100, 11.59919222069227200, -0.6338527771437115800 ) ) ;
#716 = CARTESIAN_POINT ( 'NONE',  ( 9.688919964455031700, 11.57769755908629600, -0.6856059479168416000 ) ) ;
#717 = CARTESIAN_POINT ( 'NONE',  ( 9.652950575701490600, 11.41350366482820400, -0.9804083862917714100 ) ) ;
#718 = CARTESIAN_POINT ( 'NONE',  ( 9.628976820207165900, 11.29327754089101200, -1.135324544179830500 ) ) ;
#719 = CARTESIAN_POINT ( 'NONE',  ( 0.0000000000000000000, -4.500000000000000900, 0.0000000000000000000 ) ) ;
#720 = CARTESIAN_POINT ( 'NONE',  ( -2.588190451025179900, 4.250000000000003600, 9.659258262890691800 ) ) ;
#721 = CARTESIAN_POINT ( 'NONE',  ( 9.586576260850074900, 11.04696884483443300, -1.364718149948498200 ) ) ;
#722 = CARTESIAN_POINT ( 'NONE',  ( 0.0000000000000000000, 4.250000000000002700, -1.530808498934169000E-017 ) ) ;
#723 = CARTESIAN_POINT ( 'NONE',  ( 9.713517638252891800, 11.68108022734368500, -0.3641027483176409500 ) ) ;
#724 = EDGE_LOOP ( 'NONE', ( #8072, #8045 ) ) ;
#725 = EDGE_LOOP ( 'NONE', ( #918, #938, #930, #934, #935, #915, #953, #2499, #1007, #1005, #967 ) ) ;
#726 = EDGE_LOOP ( 'NONE', ( #3527, #3507, #3532, #3505 ) ) ;
#727 = EDGE_LOOP ( 'NONE', ( #872, #854, #895, #868, #1080, #1054, #1064 ) ) ;
#728 = EDGE_LOOP ( 'NONE', ( #2433, #2543, #2529, #2525 ) ) ;
#729 = EDGE_LOOP ( 'NONE', ( #8086, #8062, #8090, #8049 ) ) ;
#730 = EDGE_LOOP ( 'NONE', ( #2566, #2432, #2575, #2573 ) ) ;
#731 = EDGE_LOOP ( 'NONE', ( #2405, #2409, #2438, #2562 ) ) ;
#732 = EDGE_LOOP ( 'NONE', ( #3468, #3495, #3474, #3482 ) ) ;
#733 = EDGE_LOOP ( 'NONE', ( #3476, #2546 ) ) ;
#734 = EDGE_LOOP ( 'NONE', ( #8024, #8010, #8085, #8065, #8079, #8026, #8076, #8083, #8042, #8073, #8038, #8070, #8069, #8074, #8013, #8087, #8039 ) ) ;
#735 = EDGE_LOOP ( 'NONE', ( #8027, #8028 ) ) ;
#736 = EDGE_LOOP ( 'NONE', ( #2581, #2574, #2558, #2556 ) ) ;
#737 = EDGE_LOOP ( 'NONE', ( #2571, #2567, #2416, #2421 ) ) ;
#738 = EDGE_LOOP ( 'NONE', ( #925, #919, #902, #905, #923, #913, #920 ) ) ;
#739 = EDGE_LOOP ( 'NONE', ( #3525, #3549, #3530, #3515 ) ) ;
#740 = EDGE_LOOP ( 'NONE', ( #2446, #3470, #3471, #3465 ) ) ;
#741 = EDGE_LOOP ( 'NONE', ( #8088, #8089, #8075, #8061 ) ) ;
#742 = EDGE_LOOP ( 'NONE', ( #2569, #2425, #2426, #2414 ) ) ;
#743 = EDGE_LOOP ( 'NONE', ( #2557, #2406, #2439, #2559 ) ) ;
#744 = EDGE_LOOP ( 'NONE', ( #2570, #2539 ) ) ;
#745 = EDGE_LOOP ( 'NONE', ( #2565, #2434, #2424, #2420 ) ) ;
#746 = EDGE_LOOP ( 'NONE', ( #8053, #8091, #8050, #8044 ) ) ;
#747 = EDGE_LOOP ( 'NONE', ( #2427, #2428, #3510, #3531 ) ) ;
#748 = EDGE_LOOP ( 'NONE', ( #2435, #2419, #2580, #2547 ) ) ;
#749 = EDGE_LOOP ( 'NONE', ( #950, #931, #873, #910, #874 ) ) ;
#750 = EDGE_LOOP ( 'NONE', ( #8064, #8063, #8092, #8058 ) ) ;
#751 = EDGE_LOOP ( 'NONE', ( #3493, #3481, #3504, #3473 ) ) ;
#752 = EDGE_LOOP ( 'NONE', ( #2415, #2535, #2549, #2553 ) ) ;
#753 = EDGE_LOOP ( 'NONE', ( #2466, #2469, #3475, #3477, #3467 ) ) ;
#754 = EDGE_LOOP ( 'NONE', ( #2408, #2410, #2411, #2398 ) ) ;
#755 = EDGE_LOOP ( 'NONE', ( #2462, #2459, #2465, #2449 ) ) ;
#756 = EDGE_LOOP ( 'NONE', ( #2578, #2422, #2436, #2545 ) ) ;
#757 = EDGE_LOOP ( 'NONE', ( #3466, #3491, #3483, #3480 ) ) ;
#758 = EDGE_LOOP ( 'NONE', ( #8047, #8035 ) ) ;
#759 = EDGE_LOOP ( 'NONE', ( #8093, #8078, #2453, #2467 ) ) ;
#760 = EDGE_LOOP ( 'NONE', ( #1014, #972 ) ) ;
#761 = EDGE_LOOP ( 'NONE', ( #978, #964, #990, #998, #1013, #977, #966, #2502, #955 ) ) ;
#762 = EDGE_LOOP ( 'NONE', ( #3500, #3547, #3503, #3553 ) ) ;
#763 = EDGE_LOOP ( 'NONE', ( #3492, #3479, #3472, #3508 ) ) ;
#764 = EDGE_LOOP ( 'NONE', ( #3548, #3529, #3489, #3526 ) ) ;
#765 = EDGE_LOOP ( 'NONE', ( #859, #882 ) ) ;
#766 = EDGE_LOOP ( 'NONE', ( #1055, #3564, #1025, #3575 ) ) ;
#767 = EDGE_LOOP ( 'NONE', ( #2551, #2579, #2564, #2576 ) ) ;
#768 = EDGE_LOOP ( 'NONE', ( #2563, #2560, #2561, #2577 ) ) ;
#769 = EDGE_LOOP ( 'NONE', ( #2522, #2526, #2542, #2550 ) ) ;
#770 = EDGE_LOOP ( 'NONE', ( #2429, #2397, #2402, #2442 ) ) ;
#771 = EDGE_LOOP ( 'NONE', ( #8077, #8048, #8084, #8082 ) ) ;
#772 = EDGE_LOOP ( 'NONE', ( #2461, #2448, #2463, #2473 ) ) ;
#773 = EDGE_LOOP ( 'NONE', ( #1037, #3464 ) ) ;
#774 = EDGE_LOOP ( 'NONE', ( #2430, #2477, #2407, #2396 ) ) ;
#775 = EDGE_LOOP ( 'NONE', ( #2568, #2417, #2441, #2445 ) ) ;
#776 = EDGE_LOOP ( 'NONE', ( #2444, #2454, #2457, #2450 ) ) ;
#777 = EDGE_LOOP ( 'NONE', ( #2403, #2572, #2437, #2555 ) ) ;
#778 = EDGE_LOOP ( 'NONE', ( #904, #903, #909, #912 ) ) ;
#779 = EDGE_LOOP ( 'NONE', ( #969, #2482, #971, #956, #994, #981, #1003, #2495, #959, #995, #989 ) ) ;
#780 = EDGE_LOOP ( 'NONE', ( #1009, #1004 ) ) ;
#781 = EDGE_LOOP ( 'NONE', ( #997, #975, #984, #2492 ) ) ;
#782 = EDGE_LOOP ( 'NONE', ( #879, #858 ) ) ;
#783 = EDGE_LOOP ( 'NONE', ( #3528, #3558, #3563, #1039, #1043, #3572, #1033, #3458, #3573, #3457, #1031 ) ) ;
#784 = EDGE_LOOP ( 'NONE', ( #889, #876 ) ) ;
#785 = EDGE_LOOP ( 'NONE', ( #939, #901, #940, #908 ) ) ;
#786 = EDGE_LOOP ( 'NONE', ( #896, #897, #900, #857, #937 ) ) ;
#787 = EDGE_LOOP ( 'NONE', ( #888, #921, #870, #924, #899 ) ) ;
#788 = EDGE_LOOP ( 'NONE', ( #862, #1078, #871, #892 ) ) ;
#789 = EDGE_LOOP ( 'NONE', ( #3522, #3485, #3516, #3552 ) ) ;
#790 = EDGE_LOOP ( 'NONE', ( #1041, #1068, #1060, #1051, #1074 ) ) ;
#791 = EDGE_LOOP ( 'NONE', ( #1066, #1088, #1023, #880, #1073 ) ) ;
#792 = EDGE_LOOP ( 'NONE', ( #881, #856, #883, #1058, #1085, #893 ) ) ;
#793 = EDGE_LOOP ( 'NONE', ( #3512, #3490, #3496, #3540 ) ) ;
#794 = EDGE_LOOP ( 'NONE', ( #864, #891, #911, #865 ) ) ;
#795 = EDGE_LOOP ( 'NONE', ( #1038, #3459, #1020, #3456, #1032, #3559, #1053 ) ) ;
#796 = EDGE_LOOP ( 'NONE', ( #2513, #2552, #2497, #2531 ) ) ;
#797 = EDGE_LOOP ( 'NONE', ( #2500, #1012 ) ) ;
#798 = EDGE_LOOP ( 'NONE', ( #2515, #2517, #2496, #2528 ) ) ;
#799 = EDGE_LOOP ( 'NONE', ( #2493, #968, #980, #973, #1010 ) ) ;
#800 = EDGE_LOOP ( 'NONE', ( #2488, #2507, #2534, #2484, #2505 ) ) ;
#801 = EDGE_LOOP ( 'NONE', ( #1081, #878, #851, #1024, #1048, #1070 ) ) ;
#802 = EDGE_LOOP ( 'NONE', ( #948, #946, #863, #933 ) ) ;
#803 = EDGE_LOOP ( 'NONE', ( #1022, #1028 ) ) ;
#804 = EDGE_LOOP ( 'NONE', ( #1049, #869, #860, #898 ) ) ;
#805 = EDGE_LOOP ( 'NONE', ( #3560, #3461, #1030, #1019 ) ) ;
#806 = EDGE_LOOP ( 'NONE', ( #3502, #3497, #3509, #3551 ) ) ;
#807 = EDGE_LOOP ( 'NONE', ( #3454, #3462, #3455, #3565, #1034, #3568, #3570, #3566, #3567, #3460 ) ) ;
#808 = EDGE_LOOP ( 'NONE', ( #949, #951, #943, #944, #887 ) ) ;
#809 = EDGE_LOOP ( 'NONE', ( #2458, #2452, #2423, #2401 ) ) ;
#810 = EDGE_LOOP ( 'NONE', ( #2464, #2418, #2443, #2431 ) ) ;
#811 = EDGE_LOOP ( 'NONE', ( #3535, #3501, #3498, #3542 ) ) ;
#812 = EDGE_LOOP ( 'NONE', ( #3541, #3517, #3546, #3519 ) ) ;
#813 = EDGE_LOOP ( 'NONE', ( #3514, #3523 ) ) ;
#814 = EDGE_LOOP ( 'NONE', ( #861, #936, #927, #942 ) ) ;
#815 = EDGE_LOOP ( 'NONE', ( #947, #922, #914, #941 ) ) ;
#816 = EDGE_LOOP ( 'NONE', ( #3571, #1015, #3561, #1046 ) ) ;
#817 = EDGE_LOOP ( 'NONE', ( #3506, #3539, #3478, #3533 ) ) ;
#818 = EDGE_LOOP ( 'NONE', ( #3513, #3486, #3484, #3538 ) ) ;
#819 = EDGE_LOOP ( 'NONE', ( #3520, #3537, #3488, #3554 ) ) ;
#820 = EDGE_LOOP ( 'NONE', ( #932, #890, #916, #917 ) ) ;
#821 = EDGE_LOOP ( 'NONE', ( #3518, #3499, #3543, #3524 ) ) ;
#822 = EDGE_LOOP ( 'NONE', ( #2521, #2523, #2483, #2508, #2548 ) ) ;
#823 = EDGE_LOOP ( 'NONE', ( #961, #2487, #2494, #992, #2501, #982 ) ) ;
#824 = EDGE_LOOP ( 'NONE', ( #2538, #2533, #2536, #2490, #2486, #2514 ) ) ;
#825 = EDGE_LOOP ( 'NONE', ( #1035, #3569, #1052, #1018, #1021 ) ) ;
#826 = EDGE_LOOP ( 'NONE', ( #2527, #2491, #2519, #2498 ) ) ;
#827 = EDGE_LOOP ( 'NONE', ( #985, #945, #1000, #993, #960 ) ) ;
#828 = EDGE_LOOP ( 'NONE', ( #979, #958, #952, #965, #1001, #987, #976 ) ) ;
#829 = EDGE_LOOP ( 'NONE', ( #928, #867, #907, #954 ) ) ;
#830 = EDGE_LOOP ( 'NONE', ( #3562, #3578 ) ) ;
#831 = EDGE_LOOP ( 'NONE', ( #3521, #3544 ) ) ;
#832 = EDGE_LOOP ( 'NONE', ( #3511, #3550 ) ) ;
#833 = EDGE_LOOP ( 'NONE', ( #3576, #3577, #3574, #3556, #3579 ) ) ;
#834 = EDGE_LOOP ( 'NONE', ( #3545, #3487, #3536, #3534 ) ) ;
#835 = EDGE_LOOP ( 'NONE', ( #1076, #853, #1090, #877 ) ) ;
#836 = EDGE_LOOP ( 'NONE', ( #3557, #3555, #3463, #1016, #1056, #1017, #1045, #852, #1061, #866, #885 ) ) ;
#837 = EDGE_LOOP ( 'NONE', ( #855, #1050, #1059, #884, #886 ) ) ;
#838 = EDGE_LOOP ( 'NONE', ( #875, #1084, #894, #1057 ) ) ;
#839 = EDGE_LOOP ( 'NONE', ( #2481, #2471, #2468, #2474 ) ) ;
#840 = EDGE_LOOP ( 'NONE', ( #8040, #8037 ) ) ;
#841 = EDGE_LOOP ( 'NONE', ( #7980, #7997, #7995, #8006 ) ) ;
#842 = EDGE_LOOP ( 'NONE', ( #7981, #8004, #7991, #7996 ) ) ;
#843 = EDGE_LOOP ( 'NONE', ( #3494, #3469, #8054, #8051 ) ) ;
#844 = EDGE_LOOP ( 'NONE', ( #7989, #8034 ) ) ;
#845 = EDGE_LOOP ( 'NONE', ( #8000, #8001, #7992, #7982 ) ) ;
#846 = EDGE_LOOP ( 'NONE', ( #2399, #2404, #2456, #2447, #2451 ) ) ;
#847 = EDGE_LOOP ( 'NONE', ( #2413, #2460, #2400, #2412 ) ) ;
#848 = EDGE_LOOP ( 'NONE', ( #8043, #8052, #8080, #8081 ) ) ;
#849 = EDGE_LOOP ( 'NONE', ( #8022, #8023 ) ) ;
#850 = EDGE_LOOP ( 'NONE', ( #8031, #8005, #8007, #8008, #8033, #8018, #8012, #7985, #8002, #8003, #7988, #8016, #8029, #8041, #8014, #8021, #8071 ) ) ;
#851 = ORIENTED_EDGE ( 'NONE', *, *, #3678, .F. ) ;
#852 = ORIENTED_EDGE ( 'NONE', *, *, #3717, .T. ) ;
#853 = ORIENTED_EDGE ( 'NONE', *, *, #3701, .F. ) ;
#854 = ORIENTED_EDGE ( 'NONE', *, *, #3706, .F. ) ;
#855 = ORIENTED_EDGE ( 'NONE', *, *, #3671, .F. ) ;
#856 = ORIENTED_EDGE ( 'NONE', *, *, #3703, .F. ) ;
#857 = ORIENTED_EDGE ( 'NONE', *, *, #3682, .T. ) ;
#858 = ORIENTED_EDGE ( 'NONE', *, *, #3667, .T. ) ;
#859 = ORIENTED_EDGE ( 'NONE', *, *, #3660, .T. ) ;
#860 = ORIENTED_EDGE ( 'NONE', *, *, #3731, .F. ) ;
#861 = ORIENTED_EDGE ( 'NONE', *, *, #3728, .T. ) ;
#862 = ORIENTED_EDGE ( 'NONE', *, *, #3668, .F. ) ;
#863 = ORIENTED_EDGE ( 'NONE', *, *, #3699, .F. ) ;
#864 = ORIENTED_EDGE ( 'NONE', *, *, #3725, .F. ) ;
#865 = ORIENTED_EDGE ( 'NONE', *, *, #3762, .F. ) ;
#866 = ORIENTED_EDGE ( 'NONE', *, *, #3703, .T. ) ;
#867 = ORIENTED_EDGE ( 'NONE', *, *, #3739, .T. ) ;
#868 = ORIENTED_EDGE ( 'NONE', *, *, #3696, .T. ) ;
#869 = ORIENTED_EDGE ( 'NONE', *, *, #3682, .F. ) ;
#870 = ORIENTED_EDGE ( 'NONE', *, *, #3736, .F. ) ;
#871 = ORIENTED_EDGE ( 'NONE', *, *, #3683, .T. ) ;
#872 = ORIENTED_EDGE ( 'NONE', *, *, #3710, .F. ) ;
#873 = ORIENTED_EDGE ( 'NONE', *, *, #3742, .T. ) ;
#874 = ORIENTED_EDGE ( 'NONE', *, *, #3740, .F. ) ;
#875 = ORIENTED_EDGE ( 'NONE', *, *, #3664, .T. ) ;
#876 = ORIENTED_EDGE ( 'NONE', *, *, #3681, .F. ) ;
#877 = ORIENTED_EDGE ( 'NONE', *, *, #3672, .T. ) ;
#878 = ORIENTED_EDGE ( 'NONE', *, *, #3711, .F. ) ;
#879 = ORIENTED_EDGE ( 'NONE', *, *, #3698, .T. ) ;
#880 = ORIENTED_EDGE ( 'NONE', *, *, #3694, .T. ) ;
#881 = ORIENTED_EDGE ( 'NONE', *, *, #6942, .F. ) ;
#882 = ORIENTED_EDGE ( 'NONE', *, *, #3673, .T. ) ;
#883 = ORIENTED_EDGE ( 'NONE', *, *, #3692, .F. ) ;
#884 = ORIENTED_EDGE ( 'NONE', *, *, #3701, .T. ) ;
#885 = ORIENTED_EDGE ( 'NONE', *, *, #6931, .T. ) ;
#886 = ORIENTED_EDGE ( 'NONE', *, *, #3685, .T. ) ;
#887 = ORIENTED_EDGE ( 'NONE', *, *, #3758, .F. ) ;
#888 = ORIENTED_EDGE ( 'NONE', *, *, #3781, .F. ) ;
#889 = ORIENTED_EDGE ( 'NONE', *, *, #3674, .F. ) ;
#890 = ORIENTED_EDGE ( 'NONE', *, *, #3754, .T. ) ;
#891 = ORIENTED_EDGE ( 'NONE', *, *, #3723, .T. ) ;
#892 = ORIENTED_EDGE ( 'NONE', *, *, #3667, .F. ) ;
#893 = ORIENTED_EDGE ( 'NONE', *, *, #3707, .F. ) ;
#894 = ORIENTED_EDGE ( 'NONE', *, *, #3657, .T. ) ;
#895 = ORIENTED_EDGE ( 'NONE', *, *, #3687, .T. ) ;
#896 = ORIENTED_EDGE ( 'NONE', *, *, #3659, .F. ) ;
#897 = ORIENTED_EDGE ( 'NONE', *, *, #3718, .T. ) ;
#898 = ORIENTED_EDGE ( 'NONE', *, *, #3700, .T. ) ;
#899 = ORIENTED_EDGE ( 'NONE', *, *, #3773, .F. ) ;
#900 = ORIENTED_EDGE ( 'NONE', *, *, #3728, .F. ) ;
#901 = ORIENTED_EDGE ( 'NONE', *, *, #3660, .F. ) ;
#902 = ORIENTED_EDGE ( 'NONE', *, *, #3743, .T. ) ;
#903 = ORIENTED_EDGE ( 'NONE', *, *, #3665, .F. ) ;
#904 = ORIENTED_EDGE ( 'NONE', *, *, #3718, .F. ) ;
#905 = ORIENTED_EDGE ( 'NONE', *, *, #3756, .F. ) ;
#906 = ORIENTED_EDGE ( 'NONE', *, *, #3722, .T. ) ;
#907 = ORIENTED_EDGE ( 'NONE', *, *, #3758, .T. ) ;
#908 = ORIENTED_EDGE ( 'NONE', *, *, #3670, .F. ) ;
#909 = ORIENTED_EDGE ( 'NONE', *, *, #3663, .F. ) ;
#910 = ORIENTED_EDGE ( 'NONE', *, *, #3727, .F. ) ;
#911 = ORIENTED_EDGE ( 'NONE', *, *, #3744, .F. ) ;
#912 = ORIENTED_EDGE ( 'NONE', *, *, #3720, .F. ) ;
#913 = ORIENTED_EDGE ( 'NONE', *, *, #3735, .T. ) ;
#914 = ORIENTED_EDGE ( 'NONE', *, *, #3759, .T. ) ;
#915 = ORIENTED_EDGE ( 'NONE', *, *, #3729, .T. ) ;
#916 = ORIENTED_EDGE ( 'NONE', *, *, #3745, .F. ) ;
#917 = ORIENTED_EDGE ( 'NONE', *, *, #3741, .F. ) ;
#918 = ORIENTED_EDGE ( 'NONE', *, *, #3745, .T. ) ;
#919 = ORIENTED_EDGE ( 'NONE', *, *, #3760, .T. ) ;
#920 = ORIENTED_EDGE ( 'NONE', *, *, #3748, .F. ) ;
#921 = ORIENTED_EDGE ( 'NONE', *, *, #3732, .T. ) ;
#922 = ORIENTED_EDGE ( 'NONE', *, *, #3746, .T. ) ;
#923 = ORIENTED_EDGE ( 'NONE', *, *, #3730, .T. ) ;
#924 = ORIENTED_EDGE ( 'NONE', *, *, #3755, .F. ) ;
#925 = ORIENTED_EDGE ( 'NONE', *, *, #3774, .F. ) ;
#926 = CLOSED_SHELL ( 'NONE', ( #2757, #2747, #2755, #2810, #2796, #2836, #2764, #2780, #2751, #2774, #2791, #2801, #2763, #2781, #2786, #2789, #2766, #2798, #2753, #2756, #2768, #2787, #2779, #2783 ) ) ;
#927 = ORIENTED_EDGE ( 'NONE', *, *, #3716, .T. ) ;
#928 = ORIENTED_EDGE ( 'NONE', *, *, #3734, .T. ) ;
#929 = ORIENTED_EDGE ( 'NONE', *, *, #3677, .T. ) ;
#930 = ORIENTED_EDGE ( 'NONE', *, *, #3773, .T. ) ;
#931 = ORIENTED_EDGE ( 'NONE', *, *, #3752, .T. ) ;
#932 = ORIENTED_EDGE ( 'NONE', *, *, #3776, .F. ) ;
#933 = ORIENTED_EDGE ( 'NONE', *, *, #3688, .F. ) ;
#934 = ORIENTED_EDGE ( 'NONE', *, *, #3747, .T. ) ;
#935 = ORIENTED_EDGE ( 'NONE', *, *, #3726, .T. ) ;
#936 = ORIENTED_EDGE ( 'NONE', *, *, #3720, .T. ) ;
#937 = ORIENTED_EDGE ( 'NONE', *, *, #3675, .T. ) ;
#938 = ORIENTED_EDGE ( 'NONE', *, *, #3771, .T. ) ;
#939 = ORIENTED_EDGE ( 'NONE', *, *, #3666, .F. ) ;
#940 = ORIENTED_EDGE ( 'NONE', *, *, #3697, .T. ) ;
#941 = ORIENTED_EDGE ( 'NONE', *, *, #3768, .F. ) ;
#942 = ORIENTED_EDGE ( 'NONE', *, *, #3731, .T. ) ;
#943 = ORIENTED_EDGE ( 'NONE', *, *, #3677, .F. ) ;
#944 = ORIENTED_EDGE ( 'NONE', *, *, #3724, .F. ) ;
#945 = ORIENTED_EDGE ( 'NONE', *, *, #3809, .T. ) ;
#946 = ORIENTED_EDGE ( 'NONE', *, *, #3684, .F. ) ;
#947 = ORIENTED_EDGE ( 'NONE', *, *, #3777, .F. ) ;
#948 = ORIENTED_EDGE ( 'NONE', *, *, #3695, .F. ) ;
#949 = ORIENTED_EDGE ( 'NONE', *, *, #3658, .F. ) ;
#950 = ORIENTED_EDGE ( 'NONE', *, *, #3735, .F. ) ;
#951 = ORIENTED_EDGE ( 'NONE', *, *, #3689, .T. ) ;
#952 = ORIENTED_EDGE ( 'NONE', *, *, #3748, .T. ) ;
#953 = ORIENTED_EDGE ( 'NONE', *, *, #3721, .T. ) ;
#954 = ORIENTED_EDGE ( 'NONE', *, *, #3775, .F. ) ;
#955 = ORIENTED_EDGE ( 'NONE', *, *, #3798, .F. ) ;
#956 = ORIENTED_EDGE ( 'NONE', *, *, #3812, .T. ) ;
#957 = ORIENTED_EDGE ( 'NONE', *, *, #3764, .F. ) ;
#958 = ORIENTED_EDGE ( 'NONE', *, *, #3837, .F. ) ;
#959 = ORIENTED_EDGE ( 'NONE', *, *, #3726, .F. ) ;
#960 = ORIENTED_EDGE ( 'NONE', *, *, #3658, .T. ) ;
#961 = ORIENTED_EDGE ( 'NONE', *, *, #3752, .F. ) ;
#962 = ORIENTED_EDGE ( 'NONE', *, *, #3743, .F. ) ;
#963 = ORIENTED_EDGE ( 'NONE', *, *, #3840, .T. ) ;
#964 = ORIENTED_EDGE ( 'NONE', *, *, #3733, .F. ) ;
#965 = ORIENTED_EDGE ( 'NONE', *, *, #3740, .T. ) ;
#966 = ORIENTED_EDGE ( 'NONE', *, *, #3770, .F. ) ;
#967 = ORIENTED_EDGE ( 'NONE', *, *, #3830, .F. ) ;
#968 = ORIENTED_EDGE ( 'NONE', *, *, #3762, .T. ) ;
#969 = ORIENTED_EDGE ( 'NONE', *, *, #3771, .F. ) ;
#970 = ORIENTED_EDGE ( 'NONE', *, *, #3768, .T. ) ;
#971 = ORIENTED_EDGE ( 'NONE', *, *, #3830, .T. ) ;
#972 = ORIENTED_EDGE ( 'NONE', *, *, #3774, .T. ) ;
#973 = ORIENTED_EDGE ( 'NONE', *, *, #3767, .T. ) ;
#974 = ORIENTED_EDGE ( 'NONE', *, *, #3750, .F. ) ;
#975 = ORIENTED_EDGE ( 'NONE', *, *, #3793, .F. ) ;
#976 = ORIENTED_EDGE ( 'NONE', *, *, #3750, .T. ) ;
#977 = ORIENTED_EDGE ( 'NONE', *, *, #3767, .F. ) ;
#978 = ORIENTED_EDGE ( 'NONE', *, *, #3787, .F. ) ;
#979 = ORIENTED_EDGE ( 'NONE', *, *, #3760, .F. ) ;
#980 = ORIENTED_EDGE ( 'NONE', *, *, #3763, .T. ) ;
#981 = ORIENTED_EDGE ( 'NONE', *, *, #3770, .T. ) ;
#982 = ORIENTED_EDGE ( 'NONE', *, *, #3757, .T. ) ;
#983 = UNCERTAINTY_MEASURE_WITH_UNIT (LENGTH_MEASURE( 1.000000000000000100E-005 ), #6948, 'distance_accuracy_value', 'NONE');
#984 = ORIENTED_EDGE ( 'NONE', *, *, #3766, .T. ) ;
#985 = ORIENTED_EDGE ( 'NONE', *, *, #3739, .F. ) ;
#986 = ORIENTED_EDGE ( 'NONE', *, *, #3791, .T. ) ;
#987 = ORIENTED_EDGE ( 'NONE', *, *, #3756, .T. ) ;
#988 = UNCERTAINTY_MEASURE_WITH_UNIT (LENGTH_MEASURE( 1.000000000000000100E-005 ), #5405, 'distance_accuracy_value', 'NONE');
#989 = ORIENTED_EDGE ( 'NONE', *, *, #3781, .T. ) ;
#990 = ORIENTED_EDGE ( 'NONE', *, *, #3840, .F. ) ;
#991 = MANIFOLD_SOLID_BREP ( '����7', #2506 ) ;
#992 = ORIENTED_EDGE ( 'NONE', *, *, #3727, .T. ) ;
#993 = ORIENTED_EDGE ( 'NONE', *, *, #3749, .T. ) ;
#994 = ORIENTED_EDGE ( 'NONE', *, *, #3785, .T. ) ;
#995 = ORIENTED_EDGE ( 'NONE', *, *, #3786, .T. ) ;
#996 = UNCERTAINTY_MEASURE_WITH_UNIT (LENGTH_MEASURE( 1.000000000000000100E-005 ), #6946, 'distance_accuracy_value', 'NONE');
#997 = ORIENTED_EDGE ( 'NONE', *, *, #3746, .F. ) ;
#998 = ORIENTED_EDGE ( 'NONE', *, *, #3759, .F. ) ;
#999 = ORIENTED_EDGE ( 'NONE', *, *, #3721, .F. ) ;
#1000 = ORIENTED_EDGE ( 'NONE', *, *, #3775, .T. ) ;
#1001 = ORIENTED_EDGE ( 'NONE', *, *, #3761, .T. ) ;
#1002 = UNCERTAINTY_MEASURE_WITH_UNIT (LENGTH_MEASURE( 1.000000000000000100E-005 ), #6953, 'distance_accuracy_value', 'NONE');
#1003 = ORIENTED_EDGE ( 'NONE', *, *, #3763, .F. ) ;
#1004 = ORIENTED_EDGE ( 'NONE', *, *, #3809, .F. ) ;
#1006 = MANIFOLD_SOLID_BREP ( '͹̨-����5', #1029 ) ;
#1005 = ORIENTED_EDGE ( 'NONE', *, *, #3836, .T. ) ;
#1007 = ORIENTED_EDGE ( 'NONE', *, *, #3778, .F. ) ;
#1008 = UNCERTAINTY_MEASURE_WITH_UNIT (LENGTH_MEASURE( 1.000000000000000100E-005 ), #5426, 'distance_accuracy_value', 'NONE');
#1009 = ORIENTED_EDGE ( 'NONE', *, *, #3734, .F. ) ;
#1010 = ORIENTED_EDGE ( 'NONE', *, *, #3766, .F. ) ;
#1011 = UNCERTAINTY_MEASURE_WITH_UNIT (LENGTH_MEASURE( 1.000000000000000100E-005 ), #5402, 'distance_accuracy_value', 'NONE');
#1012 = ORIENTED_EDGE ( 'NONE', *, *, #3776, .T. ) ;
#1013 = ORIENTED_EDGE ( 'NONE', *, *, #3833, .F. ) ;
#1014 = ORIENTED_EDGE ( 'NONE', *, *, #3837, .T. ) ;
#1015 = ORIENTED_EDGE ( 'NONE', *, *, #3666, .T. ) ;
#1016 = ORIENTED_EDGE ( 'NONE', *, *, #3676, .T. ) ;
#1017 = ORIENTED_EDGE ( 'NONE', *, *, #3684, .T. ) ;
#1018 = ORIENTED_EDGE ( 'NONE', *, *, #3661, .F. ) ;
#1019 = ORIENTED_EDGE ( 'NONE', *, *, #3683, .F. ) ;
#1020 = ORIENTED_EDGE ( 'NONE', *, *, #3681, .T. ) ;
#1021 = ORIENTED_EDGE ( 'NONE', *, *, #3709, .F. ) ;
#1022 = ORIENTED_EDGE ( 'NONE', *, *, #6934, .T. ) ;
#1023 = ORIENTED_EDGE ( 'NONE', *, *, #3719, .T. ) ;
#1024 = ORIENTED_EDGE ( 'NONE', *, *, #6933, .T. ) ;
#1025 = ORIENTED_EDGE ( 'NONE', *, *, #3788, .T. ) ;
#1026 = MANIFOLD_SOLID_BREP ( '����4', #926 ) ;
#1027 = UNCERTAINTY_MEASURE_WITH_UNIT (LENGTH_MEASURE( 1.000000000000000100E-005 ), #7484, 'distance_accuracy_value', 'NONE');
#1028 = ORIENTED_EDGE ( 'NONE', *, *, #3669, .T. ) ;
#1029 = CLOSED_SHELL ( 'NONE', ( #2744, #2790, #2805, #3451, #3452, #2804, #2742, #2746, #2793, #2799, #2782, #2767, #2765, #2784, #2809, #2847, #2826, #2817, #2823, #2828, #2811, #2838, #2841, #2842, #2825, #2812, #2819, #2813, #2824, #2827, #2839, #2844, #2822, #2845, #2848, #2846, #2850, #2807, #3442, #3443, #3440, #3441, #3446, #3439, #3445, #2821, #2815, #2835, #2814, #2778, #2840, #2849, #2772, #2834, #2795, #2785, #2771, #2743, #2852, #2762, #2800, #2752, #2808, #2775, #2797, #2770, #2843, #2853, #2745, #2802, #2806, #2760, #2750, #2832, #2818 ) ) ;
#1030 = ORIENTED_EDGE ( 'NONE', *, *, #3698, .F. ) ;
#1031 = ORIENTED_EDGE ( 'NONE', *, *, #3686, .F. ) ;
#1032 = ORIENTED_EDGE ( 'NONE', *, *, #3711, .T. ) ;
#1033 = ORIENTED_EDGE ( 'NONE', *, *, #3719, .F. ) ;
#1034 = ORIENTED_EDGE ( 'NONE', *, *, #3704, .F. ) ;
#1035 = ORIENTED_EDGE ( 'NONE', *, *, #6931, .F. ) ;
#1036 = UNCERTAINTY_MEASURE_WITH_UNIT (LENGTH_MEASURE( 1.000000000000000100E-005 ), #5312, 'distance_accuracy_value', 'NONE');
#1037 = ORIENTED_EDGE ( 'NONE', *, *, #6932, .T. ) ;
#1038 = ORIENTED_EDGE ( 'NONE', *, *, #3679, .F. ) ;
#1039 = ORIENTED_EDGE ( 'NONE', *, *, #3692, .T. ) ;
#1041 = ORIENTED_EDGE ( 'NONE', *, *, #3657, .F. ) ;
#1040 = UNCERTAINTY_MEASURE_WITH_UNIT (LENGTH_MEASURE( 1.000000000000000100E-005 ), #6128, 'distance_accuracy_value', 'NONE');
#1042 = B_SPLINE_CURVE_WITH_KNOTS ( 'NONE', 3,
 ( #1514, #1518, #1540, #1489, #1506 ),
 .UNSPECIFIED., .F., .F.,
 ( 4, 1, 4 ),
 ( 0.5000000000000000000, 0.5000046664162484100, 0.5000093328324968200 ),
 .UNSPECIFIED. ) ;
#1043 = ORIENTED_EDGE ( 'NONE', *, *, #3712, .T. ) ;
#1044 = UNCERTAINTY_MEASURE_WITH_UNIT (LENGTH_MEASURE( 1.000000000000000100E-005 ), #5335, 'distance_accuracy_value', 'NONE');
#1045 = ORIENTED_EDGE ( 'NONE', *, *, #3671, .T. ) ;
#1046 = ORIENTED_EDGE ( 'NONE', *, *, #3697, .F. ) ;
#1047 = UNCERTAINTY_MEASURE_WITH_UNIT (LENGTH_MEASURE( 1.000000000000000100E-005 ), #6000, 'distance_accuracy_value', 'NONE');
#1048 = ORIENTED_EDGE ( 'NONE', *, *, #3714, .T. ) ;
#1049 = ORIENTED_EDGE ( 'NONE', *, *, #3705, .T. ) ;
#1050 = ORIENTED_EDGE ( 'NONE', *, *, #3695, .T. ) ;
#1051 = ORIENTED_EDGE ( 'NONE', *, *, #3680, .T. ) ;
#1052 = ORIENTED_EDGE ( 'NONE', *, *, #3714, .F. ) ;
#1053 = ORIENTED_EDGE ( 'NONE', *, *, #3687, .F. ) ;
#1054 = ORIENTED_EDGE ( 'NONE', *, *, #6935, .T. ) ;
#1055 = ORIENTED_EDGE ( 'NONE', *, *, #3838, .F. ) ;
#1056 = ORIENTED_EDGE ( 'NONE', *, *, #3708, .F. ) ;
#1057 = ORIENTED_EDGE ( 'NONE', *, *, #3702, .T. ) ;
#1058 = ORIENTED_EDGE ( 'NONE', *, *, #3661, .T. ) ;
#1059 = ORIENTED_EDGE ( 'NONE', *, *, #3664, .F. ) ;
#1060 = ORIENTED_EDGE ( 'NONE', *, *, #3708, .T. ) ;
#1061 = ORIENTED_EDGE ( 'NONE', *, *, #3712, .F. ) ;
#1062 = B_SPLINE_CURVE_WITH_KNOTS ( 'NONE', 3,
 ( #1691, #1674, #1693, #1669, #1701, #1695, #1696, #1685, #1671, #1698, #1673, #1676, #1689, #1702, #1714, #1679, #1677, #1678, #1716, #1751, #1755, #1737, #1768, #1772, #1752, #1750 ),
 .UNSPECIFIED., .F., .F.,
 ( 4, 2, 2, 2, 2, 2, 2, 2, 2, 2, 2, 2, 4 ),
 ( 0.005569413339173603800, 0.005917023721900310800, 0.006264634104627018700, 0.006612244487353726600, 0.006959854870080433600, 0.007307465252807141500, 0.007655075635533848500, 0.008350296400987262600, 0.008697906783713970500, 0.009045517166440676700, 0.009740737931894092500, 0.01043595869734750800, 0.01113117946280092600 ),
 .UNSPECIFIED. ) ;
#1063 = B_SPLINE_CURVE_WITH_KNOTS ( 'NONE', 3,
 ( #2376, #2378, #2361, #2363, #2351, #2373, #2356, #2379, #2364, #2362, #2348, #2358, #2355, #2382, #2349, #2369, #2350, #2357, #2359, #2370, #2374, #1809, #1821, #1780, #1797, #1822, #1795, #1820 ),
 .UNSPECIFIED., .F., .F.,
 ( 4, 2, 2, 2, 2, 2, 2, 2, 2, 2, 2, 2, 2, 4 ),
 ( 0.0000000000000000000, 0.0003367198980530072000, 0.0006734397961060144000, 0.001010159694159021600, 0.001346879592212028800, 0.002020319388318047000, 0.002693759184424065900, 0.003030479082477075500, 0.003367198980530085100, 0.004040638776636101800, 0.004377358674689110600, 0.004714078572742118500, 0.005050798470795127300, 0.005387518368848135200 ),
 .UNSPECIFIED. ) ;
#1064 = ORIENTED_EDGE ( 'NONE', *, *, #3674, .T. ) ;
#1065 = B_SPLINE_CURVE_WITH_KNOTS ( 'NONE', 3,
 ( #1783, #1791, #1869, #1864, #1834, #1828, #1868, #1856, #1826, #1845, #1830, #1846, #1836, #1841 ),
 .UNSPECIFIED., .F., .F.,
 ( 4, 2, 2, 2, 2, 2, 4 ),
 ( 0.7498795122527389700, 0.8124096341895541400, 0.8436746951579616700, 0.8749397561263693200, 0.9374698780631846000, 0.9687349390315922500, 1.000000000000000000 ),
 .UNSPECIFIED. ) ;
#1066 = ORIENTED_EDGE ( 'NONE', *, *, #3716, .F. ) ;
#1067 = B_SPLINE_CURVE_WITH_KNOTS ( 'NONE', 3,
 ( #1832, #1837, #1859, #1861, #1862, #1872, #1847, #1838, #1839, #1871, #1867, #1833, #1863, #1848 ),
 .UNSPECIFIED., .F., .F.,
 ( 4, 2, 2, 2, 2, 2, 4 ),
 ( 0.005577020038734500200, 0.005924938617903005100, 0.006272857197071509000, 0.006968694355408516100, 0.007316612934577017500, 0.007664531513745518800, 0.008360368672082521500 ),
 .UNSPECIFIED. ) ;
#1068 = ORIENTED_EDGE ( 'NONE', *, *, #3699, .T. ) ;
#1069 = B_SPLINE_CURVE_WITH_KNOTS ( 'NONE', 1,
 ( #2033, #2040 ),
 .UNSPECIFIED., .F., .F.,
 ( 2, 2 ),
 ( 0.0000000000000000000, 1.000000000000000000 ),
 .UNSPECIFIED. ) ;
#1070 = ORIENTED_EDGE ( 'NONE', *, *, #3707, .T. ) ;
#1071 = B_SPLINE_CURVE_WITH_KNOTS ( 'NONE', 3,
 ( #3042, #3036, #3075, #3064 ),
 .UNSPECIFIED., .F., .F.,
 ( 4, 4 ),
 ( 1.166915873571243200E-017, 0.0003715438041526632400 ),
 .UNSPECIFIED. ) ;
#1073 = ORIENTED_EDGE ( 'NONE', *, *, #3700, .F. ) ;
#1072 = B_SPLINE_CURVE_WITH_KNOTS ( 'NONE', 3,
 ( #3078, #3079, #3045, #3066, #3034, #3065, #3059, #3050, #3070, #3080, #3041, #3037, #3038, #3039, #3067, #3069, #3035, #3081, #3046, #3082, #3049, #3053, #3083, #3061, #3055, #3040, #3054, #3044, #3084, #3085, #3056, #3086, #3074, #3060, #3062, #3063, #3072, #3073, #3127, #3146, #3103, #3110, #3143, #3092, #3140, #3115, #3091, #3128, #3113, #3098, #3116, #3121, #3117, #3141, #3102, #3105, #3144, #3118, #3150, #3090, #3104, #3147, #3142, #3114, #3100, #3125, #3126, #3111, #3129, #3132, #3145, #3148, #3122, #3120, #3123, #3101, #3149, #3112, #3124, #3089, #3093, #3130, #3106, #3119, #3131, #3133, #3134, #3135, #3099, #3094, #3136, #3137, #3095, #3109, #3096, #3138, #3107, #3108, #3139, #3097, #3180, #3179, #3197, #3177, #3196, #3170, #3160, #3198, #3199, #3186, #3153, #3181, #3178, #3204, #3189, #3164, #3200, #3154, #3182, #3155, #3183, #3194, #3171, #3184, #3190, #3159, #3176, #3175, #3174, #3192, #3158, #3185, #3161, #3151, #3201, #3187, #3156, #3152, #3191, #3188, #3165, #3193, #3162, #3195, #3163 ),
 .UNSPECIFIED., .F., .F.,
 ( 4, 2, 2, 2, 2, 1, 2, 2, 1, 2, 2, 2, 1, 2, 2, 2, 1, 1, 2, 2, 2, 2, 2, 1, 1, 2, 2, 2, 1, 2, 2, 2, 2, 2, 2, 2, 2, 2, 2, 2, 2, 2, 2, 2, 1, 2, 2, 1, 2, 2, 1, 1, 2, 2, 2, 1, 1, 2, 2, 2, 2, 2, 2, 2, 1, 2, 2, 2, 1, 2, 2, 2, 2, 2, 1, 2, 2, 2, 2, 2, 4 ),
 ( 0.5000093328324968200, 0.5156340411814744900, 0.5234463953559631600, 0.5312587495304517100, 0.5468834578794289400, 0.5546958120539176000, 0.5586019891411618800, 0.5625081662284062700, 0.5703205204028948300, 0.5742266974901394400, 0.5781328745773839400, 0.5859452287518730500, 0.5898514058391175500, 0.5918044943827399700, 0.5937575829263623800, 0.6015699371008536000, 0.6054761141880993200, 0.6074292027317221800, 0.6084057470035335600, 0.6093822912753450400, 0.6171946454498404800, 0.6250069996243359200, 0.6328193537988313600, 0.6367255308860790800, 0.6386786194297027200, 0.6396551637015145400, 0.6406317079733263600, 0.6484440621478206900, 0.6523502392350678500, 0.6543033277786912700, 0.6562564163223146800, 0.6640687704968086800, 0.6679749475840555100, 0.6718811246713023400, 0.6796934788457961200, 0.6875058330202897800, 0.7031305413692773300, 0.7109428955437712100, 0.7187552497182651000, 0.7500046664162405300, 0.7656293747652281900, 0.7734417289397219600, 0.7812540831142158500, 0.7968787914632035100, 0.8046911456376973900, 0.8085973227249444500, 0.8125034998121913900, 0.8203158539866857200, 0.8242220310739328800, 0.8281282081611800500, 0.8359405623356742600, 0.8398467394229214300, 0.8417998279665448400, 0.8437529165101684800, 0.8515652706846619200, 0.8554714477719088700, 0.8574245363155323900, 0.8584010805873438800, 0.8593776248591553600, 0.8671899790336488100, 0.8710961561208954200, 0.8750023332081420200, 0.8828146873826350200, 0.8867208644698816300, 0.8886739530135048200, 0.8896504972853165300, 0.8906270415571281300, 0.8984393957316201300, 0.9023455728188661800, 0.9042986613624890400, 0.9062517499061119000, 0.9140641040806030100, 0.9179702811678485100, 0.9218764582550940100, 0.9296888124295850100, 0.9335949895168304000, 0.9375011666040757900, 0.9531258749530566700, 0.9609382291275470100, 0.9687505833020373400, 1.000000000000000000 ),
 .UNSPECIFIED. ) ;
#1074 = ORIENTED_EDGE ( 'NONE', *, *, #3672, .F. ) ;
#1075 = B_SPLINE_CURVE_WITH_KNOTS ( 'NONE', 3,
 ( #1233, #1236, #1234, #1237 ),
 .UNSPECIFIED., .F., .F.,
 ( 4, 4 ),
 ( 4.068287165328648400E-018, 0.0003715438041526745700 ),
 .UNSPECIFIED. ) ;
#1076 = ORIENTED_EDGE ( 'NONE', *, *, #3704, .T. ) ;
#1077 = B_SPLINE_CURVE_WITH_KNOTS ( 'NONE', 3,
 ( #3202, #3166, #3167, #3168, #3169, #3172, #3173, #3215, #3237, #3225, #3219, #3248, #3216, #3210, #3240, #3236 ),
 .UNSPECIFIED., .F., .F.,
 ( 4, 2, 2, 2, 2, 2, 2, 4 ),
 ( 0.002752497211810239900, 0.003096434113879199400, 0.003440371015948158800, 0.004128244820086082900, 0.004472181722155042800, 0.004816118624224003500, 0.005160055526292963400, 0.005503992428361924100 ),
 .UNSPECIFIED. ) ;
#1078 = ORIENTED_EDGE ( 'NONE', *, *, #6934, .F. ) ;
#1079 = B_SPLINE_CURVE_WITH_KNOTS ( 'NONE', 3,
 ( #3231, #3220, #3233, #3209 ),
 .UNSPECIFIED., .F., .F.,
 ( 4, 4 ),
 ( 0.0000000000000000000, 0.0003715438041526616700 ),
 .UNSPECIFIED. ) ;
#1080 = ORIENTED_EDGE ( 'NONE', *, *, #3678, .T. ) ;
#1081 = ORIENTED_EDGE ( 'NONE', *, *, #3691, .F. ) ;
#1082 = B_SPLINE_CURVE_WITH_KNOTS ( 'NONE', 3,
 ( #3224, #3229, #3230, #3239, #3241, #3245, #3272, #3288, #3270, #3287, #3267, #3257, #3289, #3290 ),
 .UNSPECIFIED., .F., .F.,
 ( 4, 2, 2, 2, 2, 2, 4 ),
 ( 0.7498795122527610600, 0.8124096341895708000, 0.8436746951579755500, 0.8749397561263803100, 0.9374698780631900400, 0.9687349390315950200, 1.000000000000000000 ),
 .UNSPECIFIED. ) ;
#1083 = B_SPLINE_CURVE_WITH_KNOTS ( 'NONE', 3,
 ( #1744, #1726, #1745, #1734, #1742, #1725, #1771, #1727, #1728, #1754, #1773, #1756, #1767, #1746, #1736, #1774, #1724, #1759, #1729, #1761, #1763, #1765, #1748, #1730, #1766, #1166, #1164, #1167, #1165, #1168 ),
 .UNSPECIFIED., .F., .F.,
 ( 4, 2, 2, 2, 2, 2, 2, 2, 2, 2, 2, 2, 2, 2, 4 ),
 ( 0.0000000000000000000, 0.03125000000000009000, 0.06250000000000018000, 0.09375000000000022200, 0.1250000000000002800, 0.1875000000000003600, 0.2187500000000003900, 0.2500000000000003900, 0.2812500000000004400, 0.3125000000000003900, 0.3750000000000002200, 0.4062500000000001700, 0.4375000000000001100, 0.4687500000000000600, 0.5000000000000000000 ),
 .UNSPECIFIED. ) ;
#1084 = ORIENTED_EDGE ( 'NONE', *, *, #3688, .T. ) ;
#1085 = ORIENTED_EDGE ( 'NONE', *, *, #3662, .F. ) ;
#1086 = B_SPLINE_CURVE_WITH_KNOTS ( 'NONE', 3,
 ( #2148, #2132, #2126, #2160, #2122, #2114, #2150, #2146, #2123, #2149, #2144, #2156, #2133, #2158, #2159, #2110 ),
 .UNSPECIFIED., .F., .F.,
 ( 4, 2, 2, 2, 2, 2, 2, 4 ),
 ( 0.008251288229936908800, 0.008594392102994074400, 0.008937495976051240000, 0.009280599849108407300, 0.009623703722165572900, 0.009966807595222738600, 0.01030991146827990600, 0.01099611921439423700 ),
 .UNSPECIFIED. ) ;
#1087 = B_SPLINE_CURVE_WITH_KNOTS ( 'NONE', 3,
 ( #3275, #3276, #3277, #3259, #3291, #3279, #3280, #3296, #3252, #3262, #3292, #3294, #3295, #3255 ),
 .UNSPECIFIED., .F., .F.,
 ( 4, 2, 2, 2, 2, 2, 4 ),
 ( 0.5000000000000000000, 0.5624698780631901500, 0.6249397561263802000, 0.6561746951579754400, 0.6874096341895705700, 0.7186445732211658200, 0.7498795122527610600 ),
 .UNSPECIFIED. ) ;
#1088 = ORIENTED_EDGE ( 'NONE', *, *, #3663, .T. ) ;
#1089 = B_SPLINE_CURVE_WITH_KNOTS ( 'NONE', 3,
 ( #2327, #2310, #2305, #2344, #2306, #2336, #2313, #2309, #2319, #2289, #2339, #2311, #2314, #2320, #2343, #2298, #2340, #2312, #2322, #2334, #2296, #2299, #2321, #2345, #2323, #2315, #2304, #2325, #2341, #2294, #2291, #2292, #2293, #2328, #2329, #2347, #2335, #2300, #2342, #2301, #2316, #2346, #2317, #2303, #2372, #2384, #2254, #3390, #3386, #3360, #3388, #3384, #3398, #3368, #3399, #3400, #3397, #3380, #3401, #3356, #3391, #3396, #3344, #3393, #3367, #3343, #3381, #3366, #3350, #3369, #3374, #3370, #3394, #3355, #3358, #3402, #3371, #3403, #3342, #3357, #3362, #3395, #3372, #3353, #3378, #3379, #3364, #3382, #3385, #3341, #3345, #3375, #3373, #3376, #3354, #3346, #3365, #3377, #3347, #3348, #3361, #3359, #3383, #3387, #3389, #3392, #3349, #3351, #3352, #3363, #3423, #3404, #3417, #3407, #3418, #3412, #3414, #3425, #3406, #3427, #3413, #3415, #3437, #3432, #3438, #3430, #3419, #3416, #3405, #3420, #3434, #3424, #3421, #3428, #3408, #3409, #3426, #3429, #3431, #3410, #3422 ),
 .UNSPECIFIED., .F., .F.,
 ( 4, 2, 2, 2, 2, 1, 2, 2, 1, 2, 2, 2, 2, 2, 2, 1, 2, 2, 2, 2, 2, 2, 1, 2, 2, 2, 2, 2, 2, 2, 2, 2, 2, 2, 2, 2, 2, 2, 2, 2, 2, 2, 2, 1, 2, 2, 1, 2, 2, 2, 1, 1, 2, 2, 2, 2, 2, 2, 2, 1, 2, 2, 2, 1, 2, 2, 2, 2, 2, 1, 2, 2, 2, 2, 2, 4 ),
 ( 0.5001737850961461800, 0.5157933543118916600, 0.5236031389197644000, 0.5314129235276371400, 0.5470324927433826100, 0.5548422773512551300, 0.5587471696551916700, 0.5626520619591280900, 0.5704618465670010500, 0.5743667388709373700, 0.5782716311748735700, 0.5860814157827460800, 0.5899863080866824000, 0.5938912003906187100, 0.6017009849984907800, 0.6056058773024266500, 0.6075583234543946400, 0.6095107696063625200, 0.6173205542142337100, 0.6212254465181692400, 0.6251303388221047800, 0.6329401234299757400, 0.6368450157339112800, 0.6387974618858792700, 0.6407499080378471500, 0.6485596926457188900, 0.6524645849496547600, 0.6563694772535906300, 0.6641792618614623700, 0.6680841541653981300, 0.6719890464693338800, 0.6797988310772058500, 0.6876086156850777000, 0.7032281849008212800, 0.7110379695086930200, 0.7188477541165647600, 0.7500868925480518300, 0.7657064617637954200, 0.7735162463716671600, 0.7813260309795390100, 0.7969456001952826000, 0.8047553848031544500, 0.8125651694110264100, 0.8203749540188982600, 0.8242798463228343500, 0.8281847386267704400, 0.8359945232346426300, 0.8398994155385790500, 0.8438043078425152600, 0.8516140924503881000, 0.8555189847543245300, 0.8574714309062926300, 0.8584476539822765200, 0.8594238770582605100, 0.8672336616661322500, 0.8711385539700684500, 0.8750434462740046500, 0.8828532308818768400, 0.8867581231858130400, 0.8887105693377813600, 0.8896867924137656900, 0.8906630154897501300, 0.8984728000976247600, 0.9023776924015618500, 0.9043301385535305000, 0.9062825847054990500, 0.9140923693133737900, 0.9179972616173112100, 0.9219021539212486300, 0.9297119385291232600, 0.9336168308330610200, 0.9375217231369985500, 0.9531412923527484700, 0.9609510769606237600, 0.9687608615684990500, 1.000000000000000000 ),
 .UNSPECIFIED. ) ;
#1090 = ORIENTED_EDGE ( 'NONE', *, *, #3702, .F. ) ;
#1091 = B_SPLINE_CURVE_WITH_KNOTS ( 'NONE', 3,
 ( #3316, #3303, #3297, #3328 ),
 .UNSPECIFIED., .F., .F.,
 ( 4, 4 ),
 ( 0.0000000000000000000, 0.0003715438041526623800 ),
 .UNSPECIFIED. ) ;
#1092 = B_SPLINE_CURVE_WITH_KNOTS ( 'NONE', 3,
 ( #4549, #4512, #4544, #4529, #4538, #4542, #4513, #4530, #4543, #4506, #4546, #4547, #4548, #4509, #4508, #4550, #4551, #4514, #4516, #4553, #6786, #6790, #6788, #6785 ),
 .UNSPECIFIED., .F., .F.,
 ( 4, 2, 2, 2, 2, 2, 2, 2, 2, 2, 2, 4 ),
 ( 0.005502332667028002700, 0.006188769709896188900, 0.006875206752764374300, 0.007218425274198466600, 0.007561643795632559700, 0.007904862317066652800, 0.008248080838500744200, 0.008934517881368930400, 0.009620954924237114900, 0.01030739196710530100, 0.01065061048853939100, 0.01099382900997348000 ),
 .UNSPECIFIED. ) ;
#1093 = B_SPLINE_CURVE_WITH_KNOTS ( 'NONE', 3,
 ( #1524, #1488, #1493, #1494, #1527, #1496, #1499, #1528, #1498, #1530, #1500, #1534, #1501, #1502, #1507, #1592, #1583, #1574, #1603, #1559, #1593, #1558, #1598, #1569, #1604, #1542, #1556, #1562, #1581, #1555, #1547, #1552, #1572, #1575, #1579, #1591, #1563, #1553, #1554, #1590, #1585, #1557, #1599, #1565, #1576, #1541, #1543, #1560, #1596, #1600, #1601, #1602, #1566, #1580, #1584, #1561, #1564, #1570, #1544, #1567, #1573, #1568, #1571, #1577, #1545, #1597, #1546, #1548, #1578, #1595, #1582, #1594, #1586, #1551, #1549, #1550, #1587, #1588, #1589, #1638, #1665, #1605, #1656, #1629, #1633, #1639, #1662, #1661, #1657, #1637, #1658, #1651, #1614, #1640, #1636, #1635, #1654, #1613, #1645, #1615, #1606, #1616, #1607, #1608, #1610, #1641, #1643, #1617, #1646, #1634, #1631, #1620, #1626, #1611, #1612, #1642, #1644, #1655, #1647, #1664, #1618, #1619, #1621, #1623, #1648, #1666, #1622, #1649, #1663, #1609, #1630, #1624, #1627, #1659, #1625, #1660, #1632, #1628, #1650, #1652, #1653 ),
 .UNSPECIFIED., .F., .F.,
 ( 4, 2, 2, 2, 2, 1, 2, 2, 1, 2, 2, 2, 2, 2, 2, 1, 2, 2, 2, 2, 2, 2, 1, 2, 2, 2, 2, 2, 2, 2, 2, 2, 2, 2, 2, 2, 2, 2, 2, 2, 2, 2, 2, 1, 2, 2, 1, 2, 2, 2, 1, 1, 2, 2, 2, 2, 2, 2, 2, 1, 2, 2, 2, 1, 2, 2, 2, 2, 2, 1, 2, 2, 2, 2, 2, 4 ),
 ( 0.5001737850961423000, 0.5157933543118865500, 0.5236031389197587400, 0.5314129235276308100, 0.5470324927433750700, 0.5548422773512469200, 0.5587471696551829000, 0.5626520619591188800, 0.5704618465669907300, 0.5743667388709269300, 0.5782716311748630200, 0.5860814157827358700, 0.5899863080866720700, 0.5938912003906082800, 0.6017009849984805700, 0.6056058773024168800, 0.6075583234543848700, 0.6095107696063528600, 0.6173205542142261600, 0.6212254465181630300, 0.6251303388220997800, 0.6329401234299733000, 0.6368450157339099500, 0.6387974618858781600, 0.6407499080378464800, 0.6485596926457195500, 0.6524645849496564200, 0.6563694772535930700, 0.6641792618614662500, 0.6680841541654027900, 0.6719890464693394300, 0.6797988310772128400, 0.6876086156850862400, 0.7032281849008329400, 0.7110379695087062400, 0.7188477541165795300, 0.7500868925480725900, 0.7657064617638191800, 0.7735162463716924700, 0.7813260309795657700, 0.7969456001953121300, 0.8047553848031854300, 0.8125651694110587200, 0.8203749540189320100, 0.8242798463228685500, 0.8281847386268051900, 0.8359945232346784900, 0.8398994155386151400, 0.8438043078425516700, 0.8516140924504246300, 0.8555189847543611700, 0.8574714309063296000, 0.8584476539823138200, 0.8594238770582982600, 0.8672336616661721100, 0.8711385539701090900, 0.8750434462740459600, 0.8828532308819202500, 0.8867581231858573400, 0.8887105693378258800, 0.8896867924138102100, 0.8906630154897945400, 0.8984728000976676100, 0.9023776924016042600, 0.9043301385535722500, 0.9062825847055404600, 0.9140923693134124200, 0.9179972616173485100, 0.9219021539212846100, 0.9297119385291562300, 0.9336168308330921000, 0.9375217231370280800, 0.9531412923527711200, 0.9609510769606427500, 0.9687608615685142600, 1.000000000000000000 ),
 .UNSPECIFIED. ) ;
#1094 = B_SPLINE_CURVE_WITH_KNOTS ( 'NONE', 3,
 ( #2897, #2898, #2893, #2863, #2859, #2899, #2884, #2854, #2873, #2860, #2882, #2864, #2869, #2887, #2861, #2888, #2866, #2889, #2907, #2885, #2855, #2894, #2883, #2871, #2867, #2872, #2902, #2890, #2891, #2895, #2870, #2896, #2900, #2903, #2944, #2970, #2924, #2962, #2937, #2947, #2957, #2960, #2925, #2945, #2971, #2946, #2938, #2931, #2950, #2963, #2921, #2915, #2916, #2918, #2948, #2949, #2974, #2958, #2926, #2964, #2928, #2929, #2959, #2940, #2935, #2973, #2930, #2923, #2961, #2965, #2932, #2966, #2955, #2969, #2939, #2972, #2913, #2968, #2951, #2914, #2933, #2934, #2967, #2917, #2919, #2941, #2920, #2952, #2942, #2922, #2943, #2953, #2954, #2927, #2936, #2956, #3027, #2999, #3033, #2976, #2988, #3029, #3024, #2997, #2985, #3009, #3010, #2995, #3012, #3016, #3025, #3030, #3006, #3003, #3004, #2986, #3028, #2996, #3005, #2975, #2977, #3007, #2991, #2998, #3011, #3017, #3018, #3013, #2983, #2978, #3019, #3008, #2979, #2993, #2980, #2994, #2984, #2989, #3014, #2981, #3015, #3026, #2990, #3031, #3020, #3032 ),
 .UNSPECIFIED., .F., .F.,
 ( 4, 2, 2, 2, 2, 1, 2, 2, 1, 2, 2, 2, 1, 2, 2, 2, 1, 1, 2, 2, 2, 2, 2, 2, 1, 1, 2, 2, 2, 1, 2, 2, 2, 2, 2, 1, 2, 2, 2, 2, 2, 2, 2, 2, 2, 2, 2, 2, 1, 2, 2, 1, 1, 2, 2, 2, 1, 1, 2, 2, 2, 2, 2, 2, 2, 1, 2, 2, 2, 1, 2, 2, 2, 2, 2, 2, 2, 2, 2, 2, 4 ),
 ( 0.0000000000000000000, 0.01562499999998879400, 0.02343749999998319700, 0.03124999999997760100, 0.04687499999996690800, 0.05468749999996155200, 0.05859374999995867200, 0.06249999999995578500, 0.07031249999995048400, 0.07421874999994802800, 0.07812499999994557100, 0.08593749999994070000, 0.08984374999993823000, 0.09179687499993717500, 0.09374999999993612100, 0.1015624999999312100, 0.1054687499999287700, 0.1074218749999275900, 0.1083984374999272000, 0.1093749999999267900, 0.1171874999999264800, 0.1210937499999263400, 0.1249999999999262000, 0.1328124999999256400, 0.1367187499999254800, 0.1386718749999255900, 0.1396484374999255900, 0.1406249999999256200, 0.1484374999999264500, 0.1523437499999269500, 0.1542968749999272000, 0.1562499999999274500, 0.1640624999999282500, 0.1679687499999287800, 0.1718749999999293100, 0.1796874999999303600, 0.1835937499999309700, 0.1874999999999315800, 0.2031249999999343600, 0.2109374999999358000, 0.2187499999999372400, 0.2499999999999429900, 0.2656249999999458200, 0.2734374999999472100, 0.2812499999999486000, 0.2968749999999513700, 0.3046874999999527600, 0.3124999999999541500, 0.3203124999999556500, 0.3242187499999562600, 0.3281249999999569200, 0.3359374999999584800, 0.3398437499999592500, 0.3417968749999597500, 0.3437499999999602500, 0.3515624999999612500, 0.3554687499999619200, 0.3574218749999623600, 0.3583984374999627000, 0.3593749999999630900, 0.3671874999999652500, 0.3710937499999663000, 0.3749999999999674100, 0.3828124999999693600, 0.3867187499999705200, 0.3886718749999708600, 0.3896484374999713600, 0.3906249999999718000, 0.3984374999999751300, 0.4023437499999770200, 0.4042968749999776800, 0.4062499999999784100, 0.4140624999999804000, 0.4179687499999812400, 0.4218749999999820100, 0.4296874999999840100, 0.4374999999999860100, 0.4531249999999896700, 0.4609374999999915100, 0.4687499999999933400, 0.5000000000000000000 ),
 .UNSPECIFIED. ) ;
#1095 = B_SPLINE_CURVE_WITH_KNOTS ( 'NONE', 3,
 ( #6739, #6775, #6758, #6740 ),
 .UNSPECIFIED., .F., .F.,
 ( 4, 4 ),
 ( 0.0000000000000000000, 0.0004668179053188365100 ),
 .UNSPECIFIED. ) ;
#1096 = B_SPLINE_CURVE_WITH_KNOTS ( 'NONE', 3,
 ( #2725, #5, #2728, #8123 ),
 .UNSPECIFIED., .F., .F.,
 ( 4, 4 ),
 ( 0.0000000000000000000, 0.0003888746750324400900 ),
 .UNSPECIFIED. ) ;
#1097 = B_SPLINE_CURVE_WITH_KNOTS ( 'NONE', 3,
 ( #1181, #1212, #1223, #1229, #1196, #1213, #1203, #1224, #1225, #1227, #1204, #1207, #1197, #1198 ),
 .UNSPECIFIED., .F., .F.,
 ( 4, 2, 2, 2, 2, 2, 4 ),
 ( 0.0000000000000000000, 0.06249403361702932100, 0.1249880672340586100, 0.1562350840425731400, 0.1874821008510876300, 0.2187291176596021200, 0.2499761344681166200 ),
 .UNSPECIFIED. ) ;
#1098 = B_SPLINE_CURVE_WITH_KNOTS ( 'NONE', 3,
 ( #3325, #3308, #3338, #3313 ),
 .UNSPECIFIED., .F., .F.,
 ( 4, 4 ),
 ( 0.0000000000000000000, 0.0004668179053188271900 ),
 .UNSPECIFIED. ) ;
#1099 = B_SPLINE_CURVE_WITH_KNOTS ( 'NONE', 3,
 ( #8, #9, #10, #11 ),
 .UNSPECIFIED., .F., .F.,
 ( 4, 4 ),
 ( 0.0000000000000000000, 0.0003888746750324439400 ),
 .UNSPECIFIED. ) ;
#1100 = B_SPLINE_CURVE_WITH_KNOTS ( 'NONE', 3,
 ( #6603, #6608, #6604, #6606 ),
 .UNSPECIFIED., .F., .F.,
 ( 4, 4 ),
 ( 0.0000000000000000000, 0.0004668179053188371600 ),
 .UNSPECIFIED. ) ;
#1101 = B_SPLINE_CURVE_WITH_KNOTS ( 'NONE', 3,
 ( #6598, #6591, #6597, #6623 ),
 .UNSPECIFIED., .F., .F.,
 ( 4, 4 ),
 ( 0.0000000000000000000, 0.0004668179053188384600 ),
 .UNSPECIFIED. ) ;
#1102 = B_SPLINE_CURVE_WITH_KNOTS ( 'NONE', 1,
 ( #1226, #1231 ),
 .UNSPECIFIED., .F., .F.,
 ( 2, 2 ),
 ( 0.0000000000000000000, 1.000000000000000000 ),
 .UNSPECIFIED. ) ;
#1103 = B_SPLINE_CURVE_WITH_KNOTS ( 'NONE', 3,
 ( #1205, #1206, #1495, #1758, #2383, #2380, #2366, #2381, #2375, #2352, #2367, #2368, #2365, #2377, #2353, #2371 ),
 .UNSPECIFIED., .F., .F.,
 ( 4, 2, 2, 2, 2, 2, 2, 4 ),
 ( 0.0000000000000000000, 0.0003486258183925804100, 0.0006972516367851608100, 0.001394503273570319700, 0.001743129091962899500, 0.002091754910355479700, 0.002440380728748059500, 0.002789006547140639300 ),
 .UNSPECIFIED. ) ;
#1104 = B_SPLINE_CURVE_WITH_KNOTS ( 'NONE', 3,
 ( #2028, #2038, #2046, #2014 ),
 .UNSPECIFIED., .F., .F.,
 ( 4, 4 ),
 ( 6.548437517301134800E-018, 0.0003715438041526719700 ),
 .UNSPECIFIED. ) ;
#1105 = B_SPLINE_CURVE_WITH_KNOTS ( 'NONE', 3,
 ( #2106, #2237, #2324, #2330, #2331, #2326, #2295, #2288, #2332, #2318, #2286, #2307, #2290, #2308, #2297, #2302 ),
 .UNSPECIFIED., .F., .F.,
 ( 4, 2, 2, 2, 2, 2, 2, 4 ),
 ( 0.0000000000000000000, 0.0003440621514762799900, 0.0006881243029525599800, 0.001376248605905117600, 0.001720310757381398100, 0.002064372908857678900, 0.002408435060333959200, 0.002752497211810239900 ),
 .UNSPECIFIED. ) ;
#1106 = B_SPLINE_CURVE_WITH_KNOTS ( 'NONE', 3,
 ( #1672, #1705, #1681, #1708, #1694, #1688, #1723, #1682, #1675, #1711, #1712, #1684, #1713, #1706, #1719, #1692, #1720, #1721, #1718, #1707, #1722, #1667, #1687, #1717 ),
 .UNSPECIFIED., .F., .F.,
 ( 4, 2, 2, 2, 2, 2, 2, 2, 2, 2, 2, 4 ),
 ( 0.005387518368848135200, 0.006060788837671809600, 0.006734059306495484100, 0.007070694540907323000, 0.007407329775319162000, 0.008080600244142839900, 0.008417235478554680600, 0.008753870712966519600, 0.009090505947378358500, 0.009427141181790197500, 0.01010041165061388200, 0.01077368211943756500 ),
 .UNSPECIFIED. ) ;
#1107 = B_SPLINE_CURVE_WITH_KNOTS ( 'NONE', 1,
 ( #3076, #3052 ),
 .UNSPECIFIED., .F., .F.,
 ( 2, 2 ),
 ( 0.0000000000000000000, 1.000000000000000000 ),
 .UNSPECIFIED. ) ;
#1108 = B_SPLINE_CURVE_WITH_KNOTS ( 'NONE', 3,
 ( #3048, #3087, #3077, #3088, #3071 ),
 .UNSPECIFIED., .F., .F.,
 ( 4, 1, 4 ),
 ( 0.5000000000000000000, 0.5000868925480730400, 0.5001737850961461800 ),
 .UNSPECIFIED. ) ;
#1109 = B_SPLINE_CURVE_WITH_KNOTS ( 'NONE', 3,
 ( #3298, #3318, #3301, #3320, #3340, #3321, #3314, #3310, #3329, #3330, #3307, #3319, #3337, #3322 ),
 .UNSPECIFIED., .F., .F.,
 ( 4, 2, 2, 2, 2, 2, 4 ),
 ( 0.2499761344681163700, 0.3124821008510872400, 0.3437350840425726400, 0.3749880672340579800, 0.4062410504255433700, 0.4374940336170287700, 0.5000000000000000000 ),
 .UNSPECIFIED. ) ;
#1110 = B_SPLINE_CURVE_WITH_KNOTS ( 'NONE', 3,
 ( #6626, #6602, #6624, #6611 ),
 .UNSPECIFIED., .F., .F.,
 ( 4, 4 ),
 ( 0.0000000000000000000, 0.0003888746750324412300 ),
 .UNSPECIFIED. ) ;
#1111 = B_SPLINE_CURVE_WITH_KNOTS ( 'NONE', 3,
 ( #2393, #2390, #6620, #6617 ),
 .UNSPECIFIED., .F., .F.,
 ( 4, 4 ),
 ( 0.0000000000000000000, 0.0004668179053188347800 ),
 .UNSPECIFIED. ) ;
#1112 = B_SPLINE_CURVE_WITH_KNOTS ( 'NONE', 3,
 ( #1170, #1169, #1171, #1172, #1178, #1173, #1176, #1175, #1177, #1174, #1179, #1180 ),
 .UNSPECIFIED., .F., .F.,
 ( 4, 2, 2, 2, 2, 4 ),
 ( 0.002789006547140639300, 0.003486009920039104800, 0.004183013292937569300, 0.004880016665836034800, 0.005228518352285267500, 0.005577020038734500200 ),
 .UNSPECIFIED. ) ;
#1113 = B_SPLINE_CURVE_WITH_KNOTS ( 'NONE', 3,
 ( #4526, #3641, #6742, #2385 ),
 .UNSPECIFIED., .F., .F.,
 ( 4, 4 ),
 ( 0.0000000000000000000, 0.0004668179053188391100 ),
 .UNSPECIFIED. ) ;
#1114 = B_SPLINE_CURVE_WITH_KNOTS ( 'NONE', 3,
 ( #3646, #3656, #3633, #3648 ),
 .UNSPECIFIED., .F., .F.,
 ( 4, 4 ),
 ( 0.0000000000000000000, 0.0004668179053188360800 ),
 .UNSPECIFIED. ) ;
#1115 = B_SPLINE_CURVE_WITH_KNOTS ( 'NONE', 3,
 ( #5798, #5847, #5840, #5861 ),
 .UNSPECIFIED., .F., .F.,
 ( 4, 4 ),
 ( 0.0000000000000000000, 0.0003888746750324397700 ),
 .UNSPECIFIED. ) ;
#1116 = B_SPLINE_CURVE_WITH_KNOTS ( 'NONE', 3,
 ( #2030, #2056, #2042, #2032, #2029, #2021, #2051, #2031, #2006, #2007, #2019, #2024, #2043, #2018, #2012, #2016, #2034, #2037, #2044, #2050, #2025, #2054, #2045, #2047, #2048, #2020, #2053, #2027 ),
 .UNSPECIFIED., .F., .F.,
 ( 4, 2, 2, 2, 2, 2, 2, 2, 2, 2, 2, 2, 2, 4 ),
 ( 0.5000000000000000000, 0.5312499999999996700, 0.5624999999999993300, 0.6249999999999991100, 0.6562499999999991100, 0.6874999999999991100, 0.7187499999999991100, 0.7499999999999991100, 0.8124999999999991100, 0.8437499999999993300, 0.8749999999999993300, 0.9062499999999993300, 0.9374999999999994400, 1.000000000000000000 ),
 .UNSPECIFIED. ) ;
#1117 = B_SPLINE_CURVE_WITH_KNOTS ( 'NONE', 3,
 ( #5831, #5775, #5838, #5789 ),
 .UNSPECIFIED., .F., .F.,
 ( 4, 4 ),
 ( 0.0000000000000000000, 0.0003888746750324363000 ),
 .UNSPECIFIED. ) ;
#1118 = B_SPLINE_CURVE_WITH_KNOTS ( 'NONE', 1,
 ( #1519, #1490 ),
 .UNSPECIFIED., .F., .F.,
 ( 2, 2 ),
 ( 0.0000000000000000000, 1.000000000000000000 ),
 .UNSPECIFIED. ) ;
#1119 = B_SPLINE_CURVE_WITH_KNOTS ( 'NONE', 3,
 ( #6755, #6737, #6766, #6752 ),
 .UNSPECIFIED., .F., .F.,
 ( 4, 4 ),
 ( 0.0000000000000000000, 0.0003715438041526656800 ),
 .UNSPECIFIED. ) ;
#1120 = B_SPLINE_CURVE_WITH_KNOTS ( 'NONE', 1,
 ( #2063, #2067 ),
 .UNSPECIFIED., .F., .F.,
 ( 2, 2 ),
 ( 0.0000000000000000000, 1.000000000000000000 ),
 .UNSPECIFIED. ) ;
#1121 = B_SPLINE_CURVE_WITH_KNOTS ( 'NONE', 3,
 ( #5804, #5868, #5795, #5786 ),
 .UNSPECIFIED., .F., .F.,
 ( 4, 4 ),
 ( 0.0000000000000000000, 0.0004668179053188293000 ),
 .UNSPECIFIED. ) ;
#1122 = B_SPLINE_CURVE_WITH_KNOTS ( 'NONE', 3,
 ( #1800, #1805, #1782, #1784, #1787 ),
 .UNSPECIFIED., .F., .F.,
 ( 4, 1, 4 ),
 ( 0.5000000000000000000, 0.5000868925480711500, 0.5001737850961423000 ),
 .UNSPECIFIED. ) ;
#1123 = B_SPLINE_CURVE_WITH_KNOTS ( 'NONE', 3,
 ( #1824, #1813, #1825, #1810, #1798, #1792, #1777, #1793, #1816, #1799, #1794, #1804, #1781, #1817 ),
 .UNSPECIFIED., .F., .F.,
 ( 4, 2, 2, 2, 2, 2, 4 ),
 ( 0.2499761344681166200, 0.3124821008510875200, 0.3437350840425730200, 0.3749880672340584800, 0.4062410504255439300, 0.4374940336170294300, 0.5000000000000000000 ),
 .UNSPECIFIED. ) ;
#1124 = B_SPLINE_CURVE_WITH_KNOTS ( 'NONE', 3,
 ( #1840, #1874, #1849, #1860, #1870, #1835, #1865, #1866, #1875, #1876, #1842, #1877, #1843, #1829, #1878, #1879, #1831, #1850, #1880, #1881, #1852, #1853, #1895, #1934, #1897, #1903, #1888, #1887, #1913, #1916, #1935, #1914, #1943, #1891, #1889, #1890, #1896, #1900, #1919, #1945, #1892, #1939, #1922, #1941, #1898, #1932, #1944, #1923, #1884, #1938, #1930, #1899, #1882, #1933, #1924, #1915, #1883, #1901, #1936, #1917, #1940, #1910, #1885, #1886, #1902, #1904, #1925, #1905, #1893, #1894, #1918, #1920, #1921, #1937, #1906, #1907, #1908, #1931, #1926, #1909, #1927, #1911, #1928, #1912, #1929, #1942, #1997, #2001, #2000, #2002, #1995, #1999, #1946, #2003, #1957, #1974, #1949, #1961, #1976, #1998, #1963, #1971, #1951, #1987, #1960, #1996, #1962, #2004, #1989, #2005, #1985, #1970, #1965, #1947, #1966, #1993, #1972, #1967, #1977, #1948, #1950, #1952, #1978, #1953, #1980, #1954, #1981, #1973, #1968, #1990, #1991, #1958, #1979, #1955, #1982, #1975, #1964, #1983, #1994, #1956, #1959, #1969 ),
 .UNSPECIFIED., .F., .F.,
 ( 4, 2, 2, 2, 2, 1, 2, 2, 1, 2, 2, 2, 1, 2, 2, 2, 1, 1, 2, 2, 2, 2, 2, 1, 1, 2, 2, 2, 2, 2, 2, 2, 2, 1, 2, 2, 2, 2, 2, 2, 2, 2, 2, 2, 1, 2, 2, 1, 2, 2, 1, 2, 2, 2, 1, 1, 2, 2, 2, 2, 2, 2, 1, 2, 2, 2, 1, 2, 2, 2, 2, 2, 1, 2, 2, 2, 2, 2, 4 ),
 ( 0.0000000000000000000, 0.01562499999998674000, 0.02343749999998035900, 0.03124999999997397900, 0.04687499999996069800, 0.05468749999995427300, 0.05859374999995108100, 0.06249999999994787500, 0.07031249999994100600, 0.07421874999993757800, 0.07812499999993415000, 0.08593749999992735000, 0.08984374999992375500, 0.09179687499992195100, 0.09374999999992016100, 0.1015624999999126000, 0.1054687499999088600, 0.1074218749999069800, 0.1083984374999061900, 0.1093749999999054100, 0.1171874999999021100, 0.1249999999998988000, 0.1328124999998955000, 0.1367187499998940000, 0.1386718749998934500, 0.1396484374998933600, 0.1406249999998932800, 0.1484374999998942500, 0.1523437499998946100, 0.1562499999998949500, 0.1640624999998954200, 0.1679687499998954700, 0.1718749999998955600, 0.1796874999998959200, 0.1835937499998960600, 0.1874999999998962200, 0.2031249999998967800, 0.2109374999998971400, 0.2187499999998975000, 0.2499999999998987500, 0.2656249999998993600, 0.2734374999998996900, 0.2812499999998999700, 0.2968749999999005800, 0.3046874999999009100, 0.3085937499999010800, 0.3124999999999012500, 0.3203124999999016300, 0.3242187499999018000, 0.3281249999999020200, 0.3359374999999023000, 0.3398437499999024100, 0.3437499999999025800, 0.3515624999999031300, 0.3554687499999034700, 0.3574218749999034700, 0.3583984374999036300, 0.3593749999999038000, 0.3671874999999083000, 0.3749999999999128500, 0.3828124999999174000, 0.3867187499999196200, 0.3886718749999207300, 0.3896484374999212300, 0.3906249999999217300, 0.3984374999999263900, 0.4023437499999288900, 0.4042968749999301100, 0.4062499999999313300, 0.4140624999999368300, 0.4179687499999394900, 0.4218749999999421600, 0.4296874999999476000, 0.4335937499999505400, 0.4374999999999534800, 0.4531249999999652500, 0.4609374999999710800, 0.4687499999999769600, 0.5000000000000000000 ),
 .UNSPECIFIED. ) ;
#1125 = B_SPLINE_CURVE_WITH_KNOTS ( 'NONE', 3,
 ( #2066, #2098, #2094, #2061, #2086, #2075, #2090, #2062, #2076, #2085, #2087, #2070, #2077, #2088, #2095, #2097 ),
 .UNSPECIFIED., .F., .F.,
 ( 4, 2, 2, 2, 2, 2, 2, 4 ),
 ( 0.005503992428361924100, 0.005847404403558797100, 0.006190816378755670100, 0.006877640329149415200, 0.007221052304346289000, 0.007564464279543162000, 0.007907876254740035800, 0.008251288229936908800 ),
 .UNSPECIFIED. ) ;
#1126 = B_SPLINE_CURVE_WITH_KNOTS ( 'NONE', 3,
 ( #2079, #2103, #2074, #2102, #2060, #2100, #2081, #2064, #2099, #2082, #2068, #2105, #2069, #2071, #2072, #2128, #2121, #2155, #2131, #2161, #2107, #2147, #2157, #2138, #2134, #2108 ),
 .UNSPECIFIED., .F., .F.,
 ( 4, 2, 2, 2, 2, 2, 2, 2, 2, 2, 2, 2, 4 ),
 ( 0.0000000000000000000, 0.0003438957916892512500, 0.0006877915833785025000, 0.001375583166757005200, 0.001719478958446254800, 0.002063374750135504700, 0.002407270541824754300, 0.002751166333514003900, 0.003438957916892503600, 0.004126749500271003300, 0.004814541083649502600, 0.005158436875338752600, 0.005502332667028002700 ),
 .UNSPECIFIED. ) ;
#1127 = B_SPLINE_CURVE_WITH_KNOTS ( 'NONE', 3,
 ( #1670, #1699, #1715, #1697 ),
 .UNSPECIFIED., .F., .F.,
 ( 4, 4 ),
 ( 0.0000000000000000000, 0.0003715438041526688300 ),
 .UNSPECIFIED. ) ;
#1128 = B_SPLINE_CURVE_WITH_KNOTS ( 'NONE', 3,
 ( #1801, #1779, #1789, #1803 ),
 .UNSPECIFIED., .F., .F.,
 ( 4, 4 ),
 ( 0.0000000000000000000, 0.0003715438041526702900 ),
 .UNSPECIFIED. ) ;
#1129 = B_SPLINE_CURVE_WITH_KNOTS ( 'NONE', 3,
 ( #2091, #2109, #2151, #2143, #2136, #2139, #2124, #2125, #2137, #2111, #2140, #2129, #2112, #2127, #2152, #2113, #2141, #2135, #2115, #2116, #2142, #2117, #2153, #2130, #2118, #2119, #2154, #2145, #2120, #2199, #2185, #2202, #2168, #2186, #2196, #2197, #2180, #2187, #2200, #2207, #2208, #2162, #2220, #2173, #2191, #2165, #2177, #2193, #2217, #2179, #2222, #2188, #2167, #2205, #2176, #2216, #2178, #2221, #2209, #2224, #2203, #2218, #2219, #2204, #2164, #2201, #2195, #2225, #2210, #2181, #2223, #2166, #2198, #2169, #2206, #2163, #2211, #2189, #2183, #2212, #2213, #2194, #2192, #2214, #2170, #2215, #2171, #2172, #2174, #2175, #2182, #2184, #2190, #2259, #2241, #2242, #2258, #2260, #2231, #2267, #2240, #2230, #2255, #2261, #2274, #2256, #2283, #2234, #2232, #2233, #2238, #2243, #2262, #2285, #2235, #2264, #2280, #2229, #2248, #2281, #2246, #2265, #2228, #2278, #2272, #2239, #2226, #2273, #2266, #2263, #2268, #2244, #2245, #2269, #2279, #2270, #2249, #2282, #2247, #2271, #2284, #2236 ),
 .UNSPECIFIED., .F., .F.,
 ( 4, 2, 2, 2, 2, 1, 2, 2, 1, 2, 2, 2, 1, 2, 2, 2, 1, 1, 2, 2, 2, 2, 2, 1, 1, 2, 2, 2, 2, 2, 2, 2, 2, 1, 2, 2, 2, 2, 2, 2, 2, 2, 2, 2, 1, 2, 2, 1, 2, 2, 1, 2, 2, 2, 1, 1, 2, 2, 2, 2, 2, 2, 1, 2, 2, 2, 1, 2, 2, 2, 2, 2, 1, 2, 2, 2, 2, 2, 4 ),
 ( 0.0000000000000000000, 0.01562500000000232100, 0.02343750000000349000, 0.03125000000000465600, 0.04687500000000749400, 0.05468750000000891000, 0.05859375000000960300, 0.06250000000001029700, 0.07031250000001169900, 0.07421875000001237900, 0.07812500000001307300, 0.08593750000001444700, 0.08984375000001514100, 0.09179687500001530700, 0.09375000000001547400, 0.1015625000000162000, 0.1054687500000165700, 0.1074218750000169200, 0.1083984375000172500, 0.1093750000000176000, 0.1171875000000188500, 0.1250000000000201200, 0.1328125000000214000, 0.1367187500000219300, 0.1386718750000221500, 0.1396484375000221200, 0.1406250000000221200, 0.1484375000000233100, 0.1523437500000239000, 0.1562500000000244800, 0.1640625000000254200, 0.1679687500000259800, 0.1718750000000265300, 0.1796875000000278400, 0.1835937500000284800, 0.1875000000000291200, 0.2031250000000315300, 0.2109375000000327800, 0.2187500000000340300, 0.2500000000000393600, 0.2656250000000420200, 0.2734375000000433500, 0.2812500000000446900, 0.2968750000000472400, 0.3046875000000485700, 0.3085937500000493500, 0.3125000000000500700, 0.3203125000000515100, 0.3242187500000522400, 0.3281250000000529000, 0.3359375000000543500, 0.3398437500000549000, 0.3437500000000555100, 0.3515625000000563400, 0.3554687500000569000, 0.3574218750000572900, 0.3583984375000575700, 0.3593750000000578400, 0.3671875000000582300, 0.3750000000000586200, 0.3828125000000589500, 0.3867187500000589500, 0.3886718750000587300, 0.3896484375000584000, 0.3906250000000580100, 0.3984375000000540100, 0.4023437500000518500, 0.4042968750000507400, 0.4062500000000496300, 0.4140625000000455200, 0.4179687500000436300, 0.4218750000000418000, 0.4296875000000376900, 0.4335937500000355800, 0.4375000000000335300, 0.4531250000000256500, 0.4609375000000214300, 0.4687500000000172600, 0.5000000000000000000 ),
 .UNSPECIFIED. ) ;
#1130 = B_SPLINE_CURVE_WITH_KNOTS ( 'NONE', 3,
 ( #2908, #2857, #2876, #2909, #2874, #2906, #2858, #2904, #2879, #2856, #2892, #2877, #2862, #2880 ),
 .UNSPECIFIED., .F., .F.,
 ( 4, 2, 2, 2, 2, 2, 4 ),
 ( 0.0000000000000000000, 0.06249403361702907100, 0.1249880672340581400, 0.1562350840425726900, 0.1874821008510872700, 0.2187291176596018200, 0.2499761344681164000 ),
 .UNSPECIFIED. ) ;
#1131 = B_SPLINE_CURVE_WITH_KNOTS ( 'NONE', 3,
 ( #6049, #6080, #6056, #6085 ),
 .UNSPECIFIED., .F., .F.,
 ( 4, 4 ),
 ( 0.0000000000000000000, 0.0003888746750324391700 ),
 .UNSPECIFIED. ) ;
#1132 = B_SPLINE_CURVE_WITH_KNOTS ( 'NONE', 3,
 ( #6121, #6095, #6100, #6057 ),
 .UNSPECIFIED., .F., .F.,
 ( 4, 4 ),
 ( 0.0000000000000000000, 0.0004668179053188308700 ),
 .UNSPECIFIED. ) ;
#1133 = B_SPLINE_CURVE_WITH_KNOTS ( 'NONE', 3,
 ( #5930, #5936, #5903, #5882 ),
 .UNSPECIFIED., .F., .F.,
 ( 4, 4 ),
 ( 2.168404344971008900E-019, 0.0004668179053188301200 ),
 .UNSPECIFIED. ) ;
#1134 = B_SPLINE_CURVE_WITH_KNOTS ( 'NONE', 3,
 ( #5964, #5966, #5871, #5932 ),
 .UNSPECIFIED., .F., .F.,
 ( 4, 4 ),
 ( 0.0000000000000000000, 0.0003888746750324424200 ),
 .UNSPECIFIED. ) ;
#1135 = UNCERTAINTY_MEASURE_WITH_UNIT (LENGTH_MEASURE( 1.000000000000000100E-005 ), #4942, 'distance_accuracy_value', 'NONE');
#1136 = B_SPLINE_CURVE_WITH_KNOTS ( 'NONE', 3,
 ( #4661, #4689, #4681, #4692, #4662, #4667, #4669, #4672, #4686, #4674, #4675, #4676, #4687, #4695 ),
 .UNSPECIFIED., .F., .F.,
 ( 4, 2, 2, 2, 2, 2, 4 ),
 ( 0.5000000000000000000, 0.5624698780631849400, 0.6249397561263697600, 0.6561746951579620100, 0.6874096341895543600, 0.7186445732211466100, 0.7498795122527389700 ),
 .UNSPECIFIED. ) ;
#1137 = B_SPLINE_CURVE_WITH_KNOTS ( 'NONE', 3,
 ( #5993, #5973, #6018, #5979 ),
 .UNSPECIFIED., .F., .F.,
 ( 4, 4 ),
 ( 0.0000000000000000000, 0.0004668179053188275700 ),
 .UNSPECIFIED. ) ;
#1138 = B_SPLINE_CURVE_WITH_KNOTS ( 'NONE', 3,
 ( #4795, #4758, #4730, #4732, #4733, #4734, #4738, #4739, #4767, #4740, #4744, #4771, #4745, #4747 ),
 .UNSPECIFIED., .F., .F.,
 ( 4, 2, 2, 2, 2, 2, 4 ),
 ( 0.008360368672082521500, 0.009056700559836098500, 0.009753032447589673700, 0.01010119839146646200, 0.01044936433534324900, 0.01079753027922003700, 0.01114569622309682600 ),
 .UNSPECIFIED. ) ;
#1139 = B_SPLINE_CURVE_WITH_KNOTS ( 'NONE', 3,
 ( #6009, #5978, #6007, #6035 ),
 .UNSPECIFIED., .F., .F.,
 ( 4, 4 ),
 ( 0.0000000000000000000, 0.0004668179053188331500 ),
 .UNSPECIFIED. ) ;
#1140 = B_SPLINE_CURVE_WITH_KNOTS ( 'NONE', 3,
 ( #6039, #6026, #6045, #5990 ),
 .UNSPECIFIED., .F., .F.,
 ( 4, 4 ),
 ( 0.0000000000000000000, 0.0003888746750324371100 ),
 .UNSPECIFIED. ) ;
#1141 = B_SPLINE_CURVE_WITH_KNOTS ( 'NONE', 3,
 ( #4690, #4693, #4807, #4749, #4809, #4811, #4805, #4773, #4813, #4735, #4791, #4815, #4775, #4723, #4803, #4787, #4736, #4817, #4793, #4777, #4721, #4722, #4724, #4731, #4737, #4725, #4751, #4726, #4727, #4742 ),
 .UNSPECIFIED., .F., .F.,
 ( 4, 2, 2, 2, 2, 2, 2, 2, 2, 2, 2, 2, 2, 2, 4 ),
 ( 0.0000000000000000000, 0.0003480883336983468200, 0.0006961766673966936400, 0.001392353334793392300, 0.001740441668491742800, 0.002088530002190093500, 0.002436618335888444000, 0.002784706669586794500, 0.003132795003285144600, 0.003480883336983495500, 0.003828971670681845600, 0.004177060004380196500, 0.004873236671776897500, 0.005221325005475250200, 0.005569413339173603800 ),
 .UNSPECIFIED. ) ;
#1142 = UNCERTAINTY_MEASURE_WITH_UNIT (LENGTH_MEASURE( 1.000000000000000100E-005 ), #5028, 'distance_accuracy_value', 'NONE');
#1143 = B_SPLINE_CURVE_WITH_KNOTS ( 'NONE', 3,
 ( #6064, #6111, #6118, #6127 ),
 .UNSPECIFIED., .F., .F.,
 ( 4, 4 ),
 ( 0.0000000000000000000, 0.0004668179053188367300 ),
 .UNSPECIFIED. ) ;
#1144 = B_SPLINE_CURVE_WITH_KNOTS ( 'NONE', 3,
 ( #6105, #6069, #6135, #6107 ),
 .UNSPECIFIED., .F., .F.,
 ( 4, 4 ),
 ( 0.0000000000000000000, 0.0003888746750324372700 ),
 .UNSPECIFIED. ) ;
#1145 = B_SPLINE_CURVE_WITH_KNOTS ( 'NONE', 1,
 ( #4728, #4763 ),
 .UNSPECIFIED., .F., .F.,
 ( 2, 2 ),
 ( 0.0000000000000000000, 1.000000000000000000 ),
 .UNSPECIFIED. ) ;
#1146 = UNCERTAINTY_MEASURE_WITH_UNIT (LENGTH_MEASURE( 1.000000000000000100E-005 ), #4990, 'distance_accuracy_value', 'NONE');
#1147 = UNCERTAINTY_MEASURE_WITH_UNIT (LENGTH_MEASURE( 1.000000000000000100E-005 ), #4995, 'distance_accuracy_value', 'NONE');
#1148 = ADVANCED_BREP_SHAPE_REPRESENTATION ( '', ( #1026, #4267 ), #4272 ) ;
#1149 = B_SPLINE_CURVE_WITH_KNOTS ( 'NONE', 3,
 ( #6230, #6216, #6238, #6190 ),
 .UNSPECIFIED., .F., .F.,
 ( 4, 4 ),
 ( 0.0000000000000000000, 0.0003888746750324423100 ),
 .UNSPECIFIED. ) ;
#1150 = ADVANCED_BREP_SHAPE_REPRESENTATION ( '', ( #1006, #4267 ), #4274 ) ;
#1151 = B_SPLINE_CURVE_WITH_KNOTS ( 'NONE', 3,
 ( #5889, #5914, #5916, #5983 ),
 .UNSPECIFIED., .F., .F.,
 ( 4, 4 ),
 ( 0.0000000000000000000, 0.0004668179053188283300 ),
 .UNSPECIFIED. ) ;
#1152 = B_SPLINE_CURVE_WITH_KNOTS ( 'NONE', 3,
 ( #6041, #6083, #6140, #6076 ),
 .UNSPECIFIED., .F., .F.,
 ( 4, 4 ),
 ( 0.0000000000000000000, 0.0003888746750324444800 ),
 .UNSPECIFIED. ) ;
#1153 = B_SPLINE_CURVE_WITH_KNOTS ( 'NONE', 3,
 ( #5887, #5918, #5875, #5898 ),
 .UNSPECIFIED., .F., .F.,
 ( 4, 4 ),
 ( 0.0000000000000000000, 0.0004668179053188300100 ),
 .UNSPECIFIED. ) ;
#1154 = B_SPLINE_CURVE_WITH_KNOTS ( 'NONE', 3,
 ( #6074, #6119, #6093, #6090 ),
 .UNSPECIFIED., .F., .F.,
 ( 4, 4 ),
 ( 0.0000000000000000000, 0.0003888746750324429600 ),
 .UNSPECIFIED. ) ;
#1155 = B_SPLINE_CURVE_WITH_KNOTS ( 'NONE', 3,
 ( #6231, #6170, #6240, #6185 ),
 .UNSPECIFIED., .F., .F.,
 ( 4, 4 ),
 ( 0.0000000000000000000, 0.0004668179053188282200 ),
 .UNSPECIFIED. ) ;
#1156 = UNCERTAINTY_MEASURE_WITH_UNIT (LENGTH_MEASURE( 1.000000000000000100E-005 ), #4936, 'distance_accuracy_value', 'NONE');
#1157 = UNCERTAINTY_MEASURE_WITH_UNIT (LENGTH_MEASURE( 1.000000000000000100E-005 ), #4952, 'distance_accuracy_value', 'NONE');
#1158 = ADVANCED_BREP_SHAPE_REPRESENTATION ( '', ( #991, #4267 ), #4290 ) ;
#1159 = B_SPLINE_CURVE_WITH_KNOTS ( 'NONE', 3,
 ( #6031, #6020, #6037, #6023 ),
 .UNSPECIFIED., .F., .F.,
 ( 4, 4 ),
 ( 0.0000000000000000000, 0.0003888746750324351000 ),
 .UNSPECIFIED. ) ;
#1160 = B_SPLINE_CURVE_WITH_KNOTS ( 'NONE', 3,
 ( #6060, #6103, #6091, #6109 ),
 .UNSPECIFIED., .F., .F.,
 ( 4, 4 ),
 ( 0.0000000000000000000, 0.0003888746750324462700 ),
 .UNSPECIFIED. ) ;
#1161 = B_SPLINE_CURVE_WITH_KNOTS ( 'NONE', 3,
 ( #5938, #5942, #5956, #5963 ),
 .UNSPECIFIED., .F., .F.,
 ( 4, 4 ),
 ( 0.0000000000000000000, 0.0003888746750324374900 ),
 .UNSPECIFIED. ) ;
#1162 = UNCERTAINTY_MEASURE_WITH_UNIT (LENGTH_MEASURE( 1.000000000000000100E-005 ), #5032, 'distance_accuracy_value', 'NONE');
#1163 = B_SPLINE_CURVE_WITH_KNOTS ( 'NONE', 3,
 ( #5980, #6047, #6029, #6017 ),
 .UNSPECIFIED., .F., .F.,
 ( 4, 4 ),
 ( 0.0000000000000000000, 0.0003888746750324368900 ),
 .UNSPECIFIED. ) ;
#1164 = CARTESIAN_POINT ( 'NONE',  ( 9.790396619346282100, 9.465699093771320300, 2.036887710337603500 ) ) ;
#1165 = CARTESIAN_POINT ( 'NONE',  ( 9.775916250620662500, 9.865695093734595700, 2.105103670049906000 ) ) ;
#1166 = CARTESIAN_POINT ( 'NONE',  ( 9.798715762164862400, 9.338805974505085300, 1.997011350713136000 ) ) ;
#1167 = CARTESIAN_POINT ( 'NONE',  ( 9.778885215570333900, 9.730679837924716600, 2.091454386146494000 ) ) ;
#1168 = CARTESIAN_POINT ( 'NONE',  ( 9.775910271250152700, 10.00011913490556200, 2.105131437337297100 ) ) ;
#1169 = CARTESIAN_POINT ( 'NONE',  ( 1.719999999999999800, 10.23362892180656300, 1.814276715388256200 ) ) ;
#1170 = CARTESIAN_POINT ( 'NONE',  ( 1.720000000000000000, 9.999999999999998200, 1.814276715388256600 ) ) ;
#1171 = CARTESIAN_POINT ( 'NONE',  ( 1.671112946892257000, 10.46459613362993600, 1.862819688378107200 ) ) ;
#1172 = CARTESIAN_POINT ( 'NONE',  ( 1.496621278647047400, 10.87669424371081400, 2.005701977109486400 ) ) ;
#1173 = CARTESIAN_POINT ( 'NONE',  ( 1.066210793212625200, 11.36731698932552700, 2.268139480345634100 ) ) ;
#1174 = CARTESIAN_POINT ( 'NONE',  ( 0.2346656565764647700, 11.70784979321008600, 2.491597020931118200 ) ) ;
#1175 = CARTESIAN_POINT ( 'NONE',  ( 0.5705264020427240900, 11.62662121648077800, 2.436464269543428000 ) ) ;
#1176 = CARTESIAN_POINT ( 'NONE',  ( 0.8850698970903373400, 11.49232674257261700, 2.348208961319861600 ) ) ;
#1177 = CARTESIAN_POINT ( 'NONE',  ( 0.4615509479824333500, 11.66096044774121800, 2.459693966229498800 ) ) ;
#1178 = CARTESIAN_POINT ( 'NONE',  ( 1.374826609892104300, 11.05650981897657200, 2.095498496921017300 ) ) ;
#1179 = CARTESIAN_POINT ( 'NONE',  ( 0.1163738464665837900, 11.71999999999999900, 2.500000000000000000 ) ) ;
#1180 = CARTESIAN_POINT ( 'NONE',  ( -2.010258662395773600E-020, 11.71999999999999700, 2.500000000000000000 ) ) ;
#1181 = CARTESIAN_POINT ( 'NONE',  ( 2.055497237152815500, 9.999999999999998200, 9.786466732588282400 ) ) ;
#1182 = CARTESIAN_POINT ( 'NONE',  ( 0.0000000000000000000, 5.000000000000000900, 0.0000000000000000000 ) ) ;
#1183 = DIRECTION ( 'NONE',  ( 0.0000000000000000000, 1.000000000000000000, 0.0000000000000000000 ) ) ;
#1184 = DIRECTION ( 'NONE',  ( 0.0000000000000000000, 0.0000000000000000000, 1.000000000000000000 ) ) ;
#1185 = CARTESIAN_POINT ( 'NONE',  ( -2.588190451025129200, 5.000000000000000000, -9.659258262890709500 ) ) ;
#1186 = DIRECTION ( 'NONE',  ( 0.0000000000000000000, 1.000000000000000000, 0.0000000000000000000 ) ) ;
#1187 = CARTESIAN_POINT ( 'NONE',  ( 0.0000000000000000000, 15.00000000000000000, 0.0000000000000000000 ) ) ;
#1188 = DIRECTION ( 'NONE',  ( 0.0000000000000000000, 0.0000000000000000000, 1.000000000000000000 ) ) ;
#1189 = CARTESIAN_POINT ( 'NONE',  ( 4.001000904307253400, -4.500000000000000000, -1.277494330215418000 ) ) ;
#1190 = DIRECTION ( 'NONE',  ( 0.0000000000000000000, 1.000000000000000000, 0.0000000000000000000 ) ) ;
#1191 = DIRECTION ( 'NONE',  ( 0.0000000000000000000, 0.0000000000000000000, 1.000000000000000000 ) ) ;
#1192 = DIRECTION ( 'NONE',  ( -0.0000000000000000000, 1.000000000000000000, -0.0000000000000000000 ) ) ;
#1193 = CARTESIAN_POINT ( 'NONE',  ( 0.0000000000000000000, 9.999999999999998200, 1.720000000000000000 ) ) ;
#1194 = DIRECTION ( 'NONE',  ( -1.000000000000000000, -0.0000000000000000000, -0.0000000000000000000 ) ) ;
#1195 = DIRECTION ( 'NONE',  ( -0.0000000000000000000, -0.0000000000000000000, 1.000000000000000000 ) ) ;
#1196 = CARTESIAN_POINT ( 'NONE',  ( 1.643820073047662200, 8.780010447327857300, 9.865857995097561800 ) ) ;
#1197 = CARTESIAN_POINT ( 'NONE',  ( 0.1347090945781962400, 8.014972014887032300, 10.00000000000000900 ) ) ;
#1198 = CARTESIAN_POINT ( 'NONE',  ( -1.556562868781201200E-013, 8.014968815698884100, 9.999999999996580500 ) ) ;
#1199 = DIRECTION ( 'NONE',  ( 0.0000000000000000000, 1.000000000000000000, 0.0000000000000000000 ) ) ;
#1200 = DIRECTION ( 'NONE',  ( -0.0000000000000000000, 1.000000000000000000, -0.0000000000000000000 ) ) ;
#1201 = DIRECTION ( 'NONE',  ( -0.0000000000000000000, 1.000000000000000000, -0.0000000000000000000 ) ) ;
#1202 = DIRECTION ( 'NONE',  ( -0.0000000000000000000, -1.000000000000000000, -0.0000000000000000000 ) ) ;
#1203 = CARTESIAN_POINT ( 'NONE',  ( 1.254187714928786100, 8.422008732101209800, 9.921670746643821200 ) ) ;
#1204 = CARTESIAN_POINT ( 'NONE',  ( 0.5345386751228692300, 8.078866919421949800, 9.986576765333474300 ) ) ;
#1205 = CARTESIAN_POINT ( 'NONE',  ( 0.0000000000000000000, 8.279999999999999400, 2.500000000000000000 ) ) ;
#1206 = CARTESIAN_POINT ( 'NONE',  ( 0.1181016632402725600, 8.279999999999997600, 2.500000000000000400 ) ) ;
#1207 = CARTESIAN_POINT ( 'NONE',  ( 0.2705779845706956500, 8.027951313445731400, 9.997211343137953700 ) ) ;
#1208 = CARTESIAN_POINT ( 'NONE',  ( 0.0000000000000000000, 13.99999999999998400, 0.0000000000000000000 ) ) ;
#1209 = DIRECTION ( 'NONE',  ( 0.0000000000000000000, 0.0000000000000000000, 1.000000000000000000 ) ) ;
#1210 = CARTESIAN_POINT ( 'NONE',  ( -2.588190451025167400, 5.000000000000000000, 9.659258262890698900 ) ) ;
#1211 = DIRECTION ( 'NONE',  ( 0.0000000000000000000, 0.0000000000000000000, -1.000000000000000000 ) ) ;
#1212 = CARTESIAN_POINT ( 'NONE',  ( 2.055432714758212800, 9.737649561383801000, 9.786480284527657500 ) ) ;
#1213 = CARTESIAN_POINT ( 'NONE',  ( 1.357201333185214600, 8.503515840257533000, 9.907942730163338000 ) ) ;
#1214 = DIRECTION ( 'NONE',  ( 0.0000000000000000000, -1.000000000000000000, 0.0000000000000000000 ) ) ;
#1215 = DIRECTION ( 'NONE',  ( 0.0000000000000000000, 0.0000000000000000000, -1.000000000000000000 ) ) ;
#1216 = CARTESIAN_POINT ( 'NONE',  ( 0.0000000000000000000, 15.00000000000000000, -10.00000000000000200 ) ) ;
#1217 = DIRECTION ( 'NONE',  ( -0.0000000000000000000, -1.000000000000000000, -0.0000000000000000000 ) ) ;
#1218 = DIRECTION ( 'NONE',  ( 0.0000000000000000000, 0.0000000000000000000, -1.000000000000000000 ) ) ;
#1219 = CARTESIAN_POINT ( 'NONE',  ( -1.720000000000000000, 9.999999999999998200, 0.0000000000000000000 ) ) ;
#1220 = CARTESIAN_POINT ( 'NONE',  ( 0.0000000000000000000, -4.249999999999990200, 0.0000000000000000000 ) ) ;
#1221 = CARTESIAN_POINT ( 'NONE',  ( 1.224646799147353500E-015, 15.00000000000000000, 10.00000000000000200 ) ) ;
#1222 = CARTESIAN_POINT ( 'NONE',  ( 0.0000000000000000000, -4.500000000000000000, 0.0000000000000000000 ) ) ;
#1223 = CARTESIAN_POINT ( 'NONE',  ( 2.001892139352618600, 9.479679841655404000, 9.798139329018543000 ) ) ;
#1224 = CARTESIAN_POINT ( 'NONE',  ( 1.031715690406731100, 8.278268793434653700, 9.947265954183317000 ) ) ;
#1225 = CARTESIAN_POINT ( 'NONE',  ( 0.9118174481514667000, 8.216200607468136900, 9.959127951029817200 ) ) ;
#1226 = CARTESIAN_POINT ( 'NONE',  ( 9.505276769087929600, 10.00010011074515000, 1.719999997086580700 ) ) ;
#1227 = CARTESIAN_POINT ( 'NONE',  ( 0.6624687328460021600, 8.116370901461962700, 9.978816351739229900 ) ) ;
#1228 = DIRECTION ( 'NONE',  ( 0.0000000000000000000, -1.000000000000000000, 0.0000000000000000000 ) ) ;
#1229 = CARTESIAN_POINT ( 'NONE',  ( 1.794950876282859700, 8.998200340854108200, 9.838153170193734800 ) ) ;
#1230 = CARTESIAN_POINT ( 'NONE',  ( 0.0000000000000000000, 5.000000000000000900, 2.500000000000000000 ) ) ;
#1231 = CARTESIAN_POINT ( 'NONE',  ( 9.775910271250152700, 10.00011913490556200, 2.105131437337297100 ) ) ;
#1232 = CARTESIAN_POINT ( 'NONE',  ( 2.588190451025185600, 5.000000000000000000, 9.659258262890691800 ) ) ;
#1233 = CARTESIAN_POINT ( 'NONE',  ( -9.085178540258267400, -4.249999999999992900, 4.178460349414676100 ) ) ;
#1234 = CARTESIAN_POINT ( 'NONE',  ( -8.965758091466840400, -4.416454182136765100, 4.039205825515861800 ) ) ;
#1235 = DIRECTION ( 'NONE',  ( 0.0000000000000000000, 1.000000000000000000, 0.0000000000000000000 ) ) ;
#1236 = CARTESIAN_POINT ( 'NONE',  ( -9.025974339751746500, -4.333113010179412900, 4.108279147407995600 ) ) ;
#1237 = CARTESIAN_POINT ( 'NONE',  ( -8.904579188808124700, -4.500000000000000000, 3.971267992750581000 ) ) ;
#1238 = DIRECTION ( 'NONE',  ( 0.0000000000000000000, 0.0000000000000000000, 1.000000000000000000 ) ) ;
#1239 = CARTESIAN_POINT ( 'NONE',  ( 1.198866814542960200, 11.61275941513813600, 9.927913619184920400 ) ) ;
#1240 = CARTESIAN_POINT ( 'NONE',  ( 1.253236680352430600, 11.57373971044849800, 9.921196901196637400 ) ) ;
#1241 = CARTESIAN_POINT ( 'NONE',  ( 1.279820262398701200, 11.55365430773683000, 9.917799473236359000 ) ) ;
#1242 = CARTESIAN_POINT ( 'NONE',  ( 1.171302535662464500, 11.63153545200100300, 9.931205480697405700 ) ) ;
#1243 = CARTESIAN_POINT ( 'NONE',  ( 1.331766150390025500, 11.51238964442482700, 9.910957835494253100 ) ) ;
#1244 = CARTESIAN_POINT ( 'NONE',  ( 1.357136736741755700, 11.49120438248988700, 9.907512589353212100 ) ) ;
#1245 = CARTESIAN_POINT ( 'NONE',  ( 1.115389753545861200, 11.66767722876501700, 9.937640443876958300 ) ) ;
#1246 = CARTESIAN_POINT ( 'NONE',  ( 1.087047761007552000, 11.68503824140535300, 9.940782744968565500 ) ) ;
#1247 = CARTESIAN_POINT ( 'NONE',  ( 1.430874963089671100, 11.42546707091169200, 9.897129143233826200 ) ) ;
#1248 = CARTESIAN_POINT ( 'NONE',  ( 1.630879175594041500, 11.20866640879448000, 9.866136327819834400 ) ) ;
#1249 = CARTESIAN_POINT ( 'NONE',  ( 2.038246970013616500, 10.25867323823927200, 9.790075309166185800 ) ) ;
#1250 = CARTESIAN_POINT ( 'NONE',  ( 2.042346694447315400, 10.22650921698632100, 9.789220143804914900 ) ) ;
#1251 = CARTESIAN_POINT ( 'NONE',  ( 1.690446412623685300, 11.12976950377511200, 9.856102462565520000 ) ) ;
#1252 = CARTESIAN_POINT ( 'NONE',  ( 2.052194680680873100, 10.12980260831282400, 9.787162121016187700 ) ) ;
#1253 = CARTESIAN_POINT ( 'NONE',  ( 1.717214090422882500, 9.901119585713138000, 9.451644260192269400 ) ) ;
#1254 = CARTESIAN_POINT ( 'NONE',  ( 2.028405392942756300, 10.32285766271552200, 9.792119117375023100 ) ) ;
#1255 = CARTESIAN_POINT ( 'NONE',  ( 1.714234684057133400, 9.858571320633320300, 9.452364635671910900 ) ) ;
#1256 = CARTESIAN_POINT ( 'NONE',  ( 1.708798799961033500, 9.801980865171964700, 9.453675999928890400 ) ) ;
#1257 = CARTESIAN_POINT ( 'NONE',  ( 1.947076001599803000, 10.63949880949335200, 9.808633744752333100 ) ) ;
#1258 = CARTESIAN_POINT ( 'NONE',  ( 1.696973510621066800, 9.718083246696712900, 9.456513369755887400 ) ) ;
#1259 = CARTESIAN_POINT ( 'NONE',  ( 1.692131373905193100, 9.690353624161806700, 9.457669929268410800 ) ) ;
#1260 = CARTESIAN_POINT ( 'NONE',  ( 1.675604525585055300, 9.607688493272034300, 9.461594960615002500 ) ) ;
#1261 = CARTESIAN_POINT ( 'NONE',  ( 1.637418360711555300, 9.472696356104604500, 9.470491321088813300 ) ) ;
#1262 = CARTESIAN_POINT ( 'NONE',  ( 1.546506437906143900, 11.30920581596470100, 9.879785854337457700 ) ) ;
#1263 = CARTESIAN_POINT ( 'NONE',  ( 2.002117948908271200, 10.45063450037080900, 9.797530022461662800 ) ) ;
#1264 = CARTESIAN_POINT ( 'NONE',  ( 1.716339544842688400, 9.886947913868780800, 9.451855879706267100 ) ) ;
#1265 = CARTESIAN_POINT ( 'NONE',  ( 1.705307392242662900, 9.773896421024376800, 9.454516360101463200 ) ) ;
#1266 = CARTESIAN_POINT ( 'NONE',  ( 1.628584816672776500, 9.446010202965897700, 9.472521582120261700 ) ) ;
#1267 = CARTESIAN_POINT ( 'NONE',  ( 1.609574316760392600, 9.392987890677629200, 9.476848458613401900 ) ) ;
#1268 = CARTESIAN_POINT ( 'NONE',  ( 1.719306904903096000, 9.943566678520680200, 9.451137608994383000 ) ) ;
#1269 = CARTESIAN_POINT ( 'NONE',  ( 1.599397782396104800, 9.366654178296043300, 9.479144979479283300 ) ) ;
#1270 = CARTESIAN_POINT ( 'NONE',  ( 1.989736454076873600, 10.49835808032589300, 9.800049318662516400 ) ) ;
#1271 = CARTESIAN_POINT ( 'NONE',  ( 1.661923682686474100, 9.553275641412877700, 9.464818885190421600 ) ) ;
#1272 = CARTESIAN_POINT ( 'NONE',  ( 1.720000767777828200, 9.971827576768614400, 9.450969297995738900 ) ) ;
#1273 = CARTESIAN_POINT ( 'NONE',  ( 1.577676804865580000, 9.314332149683812300, 9.483992054711945800 ) ) ;
#1274 = CARTESIAN_POINT ( 'NONE',  ( 1.566117024160432300, 9.288327376908750200, 9.486545658575304100 ) ) ;
#1275 = CARTESIAN_POINT ( 'NONE',  ( 1.406691065694057700, 11.44774319871559800, 9.900598271566435600 ) ) ;
#1276 = CARTESIAN_POINT ( 'NONE',  ( 1.670974875981710700, 11.15646322292566900, 9.859424749677884800 ) ) ;
#1277 = CARTESIAN_POINT ( 'NONE',  ( 1.728068907452589200, 11.07537543939541900, 9.849575729427872500 ) ) ;
#1278 = CARTESIAN_POINT ( 'NONE',  ( 1.746089632384046500, 11.04786910635387200, 9.846394218996465500 ) ) ;
#1279 = CARTESIAN_POINT ( 'NONE',  ( 1.844523295101367500, 10.87837377113359800, 9.828467066500527600 ) ) ;
#1280 = CARTESIAN_POINT ( 'NONE',  ( 1.971625570786541100, 10.56148921077943500, 9.803709388342371200 ) ) ;
#1281 = CARTESIAN_POINT ( 'NONE',  ( 1.985397397751449600, 10.51424280136383300, 9.800929472472388300 ) ) ;
#1282 = CARTESIAN_POINT ( 'NONE',  ( 2.009518142990842200, 10.41877369776677400, 9.796013569056260200 ) ) ;
#1283 = CARTESIAN_POINT ( 'NONE',  ( 2.055495402077000200, 10.06502690553688100, 9.786467141485445600 ) ) ;
#1284 = CARTESIAN_POINT ( 'NONE',  ( 2.055497237152815500, 9.999999999999994700, 9.786466732588284100 ) ) ;
#1285 = CARTESIAN_POINT ( 'NONE',  ( 1.780647939132089500, 10.99215158479765000, 9.840203305757699000 ) ) ;
#1286 = CARTESIAN_POINT ( 'NONE',  ( 1.501662194363709400, 11.35701118556421800, 9.886722739541209400 ) ) ;
#1287 = CARTESIAN_POINT ( 'NONE',  ( 1.797174233538245700, 10.96395669564362200, 9.837195837785149200 ) ) ;
#1288 = CARTESIAN_POINT ( 'NONE',  ( 1.873121015372612100, 10.81998958071967300, 9.823039202499625600 ) ) ;
#1289 = CARTESIAN_POINT ( 'NONE',  ( 1.610226976216088800, 11.23421636761122100, 9.869530497098553600 ) ) ;
#1290 = CARTESIAN_POINT ( 'NONE',  ( 1.924397353056337200, 10.70055819747207500, 9.813122699497538900 ) ) ;
#1291 = CARTESIAN_POINT ( 'NONE',  ( 2.022663607330696900, 10.35487807147246500, 9.793307765088371800 ) ) ;
#1292 = CARTESIAN_POINT ( 'NONE',  ( 1.720000000000000200, 9.999999999999994700, 9.450969495435465700 ) ) ;
#1293 = CARTESIAN_POINT ( 'NONE',  ( 1.713004269781610800, 9.844375719522636500, 9.452661793495432000 ) ) ;
#1294 = CARTESIAN_POINT ( 'NONE',  ( 1.976345884165940000, 10.54579112313898800, 9.802758705219652300 ) ) ;
#1295 = CARTESIAN_POINT ( 'NONE',  ( 1.293011656541285000, 8.865397681176110800, 9.541218945859759200 ) ) ;
#1296 = CARTESIAN_POINT ( 'NONE',  ( 0.6066266562949799200, 8.389548003122044400, 9.631959123572990200 ) ) ;
#1297 = CARTESIAN_POINT ( 'NONE',  ( 1.488813125272760100, 9.138246472600190600, 9.503113951454771800 ) ) ;
#1298 = CARTESIAN_POINT ( 'NONE',  ( -0.05641811444471862100, 8.280008383075344400, 9.657180464407806800 ) ) ;
#1299 = CARTESIAN_POINT ( 'NONE',  ( -0.2246576343019197900, 8.294500369376846600, 9.653755404955260700 ) ) ;
#1300 = CARTESIAN_POINT ( 'NONE',  ( -0.2666598488776643600, 8.300737356285974800, 9.652291231938647800 ) ) ;
#1301 = CARTESIAN_POINT ( 'NONE',  ( 0.4734191024176414600, 8.346198333817344700, 9.641764221976480100 ) ) ;
#1302 = CARTESIAN_POINT ( 'NONE',  ( -0.3086601488821498200, 8.307861974880284000, 9.650623895451969900 ) ) ;
#1303 = CARTESIAN_POINT ( 'NONE',  ( -0.3226671251608005900, 8.310476873751145600, 9.650013550084015200 ) ) ;
#1304 = CARTESIAN_POINT ( 'NONE',  ( 0.3089119826313190300, 8.307731547385708700, 9.650652722986333000 ) ) ;
#1305 = CARTESIAN_POINT ( 'NONE',  ( -0.3644565717875165600, 8.318816762090744300, 9.648071823154895200 ) ) ;
#1306 = CARTESIAN_POINT ( 'NONE',  ( -0.3920557698869623900, 8.325040886986297300, 9.646628756611008300 ) ) ;
#1307 = CARTESIAN_POINT ( 'NONE',  ( 0.02782163424619755300, 8.279995837550801600, 9.657183463008747600 ) ) ;
#1308 = CARTESIAN_POINT ( 'NONE',  ( -0.6072631758198763200, 8.389789445225483500, 9.631905354443471600 ) ) ;
#1309 = CARTESIAN_POINT ( 'NONE',  ( -0.6849790281394649800, 8.422029733088555400, 9.624819032239535900 ) ) ;
#1310 = CARTESIAN_POINT ( 'NONE',  ( 1.413886932892781400, 9.020150077676124300, 9.518345323879579200 ) ) ;
#1311 = CARTESIAN_POINT ( 'NONE',  ( 0.2809450972845738400, 8.302861035228684000, 9.651792693100256700 ) ) ;
#1312 = CARTESIAN_POINT ( 'NONE',  ( -0.7614887064778137500, 8.457493552156565300, 9.617156937546354800 ) ) ;
#1313 = CARTESIAN_POINT ( 'NONE',  ( 1.254961532616888400, 8.823448358714095700, 9.547983567169497500 ) ) ;
#1314 = CARTESIAN_POINT ( 'NONE',  ( -0.2806665695411227900, 8.302994472693450600, 9.651762213345845600 ) ) ;
#1315 = CARTESIAN_POINT ( 'NONE',  ( -0.7866732140715027000, 8.470182315255636100, 9.614454845199617200 ) ) ;
#1316 = CARTESIAN_POINT ( 'NONE',  ( -0.8612742927829113400, 8.510904062785064300, 9.605933416278778800 ) ) ;
#1317 = CARTESIAN_POINT ( 'NONE',  ( -0.9096861783011909200, 8.539977592716404300, 9.599987399475169900 ) ) ;
#1318 = CARTESIAN_POINT ( 'NONE',  ( 0.8614182781255787000, 8.510174517349019800, 9.606050157532395800 ) ) ;
#1319 = CARTESIAN_POINT ( 'NONE',  ( -0.1125413514357448400, 8.282762709255214500, 9.656525561524652800 ) ) ;
#1320 = CARTESIAN_POINT ( 'NONE',  ( 1.002847523599760000, 8.601487352404159700, 9.587731080895306200 ) ) ;
#1321 = CARTESIAN_POINT ( 'NONE',  ( 0.5538769367630780300, 8.370655483362041200, 9.636203285434184800 ) ) ;
#1322 = CARTESIAN_POINT ( 'NONE',  ( -0.4467714508706137600, 8.338798311476052700, 9.643459717291179300 ) ) ;
#1323 = CARTESIAN_POINT ( 'NONE',  ( -0.9334669138802652600, 8.555068220871339300, 9.596943597068696300 ) ) ;
#1324 = CARTESIAN_POINT ( 'NONE',  ( -0.7106437654096757800, 8.433418802695021200, 9.622338713268893800 ) ) ;
#1325 = CARTESIAN_POINT ( 'NONE',  ( -0.9801311712255315100, 8.586305820966334300, 9.590745048714085300 ) ) ;
#1326 = CARTESIAN_POINT ( 'NONE',  ( -0.8365336658531156200, 8.496865422514465700, 9.608847479135995700 ) ) ;
#1327 = CARTESIAN_POINT ( 'NONE',  ( 0.1121202920762374400, 8.283427621929329000, 9.656370010836566200 ) ) ;
#1328 = CARTESIAN_POINT ( 'NONE',  ( 1.311423115857652800, 8.886734521061264000, 9.537868390554026000 ) ) ;
#1329 = CARTESIAN_POINT ( 'NONE',  ( 1.175707920361779500, 8.743311845212375000, 9.561497075583869100 ) ) ;
#1330 = CARTESIAN_POINT ( 'NONE',  ( 1.047734932660079100, 8.634798236939794000, 9.581314670728373200 ) ) ;
#1331 = CARTESIAN_POINT ( 'NONE',  ( 0.1402356104756739000, 8.285493428479823000, 9.655880790385538100 ) ) ;
#1332 = CARTESIAN_POINT ( 'NONE',  ( 0.05591330344766115600, 8.280678795496351400, 9.657021347803102200 ) ) ;
#1333 = CARTESIAN_POINT ( 'NONE',  ( -0.1966241526256541400, 8.291043095208941300, 9.654570361236245900 ) ) ;
#1334 = CARTESIAN_POINT ( 'NONE',  ( -0.4738833497332839400, 8.346330373658590300, 9.641734031948663700 ) ) ;
#1335 = CARTESIAN_POINT ( 'NONE',  ( -1.003025406385724200, 8.602458294883119200, 9.587589122016879600 ) ) ;
#1336 = CARTESIAN_POINT ( 'NONE',  ( 1.502659694788590800, 9.162621392532122000, 9.500208490737135100 ) ) ;
#1337 = CARTESIAN_POINT ( 'NONE',  ( 1.347111335095155300, 8.930195490803427600, 9.531241431099646300 ) ) ;
#1338 = CARTESIAN_POINT ( 'NONE',  ( -0.5544919878005694100, 8.370860868598560600, 9.636156925943623700 ) ) ;
#1339 = CARTESIAN_POINT ( 'NONE',  ( 0.4463772439844986300, 8.338693956292216200, 9.643483686906119300 ) ) ;
#1340 = CARTESIAN_POINT ( 'NONE',  ( -1.047948889536983100, 8.635820423476674900, 9.581187104532253000 ) ) ;
#1341 = CARTESIAN_POINT ( 'NONE',  ( -1.069978124471455200, 8.653030091956408000, 9.577940996751895100 ) ) ;
#1342 = CARTESIAN_POINT ( 'NONE',  ( 0.7613256569896667000, 8.456625502259521800, 9.617304225147288200 ) ) ;
#1343 = CARTESIAN_POINT ( 'NONE',  ( 1.444995133914656300, 9.066634480172398400, 9.512120897440157200 ) ) ;
#1344 = CARTESIAN_POINT ( 'NONE',  ( -1.113175894395311600, 8.688504461605376200, 9.571381509125210100 ) ) ;
#1345 = CARTESIAN_POINT ( 'NONE',  ( 1.541904277927103300, 9.237290180924256700, 9.491826970668945800 ) ) ;
#1346 = CARTESIAN_POINT ( 'NONE',  ( 1.364376643759291500, 8.952306918040635600, 9.527967060904417800 ) ) ;
#1347 = CARTESIAN_POINT ( 'NONE',  ( 1.235446544476945800, 8.802974177972162200, 9.551375369066322600 ) ) ;
#1348 = CARTESIAN_POINT ( 'NONE',  ( -1.134344429541220400, 8.706769160287933600, 9.568068112641773500 ) ) ;
#1349 = CARTESIAN_POINT ( 'NONE',  ( 0.3918437020335610000, 8.324992862116932500, 9.646639888698079100 ) ) ;
#1350 = CARTESIAN_POINT ( 'NONE',  ( 0.3643510930154672500, 8.318795934426127300, 9.648076677558796300 ) ) ;
#1351 = CARTESIAN_POINT ( 'NONE',  ( 1.459980852003444300, 9.090253011007105100, 9.509070147179185600 ) ) ;
#1352 = CARTESIAN_POINT ( 'NONE',  ( 1.134161048174572300, 8.705703703497530200, 9.568198809566261800 ) ) ;
#1353 = CARTESIAN_POINT ( 'NONE',  ( 0.9096852610561173600, 8.539173852066969800, 9.600099031986321300 ) ) ;
#1354 = CARTESIAN_POINT ( 'NONE',  ( 0.7103467458082828300, 8.432531126536357400, 9.622510164109463900 ) ) ;
#1355 = CARTESIAN_POINT ( 'NONE',  ( 0.2246168600845554200, 8.294491891203270100, 9.653757386788155900 ) ) ;
#1356 = CARTESIAN_POINT ( 'NONE',  ( 0.1964902050499434400, 8.291026510944577800, 9.654574259413838200 ) ) ;
#1357 = CARTESIAN_POINT ( 'NONE',  ( 1.529202712940647800, 9.212136982170797200, 9.494565577941996200 ) ) ;
#1358 = CARTESIAN_POINT ( 'NONE',  ( 1.397764453107817300, 8.997284205418441900, 9.521519014997178200 ) ) ;
#1359 = CARTESIAN_POINT ( 'NONE',  ( -1.529442547381535000, 9.212605067697408500, 9.494514052501891400 ) ) ;
#1360 = CARTESIAN_POINT ( 'NONE',  ( -1.720029378159315000, 9.973756923668837300, 9.450962364515323300 ) ) ;
#1361 = CARTESIAN_POINT ( 'NONE',  ( -1.705311794462273300, 10.22607264928104700, 9.454515305001121900 ) ) ;
#1362 = CARTESIAN_POINT ( 'NONE',  ( -1.459398183522125700, 10.91069265552399000, 9.509189701284279600 ) ) ;
#1363 = CARTESIAN_POINT ( 'NONE',  ( -1.412911086523094700, 10.98126158396081600, 9.518538591681215500 ) ) ;
#1364 = CARTESIAN_POINT ( 'NONE',  ( -1.708783203423944100, 10.19811787978576900, 9.453679731711920600 ) ) ;
#1365 = CARTESIAN_POINT ( 'NONE',  ( -1.660833359845928400, 10.44814211851525700, 9.465057731670055900 ) ) ;
#1366 = CARTESIAN_POINT ( 'NONE',  ( -1.363272879047625200, 11.04912899866121600, 9.528177551496902700 ) ) ;
#1367 = CARTESIAN_POINT ( 'NONE',  ( -1.714614581817566900, 9.861083073134487600, 9.452273333631282500 ) ) ;
#1368 = CARTESIAN_POINT ( 'NONE',  ( -1.681452673081684600, 9.636797915697128400, 9.460206323322964300 ) ) ;
#1369 = CARTESIAN_POINT ( 'NONE',  ( -1.719371435841475600, 9.945621509473209400, 9.451121964616316300 ) ) ;
#1370 = CARTESIAN_POINT ( 'NONE',  ( -1.502598307555286700, 10.83749197419357900, 9.500221510854896000 ) ) ;
#1371 = CARTESIAN_POINT ( 'NONE',  ( -1.292766196857872300, 11.13590502886716200, 9.541327684010070700 ) ) ;
#1372 = CARTESIAN_POINT ( 'NONE',  ( -1.255183933908332600, 11.17730727798324400, 9.548030738567565100 ) ) ;
#1373 = CARTESIAN_POINT ( 'NONE',  ( -1.195699657977446600, 11.23672513004624700, 9.558110042184560800 ) ) ;
#1374 = CARTESIAN_POINT ( 'NONE',  ( -1.144015525962090100, 11.28445608068437300, 9.566511598571189300 ) ) ;
#1375 = CARTESIAN_POINT ( 'NONE',  ( -1.628626399688186900, 10.55600174537944400, 9.472525182697232500 ) ) ;
#1376 = CARTESIAN_POINT ( 'NONE',  ( -1.529231135597674900, 10.78781114449867600, 9.494559565890313000 ) ) ;
#1377 = CARTESIAN_POINT ( 'NONE',  ( -1.133435122544554900, 11.29380226011094900, 9.568189241129776000 ) ) ;
#1378 = CARTESIAN_POINT ( 'NONE',  ( -1.293181556078806200, 8.865856446550941100, 9.541168541751865500 ) ) ;
#1379 = CARTESIAN_POINT ( 'NONE',  ( -1.320733145196323600, 8.898063038878120800, 9.536140203652889700 ) ) ;
#1380 = CARTESIAN_POINT ( 'NONE',  ( -1.460964669338670900, 9.090544083053741200, 9.508923605107048300 ) ) ;
#1381 = CARTESIAN_POINT ( 'NONE',  ( -1.444257250037009200, 10.93451217527025000, 9.512270423433573500 ) ) ;
#1382 = CARTESIAN_POINT ( 'NONE',  ( -1.565966338843973300, 10.71199522733452400, 9.486578630763119700 ) ) ;
#1383 = CARTESIAN_POINT ( 'NONE',  ( -1.283788626493387500, 8.855234816158821700, 9.542858240081932000 ) ) ;
#1384 = CARTESIAN_POINT ( 'NONE',  ( -1.566225353431747800, 9.288571003636223000, 9.486521735137014100 ) ) ;
#1385 = CARTESIAN_POINT ( 'NONE',  ( -1.674506660887132800, 10.39322828245327000, 9.461845634389932900 ) ) ;
#1386 = CARTESIAN_POINT ( 'NONE',  ( -1.398798831984663100, 8.997558242775658900, 9.521366222298233600 ) ) ;
#1387 = CARTESIAN_POINT ( 'NONE',  ( -1.577696083934256000, 9.314375914678413100, 9.483987790028754400 ) ) ;
#1388 = CARTESIAN_POINT ( 'NONE',  ( -1.671209446962950600, 10.40701270798866000, 9.462622203246020500 ) ) ;
#1389 = CARTESIAN_POINT ( 'NONE',  ( -1.705629739309445900, 9.776313625399566800, 9.454438907333882400 ) ) ;
#1390 = CARTESIAN_POINT ( 'NONE',  ( -1.697317538330394000, 9.720149061580206900, 9.456431125920683900 ) ) ;
#1391 = CARTESIAN_POINT ( 'NONE',  ( -1.489744839197715700, 9.138488215819471300, 9.502955183123356500 ) ) ;
#1392 = CARTESIAN_POINT ( 'NONE',  ( -1.599461749562718800, 9.366810944255409100, 9.479130667593372200 ) ) ;
#1393 = CARTESIAN_POINT ( 'NONE',  ( -1.654029777051516900, 9.527367550210424700, 9.466645831301779200 ) ) ;
#1394 = CARTESIAN_POINT ( 'NONE',  ( -1.692478198518426300, 9.692239735386236200, 9.457587279700668100 ) ) ;
#1395 = CARTESIAN_POINT ( 'NONE',  ( -1.717128618486754200, 10.11416310093234100, 9.451667209235163000 ) ) ;
#1396 = CARTESIAN_POINT ( 'NONE',  ( -1.692107761408315500, 10.30980391444031100, 9.457675614773169300 ) ) ;
#1397 = CARTESIAN_POINT ( 'NONE',  ( -1.577360467935486700, 10.68638099792138800, 9.484061933029989800 ) ) ;
#1398 = CARTESIAN_POINT ( 'NONE',  ( -1.346033830970981600, 11.07115540740700900, 9.531443966794141100 ) ) ;
#1399 = CARTESIAN_POINT ( 'NONE',  ( -1.716664905188907600, 9.889289838225829900, 9.451777233185238100 ) ) ;
#1400 = CARTESIAN_POINT ( 'NONE',  ( -1.255294494989545500, 8.823805104692720400, 9.547925139850416800 ) ) ;
#1401 = CARTESIAN_POINT ( 'NONE',  ( -1.175336895370972900, 11.25609534995064300, 9.561476307953132200 ) ) ;
#1402 = CARTESIAN_POINT ( 'NONE',  ( -1.653261004703456400, 10.47531018195604300, 9.466824712653634700 ) ) ;
#1403 = CARTESIAN_POINT ( 'NONE',  ( -1.396711482690125500, 11.00418206471009500, 9.521724878510468700 ) ) ;
#1404 = CARTESIAN_POINT ( 'NONE',  ( -1.683736821191554400, 10.35161458209716500, 9.459663547251954800 ) ) ;
#1405 = CARTESIAN_POINT ( 'NONE',  ( -1.196124531850765600, 8.763684723257984600, 9.558039316163990100 ) ) ;
#1406 = CARTESIAN_POINT ( 'NONE',  ( -1.675266305269804200, 9.609259365189755500, 9.461669259824278200 ) ) ;
#1407 = CARTESIAN_POINT ( 'NONE',  ( -1.696973063786249500, 10.28192119254464000, 9.456513477045177800 ) ) ;
#1408 = CARTESIAN_POINT ( 'NONE',  ( -1.709106410486988400, 9.804649718104126800, 9.453601917038236400 ) ) ;
#1409 = CARTESIAN_POINT ( 'NONE',  ( -1.680767511582320400, 10.36554390177558300, 9.460366980279300000 ) ) ;
#1410 = CARTESIAN_POINT ( 'NONE',  ( -1.365406868556475300, 8.952513425479349300, 9.527841684183250900 ) ) ;
#1411 = CARTESIAN_POINT ( 'NONE',  ( -1.609639415530185200, 10.60877035110404000, 9.476860924776405100 ) ) ;
#1412 = CARTESIAN_POINT ( 'NONE',  ( -1.542095430970113800, 9.237678033257926900, 9.491785566666575100 ) ) ;
#1413 = CARTESIAN_POINT ( 'NONE',  ( -1.637639483952558300, 9.473375988133755100, 9.470440443165246700 ) ) ;
#1414 = CARTESIAN_POINT ( 'NONE',  ( -1.661554860361973400, 9.554544181462228300, 9.464889009966253000 ) ) ;
#1415 = CARTESIAN_POINT ( 'NONE',  ( -1.719938219388454900, 10.05807280584195600, 9.450984490359475700 ) ) ;
#1416 = CARTESIAN_POINT ( 'NONE',  ( -1.488627580837526200, 10.86208598059267200, 9.503153074142401700 ) ) ;
#1417 = CARTESIAN_POINT ( 'NONE',  ( -1.628772479003638200, 9.446556698953342500, 9.472478645155057100 ) ) ;
#1418 = CARTESIAN_POINT ( 'NONE',  ( -1.175818741555112500, 8.744359300597121600, 9.561397024728739400 ) ) ;
#1419 = CARTESIAN_POINT ( 'NONE',  ( -1.311645606038741100, 8.887262280329645500, 9.537810922435930600 ) ) ;
#1420 = CARTESIAN_POINT ( 'NONE',  ( -1.609694227273289700, 9.393299606353599200, 9.476821387106200600 ) ) ;
#1421 = CARTESIAN_POINT ( 'NONE',  ( -1.235864829893528900, 8.803410070129428900, 9.551302965178083000 ) ) ;
#1422 = CARTESIAN_POINT ( 'NONE',  ( -1.541901825138098000, 10.76270998907541500, 9.491827400674132800 ) ) ;
#1423 = CARTESIAN_POINT ( 'NONE',  ( -0.6845591166591152900, 11.57815571310595900, 9.624859424659153000 ) ) ;
#1424 = CARTESIAN_POINT ( 'NONE',  ( -0.3076730951729795800, 11.69249043062468400, 9.650704618865704600 ) ) ;
#1425 = CARTESIAN_POINT ( 'NONE',  ( -1.046122427157197800, 11.36558320212224300, 9.581453330856266600 ) ) ;
#1426 = CARTESIAN_POINT ( 'NONE',  ( 0.3644952665684203000, 11.68117003465989100, 9.648068813394582200 ) ) ;
#1427 = CARTESIAN_POINT ( 'NONE',  ( 0.4738897813263253700, 11.65367225105858600, 9.641734546560762500 ) ) ;
#1428 = CARTESIAN_POINT ( 'NONE',  ( 0.5146022844117167400, 11.64127587428694900, 9.638916304711013800 ) ) ;
#1429 = CARTESIAN_POINT ( 'NONE',  ( -0.2244725462705080800, 11.70552064955504300, 9.653760370928200300 ) ) ;
#1430 = CARTESIAN_POINT ( 'NONE',  ( 0.5551047768610758400, 11.62802328865325500, 9.635922183870500000 ) ) ;
#1431 = CARTESIAN_POINT ( 'NONE',  ( 0.5684963601082141400, 11.62339533359131100, 9.634881969416117200 ) ) ;
#1432 = CARTESIAN_POINT ( 'NONE',  ( -0.05562624957548474600, 11.71933487568509100, 9.657024588869731500 ) ) ;
#1433 = CARTESIAN_POINT ( 'NONE',  ( 0.6083992575093495300, 11.60905188010930200, 9.631672192119891600 ) ) ;
#1434 = CARTESIAN_POINT ( 'NONE',  ( 0.6346929816839572700, 11.59886106721878300, 9.629409861028786800 ) ) ;
#1435 = CARTESIAN_POINT ( 'NONE',  ( 0.2818270106355191300, 11.69768442599660600, 9.651913569662840000 ) ) ;
#1436 = CARTESIAN_POINT ( 'NONE',  ( 0.8615494306836597400, 11.48893205978546000, 9.605899821536693800 ) ) ;
#1437 = CARTESIAN_POINT ( 'NONE',  ( 0.9096203658842488800, 11.46006057359387000, 9.599995284365684600 ) ) ;
#1438 = CARTESIAN_POINT ( 'NONE',  ( -0.9081611391203315800, 11.46177239990854900, 9.600291189264281000 ) ) ;
#1439 = CARTESIAN_POINT ( 'NONE',  ( -0.02706766568887625200, 11.72002197108069100, 9.657187680340603800 ) ) ;
#1440 = CARTESIAN_POINT ( 'NONE',  ( 0.9801231181074429000, 11.41370120235405800, 9.590746345504520300 ) ) ;
#1441 = CARTESIAN_POINT ( 'NONE',  ( -0.6454066031714867900, 11.59438098437114400, 9.628426251773495500 ) ) ;
#1442 = CARTESIAN_POINT ( 'NONE',  ( 0.5281629669322087700, 11.63696231548912200, 9.637939062982114900 ) ) ;
#1443 = CARTESIAN_POINT ( 'NONE',  ( 1.003188369092704600, 11.39743204567964000, 9.587567334775952700 ) ) ;
#1444 = CARTESIAN_POINT ( 'NONE',  ( 1.070928635435637300, 11.34621834922211300, 9.577799919482552900 ) ) ;
#1445 = CARTESIAN_POINT ( 'NONE',  ( 1.114395941414029000, 11.31046313221632400, 9.571192825076956000 ) ) ;
#1446 = CARTESIAN_POINT ( 'NONE',  ( -0.4445415931979803700, 11.66179755824872000, 9.643596517710603800 ) ) ;
#1447 = CARTESIAN_POINT ( 'NONE',  ( 0.3919483872575884600, 11.67498409158816300, 9.646634536241400300 ) ) ;
#1448 = CARTESIAN_POINT ( 'NONE',  ( -0.5255803686268897300, 11.63797412526509900, 9.638164922330936700 ) ) ;
#1449 = CARTESIAN_POINT ( 'NONE',  ( -0.2800298260951508100, 11.69728368749952500, 9.651826627968048900 ) ) ;
#1450 = CARTESIAN_POINT ( 'NONE',  ( 0.7125429063833085300, 11.56647328087109200, 9.622293927348211500 ) ) ;
#1451 = CARTESIAN_POINT ( 'NONE',  ( 1.135625553274477500, 11.29210641785079600, 9.567865688013808900 ) ) ;
#1452 = CARTESIAN_POINT ( 'NONE',  ( 0.9333363924907344100, 11.44501751436176700, 9.596960706864555500 ) ) ;
#1453 = CARTESIAN_POINT ( 'NONE',  ( 1.177091649291233100, 11.25444794853461300, 9.561188405162893000 ) ) ;
#1454 = CARTESIAN_POINT ( 'NONE',  ( 1.048684012434862400, 11.36362205192952000, 9.581080877656010100 ) ) ;
#1455 = CARTESIAN_POINT ( 'NONE',  ( 0.1424003703129794500, 11.71432550103493000, 9.655837970628443400 ) ) ;
#1456 = CARTESIAN_POINT ( 'NONE',  ( -0.7103150062747516400, 11.56672962361225600, 9.622370935829701800 ) ) ;
#1457 = CARTESIAN_POINT ( 'NONE',  ( -0.6057799947407397400, 11.60985471317044000, 9.631855209413773300 ) ) ;
#1458 = CARTESIAN_POINT ( 'NONE',  ( -0.5524111829708491200, 11.62912363827806100, 9.636165162705637500 ) ) ;
#1459 = CARTESIAN_POINT ( 'NONE',  ( 0.1143294284905745100, 11.71642787176113000, 9.656335789696664000 ) ) ;
#1460 = CARTESIAN_POINT ( 'NONE',  ( 0.2263036259536730100, 11.70597384561503100, 9.653866085859700500 ) ) ;
#1461 = CARTESIAN_POINT ( 'NONE',  ( 0.4466467108238620900, 11.66123506510309200, 9.643467379954941500 ) ) ;
#1462 = CARTESIAN_POINT ( 'NONE',  ( 0.7631740128665538400, 11.54243324149627400, 9.617104113728014900 ) ) ;
#1463 = CARTESIAN_POINT ( 'NONE',  ( 1.197328262977025900, 11.23514601511872300, 9.557838204631572400 ) ) ;
#1464 = CARTESIAN_POINT ( 'NONE',  ( -1.068347410028603200, 11.34827020380255500, 9.578184253610473300 ) ) ;
#1465 = CARTESIAN_POINT ( 'NONE',  ( -0.7610989726946324500, 11.54269812156746300, 9.617197920981897900 ) ) ;
#1466 = CARTESIAN_POINT ( 'NONE',  ( 0.8371944970300118100, 11.50276043428468100, 9.608769805347472800 ) ) ;
#1467 = CARTESIAN_POINT ( 'NONE',  ( -0.1965585395560450200, 11.70896437447713700, 9.654572111456349900 ) ) ;
#1468 = CARTESIAN_POINT ( 'NONE',  ( 1.256561637554523000, 11.17583000865058000, 9.547788550701973500 ) ) ;
#1469 = CARTESIAN_POINT ( 'NONE',  ( 1.294086425960485400, 11.13440736693039700, 9.541089474084682100 ) ) ;
#1470 = CARTESIAN_POINT ( 'NONE',  ( -0.3900640019158322400, 11.67542186825063200, 9.646735848899270500 ) ) ;
#1471 = CARTESIAN_POINT ( 'NONE',  ( -0.9780196270784996500, 11.41515411345725900, 9.591032004856108600 ) ) ;
#1472 = CARTESIAN_POINT ( 'NONE',  ( 1.347406529686174800, 11.06943012529528200, 9.531185688471563100 ) ) ;
#1473 = CARTESIAN_POINT ( 'NONE',  ( -1.112017589384617100, 11.31225647262894900, 9.571535960515092300 ) ) ;
#1474 = CARTESIAN_POINT ( 'NONE',  ( -0.7861354415797831000, 11.53008966909051700, 9.614512702162368600 ) ) ;
#1475 = CARTESIAN_POINT ( 'NONE',  ( -0.6322579710350093600, 11.59964088509695300, 9.629588407264147800 ) ) ;
#1476 = CARTESIAN_POINT ( 'NONE',  ( 1.364687887348989400, 11.04729146600037600, 9.527907877266343900 ) ) ;
#1477 = CARTESIAN_POINT ( 'NONE',  ( -0.1404565765706770600, 11.71448721879858500, 9.655876216356833900 ) ) ;
#1478 = CARTESIAN_POINT ( 'NONE',  ( -0.1122559290537924900, 11.71656610864182100, 9.656368523626015900 ) ) ;
#1479 = CARTESIAN_POINT ( 'NONE',  ( -1.000955985957561400, 11.39902707250232100, 9.587877560400549700 ) ) ;
#1480 = CARTESIAN_POINT ( 'NONE',  ( -0.5924508486666989500, 11.61480764411315300, 9.632959654261394900 ) ) ;
#1481 = CARTESIAN_POINT ( 'NONE',  ( -0.4716453694375163400, 11.65431092122493000, 9.641880563564473800 ) ) ;
#1482 = CARTESIAN_POINT ( 'NONE',  ( -0.3626901831632253200, 11.68155952085177400, 9.648159232577228300 ) ) ;
#1483 = CARTESIAN_POINT ( 'NONE',  ( 0.02969332183261884400, 11.71997702687406900, 9.657177018102595800 ) ) ;
#1484 = CARTESIAN_POINT ( 'NONE',  ( 0.05797871809714536700, 11.71925399689601700, 9.657005404553654400 ) ) ;
#1485 = CARTESIAN_POINT ( 'NONE',  ( -1.101161675070217800, 11.32137941687421500, 9.573207829746104700 ) ) ;
#1486 = CARTESIAN_POINT ( 'NONE',  ( -0.8601918743083290000, 11.49050466903497600, 9.606191976107410800 ) ) ;
#1487 = CARTESIAN_POINT ( 'NONE',  ( 1.661341821535421000, 10.44558373874032500, 9.464936427240376200 ) ) ;
#1488 = CARTESIAN_POINT ( 'NONE',  ( -1.720000000000000900, 9.944204459218635600, 9.450969316893528900 ) ) ;
#1489 = CARTESIAN_POINT ( 'NONE',  ( 9.505276767735283600, 10.00001668519449900, 1.720000000000000200 ) ) ;
#1490 = CARTESIAN_POINT ( 'NONE',  ( 1.720000000000000200, 9.999999999999998200, 9.450969495435460400 ) ) ;
#1491 = CARTESIAN_POINT ( 'NONE',  ( 0.0000000000000000000, 15.00000000000000000, 0.0000000000000000000 ) ) ;
#1492 = DIRECTION ( 'NONE',  ( -0.0000000000000000000, 1.000000000000000000, -0.0000000000000000000 ) ) ;
#1493 = CARTESIAN_POINT ( 'NONE',  ( -1.717282920218194100, 9.888018234728267700, 9.451636787215884200 ) ) ;
#1494 = CARTESIAN_POINT ( 'NONE',  ( -1.708980270372905100, 9.803565350732673900, 9.453639452147607300 ) ) ;
#1495 = CARTESIAN_POINT ( 'NONE',  ( 0.2335527314850653600, 8.292029326761960900, 2.491680888788595700 ) ) ;
#1496 = CARTESIAN_POINT ( 'NONE',  ( -1.697136950150163000, 9.719042090325995500, 9.456476666619488800 ) ) ;
#1497 = CARTESIAN_POINT ( 'NONE',  ( 9.085178540258256800, -4.500000000000000000, -4.178460349414717000 ) ) ;
#1498 = CARTESIAN_POINT ( 'NONE',  ( -1.662747562413114700, 9.556305126313343800, 9.464635720732559300 ) ) ;
#1499 = CARTESIAN_POINT ( 'NONE',  ( -1.691921721229134600, 9.689310073879474000, 9.457719749789948300 ) ) ;
#1500 = CARTESIAN_POINT ( 'NONE',  ( -1.624801515469360900, 9.434414312193959900, 9.473399757685601900 ) ) ;
#1501 = CARTESIAN_POINT ( 'NONE',  ( -1.599066401758031200, 9.366280643819525400, 9.479213719936424800 ) ) ;
#1502 = CARTESIAN_POINT ( 'NONE',  ( -1.593162217451902900, 9.351604668845734400, 9.480536894375704900 ) ) ;
#1503 = CARTESIAN_POINT ( 'NONE',  ( 1.503840348609641200, 10.83525413926918000, 9.499959517968269700 ) ) ;
#1504 = CARTESIAN_POINT ( 'NONE',  ( 1.567391134470373000, 10.71050877549611600, 9.486288196959581100 ) ) ;
#1505 = CARTESIAN_POINT ( 'NONE',  ( 1.649817825320540400, 10.48652204977638600, 9.467621042720724100 ) ) ;
#1506 = CARTESIAN_POINT ( 'NONE',  ( 9.505276767978822100, 9.999999999999770800, 1.720000000001035400 ) ) ;
#1507 = CARTESIAN_POINT ( 'NONE',  ( -1.577596656346279500, 9.314202496212855600, 9.484008977550136200 ) ) ;
#1508 = CARTESIAN_POINT ( 'NONE',  ( 1.490011467760238100, 10.85968459136189800, 9.502863884666082200 ) ) ;
#1509 = CARTESIAN_POINT ( 'NONE',  ( 1.675333252645088600, 10.39046809201425100, 9.461653516335916300 ) ) ;
#1510 = DIRECTION ( 'NONE',  ( 0.0000000000000000000, 0.0000000000000000000, 1.000000000000000000 ) ) ;
#1511 = CARTESIAN_POINT ( 'NONE',  ( 1.629275224614054100, 10.55411620677033800, 9.472376583559032800 ) ) ;
#1512 = CARTESIAN_POINT ( 'NONE',  ( 1.681525590728530300, 10.36286118044265500, 9.460189049611877000 ) ) ;
#1513 = DIRECTION ( 'NONE',  ( 0.0000000000000000000, 1.000000000000000000, 0.0000000000000000000 ) ) ;
#1514 = CARTESIAN_POINT ( 'NONE',  ( 9.505276769087929600, 10.00010011074515000, 1.719999997086580700 ) ) ;
#1515 = CARTESIAN_POINT ( 'NONE',  ( 1.653767691497368500, 10.47291989032136400, 9.466702950682062600 ) ) ;
#1516 = CARTESIAN_POINT ( 'NONE',  ( 1.692525458914131600, 10.30749657061661200, 9.457576005347803500 ) ) ;
#1517 = CARTESIAN_POINT ( 'NONE',  ( 1.717236485153448700, 10.11247202947192000, 9.451641044728932100 ) ) ;
#1518 = CARTESIAN_POINT ( 'NONE',  ( 9.505276768716360200, 10.00008342569147100, 1.719999998057716500 ) ) ;
#1519 = CARTESIAN_POINT ( 'NONE',  ( 2.055497237152815500, 9.999999999999998200, 9.786466732588282400 ) ) ;
#1520 = CARTESIAN_POINT ( 'NONE',  ( -2.588190451025129200, -4.500000000000000000, -9.659258262890709500 ) ) ;
#1521 = CARTESIAN_POINT ( 'NONE',  ( 1.461093750658879000, 10.90796299507025500, 9.508842562545151400 ) ) ;
#1522 = DIRECTION ( 'NONE',  ( 0.0000000000000000000, 1.000000000000000000, 0.0000000000000000000 ) ) ;
#1523 = DIRECTION ( 'NONE',  ( 0.0000000000000000000, 0.0000000000000000000, 1.000000000000000000 ) ) ;
#1524 = CARTESIAN_POINT ( 'NONE',  ( -1.719999998938686300, 10.00000000000001200, 9.450969490843739600 ) ) ;
#1525 = CARTESIAN_POINT ( 'NONE',  ( 1.414532589564644300, 10.97892847128205900, 9.518217990504247400 ) ) ;
#1526 = CARTESIAN_POINT ( 'NONE',  ( 1.720000000000000200, 9.999999999999994700, 9.450969495435465700 ) ) ;
#1527 = CARTESIAN_POINT ( 'NONE',  ( -1.705508614856000400, 9.775385799145851700, 9.454473917032878200 ) ) ;
#1528 = CARTESIAN_POINT ( 'NONE',  ( -1.676063042261615800, 9.609971741788271500, 9.461485986981223600 ) ) ;
#1529 = CARTESIAN_POINT ( 'NONE',  ( 1.610298173808762700, 10.60702325828842900, 9.476711649066114500 ) ) ;
#1530 = CARTESIAN_POINT ( 'NONE',  ( -1.638210480562467100, 9.475152335732609300, 9.470318684795298500 ) ) ;
#1531 = CARTESIAN_POINT ( 'NONE',  ( 1.664972659244586800, 10.43181986422390900, 9.464086446646183100 ) ) ;
#1532 = CARTESIAN_POINT ( 'NONE',  ( 1.708995882337113900, 10.19626686751084900, 9.453628514888318800 ) ) ;
#1533 = CARTESIAN_POINT ( 'NONE',  ( 1.719998464444344000, 10.05634484646275500, 9.450969890314917500 ) ) ;
#1534 = CARTESIAN_POINT ( 'NONE',  ( -1.609603829876178100, 9.393543826416854300, 9.476840216864310700 ) ) ;
#1535 = CARTESIAN_POINT ( 'NONE',  ( 1.705565312887252100, 10.22413651353220300, 9.454454363681748000 ) ) ;
#1536 = CARTESIAN_POINT ( 'NONE',  ( 1.398239187453058600, 11.00205818189433600, 9.521426383789789200 ) ) ;
#1537 = CARTESIAN_POINT ( 'NONE',  ( 1.543461119883748000, 10.76109780810809000, 9.491529984266577500 ) ) ;
#1538 = CARTESIAN_POINT ( 'NONE',  ( 1.697330073133137600, 10.27975136268743300, 9.456428106561997300 ) ) ;
#1539 = CARTESIAN_POINT ( 'NONE',  ( 1.446014359491687200, 10.93179682353257800, 9.511915005221172900 ) ) ;
#1540 = CARTESIAN_POINT ( 'NONE',  ( 9.505276768099511400, 10.00005005551354400, 1.719999999514426600 ) ) ;
#1541 = CARTESIAN_POINT ( 'NONE',  ( -1.066607305509152900, 8.650297058590650700, 9.578448848410854300 ) ) ;
#1542 = CARTESIAN_POINT ( 'NONE',  ( -1.415266431171474700, 9.022226112375967900, 9.518068700621480400 ) ) ;
#1543 = CARTESIAN_POINT ( 'NONE',  ( -1.043370110753481800, 8.632316123613353700, 9.581850573575621900 ) ) ;
#1544 = CARTESIAN_POINT ( 'NONE',  ( -0.7590991891484849500, 8.456316462765990100, 9.617407644555957100 ) ) ;
#1545 = CARTESIAN_POINT ( 'NONE',  ( -0.4420047563404614400, 8.337535207487173100, 9.643742480124894100 ) ) ;
#1546 = CARTESIAN_POINT ( 'NONE',  ( -0.3635442635595305700, 8.318616489699639500, 9.648118093543656600 ) ) ;
#1547 = CARTESIAN_POINT ( 'NONE',  ( -1.338458257750972500, 8.919728027052821400, 9.532843980784784700 ) ) ;
#1548 = CARTESIAN_POINT ( 'NONE',  ( -0.2235509366600013100, 8.290770927245173300, 9.654603061047190200 ) ) ;
#1549 = CARTESIAN_POINT ( 'NONE',  ( 0.3110515840965138400, 8.308146285209261400, 9.650555956675956900 ) ) ;
#1550 = CARTESIAN_POINT ( 'NONE',  ( 0.3900999910091326200, 8.323959929507852400, 9.646874807715475300 ) ) ;
#1551 = CARTESIAN_POINT ( 'NONE',  ( 0.2812818054585504200, 8.302917523450709300, 9.651777253624192800 ) ) ;
#1552 = CARTESIAN_POINT ( 'NONE',  ( -1.331903827494538700, 8.911674704123953500, 9.534065339063754900 ) ) ;
#1553 = CARTESIAN_POINT ( 'NONE',  ( -1.227515691911512400, 8.795038444521347600, 9.552720588986259600 ) ) ;
#1554 = CARTESIAN_POINT ( 'NONE',  ( -1.189100609437400400, 8.756718761937692700, 9.559224827461905600 ) ) ;
#1555 = CARTESIAN_POINT ( 'NONE',  ( -1.347975521346720400, 8.931627388442125300, 9.531058202544349100 ) ) ;
#1556 = CARTESIAN_POINT ( 'NONE',  ( -1.400069149241266700, 9.000502340424747100, 9.521070268530646500 ) ) ;
#1557 = CARTESIAN_POINT ( 'NONE',  ( -1.119871765094562900, 8.694425287828938300, 9.570314225940194300 ) ) ;
#1558 = CARTESIAN_POINT ( 'NONE',  ( -1.468186553972618400, 9.103883840036573400, 9.507377284555905900 ) ) ;
#1559 = CARTESIAN_POINT ( 'NONE',  ( -1.503116813117924400, 9.163503182034837400, 9.500110497479754600 ) ) ;
#1560 = CARTESIAN_POINT ( 'NONE',  ( -1.009646566038287800, 8.607445187749316800, 9.586634709130368700 ) ) ;
#1561 = CARTESIAN_POINT ( 'NONE',  ( -0.8340862358125686900, 8.495710352677033200, 9.609096820191394900 ) ) ;
#1562 = CARTESIAN_POINT ( 'NONE',  ( -1.375028544311767400, 8.966610527987507200, 9.525914613537420200 ) ) ;
#1563 = CARTESIAN_POINT ( 'NONE',  ( -1.241060209058424600, 8.809011562923480200, 9.550389644225465000 ) ) ;
#1564 = CARTESIAN_POINT ( 'NONE',  ( -0.8233510153770852200, 8.489799282077074200, 9.610331904921940400 ) ) ;
#1565 = CARTESIAN_POINT ( 'NONE',  ( -1.098589008876668800, 8.676545661987669100, 9.573593904237240400 ) ) ;
#1566 = CARTESIAN_POINT ( 'NONE',  ( -0.9062420813463733000, 8.537837009606597900, 9.600420195643234700 ) ) ;
#1567 = CARTESIAN_POINT ( 'NONE',  ( -0.7082416052625123400, 8.432331581402380000, 9.622573692096740000 ) ) ;
#1568 = CARTESIAN_POINT ( 'NONE',  ( -0.6037959823317246000, 8.388396759528040600, 9.632213004919259800 ) ) ;
#1569 = CARTESIAN_POINT ( 'NONE',  ( -1.445272486630942300, 9.067371432793013500, 9.512052078963929300 ) ) ;
#1570 = CARTESIAN_POINT ( 'NONE',  ( -0.7847235830339534000, 8.469163199429836200, 9.614670075733549500 ) ) ;
#1571 = CARTESIAN_POINT ( 'NONE',  ( -0.5496048909800002000, 8.369203809537946600, 9.636521502647342500 ) ) ;
#1572 = CARTESIAN_POINT ( 'NONE',  ( -1.317797599557474700, 8.894502115780836600, 9.536684642433689500 ) ) ;
#1573 = CARTESIAN_POINT ( 'NONE',  ( -0.6850182209012117800, 8.422023864160721000, 9.624819579674721100 ) ) ;
#1574 = CARTESIAN_POINT ( 'NONE',  ( -1.529083075017131800, 9.212274181564325200, 9.494581863970530800 ) ) ;
#1575 = CARTESIAN_POINT ( 'NONE',  ( -1.302947420392187400, 8.876819637327559000, 9.539425325251818000 ) ) ;
#1576 = CARTESIAN_POINT ( 'NONE',  ( -1.096389866036062300, 8.674711886025592700, 9.573931315127888200 ) ) ;
#1577 = CARTESIAN_POINT ( 'NONE',  ( -0.4688402729916645300, 8.344892983467598700, 9.642053570587060900 ) ) ;
#1578 = CARTESIAN_POINT ( 'NONE',  ( -0.1108525621765773800, 8.279956538604521300, 9.657192230235811100 ) ) ;
#1579 = CARTESIAN_POINT ( 'NONE',  ( -1.274612100729637200, 8.845025749411055600, 9.544504209662278500 ) ) ;
#1580 = CARTESIAN_POINT ( 'NONE',  ( -0.8699255726241629200, 8.516144101263766000, 9.604862868880001500 ) ) ;
#1581 = CARTESIAN_POINT ( 'NONE',  ( -1.361946852364819900, 8.949338802119735100, 9.528422284326570200 ) ) ;
#1582 = CARTESIAN_POINT ( 'NONE',  ( 0.1125650756588358300, 8.282757729951399000, 9.656520446102522500 ) ) ;
#1583 = CARTESIAN_POINT ( 'NONE',  ( -1.542047032625148300, 9.237964591041874800, 9.491789324415972100 ) ) ;
#1584 = CARTESIAN_POINT ( 'NONE',  ( -0.8579110346457345900, 8.509169409876454500, 9.606302015573851000 ) ) ;
#1585 = CARTESIAN_POINT ( 'NONE',  ( -1.134465143110854300, 8.707102947768238000, 9.568020548687137200 ) ) ;
#1586 = CARTESIAN_POINT ( 'NONE',  ( 0.2250368511462835800, 8.294547918609593400, 9.653738772663745100 ) ) ;
#1587 = CARTESIAN_POINT ( 'NONE',  ( 0.4434872032370565400, 8.337209791862786500, 9.643801428536894700 ) ) ;
#1588 = CARTESIAN_POINT ( 'NONE',  ( 0.5241076958580246400, 8.361555870018634100, 9.638262439961623700 ) ) ;
#1589 = CARTESIAN_POINT ( 'NONE',  ( 0.5510701727730954500, 8.370416074119679800, 9.636261290468636900 ) ) ;
#1590 = CARTESIAN_POINT ( 'NONE',  ( -1.165645069914087500, 8.734912111591674100, 9.563049817387129900 ) ) ;
#1591 = CARTESIAN_POINT ( 'NONE',  ( -1.264153928376377200, 8.833552939423018600, 9.546358481162974000 ) ) ;
#1592 = CARTESIAN_POINT ( 'NONE',  ( -1.560810298172192300, 9.276349689943268500, 9.487719969443706000 ) ) ;
#1593 = CARTESIAN_POINT ( 'NONE',  ( -1.489771384189180600, 9.139904109703213200, 9.502915140257563600 ) ) ;
#1594 = CARTESIAN_POINT ( 'NONE',  ( 0.1969015229373332100, 8.291074089423446500, 9.654556480092042000 ) ) ;
#1595 = CARTESIAN_POINT ( 'NONE',  ( 0.05643475023165128700, 8.280021927792709800, 9.657177548410272600 ) ) ;
#1596 = CARTESIAN_POINT ( 'NONE',  ( -0.9985936200894520700, 8.599504971989647500, 9.588176345616545900 ) ) ;
#1597 = CARTESIAN_POINT ( 'NONE',  ( -0.3885918139180751800, 8.324245306398291100, 9.646810072983093700 ) ) ;
#1598 = CARTESIAN_POINT ( 'NONE',  ( -1.460730491699783900, 9.091773687013281700, 9.508907196010623500 ) ) ;
#1599 = CARTESIAN_POINT ( 'NONE',  ( -1.106882324301977000, 8.683473997455374500, 9.572320370597815000 ) ) ;
#1600 = CARTESIAN_POINT ( 'NONE',  ( -0.9769002930936800900, 8.584287684973194400, 9.591153467858104500 ) ) ;
#1601 = CARTESIAN_POINT ( 'NONE',  ( -0.9680792561460003200, 8.578224450396653800, 9.592347830087407000 ) ) ;
#1602 = CARTESIAN_POINT ( 'NONE',  ( -0.9308178165663243400, 8.553324213625225900, 9.597291435945082900 ) ) ;
#1603 = CARTESIAN_POINT ( 'NONE',  ( -1.521710744834480200, 9.198147033963707000, 9.496158713444666300 ) ) ;
#1604 = CARTESIAN_POINT ( 'NONE',  ( -1.436063349714612500, 9.053280787542309600, 9.513908341900764400 ) ) ;
#1605 = CARTESIAN_POINT ( 'NONE',  ( 0.6841387054501684200, 8.421681810448442100, 9.624895635668941900 ) ) ;
#1606 = CARTESIAN_POINT ( 'NONE',  ( 1.124814486691553300, 8.698470125237154300, 9.569561562996389300 ) ) ;
#1607 = CARTESIAN_POINT ( 'NONE',  ( 1.167336800167935600, 8.736677355775372100, 9.562755420315713900 ) ) ;
#1608 = CARTESIAN_POINT ( 'NONE',  ( 1.190785172451360300, 8.758754665061335500, 9.558906909717942200 ) ) ;
#1609 = CARTESIAN_POINT ( 'NONE',  ( 1.566831423444432000, 9.290330667086063700, 9.486380862665662100 ) ) ;
#1610 = CARTESIAN_POINT ( 'NONE',  ( 1.202266736411051100, 8.769824675046225000, 9.556998102252416400 ) ) ;
#1611 = CARTESIAN_POINT ( 'NONE',  ( 1.327086717298232800, 8.905808064433591300, 9.534959907017185500 ) ) ;
#1612 = CARTESIAN_POINT ( 'NONE',  ( 1.349308373339583600, 8.932884107856576600, 9.530832631216592100 ) ) ;
#1613 = CARTESIAN_POINT ( 'NONE',  ( 1.085441038470644500, 8.665746541713685900, 9.575590893299969200 ) ) ;
#1614 = CARTESIAN_POINT ( 'NONE',  ( 0.9992776801565596000, 8.599776280655628800, 9.588108473345611700 ) ) ;
#1615 = CARTESIAN_POINT ( 'NONE',  ( 1.106526300750684500, 8.683037242682029700, 9.572391926720035500 ) ) ;
#1616 = CARTESIAN_POINT ( 'NONE',  ( 1.156212246461064900, 8.726512602250691600, 9.564552407255330700 ) ) ;
#1617 = CARTESIAN_POINT ( 'NONE',  ( 1.294287272400247000, 8.867119296210578500, 9.540976309556818100 ) ) ;
#1618 = CARTESIAN_POINT ( 'NONE',  ( 1.425513642516398800, 9.037520830062607800, 9.516019075023669100 ) ) ;
#1619 = CARTESIAN_POINT ( 'NONE',  ( 1.446185900377886100, 9.068425471275590500, 9.511882080097386400 ) ) ;
#1620 = CARTESIAN_POINT ( 'NONE',  ( 1.323594882959338700, 8.901591091937595100, 9.535606597380592600 ) ) ;
#1621 = CARTESIAN_POINT ( 'NONE',  ( 1.461594086506001300, 9.092847247076500500, 9.508741271541671500 ) ) ;
#1622 = CARTESIAN_POINT ( 'NONE',  ( 1.509132883563082000, 9.174691538309019700, 9.498832516612386800 ) ) ;
#1623 = CARTESIAN_POINT ( 'NONE',  ( 1.483150625416257900, 9.128874251305322900, 9.504283239786071000 ) ) ;
#1624 = CARTESIAN_POINT ( 'NONE',  ( 1.583000952517261900, 9.327152505688017600, 9.482804033950483100 ) ) ;
#1625 = CARTESIAN_POINT ( 'NONE',  ( 1.654767465317084500, 9.529963034007551000, 9.466483773671448900 ) ) ;
#1626 = CARTESIAN_POINT ( 'NONE',  ( 1.326597086387299600, 8.905218873977213800, 9.535050492438843500 ) ) ;
#1627 = CARTESIAN_POINT ( 'NONE',  ( 1.611152580176308900, 9.394987914376288900, 9.476521582445775100 ) ) ;
#1628 = CARTESIAN_POINT ( 'NONE',  ( 1.681029389428187400, 9.634813057977071400, 9.460306769849534400 ) ) ;
#1629 = CARTESIAN_POINT ( 'NONE',  ( 0.7604765492422441700, 8.457183702067020200, 9.617229335563713700 ) ) ;
#1630 = CARTESIAN_POINT ( 'NONE',  ( 1.578040648566543500, 9.315617809230031900, 9.483905386314928500 ) ) ;
#1631 = CARTESIAN_POINT ( 'NONE',  ( 1.318921175515893400, 8.895966285989326000, 9.536471113231977300 ) ) ;
#1632 = CARTESIAN_POINT ( 'NONE',  ( 1.675445659976770200, 9.610081179968863900, 9.461629869490565200 ) ) ;
#1633 = CARTESIAN_POINT ( 'NONE',  ( 0.7861612335819856400, 8.470112021771575100, 9.614478532574096900 ) ) ;
#1634 = CARTESIAN_POINT ( 'NONE',  ( 1.313729206921853400, 8.889798148764834100, 9.537426704399624800 ) ) ;
#1635 = CARTESIAN_POINT ( 'NONE',  ( 1.070653979285675100, 8.653820308820732200, 9.577811181972677400 ) ) ;
#1636 = CARTESIAN_POINT ( 'NONE',  ( 1.050187812302773200, 8.637690671488536900, 9.580840171934481100 ) ) ;
#1637 = CARTESIAN_POINT ( 'NONE',  ( 0.9320347986045501900, 8.554343862588183400, 9.597100812559752100 ) ) ;
#1638 = CARTESIAN_POINT ( 'NONE',  ( 0.6050792291126725300, 8.389689088000672300, 9.631949351546866800 ) ) ;
#1639 = CARTESIAN_POINT ( 'NONE',  ( 0.8002320468612662600, 8.477435033456085700, 9.612930543722139700 ) ) ;
#1640 = CARTESIAN_POINT ( 'NONE',  ( 1.033027797362315200, 8.624700339400471100, 9.583316326755547000 ) ) ;
#1641 = CARTESIAN_POINT ( 'NONE',  ( 1.243443248649952500, 8.810985521614954400, 9.550018459951449000 ) ) ;
#1642 = CARTESIAN_POINT ( 'NONE',  ( 1.367411605448543000, 8.956271474731805100, 9.527389716541508200 ) ) ;
#1643 = CARTESIAN_POINT ( 'NONE',  ( 1.266208508110170400, 8.835564967869771600, 9.546013011777548100 ) ) ;
#1644 = CARTESIAN_POINT ( 'NONE',  ( 1.392343679578418500, 8.990061877523430700, 9.522564006917033200 ) ) ;
#1645 = CARTESIAN_POINT ( 'NONE',  ( 1.089323298828873200, 8.668917408421313200, 9.575003378292438000 ) ) ;
#1646 = CARTESIAN_POINT ( 'NONE',  ( 1.302633244724597200, 8.876756060261030300, 9.539459320489930500 ) ) ;
#1647 = CARTESIAN_POINT ( 'NONE',  ( 1.415376579002516800, 9.022682125382100800, 9.518034626882203100 ) ) ;
#1648 = CARTESIAN_POINT ( 'NONE',  ( 1.490076880579800600, 9.140782539492537500, 9.502839426047199100 ) ) ;
#1649 = CARTESIAN_POINT ( 'NONE',  ( 1.529962482501070700, 9.213565469412882800, 9.494403660067146000 ) ) ;
#1650 = CARTESIAN_POINT ( 'NONE',  ( 1.709111753374409800, 9.775326934406418600, 9.453636450492728800 ) ) ;
#1651 = CARTESIAN_POINT ( 'NONE',  ( 0.9775391568974886000, 8.584568633814821900, 9.591089687002899200 ) ) ;
#1652 = CARTESIAN_POINT ( 'NONE',  ( 1.719999999999999300, 9.888447334992273200, 9.450968713645160300 ) ) ;
#1653 = CARTESIAN_POINT ( 'NONE',  ( 1.720000000000000200, 9.999999999999998200, 9.450969495435460400 ) ) ;
#1654 = CARTESIAN_POINT ( 'NONE',  ( 1.079514696230677900, 8.660947140861416900, 9.576483012845354600 ) ) ;
#1655 = CARTESIAN_POINT ( 'NONE',  ( 1.404253955723223900, 9.006635231677728700, 9.520235817701834700 ) ) ;
#1656 = CARTESIAN_POINT ( 'NONE',  ( 0.7220771840982668200, 8.438460987382509200, 9.621238318275413100 ) ) ;
#1657 = CARTESIAN_POINT ( 'NONE',  ( 0.9075130284541903500, 8.538825596777655800, 9.600229855424903000 ) ) ;
#1658 = CARTESIAN_POINT ( 'NONE',  ( 0.9462818869109728100, 8.563647752319649700, 9.595241181384691800 ) ) ;
#1659 = CARTESIAN_POINT ( 'NONE',  ( 1.630403509799532000, 9.449232490138886200, 9.472127394800784500 ) ) ;
#1660 = CARTESIAN_POINT ( 'NONE',  ( 1.662137311406013800, 9.556768227919679500, 9.464760510018026100 ) ) ;
#1661 = CARTESIAN_POINT ( 'NONE',  ( 0.8709703888847237800, 8.516352071084945400, 9.604797964759345800 ) ) ;
#1662 = CARTESIAN_POINT ( 'NONE',  ( 0.8352591455305190500, 8.496190243252106800, 9.608989709204015700 ) ) ;
#1663 = CARTESIAN_POINT ( 'NONE',  ( 1.549383701330491900, 9.252204830274877200, 9.490213350861617800 ) ) ;
#1664 = CARTESIAN_POINT ( 'NONE',  ( 1.422621620039457000, 9.033258661981998100, 9.516595388201457300 ) ) ;
#1665 = CARTESIAN_POINT ( 'NONE',  ( 0.6340875536728634000, 8.400916809530688300, 9.629459467466377400 ) ) ;
#1666 = CARTESIAN_POINT ( 'NONE',  ( 1.503434217536745900, 9.164374899839048200, 9.500036192262104600 ) ) ;
#1667 = CARTESIAN_POINT ( 'NONE',  ( -9.859258575746171300, 10.45382165899443900, 1.674100443567520200 ) ) ;
#1668 = DIRECTION ( 'NONE',  ( -1.000000000000000000, -0.0000000000000000000, -0.0000000000000000000 ) ) ;
#1669 = CARTESIAN_POINT ( 'NONE',  ( -1.868238270016953500, 9.540665063984906900, -1.661526970721214400 ) ) ;
#1670 = CARTESIAN_POINT ( 'NONE',  ( 8.904579188808131800, -4.500000000000000000, 3.971267992750565400 ) ) ;
#1671 = CARTESIAN_POINT ( 'NONE',  ( -2.138920071699225400, 8.865321826016851100, -1.297198232345585300 ) ) ;
#1672 = CARTESIAN_POINT ( 'NONE',  ( -9.850969495435462500, 9.999999999999998200, -1.720000000000000000 ) ) ;
#1673 = CARTESIAN_POINT ( 'NONE',  ( -2.266005132015398900, 8.641484085448578200, -1.060633469316530500 ) ) ;
#1674 = CARTESIAN_POINT ( 'NONE',  ( -1.814276715388256400, 9.884008726829629100, -1.719999999999999800 ) ) ;
#1675 = CARTESIAN_POINT ( 'NONE',  ( -9.971286630124808400, 11.54492291326808800, -0.7644314655002573100 ) ) ;
#1676 = CARTESIAN_POINT ( 'NONE',  ( -2.342501638826326000, 8.517400876948395100, -0.8788678436776049500 ) ) ;
#1677 = CARTESIAN_POINT ( 'NONE',  ( -2.491775237490460700, 8.291891704991362700, 0.2326527525913213400 ) ) ;
#1678 = CARTESIAN_POINT ( 'NONE',  ( -2.460139712475468700, 8.338381055053369900, 0.4591118954678450300 ) ) ;
#1679 = CARTESIAN_POINT ( 'NONE',  ( -2.500098492066953800, 8.279856842867513200, 0.1141901614553199700 ) ) ;
#1680 = DIRECTION ( 'NONE',  ( 0.0000000000000000000, 1.000000000000000000, 0.0000000000000000000 ) ) ;
#1681 = CARTESIAN_POINT ( 'NONE',  ( -9.859141156554388300, 10.45136771533051100, -1.674778889462861000 ) ) ;
#1682 = CARTESIAN_POINT ( 'NONE',  ( -9.963125487398887300, 11.49200355894606300, -0.8630730500518943900 ) ) ;
#1683 = CARTESIAN_POINT ( 'NONE',  ( 0.0000000000000000000, 9.999999999999998200, -1.720000000000000000 ) ) ;
#1684 = CARTESIAN_POINT ( 'NONE',  ( -10.00001143570354700, 11.72006648665970000, 0.1126101443356757500 ) ) ;
#1685 = CARTESIAN_POINT ( 'NONE',  ( -2.094613833317118700, 8.950173611303576100, -1.366757857257594700 ) ) ;
#1686 = DIRECTION ( 'NONE',  ( 1.776356839400250500E-015, 0.0000000000000000000, -1.000000000000000000 ) ) ;
#1687 = CARTESIAN_POINT ( 'NONE',  ( -9.850969495435467800, 10.22768846955618100, 1.720000000000000900 ) ) ;
#1688 = CARTESIAN_POINT ( 'NONE',  ( -9.935382602900842700, 11.29476800285467100, -1.137779406601439900 ) ) ;
#1689 = CARTESIAN_POINT ( 'NONE',  ( -2.377835549418009000, 8.462593519053907400, -0.7794357717540103500 ) ) ;
#1690 = CARTESIAN_POINT ( 'NONE',  ( 0.0000000000000000000, -4.249999999999990200, 0.0000000000000000000 ) ) ;
#1691 = CARTESIAN_POINT ( 'NONE',  ( -1.814276715388256400, 9.999999999999998200, -1.720000000000000000 ) ) ;
#1692 = CARTESIAN_POINT ( 'NONE',  ( -9.971454796189018300, 11.54600093479442300, 0.7622001899725341400 ) ) ;
#1693 = CARTESIAN_POINT ( 'NONE',  ( -1.825914726876307400, 9.766250262648652500, -1.707929014381505100 ) ) ;
#1694 = CARTESIAN_POINT ( 'NONE',  ( -9.906244531130699500, 11.05681955476001500, -1.375426139742588900 ) ) ;
#1695 = CARTESIAN_POINT ( 'NONE',  ( -1.970109247523665900, 9.225995422327715200, -1.540083187073286100 ) ) ;
#1696 = CARTESIAN_POINT ( 'NONE',  ( -2.010442336525848800, 9.130168565654557300, -1.487802326454456900 ) ) ;
#1697 = CARTESIAN_POINT ( 'NONE',  ( 9.085178540258278100, -4.249999999999990200, 4.178460349414652200 ) ) ;
#1698 = CARTESIAN_POINT ( 'NONE',  ( -2.224619272475539100, 8.711028940252918000, -1.144015480510965500 ) ) ;
#1699 = CARTESIAN_POINT ( 'NONE',  ( 8.965758091466838700, -4.416454182136768700, 4.039205825515855600 ) ) ;
#1700 = DIRECTION ( 'NONE',  ( -0.0000000000000000000, 1.000000000000000000, -0.0000000000000000000 ) ) ;
#1701 = CARTESIAN_POINT ( 'NONE',  ( -1.898585830210386000, 9.432214130366871200, -1.627439250973262500 ) ) ;
#1702 = CARTESIAN_POINT ( 'NONE',  ( -2.465241033730440900, 8.329586726374479600, -0.4680542010012640500 ) ) ;
#1703 = CARTESIAN_POINT ( 'NONE',  ( 1.102182119232617100E-015, 15.00000000000000000, 8.999999999999994700 ) ) ;
#1704 = DIRECTION ( 'NONE',  ( 8.659560562354904500E-017, -0.7071067811865500200, 0.7071067811865451300 ) ) ;
#1705 = CARTESIAN_POINT ( 'NONE',  ( -9.850969495435460700, 10.22467572775819600, -1.719999999999999500 ) ) ;
#1706 = CARTESIAN_POINT ( 'NONE',  ( -9.990715574352123000, 11.66531106161930300, 0.4446816625027809100 ) ) ;
#1707 = CARTESIAN_POINT ( 'NONE',  ( -9.906472798517100400, 11.05888257897147000, 1.373769430397311100 ) ) ;
#1708 = CARTESIAN_POINT ( 'NONE',  ( -9.886752600610682500, 10.86541634792756600, -1.503220438848824800 ) ) ;
#1709 = DIRECTION ( 'NONE',  ( 0.0000000000000000000, 0.0000000000000000000, -1.000000000000000000 ) ) ;
#1710 = CARTESIAN_POINT ( 'NONE',  ( -2.588190451025167400, -4.500000000000000000, 9.659258262890698900 ) ) ;
#1711 = CARTESIAN_POINT ( 'NONE',  ( -9.991976463876341100, 11.67490675740441300, -0.4517260757931146900 ) ) ;
#1712 = CARTESIAN_POINT ( 'NONE',  ( -9.999976975282448800, 11.71986613534063800, -0.2282532125888303800 ) ) ;
#1713 = CARTESIAN_POINT ( 'NONE',  ( -9.998087978820514400, 11.70898404807793700, 0.2244465110733156700 ) ) ;
#1714 = CARTESIAN_POINT ( 'NONE',  ( -2.499800277516421900, 8.280290294425189000, -0.2347893195258109700 ) ) ;
#1715 = CARTESIAN_POINT ( 'NONE',  ( 9.025974339751764200, -4.333113010179412000, 4.108279147407965400 ) ) ;
#1716 = CARTESIAN_POINT ( 'NONE',  ( -2.436779643763585100, 8.372908834886114700, 0.5691588914440074400 ) ) ;
#1717 = CARTESIAN_POINT ( 'NONE',  ( -9.850969495435464300, 9.999999999999998200, 1.720000000000000000 ) ) ;
#1718 = CARTESIAN_POINT ( 'NONE',  ( -9.935555222914919300, 11.29607671056321300, 1.136267508697443200 ) ) ;
#1719 = CARTESIAN_POINT ( 'NONE',  ( -9.985173421780245900, 11.63214472427261500, 0.5542306550602030800 ) ) ;
#1720 = CARTESIAN_POINT ( 'NONE',  ( -9.963312199395502900, 11.49325333518511400, 0.8609558678839482900 ) ) ;
#1721 = CARTESIAN_POINT ( 'NONE',  ( -9.945368225291044700, 11.36841685061496000, 1.048086758068386800 ) ) ;
#1722 = CARTESIAN_POINT ( 'NONE',  ( -9.886932945453477100, 10.86742002665456600, 1.502048231810159100 ) ) ;
#1723 = CARTESIAN_POINT ( 'NONE',  ( -9.945220553520982800, 11.36733938743334500, -1.049453528845845500 ) ) ;
#1724 = CARTESIAN_POINT ( 'NONE',  ( 9.997075656052897900, 7.966538403682809700, 0.2769230166367287500 ) ) ;
#1725 = CARTESIAN_POINT ( 'NONE',  ( 9.819643529738685900, 9.091541149402230500, -1.891423768385333700 ) ) ;
#1726 = CARTESIAN_POINT ( 'NONE',  ( 9.775918050983474200, 9.865249211942790800, -2.105095309438852300 ) ) ;
#1727 = CARTESIAN_POINT ( 'NONE',  ( 9.859314279300223300, 8.750782429362006500, -1.673320600167902800 ) ) ;
#1728 = CARTESIAN_POINT ( 'NONE',  ( 9.874072433114491800, 8.646413481526829900, -1.585013467707679000 ) ) ;
#1729 = CARTESIAN_POINT ( 'NONE',  ( 9.977805968312798900, 8.057594195686501600, 0.6781220237666334400 ) ) ;
#1730 = CARTESIAN_POINT ( 'NONE',  ( 9.832210479574239800, 8.972443469629139300, 1.825839226999846000 ) ) ;
#1731 = DIRECTION ( 'NONE',  ( -0.0000000000000000000, 1.000000000000000000, -0.0000000000000000000 ) ) ;
#1732 = DIRECTION ( 'NONE',  ( 0.0000000000000000000, 1.000000000000000000, 0.0000000000000000000 ) ) ;
#1733 = DIRECTION ( 'NONE',  ( 0.0000000000000000000, 1.000000000000000000, 0.0000000000000000000 ) ) ;
#1734 = CARTESIAN_POINT ( 'NONE',  ( 9.790243746675122000, 9.468616195374218900, -2.037617254362885000 ) ) ;
#1735 = CARTESIAN_POINT ( 'NONE',  ( 0.0000000000000000000, 5.000000000000000000, 0.0000000000000000000 ) ) ;
#1736 = CARTESIAN_POINT ( 'NONE',  ( 9.999985236672003500, 7.953217510605369100, -0.1395231496970918100 ) ) ;
#1737 = CARTESIAN_POINT ( 'NONE',  ( -2.096215852434617900, 8.942211361431535700, 1.373520761332153800 ) ) ;
#1738 = DIRECTION ( 'NONE',  ( 0.0000000000000000000, 1.000000000000000000, 0.0000000000000000000 ) ) ;
#1739 = DIRECTION ( 'NONE',  ( 0.0000000000000000000, 0.0000000000000000000, 1.000000000000000000 ) ) ;
#1740 = CARTESIAN_POINT ( 'NONE',  ( 0.0000000000000000000, 15.00000000000000000, 0.0000000000000000000 ) ) ;
#1741 = CARTESIAN_POINT ( 'NONE',  ( -9.085178540258267400, -4.500000000000000000, 4.178460349414676100 ) ) ;
#1742 = CARTESIAN_POINT ( 'NONE',  ( 9.798766757437265400, 9.338134716097863800, -1.996760615620763800 ) ) ;
#1743 = DIRECTION ( 'NONE',  ( 0.0000000000000000000, 0.0000000000000000000, -1.000000000000000000 ) ) ;
#1744 = CARTESIAN_POINT ( 'NONE',  ( 9.775910270482302900, 9.999999999999991100, -2.105131440903069700 ) ) ;
#1745 = CARTESIAN_POINT ( 'NONE',  ( 9.778885479531272300, 9.731283758701485100, -2.091448175977845400 ) ) ;
#1746 = CARTESIAN_POINT ( 'NONE',  ( 9.997104684629837500, 7.966403765532224800, -0.2761574730382770900 ) ) ;
#1747 = DIRECTION ( 'NONE',  ( 0.0000000000000000000, 0.0000000000000000000, 1.000000000000000000 ) ) ;
#1748 = CARTESIAN_POINT ( 'NONE',  ( 9.859426393277287200, 8.749994869769944100, 1.672651485829674200 ) ) ;
#1749 = CARTESIAN_POINT ( 'NONE',  ( 0.0000000000000000000, 13.99999999999998400, 0.0000000000000000000 ) ) ;
#1750 = CARTESIAN_POINT ( 'NONE',  ( -1.814276715388256400, 9.999999999999998200, 1.720000000000000000 ) ) ;
#1751 = CARTESIAN_POINT ( 'NONE',  ( -2.348793613981134500, 8.506763933464476700, 0.8834682013534312900 ) ) ;
#1752 = CARTESIAN_POINT ( 'NONE',  ( -1.814276715388256400, 9.763868643040213500, 1.720000000000000000 ) ) ;
#1753 = CARTESIAN_POINT ( 'NONE',  ( -4.001000904307260500, -4.500000000000000000, -1.277494330215395600 ) ) ;
#1754 = CARTESIAN_POINT ( 'NONE',  ( 9.917759005961510600, 8.364274914947040800, -1.294740409693850800 ) ) ;
#1755 = CARTESIAN_POINT ( 'NONE',  ( -2.267262354265515700, 8.634249478507905800, 1.067802228289042500 ) ) ;
#1756 = CARTESIAN_POINT ( 'NONE',  ( 9.977648148467489300, 8.058352982458274000, -0.6802670033197169000 ) ) ;
#1757 = DIRECTION ( 'NONE',  ( -0.0000000000000000000, 1.000000000000000000, -0.0000000000000000000 ) ) ;
#1758 = CARTESIAN_POINT ( 'NONE',  ( 0.4595644258817340200, 8.338521370137636200, 2.460044932191779200 ) ) ;
#1759 = CARTESIAN_POINT ( 'NONE',  ( 9.985963698643285400, 8.018822473577294800, 0.5465684214872502700 ) ) ;
#1760 = DIRECTION ( 'NONE',  ( -0.0000000000000000000, 1.000000000000000000, -0.0000000000000000000 ) ) ;
#1761 = CARTESIAN_POINT ( 'NONE',  ( 9.946782272274086600, 8.212165993390220500, 1.061775922517218800 ) ) ;
#1762 = CARTESIAN_POINT ( 'NONE',  ( 0.0000000000000000000, 15.00000000000000000, 0.0000000000000000000 ) ) ;
#1763 = CARTESIAN_POINT ( 'NONE',  ( 9.917887610196935100, 8.363422507609460200, 1.293918926687211100 ) ) ;
#1764 = DIRECTION ( 'NONE',  ( 0.0000000000000000000, 0.0000000000000000000, 1.000000000000000000 ) ) ;
#1765 = CARTESIAN_POINT ( 'NONE',  ( 9.873952338715255900, 8.647200016840040200, 1.585794886520277100 ) ) ;
#1766 = CARTESIAN_POINT ( 'NONE',  ( 9.819602274032776600, 9.091959850429528700, 1.891638470317621900 ) ) ;
#1767 = CARTESIAN_POINT ( 'NONE',  ( 9.985949950872942800, 8.018885204473392000, -0.5469630737293121900 ) ) ;
#1768 = CARTESIAN_POINT ( 'NONE',  ( -2.004990198142191800, 9.125529532230531900, 1.497465849595583000 ) ) ;
#1769 = DIRECTION ( 'NONE',  ( 0.0000000000000000000, -1.000000000000000000, 0.0000000000000000000 ) ) ;
#1770 = CARTESIAN_POINT ( 'NONE',  ( 2.588190451025168300, 5.000000000000000000, -9.659258262890695300 ) ) ;
#1771 = CARTESIAN_POINT ( 'NONE',  ( 9.832022087386812700, 8.974113510288072200, -1.826861122827188500 ) ) ;
#1772 = CARTESIAN_POINT ( 'NONE',  ( -1.863975577919044600, 9.531899733568421200, 1.669725938671569000 ) ) ;
#1773 = CARTESIAN_POINT ( 'NONE',  ( 9.946800494694869600, 8.212130788426934600, -1.061161156670830300 ) ) ;
#1774 = CARTESIAN_POINT ( 'NONE',  ( 10.00001465050737100, 7.953075841359933800, 0.1373988085730381000 ) ) ;
#1775 = DIRECTION ( 'NONE',  ( 0.0000000000000000000, 0.0000000000000000000, 1.000000000000000000 ) ) ;
#1776 = CARTESIAN_POINT ( 'NONE',  ( 0.0000000000000000000, 5.000000000000000000, 0.0000000000000000000 ) ) ;
#1777 = CARTESIAN_POINT ( 'NONE',  ( -1.358301527207492800, 8.504531010696950900, 9.907784438807599500 ) ) ;
#1778 = DIRECTION ( 'NONE',  ( -0.0000000000000000000, 1.000000000000000000, -0.0000000000000000000 ) ) ;
#1779 = CARTESIAN_POINT ( 'NONE',  ( -8.965758091466813800, -4.416454182136768700, -4.039205825515907100 ) ) ;
#1780 = CARTESIAN_POINT ( 'NONE',  ( -9.866024514529465600, 9.445370952379017000, -1.632013509218516000 ) ) ;
#1781 = CARTESIAN_POINT ( 'NONE',  ( -2.055715239284728700, 9.743402728751497900, 9.786420944612178400 ) ) ;
#1782 = CARTESIAN_POINT ( 'NONE',  ( -1.719999831957644400, 10.00093115718777900, 9.450969530352624700 ) ) ;
#1783 = CARTESIAN_POINT ( 'NONE',  ( 5.458192698192529900E-013, 11.98503121076352300, 10.00000000395297100 ) ) ;
#1784 = CARTESIAN_POINT ( 'NONE',  ( -1.720000000000000200, 10.00031039375304200, 9.450969487145179900 ) ) ;
#1785 = CARTESIAN_POINT ( 'NONE',  ( 0.0000000000000000000, 5.000000000000000900, 0.0000000000000000000 ) ) ;
#1786 = DIRECTION ( 'NONE',  ( 0.0000000000000000000, 1.000000000000000000, 0.0000000000000000000 ) ) ;
#1787 = CARTESIAN_POINT ( 'NONE',  ( -1.719999998938686300, 10.00000000000001200, 9.450969490843739600 ) ) ;
#1788 = CARTESIAN_POINT ( 'NONE',  ( -9.085178540258255000, -4.500000000000000000, -4.178460349414704600 ) ) ;
#1789 = CARTESIAN_POINT ( 'NONE',  ( -9.025974339751739400, -4.333113010179412000, -4.108279147408016000 ) ) ;
#1790 = DIRECTION ( 'NONE',  ( -0.0000000000000000000, 1.000000000000000000, -0.0000000000000000000 ) ) ;
#1791 = CARTESIAN_POINT ( 'NONE',  ( 0.2714020781531332700, 11.98502960118984700, 9.999999999999996400 ) ) ;
#1792 = CARTESIAN_POINT ( 'NONE',  ( -1.255626424562844100, 8.422960272678844600, 9.921501593720023500 ) ) ;
#1793 = CARTESIAN_POINT ( 'NONE',  ( -1.547846144655755700, 8.687472971687825000, 9.879946752749557200 ) ) ;
#1794 = CARTESIAN_POINT ( 'NONE',  ( -1.846730021257912500, 9.118701537797129200, 9.828141183310529900 ) ) ;
#1795 = CARTESIAN_POINT ( 'NONE',  ( -9.850969495435462500, 9.887633883188275500, -1.720000000000000000 ) ) ;
#1796 = DIRECTION ( 'NONE',  ( 0.0000000000000000000, 0.0000000000000000000, -1.000000000000000000 ) ) ;
#1797 = CARTESIAN_POINT ( 'NONE',  ( -9.860506264737786400, 9.552599222038830700, -1.664607245802453200 ) ) ;
#1798 = CARTESIAN_POINT ( 'NONE',  ( -1.030909729845223000, 8.277726137341662800, 9.947362299683263100 ) ) ;
#1799 = CARTESIAN_POINT ( 'NONE',  ( -1.783269450664919200, 9.004318262137909200, 9.840003759759870400 ) ) ;
#1800 = CARTESIAN_POINT ( 'NONE',  ( -1.719998991902361500, 10.00186221772654500, 9.450969739796702700 ) ) ;
#1801 = CARTESIAN_POINT ( 'NONE',  ( -8.904579188808106900, -4.500000000000000000, -3.971267992750616500 ) ) ;
#1802 = DIRECTION ( 'NONE',  ( -0.0000000000000000000, 1.000000000000000000, -0.0000000000000000000 ) ) ;
#1803 = CARTESIAN_POINT ( 'NONE',  ( -9.085178540258255000, -4.249999999999990200, -4.178460349414704600 ) ) ;
#1804 = CARTESIAN_POINT ( 'NONE',  ( -2.001776002793455700, 9.479350939273887300, 9.798161888672746400 ) ) ;
#1805 = CARTESIAN_POINT ( 'NONE',  ( -1.719999327908812600, 10.00155187229801400, 9.450969656207448100 ) ) ;
#1806 = CARTESIAN_POINT ( 'NONE',  ( -4.001000904307265800, -4.500000000000000000, 1.277494330215381200 ) ) ;
#1807 = DIRECTION ( 'NONE',  ( 0.0000000000000000000, 0.0000000000000000000, -1.000000000000000000 ) ) ;
#1808 = DIRECTION ( 'NONE',  ( 0.0000000000000000000, 0.0000000000000000000, -1.000000000000000000 ) ) ;
#1809 = CARTESIAN_POINT ( 'NONE',  ( -9.888297718462837300, 9.136628855651961700, -1.491819295653638700 ) ) ;
#1810 = CARTESIAN_POINT ( 'NONE',  ( -0.9114296941908833800, 8.216059192472744900, 9.959155131423603500 ) ) ;
#1811 = DIRECTION ( 'NONE',  ( 0.0000000000000000000, 0.0000000000000000000, 1.000000000000000000 ) ) ;
#1812 = CARTESIAN_POINT ( 'NONE',  ( 0.0000000000000000000, -4.500000000000000000, 0.0000000000000000000 ) ) ;
#1813 = CARTESIAN_POINT ( 'NONE',  ( -0.2694696325349620900, 8.014962426682478400, 9.999999999999998200 ) ) ;
#1814 = DIRECTION ( 'NONE',  ( -0.0000000000000000000, 1.000000000000000000, -0.0000000000000000000 ) ) ;
#1815 = CARTESIAN_POINT ( 'NONE',  ( 0.0000000000000000000, 5.000000000000000000, 0.0000000000000000000 ) ) ;
#1816 = CARTESIAN_POINT ( 'NONE',  ( -1.634181532274925100, 8.788998786171486400, 9.865859042442009400 ) ) ;
#1817 = CARTESIAN_POINT ( 'NONE',  ( -2.055496032419146700, 10.00214916294556900, 9.786466985624034700 ) ) ;
#1818 = DIRECTION ( 'NONE',  ( -0.0000000000000000000, 1.000000000000000000, -0.0000000000000000000 ) ) ;
#1819 = DIRECTION ( 'NONE',  ( -0.0000000000000000000, 1.000000000000000000, -0.0000000000000000000 ) ) ;
#1820 = CARTESIAN_POINT ( 'NONE',  ( -9.850969495435462500, 9.999999999999998200, -1.720000000000000000 ) ) ;
#1821 = CARTESIAN_POINT ( 'NONE',  ( -9.879904594747202400, 9.237314966401312300, -1.545766157690502200 ) ) ;
#1822 = CARTESIAN_POINT ( 'NONE',  ( -9.852955101254771400, 9.773487557671593600, -1.708735454179115300 ) ) ;
#1823 = CARTESIAN_POINT ( 'NONE',  ( 4.001000904307268500, -4.500000000000000000, 1.277494330215371200 ) ) ;
#1824 = CARTESIAN_POINT ( 'NONE',  ( -1.556562868781201200E-013, 8.014968815698884100, 9.999999999996580500 ) ) ;
#1825 = CARTESIAN_POINT ( 'NONE',  ( -0.5393925581387926100, 8.067068288901611000, 9.988541222074438500 ) ) ;
#1826 = CARTESIAN_POINT ( 'NONE',  ( 1.795935964223875000, 10.99962395213871100, 9.837964747191048100 ) ) ;
#1827 = CARTESIAN_POINT ( 'NONE',  ( 1.224646799147353500E-015, 15.00000000000000000, 10.00000000000000200 ) ) ;
#1828 = CARTESIAN_POINT ( 'NONE',  ( 1.254191460466492300, 11.57803324105211100, 9.921675001167830700 ) ) ;
#1829 = CARTESIAN_POINT ( 'NONE',  ( 1.593982621655393600, 10.64637401121600900, 9.480353231512026500 ) ) ;
#1830 = CARTESIAN_POINT ( 'NONE',  ( 1.989588131780405200, 10.51556665269770700, 9.800115770150704000 ) ) ;
#1831 = CARTESIAN_POINT ( 'NONE',  ( 1.543382714304860600, 10.75932465891824600, 9.491500090434930900 ) ) ;
#1832 = CARTESIAN_POINT ( 'NONE',  ( -2.010258662395773600E-020, 11.71999999999999700, 2.500000000000000000 ) ) ;
#1833 = CARTESIAN_POINT ( 'NONE',  ( -1.670569857744295100, 10.46566116140960600, 1.863245259103617700 ) ) ;
#1834 = CARTESIAN_POINT ( 'NONE',  ( 1.030887514727731000, 11.72222169480038200, 9.947356532279526300 ) ) ;
#1835 = CARTESIAN_POINT ( 'NONE',  ( 1.697416175613911200, 10.27924762267971200, 9.456410045104842500 ) ) ;
#1836 = CARTESIAN_POINT ( 'NONE',  ( 2.055529117866347300, 10.12962815825685900, 9.786460036533380700 ) ) ;
#1837 = CARTESIAN_POINT ( 'NONE',  ( -0.1161791316637583200, 11.71999999999999700, 2.500000000000000000 ) ) ;
#1838 = CARTESIAN_POINT ( 'NONE',  ( -1.297730443912103100, 11.13407203158454600, 2.138596966914638300 ) ) ;
#1839 = CARTESIAN_POINT ( 'NONE',  ( -1.366178062238791100, 11.05062642388203600, 2.095003579414690600 ) ) ;
#1840 = CARTESIAN_POINT ( 'NONE',  ( 1.720000000000000200, 9.999999999999998200, 9.450969495435460400 ) ) ;
#1841 = CARTESIAN_POINT ( 'NONE',  ( 2.055497237152815500, 9.999999999999998200, 9.786466732588282400 ) ) ;
#1842 = CARTESIAN_POINT ( 'NONE',  ( 1.625551747374782000, 10.56342251991038100, 9.473228419154523300 ) ) ;
#1843 = CARTESIAN_POINT ( 'NONE',  ( 1.599942193595565100, 10.63150456299805700, 9.479017010232288600 ) ) ;
#1844 = CARTESIAN_POINT ( 'NONE',  ( 0.0000000000000000000, 5.000000000000000000, 0.0000000000000000000 ) ) ;
#1845 = CARTESIAN_POINT ( 'NONE',  ( 1.949948271685003200, 10.64111697869945600, 9.808182085707544600 ) ) ;
#1846 = CARTESIAN_POINT ( 'NONE',  ( 2.042517145872363200, 10.25845668528184300, 9.789221304643962900 ) ) ;
#1847 = CARTESIAN_POINT ( 'NONE',  ( -1.068004059767214500, 11.36567274258336500, 2.267194851822826400 ) ) ;
#1848 = CARTESIAN_POINT ( 'NONE',  ( -1.720000000000000200, 10.00000000000000500, 1.814276715388262600 ) ) ;
#1849 = CARTESIAN_POINT ( 'NONE',  ( 1.717314807325730100, 10.11131426846714600, 9.451629497867704900 ) ) ;
#1850 = CARTESIAN_POINT ( 'NONE',  ( 1.530555417183321600, 10.78485938574189800, 9.494265836531161200 ) ) ;
#1851 = DIRECTION ( 'NONE',  ( 0.0000000000000000000, 0.0000000000000000000, 1.000000000000000000 ) ) ;
#1852 = CARTESIAN_POINT ( 'NONE',  ( 1.491253295071243200, 10.85752903269597000, 9.502605622063214200 ) ) ;
#1853 = CARTESIAN_POINT ( 'NONE',  ( 1.469607961029553800, 10.89378439730892900, 9.507084828178634000 ) ) ;
#1854 = CARTESIAN_POINT ( 'NONE',  ( 4.178460349414668200, -4.500000000000000000, 9.085178540258274500 ) ) ;
#1855 = DIRECTION ( 'NONE',  ( -0.0000000000000000000, -1.000000000000000000, -0.0000000000000000000 ) ) ;
#1856 = CARTESIAN_POINT ( 'NONE',  ( 1.643564488290182500, 11.21992852767395000, 9.865872310448271100 ) ) ;
#1857 = CARTESIAN_POINT ( 'NONE',  ( 3.061616997868383100E-016, 5.000000000000000900, -2.500000000000000000 ) ) ;
#1858 = DIRECTION ( 'NONE',  ( -0.0000000000000000000, 1.000000000000000000, -0.0000000000000000000 ) ) ;
#1859 = CARTESIAN_POINT ( 'NONE',  ( -0.2333314259852594400, 11.70805744921157500, 2.491739322818754800 ) ) ;
#1860 = CARTESIAN_POINT ( 'NONE',  ( 1.709113260130733300, 10.19524886043571000, 9.453607755878797600 ) ) ;
#1861 = CARTESIAN_POINT ( 'NONE',  ( -0.4609603122963832300, 11.66115002171600600, 2.459821944312475100 ) ) ;
#1862 = CARTESIAN_POINT ( 'NONE',  ( -0.5698759526332184400, 11.62681919310698000, 2.436598953952400200 ) ) ;
#1863 = CARTESIAN_POINT ( 'NONE',  ( -1.719999999999998600, 10.23511734396139500, 1.814276715388257300 ) ) ;
#1864 = CARTESIAN_POINT ( 'NONE',  ( 0.9134839556100781100, 11.78304013586544300, 9.958980145677832900 ) ) ;
#1865 = CARTESIAN_POINT ( 'NONE',  ( 1.692274683313601800, 10.30875876075867700, 9.457635749659520000 ) ) ;
#1866 = CARTESIAN_POINT ( 'NONE',  ( 1.676527207836791000, 10.38801910507154400, 9.461376083120464700 ) ) ;
#1867 = CARTESIAN_POINT ( 'NONE',  ( -1.540899599334904200, 10.77223015771323500, 1.969454254625759600 ) ) ;
#1868 = CARTESIAN_POINT ( 'NONE',  ( 1.359101776079452600, 11.49480303043750800, 9.907675182936072700 ) ) ;
#1869 = CARTESIAN_POINT ( 'NONE',  ( 0.5382962329146836500, 11.93352577911148200, 9.988653116525716400 ) ) ;
#1870 = CARTESIAN_POINT ( 'NONE',  ( 1.705684175164186200, 10.22325412113217000, 9.454431981458817800 ) ) ;
#1871 = CARTESIAN_POINT ( 'NONE',  ( -1.487772326419881900, 10.86993786274702200, 2.010476560480642000 ) ) ;
#1872 = CARTESIAN_POINT ( 'NONE',  ( -0.8833212583977146900, 11.49323163248910600, 2.348794543937137400 ) ) ;
#1873 = DIRECTION ( 'NONE',  ( 0.0000000000000000000, 1.000000000000000000, 0.0000000000000000000 ) ) ;
#1874 = CARTESIAN_POINT ( 'NONE',  ( 1.719999999999999800, 10.05546740975112600, 9.450969884165598200 ) ) ;
#1875 = CARTESIAN_POINT ( 'NONE',  ( 1.663293312442437800, 10.44163557095325200, 9.464507643901859200 ) ) ;
#1876 = CARTESIAN_POINT ( 'NONE',  ( 1.638890562476373700, 10.52271826007191400, 9.470161992785108400 ) ) ;
#1877 = CARTESIAN_POINT ( 'NONE',  ( 1.610428784129444900, 10.60426167111783100, 9.476653723415626700 ) ) ;
#1878 = CARTESIAN_POINT ( 'NONE',  ( 1.578568719107919600, 10.68355002824480800, 9.483793306014485200 ) ) ;
#1879 = CARTESIAN_POINT ( 'NONE',  ( 1.561950508126055000, 10.72117267866432800, 9.487469562064234200 ) ) ;
#1880 = CARTESIAN_POINT ( 'NONE',  ( 1.523256304836298800, 10.79891415947756200, 9.495828713415361800 ) ) ;
#1881 = CARTESIAN_POINT ( 'NONE',  ( 1.504629207430433000, 10.83377776769134100, 9.499791593372396600 ) ) ;
#1882 = CARTESIAN_POINT ( 'NONE',  ( 0.9320494378862674800, 11.44587892280544700, 9.597131723218147700 ) ) ;
#1883 = CARTESIAN_POINT ( 'NONE',  ( 0.8358988735116320600, 11.50328252834012800, 9.608886836184000300 ) ) ;
#1884 = CARTESIAN_POINT ( 'NONE',  ( 1.011049570439638700, 11.39153803781466400, 9.586437841000625700 ) ) ;
#1885 = CARTESIAN_POINT ( 'NONE',  ( 0.6742365729074330000, 11.58241012677361900, 9.625795287262164400 ) ) ;
#1886 = CARTESIAN_POINT ( 'NONE',  ( 0.6062684912888753900, 11.61068518508641900, 9.632008266627622100 ) ) ;
#1887 = CARTESIAN_POINT ( 'NONE',  ( 1.401187366283226200, 10.99793169279785900, 9.520851199097235100 ) ) ;
#1888 = CARTESIAN_POINT ( 'NONE',  ( 1.416399936520218700, 10.97613272195909300, 9.517844051325731400 ) ) ;
#1889 = CARTESIAN_POINT ( 'NONE',  ( 1.318446019933060800, 11.10472218351291200, 9.536564854471784300 ) ) ;
#1890 = CARTESIAN_POINT ( 'NONE',  ( 1.303790505766095900, 11.12219069330769400, 9.539270587340192600 ) ) ;
#1891 = CARTESIAN_POINT ( 'NONE',  ( 1.331031554508180100, 11.08938508363125000, 9.534227212326451100 ) ) ;
#1892 = CARTESIAN_POINT ( 'NONE',  ( 1.136360705270131400, 11.29123220642762100, 9.567720810938706000 ) ) ;
#1893 = CARTESIAN_POINT ( 'NONE',  ( 0.3648854856336085600, 11.68109212861068300, 9.648050486645166400 ) ) ;
#1894 = CARTESIAN_POINT ( 'NONE',  ( 0.2251539637528339700, 11.70900564441793700, 9.654550047505980000 ) ) ;
#1895 = CARTESIAN_POINT ( 'NONE',  ( 1.458389920740641000, 10.91206886972530800, 9.509388972006132000 ) ) ;
#1896 = CARTESIAN_POINT ( 'NONE',  ( 1.266630084574419600, 11.16397159068561600, 9.545937710555445900 ) ) ;
#1897 = CARTESIAN_POINT ( 'NONE',  ( 1.438518962648481600, 10.94293031599038500, 9.513412077233072100 ) ) ;
#1898 = CARTESIAN_POINT ( 'NONE',  ( 1.096482958328790900, 11.32519121380469700, 9.573914760416173000 ) ) ;
#1899 = CARTESIAN_POINT ( 'NONE',  ( 0.9690699140054974700, 11.42109957613415000, 9.592214427667732600 ) ) ;
#1900 = CARTESIAN_POINT ( 'NONE',  ( 1.242861749222689700, 11.18954894001046800, 9.550112893197340500 ) ) ;
#1901 = CARTESIAN_POINT ( 'NONE',  ( 0.8253428247430922800, 11.50911260234217100, 9.610104185436368200 ) ) ;
#1902 = CARTESIAN_POINT ( 'NONE',  ( 0.5518465233873244300, 11.63004800710229800, 9.636352834680650400 ) ) ;
#1903 = CARTESIAN_POINT ( 'NONE',  ( 1.433741859030152300, 10.95017012876938100, 9.514372109496950000 ) ) ;
#1904 = CARTESIAN_POINT ( 'NONE',  ( 0.4707379454200576500, 11.65457050603772300, 9.641930963601169000 ) ) ;
#1905 = CARTESIAN_POINT ( 'NONE',  ( 0.3901486901018727000, 11.67539494133235500, 9.646726823222504500 ) ) ;
#1906 = CARTESIAN_POINT ( 'NONE',  ( -0.2228481241195714700, 11.70573900985650800, 9.653806450126412000 ) ) ;
#1907 = CARTESIAN_POINT ( 'NONE',  ( -0.2790506360554206300, 11.69745032289222500, 9.651863422001875700 ) ) ;
#1908 = CARTESIAN_POINT ( 'NONE',  ( -0.3087091126799352300, 11.69228459248891700, 9.650656518027380700 ) ) ;
#1909 = CARTESIAN_POINT ( 'NONE',  ( -0.5227665967231024400, 11.63887466168444900, 9.638359943363896700 ) ) ;
#1910 = CARTESIAN_POINT ( 'NONE',  ( 0.6856023664661825600, 11.57751019999817300, 9.624723780682623800 ) ) ;
#1911 = CARTESIAN_POINT ( 'NONE',  ( -0.6041301388544179100, 11.61047772763063300, 9.631991030525625800 ) ) ;
#1912 = CARTESIAN_POINT ( 'NONE',  ( -0.6459834744298800200, 11.59414167197201100, 9.628373624286387800 ) ) ;
#1913 = CARTESIAN_POINT ( 'NONE',  ( 1.376111848179129200, 11.03194699768522300, 9.525706312217208100 ) ) ;
#1914 = CARTESIAN_POINT ( 'NONE',  ( 1.339452020965358200, 11.07901958678442800, 9.532656922049481500 ) ) ;
#1915 = CARTESIAN_POINT ( 'NONE',  ( 0.8595865133150668600, 11.48986452836408900, 9.606102339211691500 ) ) ;
#1916 = CARTESIAN_POINT ( 'NONE',  ( 1.363009700650254600, 11.04928313504580800, 9.528219966642872400 ) ) ;
#1917 = CARTESIAN_POINT ( 'NONE',  ( 0.7485933507555713200, 11.54899177875901200, 9.618537184481420300 ) ) ;
#1918 = CARTESIAN_POINT ( 'NONE',  ( 0.1127240960293106200, 11.71991446183627500, 9.657160660223596000 ) ) ;
#1919 = CARTESIAN_POINT ( 'NONE',  ( 1.191283693116356800, 11.24119908591489100, 9.558863746779399800 ) ) ;
#1920 = CARTESIAN_POINT ( 'NONE',  ( -0.05439280590684777300, 11.72004201754794300, 9.657193193720598100 ) ) ;
#1921 = CARTESIAN_POINT ( 'NONE',  ( -0.1104704405036588800, 11.71737648759766700, 9.656552747345088500 ) ) ;
#1922 = CARTESIAN_POINT ( 'NONE',  ( 1.106532450097364800, 11.31682817717177900, 9.572375356618207900 ) ) ;
#1923 = CARTESIAN_POINT ( 'NONE',  ( 1.045110999570864700, 11.36636026613081200, 9.581598552524422300 ) ) ;
#1924 = CARTESIAN_POINT ( 'NONE',  ( 0.8715301942541244800, 11.48291328335310400, 9.604668949053760200 ) ) ;
#1925 = CARTESIAN_POINT ( 'NONE',  ( 0.4437881481800379200, 11.66199166344635400, 9.643633886048169400 ) ) ;
#1926 = CARTESIAN_POINT ( 'NONE',  ( -0.4417656666720793400, 11.66325685965605400, 9.643908597443756400 ) ) ;
#1927 = CARTESIAN_POINT ( 'NONE',  ( -0.5634012086395955300, 11.62555690758902000, 9.635351256678708500 ) ) ;
#1928 = CARTESIAN_POINT ( 'NONE',  ( -0.6312909015446048800, 11.60002610400379900, 9.629672759875148800 ) ) ;
#1929 = CARTESIAN_POINT ( 'NONE',  ( -0.6834053741423206100, 11.57863433790421800, 9.624964679633354300 ) ) ;
#1930 = CARTESIAN_POINT ( 'NONE',  ( 0.9779845302804711600, 11.41496481335812000, 9.591006381306092600 ) ) ;
#1931 = CARTESIAN_POINT ( 'NONE',  ( -0.3881266921444377900, 11.67650574223685200, 9.646982741109624700 ) ) ;
#1932 = CARTESIAN_POINT ( 'NONE',  ( 1.095671590619958800, 11.32586535852064100, 9.574038948605920800 ) ) ;
#1933 = CARTESIAN_POINT ( 'NONE',  ( 0.9076279016783892500, 11.46130022030445000, 9.600245353564655900 ) ) ;
#1934 = CARTESIAN_POINT ( 'NONE',  ( 1.446551808880533800, 10.93056018125505500, 9.511789926988337000 ) ) ;
#1935 = CARTESIAN_POINT ( 'NONE',  ( 1.346680134399094000, 11.07002579137082200, 9.531303234737757500 ) ) ;
#1936 = CARTESIAN_POINT ( 'NONE',  ( 0.7868773574403937800, 11.52972890538131000, 9.614435353550215200 ) ) ;
#1937 = CARTESIAN_POINT ( 'NONE',  ( -0.1947353785730100200, 11.70917364885099200, 9.654615141470055000 ) ) ;
#1938 = CARTESIAN_POINT ( 'NONE',  ( 0.9998875805920148800, 11.39957278863492900, 9.587996787525209900 ) ) ;
#1939 = CARTESIAN_POINT ( 'NONE',  ( 1.121713997289674400, 11.30399287546781100, 9.570026676585920100 ) ) ;
#1940 = CARTESIAN_POINT ( 'NONE',  ( 0.7107331958798551700, 11.56634841599074500, 9.622295009638669700 ) ) ;
#1941 = CARTESIAN_POINT ( 'NONE',  ( 1.100446030454204300, 11.32190210118155500, 9.573308755941445400 ) ) ;
#1942 = CARTESIAN_POINT ( 'NONE',  ( -0.7212238701858440000, 11.56193019625611700, 9.621322934482922300 ) ) ;
#1943 = CARTESIAN_POINT ( 'NONE',  ( 1.334581553742494800, 11.08503781572020800, 9.533566555079433500 ) ) ;
#1944 = CARTESIAN_POINT ( 'NONE',  ( 1.068587870863369600, 11.34814379830730700, 9.578155761670382500 ) ) ;
#1945 = CARTESIAN_POINT ( 'NONE',  ( 1.167683732914413400, 11.26321009870843600, 9.562718797865860800 ) ) ;
#1946 = CARTESIAN_POINT ( 'NONE',  ( -0.9301506481239930600, 11.44686805285633600, 9.597344147765426200 ) ) ;
#1947 = CARTESIAN_POINT ( 'NONE',  ( -1.325465421319024700, 11.09615093426969100, 9.535260118221417600 ) ) ;
#1948 = CARTESIAN_POINT ( 'NONE',  ( -1.414321349634662900, 10.97884433484509300, 9.518243572688261300 ) ) ;
#1949 = CARTESIAN_POINT ( 'NONE',  ( -1.031514008504457200, 11.37643613140504900, 9.583533572672106300 ) ) ;
#1950 = CARTESIAN_POINT ( 'NONE',  ( -1.421579856831471300, 10.96827259722753900, 9.516802747151928100 ) ) ;
#1951 = CARTESIAN_POINT ( 'NONE',  ( -1.105557628233130100, 11.31777667919031000, 9.572541168927051200 ) ) ;
#1952 = CARTESIAN_POINT ( 'NONE',  ( -1.424400425301346000, 10.96412647753750800, 9.516241133077329600 ) ) ;
#1953 = CARTESIAN_POINT ( 'NONE',  ( -1.460900522020295300, 10.90827753834052800, 9.508883590339021200 ) ) ;
#1954 = CARTESIAN_POINT ( 'NONE',  ( -1.489682179265879400, 10.85990356632697900, 9.502921955679379800 ) ) ;
#1955 = CARTESIAN_POINT ( 'NONE',  ( -1.610735727974832700, 10.60613421875351000, 9.476616053486875300 ) ) ;
#1956 = CARTESIAN_POINT ( 'NONE',  ( -1.708944525483731000, 10.22571430644647500, 9.453676735210653000 ) ) ;
#1957 = CARTESIAN_POINT ( 'NONE',  ( -0.9756962704623318700, 11.41670459786383800, 9.591340017658337700 ) ) ;
#1958 = CARTESIAN_POINT ( 'NONE',  ( -1.577575535827619800, 10.68545210500800400, 9.484008490011266400 ) ) ;
#1959 = CARTESIAN_POINT ( 'NONE',  ( -1.719878150681201100, 10.11347471910758800, 9.450999801801554400 ) ) ;
#1960 = CARTESIAN_POINT ( 'NONE',  ( -1.165977331918572200, 11.26478891659155900, 9.562996616461523700 ) ) ;
#1961 = CARTESIAN_POINT ( 'NONE',  ( -1.048775133800789300, 11.36339860000553500, 9.581046431491271800 ) ) ;
#1962 = CARTESIAN_POINT ( 'NONE',  ( -1.242820506011627500, 11.18965762992867700, 9.550125722574410500 ) ) ;
#1963 = CARTESIAN_POINT ( 'NONE',  ( -1.084234219875604800, 11.33523437767510300, 9.575772994408261200 ) ) ;
#1964 = CARTESIAN_POINT ( 'NONE',  ( -1.661925745484752900, 10.44402797359027200, 9.464809921129170100 ) ) ;
#1965 = CARTESIAN_POINT ( 'NONE',  ( -1.322483929263993200, 11.09974620283554500, 9.535811914334454200 ) ) ;
#1966 = CARTESIAN_POINT ( 'NONE',  ( -1.325801134042023900, 11.09574931069835900, 9.535198112781047900 ) ) ;
#1967 = CARTESIAN_POINT ( 'NONE',  ( -1.391239667038597100, 11.01145860032880500, 9.522778979006222500 ) ) ;
#1968 = CARTESIAN_POINT ( 'NONE',  ( -1.529721457069819200, 10.78689656835330800, 9.494455222795252800 ) ) ;
#1969 = CARTESIAN_POINT ( 'NONE',  ( -1.719998991902361500, 10.00186221772654500, 9.450969739796702700 ) ) ;
#1970 = CARTESIAN_POINT ( 'NONE',  ( -1.317841964562155300, 11.10532139185400300, 9.536669825595081900 ) ) ;
#1971 = CARTESIAN_POINT ( 'NONE',  ( -1.088306831534248300, 11.33191380418283400, 9.575157321297622200 ) ) ;
#1972 = CARTESIAN_POINT ( 'NONE',  ( -1.366246353944801100, 11.04525410576359200, 9.527612486916735800 ) ) ;
#1973 = CARTESIAN_POINT ( 'NONE',  ( -1.509011353829808700, 10.82552905484255300, 9.498858196161277700 ) ) ;
#1974 = CARTESIAN_POINT ( 'NONE',  ( -0.9975643092360591000, 11.40144773118775800, 9.588346513161592800 ) ) ;
#1975 = CARTESIAN_POINT ( 'NONE',  ( -1.654526834633916400, 10.47088694237933900, 9.466539717139875500 ) ) ;
#1976 = CARTESIAN_POINT ( 'NONE',  ( -1.069361039850036800, 11.34720736527736000, 9.578003592642138700 ) ) ;
#1977 = CARTESIAN_POINT ( 'NONE',  ( -1.403176888059894700, 10.99488574752780500, 9.520447396934555300 ) ) ;
#1978 = CARTESIAN_POINT ( 'NONE',  ( -1.445319140194876400, 10.93292848792765100, 9.512058005477628700 ) ) ;
#1979 = CARTESIAN_POINT ( 'NONE',  ( -1.582466214423437800, 10.67410492320614400, 9.482922982810109100 ) ) ;
#1980 = CARTESIAN_POINT ( 'NONE',  ( -1.482685168069513400, 10.87191989188225200, 9.504380098042823000 ) ) ;
#1981 = CARTESIAN_POINT ( 'NONE',  ( -1.503171188566850200, 10.83610018327155400, 9.500091714423058800 ) ) ;
#1982 = CARTESIAN_POINT ( 'NONE',  ( -1.630065393743872300, 10.55177989110423400, 9.472204890603153500 ) ) ;
#1983 = CARTESIAN_POINT ( 'NONE',  ( -1.675285878914532000, 10.39060881805881600, 9.461667519395188500 ) ) ;
#1984 = CARTESIAN_POINT ( 'NONE',  ( 0.0000000000000000000, 5.000000000000000000, 0.0000000000000000000 ) ) ;
#1985 = CARTESIAN_POINT ( 'NONE',  ( -1.312683857547872300, 11.11143744137929100, 9.537618388128922900 ) ) ;
#1986 = DIRECTION ( 'NONE',  ( 0.0000000000000000000, 1.000000000000000000, 0.0000000000000000000 ) ) ;
#1987 = CARTESIAN_POINT ( 'NONE',  ( -1.123917969007266900, 11.30230662327401900, 9.569702070924408900 ) ) ;
#1988 = DIRECTION ( 'NONE',  ( 0.0000000000000000000, 0.0000000000000000000, 1.000000000000000000 ) ) ;
#1989 = CARTESIAN_POINT ( 'NONE',  ( -1.293364052754489800, 11.13393339885730300, 9.541142868334571100 ) ) ;
#1990 = CARTESIAN_POINT ( 'NONE',  ( -1.549041500829145800, 10.74849322832303100, 9.490287618433846700 ) ) ;
#1991 = CARTESIAN_POINT ( 'NONE',  ( -1.566412435504480600, 10.71059217656728200, 9.486473067579376900 ) ) ;
#1992 = DIRECTION ( 'NONE',  ( -0.0000000000000000000, 1.000000000000000000, -0.0000000000000000000 ) ) ;
#1993 = CARTESIAN_POINT ( 'NONE',  ( -1.348092504063301200, 11.06865304545669600, 9.531061950546643400 ) ) ;
#1994 = CARTESIAN_POINT ( 'NONE',  ( -1.680922786875493900, 10.36566853948615500, 9.460331945062783600 ) ) ;
#1995 = CARTESIAN_POINT ( 'NONE',  ( -0.8694957891832385500, 11.48450571797226000, 9.604975077659990000 ) ) ;
#1996 = CARTESIAN_POINT ( 'NONE',  ( -1.188234993897181200, 11.24418072878850200, 9.559374826050046200 ) ) ;
#1997 = CARTESIAN_POINT ( 'NONE',  ( -0.7594995641328811100, 11.54329700689766500, 9.617331988586387900 ) ) ;
#1998 = CARTESIAN_POINT ( 'NONE',  ( -1.078273391251284700, 11.34005267829072000, 9.576669267248618700 ) ) ;
#1999 = CARTESIAN_POINT ( 'NONE',  ( -0.9057935299669589400, 11.46223988170606300, 9.600446055765758000 ) ) ;
#2000 = CARTESIAN_POINT ( 'NONE',  ( -0.7992210368407212100, 11.52309511754922300, 9.613042400598349200 ) ) ;
#2001 = CARTESIAN_POINT ( 'NONE',  ( -0.7851011861325535300, 11.53043175834487300, 9.614593757822893500 ) ) ;
#2002 = CARTESIAN_POINT ( 'NONE',  ( -0.8340206837864542200, 11.50449377211756600, 9.609132579235435400 ) ) ;
#2003 = CARTESIAN_POINT ( 'NONE',  ( -0.9442520614074986200, 11.43768801447961500, 9.595507590659075000 ) ) ;
#2004 = CARTESIAN_POINT ( 'NONE',  ( -1.265453885045421100, 11.16525043180848300, 9.546145802112768300 ) ) ;
#2005 = CARTESIAN_POINT ( 'NONE',  ( -1.301658706129879700, 11.12437226781095000, 9.539636381560884000 ) ) ;
#2006 = CARTESIAN_POINT ( 'NONE',  ( 9.917890366369055900, 11.62750691702639600, 1.284003116346692300 ) ) ;
#2007 = CARTESIAN_POINT ( 'NONE',  ( 9.944784877250697300, 11.77590306816771100, 1.055683222993494700 ) ) ;
#2008 = CARTESIAN_POINT ( 'NONE',  ( 1.224646799147353500E-015, 15.00000000000000000, 10.00000000000000200 ) ) ;
#2009 = DIRECTION ( 'NONE',  ( 0.0000000000000000000, 0.7071067811865574500, 0.7071067811865376900 ) ) ;
#2010 = CARTESIAN_POINT ( 'NONE',  ( 0.0000000000000000000, -4.500000000000000000, 0.0000000000000000000 ) ) ;
#2011 = CARTESIAN_POINT ( 'NONE',  ( 0.0000000000000000000, 5.000000000000000000, 0.0000000000000000000 ) ) ;
#2012 = CARTESIAN_POINT ( 'NONE',  ( 10.00001450503536800, 12.04691719934551800, 0.1365223012539690300 ) ) ;
#2013 = DIRECTION ( 'NONE',  ( 0.0000000000000000000, -1.000000000000000000, 0.0000000000000000000 ) ) ;
#2014 = CARTESIAN_POINT ( 'NONE',  ( 8.904579188808105200, -4.500000000000000000, -3.971267992750621800 ) ) ;
#2015 = DIRECTION ( 'NONE',  ( -0.0000000000000000000, -1.000000000000000000, -0.0000000000000000000 ) ) ;
#2016 = CARTESIAN_POINT ( 'NONE',  ( 9.999970821909114300, 12.04672557895340600, -0.2762196944397202800 ) ) ;
#2017 = DIRECTION ( 'NONE',  ( -0.0000000000000000000, 1.000000000000000000, -0.0000000000000000000 ) ) ;
#2018 = CARTESIAN_POINT ( 'NONE',  ( 9.997119985577528600, 12.03367636478450300, 0.2758430285095777600 ) ) ;
#2019 = CARTESIAN_POINT ( 'NONE',  ( 9.957216412919851900, 11.83980940507778400, 0.9327958673287360900 ) ) ;
#2020 = CARTESIAN_POINT ( 'NONE',  ( 9.788073930068561500, 10.53550476860151600, -2.050705832373814100 ) ) ;
#2021 = CARTESIAN_POINT ( 'NONE',  ( 9.830237843446916200, 11.03365254325225000, 1.837972848792137000 ) ) ;
#2022 = CARTESIAN_POINT ( 'NONE',  ( 2.588190451025185600, -4.500000000000000000, 9.659258262890691800 ) ) ;
#2023 = CARTESIAN_POINT ( 'NONE',  ( 9.085178540258278100, -4.500000000000000000, 4.178460349414652200 ) ) ;
#2024 = CARTESIAN_POINT ( 'NONE',  ( 9.977767653401182100, 11.94222639741589700, 0.6785421715466167800 ) ) ;
#2025 = CARTESIAN_POINT ( 'NONE',  ( 9.903235720535223100, 11.54194457525112800, -1.391264447890465700 ) ) ;
#2026 = DIRECTION ( 'NONE',  ( 0.0000000000000000000, 0.0000000000000000000, 1.000000000000000000 ) ) ;
#2027 = CARTESIAN_POINT ( 'NONE',  ( 9.775910270482302900, 9.999999999999991100, -2.105131440903069700 ) ) ;
#2028 = CARTESIAN_POINT ( 'NONE',  ( 9.085178540258256800, -4.249999999999985800, -4.178460349414717000 ) ) ;
#2029 = CARTESIAN_POINT ( 'NONE',  ( 9.798666479080502300, 10.66065324067588300, 1.997264452858562600 ) ) ;
#2030 = CARTESIAN_POINT ( 'NONE',  ( 9.775910271250152700, 10.00011913490556200, 2.105131437337297100 ) ) ;
#2031 = CARTESIAN_POINT ( 'NONE',  ( 9.903357107330336400, 11.54269390521931400, 1.390410991998445300 ) ) ;
#2032 = CARTESIAN_POINT ( 'NONE',  ( 9.790346298082413400, 10.53310029221947500, 2.037125602835434500 ) ) ;
#2033 = CARTESIAN_POINT ( 'NONE',  ( 9.505276768341335700, 9.999999999999992900, -1.719999999999999800 ) ) ;
#2034 = CARTESIAN_POINT ( 'NONE',  ( 9.987897228970871000, 11.99273100235908500, -0.5537851371106512500 ) ) ;
#2035 = CARTESIAN_POINT ( 'NONE',  ( 0.0000000000000000000, -4.500000000000000900, 9.750000000000005300 ) ) ;
#2036 = DIRECTION ( 'NONE',  ( 0.0000000000000000000, 0.0000000000000000000, 1.000000000000000000 ) ) ;
#2037 = CARTESIAN_POINT ( 'NONE',  ( 9.957073047330059300, 11.83908285645439100, -0.9342850682610335200 ) ) ;
#2038 = CARTESIAN_POINT ( 'NONE',  ( 9.025974339751726900, -4.333113010179412000, -4.108279147408032900 ) ) ;
#2039 = DIRECTION ( 'NONE',  ( 0.0000000000000000000, 1.000000000000000000, 0.0000000000000000000 ) ) ;
#2040 = CARTESIAN_POINT ( 'NONE',  ( 9.775910270482302900, 9.999999999999991100, -2.105131440903069700 ) ) ;
#2041 = DIRECTION ( 'NONE',  ( 0.0000000000000000000, -1.000000000000000000, 0.0000000000000000000 ) ) ;
#2042 = CARTESIAN_POINT ( 'NONE',  ( 9.778955339035142900, 10.27097652877935900, 2.091122625591268500 ) ) ;
#2043 = CARTESIAN_POINT ( 'NONE',  ( 9.985920435414769300, 11.98096777569031200, 0.5476225342119019900 ) ) ;
#2044 = CARTESIAN_POINT ( 'NONE',  ( 9.944650713995880400, 11.77519849991927700, -1.056959951027334400 ) ) ;
#2045 = CARTESIAN_POINT ( 'NONE',  ( 9.859153604131361000, 11.24794047324584200, -1.674239362779847500 ) ) ;
#2046 = CARTESIAN_POINT ( 'NONE',  ( 8.965758091466820900, -4.416454182136766900, -4.039205825515904500 ) ) ;
#2047 = CARTESIAN_POINT ( 'NONE',  ( 9.832065048289321000, 11.02620018229525900, -1.826604532991580500 ) ) ;
#2048 = CARTESIAN_POINT ( 'NONE',  ( 9.819734070743770400, 10.90955741165248800, -1.890970438089653000 ) ) ;
#2049 = DIRECTION ( 'NONE',  ( 0.0000000000000000000, 1.000000000000000000, 0.0000000000000000000 ) ) ;
#2050 = CARTESIAN_POINT ( 'NONE',  ( 9.917694663374966500, 11.62639099217400100, -1.285525077747668100 ) ) ;
#2051 = CARTESIAN_POINT ( 'NONE',  ( 9.859337967281748000, 11.25846798176733200, 1.682959813791801200 ) ) ;
#2052 = DIRECTION ( 'NONE',  ( 0.0000000000000000000, 0.0000000000000000000, -1.000000000000000000 ) ) ;
#2053 = CARTESIAN_POINT ( 'NONE',  ( 9.775894747199386000, 10.26884831186980000, -2.105203528668200300 ) ) ;
#2054 = CARTESIAN_POINT ( 'NONE',  ( 9.873921462369645900, 11.35259704208193600, -1.585991631568375700 ) ) ;
#2055 = CARTESIAN_POINT ( 'NONE',  ( 0.0000000000000000000, -4.500000000000000000, 0.0000000000000000000 ) ) ;
#2056 = CARTESIAN_POINT ( 'NONE',  ( 9.775904291879646400, 10.13454317607652800, 2.105159204624688300 ) ) ;
#2057 = CARTESIAN_POINT ( 'NONE',  ( 2.588190451025168300, -4.500000000000000000, -9.659258262890695300 ) ) ;
#2058 = DIRECTION ( 'NONE',  ( 0.0000000000000000000, 1.000000000000000000, 0.0000000000000000000 ) ) ;
#2059 = DIRECTION ( 'NONE',  ( 0.0000000000000000000, 0.0000000000000000000, -1.000000000000000000 ) ) ;
#2060 = CARTESIAN_POINT ( 'NONE',  ( 2.519779820917466700, 9.436429433813179600, -1.628902570482805700 ) ) ;
#2061 = CARTESIAN_POINT ( 'NONE',  ( -0.4543623967149766400, 11.66282932794446500, 2.967532589038421000 ) ) ;
#2062 = CARTESIAN_POINT ( 'NONE',  ( -1.295639011930689100, 11.13655627209548600, 2.707121230743730700 ) ) ;
#2063 = CARTESIAN_POINT ( 'NONE',  ( -2.055496032419142200, 10.00214916294556600, 9.786466985624034700 ) ) ;
#2064 = CARTESIAN_POINT ( 'NONE',  ( 2.776044829240124700, 8.707842367856924800, -1.140506072028420600 ) ) ;
#2065 = DIRECTION ( 'NONE',  ( -0.0000000000000000000, 1.000000000000000000, -0.0000000000000000000 ) ) ;
#2066 = CARTESIAN_POINT ( 'NONE',  ( -3.751391181822358800E-014, 11.71999999999999400, 3.000000000000000400 ) ) ;
#2067 = CARTESIAN_POINT ( 'NONE',  ( -1.719998991902361500, 10.00186221772654300, 9.450969739796706300 ) ) ;
#2068 = CARTESIAN_POINT ( 'NONE',  ( 2.900637773022353800, 8.459400068930829500, -0.7730109738172120700 ) ) ;
#2069 = CARTESIAN_POINT ( 'NONE',  ( 2.967355130626327100, 8.337486786275549700, -0.4554943301970588700 ) ) ;
#2070 = CARTESIAN_POINT ( 'NONE',  ( -1.628503062587172400, 10.56468477556153300, 2.520037516215460900 ) ) ;
#2071 = CARTESIAN_POINT ( 'NONE',  ( 2.993145765179379600, 8.291879604312015300, -0.2318404289264514000 ) ) ;
#2072 = CARTESIAN_POINT ( 'NONE',  ( 2.999898791326993700, 8.280176526889640300, -0.1181805847706312600 ) ) ;
#2073 = DIRECTION ( 'NONE',  ( -0.0000000000000000000, 1.000000000000000000, -0.0000000000000000000 ) ) ;
#2074 = CARTESIAN_POINT ( 'NONE',  ( 2.466276792585886400, 9.769518233036702500, -1.708281867855697200 ) ) ;
#2075 = CARTESIAN_POINT ( 'NONE',  ( -0.8762376815821931700, 11.49711269169278100, 2.877069507514161900 ) ) ;
#2076 = CARTESIAN_POINT ( 'NONE',  ( -1.366445618937275800, 11.05040811903589500, 2.671647753320268500 ) ) ;
#2077 = CARTESIAN_POINT ( 'NONE',  ( -1.662731220716061400, 10.45464301478529600, 2.497214242411006900 ) ) ;
#2078 = CARTESIAN_POINT ( 'NONE',  ( 0.0000000000000000000, -4.500000000000000000, 0.0000000000000000000 ) ) ;
#2079 = CARTESIAN_POINT ( 'NONE',  ( 2.457966639317955300, 9.999999999999994700, -1.720000000000000000 ) ) ;
#2080 = CARTESIAN_POINT ( 'NONE',  ( 0.0000000000000000000, 5.000000000000000000, 0.0000000000000000000 ) ) ;
#2081 = CARTESIAN_POINT ( 'NONE',  ( 2.672850196754593900, 8.940795589269882300, -1.372802900218036200 ) ) ;
#2082 = CARTESIAN_POINT ( 'NONE',  ( 2.872581176722372100, 8.512381833580946000, -0.8704633966563566400 ) ) ;
#2083 = CARTESIAN_POINT ( 'NONE',  ( 0.0000000000000000000, -4.249999999999996400, 0.0000000000000000000 ) ) ;
#2084 = CARTESIAN_POINT ( 'NONE',  ( 1.720000000000000000, 9.999999999999994700, 0.0000000000000000000 ) ) ;
#2085 = CARTESIAN_POINT ( 'NONE',  ( -1.489261532554128700, 10.86754304429459800, 2.605182418754711000 ) ) ;
#2086 = CARTESIAN_POINT ( 'NONE',  ( -0.5649393579164628800, 11.62847420717675100, 2.948249290392522600 ) ) ;
#2087 = CARTESIAN_POINT ( 'NONE',  ( -1.541732344739475500, 10.77068313708741300, 2.574038205849577700 ) ) ;
#2088 = CARTESIAN_POINT ( 'NONE',  ( -1.708165459171524700, 10.23140040477562400, 2.466358621315570600 ) ) ;
#2089 = DIRECTION ( 'NONE',  ( 0.0000000000000000000, 0.0000000000000000000, -1.000000000000000000 ) ) ;
#2090 = CARTESIAN_POINT ( 'NONE',  ( -1.063240820013921600, 11.36970120616193600, 2.810384704515891400 ) ) ;
#2091 = CARTESIAN_POINT ( 'NONE',  ( 1.720000000000000000, 9.999999999999994700, 9.450969495435465700 ) ) ;
#2092 = DIRECTION ( 'NONE',  ( 0.0000000000000000000, 0.0000000000000000000, 1.000000000000000000 ) ) ;
#2093 = DIRECTION ( 'NONE',  ( -0.0000000000000000000, -0.0000000000000000000, 1.000000000000000000 ) ) ;
#2094 = CARTESIAN_POINT ( 'NONE',  ( -0.2304922586732174300, 11.70830907042974900, 2.993253776953328500 ) ) ;
#2095 = CARTESIAN_POINT ( 'NONE',  ( -1.720000000000000400, 10.11591879618766800, 2.457966639317955800 ) ) ;
#2096 = DIRECTION ( 'NONE',  ( 0.0000000000000000000, 0.0000000000000000000, -1.000000000000000000 ) ) ;
#2097 = CARTESIAN_POINT ( 'NONE',  ( -1.720000000000000200, 9.999999999999991100, 2.457966639317956700 ) ) ;
#2098 = CARTESIAN_POINT ( 'NONE',  ( -0.1163993563170560900, 11.71999999999999000, 2.999999999999998700 ) ) ;
#2099 = CARTESIAN_POINT ( 'NONE',  ( 2.810277162077336100, 8.636569429749439300, -1.054405716071736400 ) ) ;
#2100 = CARTESIAN_POINT ( 'NONE',  ( 2.600841031306562600, 9.126810548159861400, -1.498693314185931500 ) ) ;
#2101 = DIRECTION ( 'NONE',  ( 0.0000000000000000000, 0.0000000000000000000, -1.000000000000000000 ) ) ;
#2102 = CARTESIAN_POINT ( 'NONE',  ( 2.497014688253918800, 9.546477144334920300, -1.663029105077980400 ) ) ;
#2103 = CARTESIAN_POINT ( 'NONE',  ( 2.457966639317955300, 9.883434655866397000, -1.720000000000000200 ) ) ;
#2104 = DIRECTION ( 'NONE',  ( 0.0000000000000000000, 1.000000000000000000, 0.0000000000000000000 ) ) ;
#2105 = CARTESIAN_POINT ( 'NONE',  ( 2.947979044889637900, 8.372016859290397400, -0.5662729084262193600 ) ) ;
#2106 = CARTESIAN_POINT ( 'NONE',  ( 0.0000000000000000000, 8.279999999999995800, 3.000000000000000400 ) ) ;
#2107 = CARTESIAN_POINT ( 'NONE',  ( 2.600769176331530800, 9.127259384965002600, 1.498789383106484900 ) ) ;
#2108 = CARTESIAN_POINT ( 'NONE',  ( 2.457966639317955800, 9.999999999999994700, 1.720000000000000000 ) ) ;
#2109 = CARTESIAN_POINT ( 'NONE',  ( 1.720000000000000000, 10.05546740975022000, 9.450969884165612500 ) ) ;
#2110 = CARTESIAN_POINT ( 'NONE',  ( 0.0000000000000000000, 8.279999999999995800, 3.000000000000000400 ) ) ;
#2111 = CARTESIAN_POINT ( 'NONE',  ( 1.638890562475876300, 10.52271826007346800, 9.470161992785122600 ) ) ;
#2112 = CARTESIAN_POINT ( 'NONE',  ( 1.599942193595375500, 10.63150456299853300, 9.479017010232292200 ) ) ;
#2113 = CARTESIAN_POINT ( 'NONE',  ( 1.561950508152547500, 10.72117267860710200, 9.487469562058921100 ) ) ;
#2114 = CARTESIAN_POINT ( 'NONE',  ( -1.542289814180620300, 9.230418143060250100, 2.573703416143147600 ) ) ;
#2115 = CARTESIAN_POINT ( 'NONE',  ( 1.523256304836409800, 10.79891415947734900, 9.495828713415594500 ) ) ;
#2116 = CARTESIAN_POINT ( 'NONE',  ( 1.504629207430210800, 10.83377776769175500, 9.499791593371929500 ) ) ;
#2117 = CARTESIAN_POINT ( 'NONE',  ( 1.469607961029186800, 10.89378439730953500, 9.507084828177932300 ) ) ;
#2118 = CARTESIAN_POINT ( 'NONE',  ( 1.438518962648359900, 10.94293031599056800, 9.513412077232857200 ) ) ;
#2119 = CARTESIAN_POINT ( 'NONE',  ( 1.433741859027536600, 10.95017012877329400, 9.514372109497371000 ) ) ;
#2120 = CARTESIAN_POINT ( 'NONE',  ( 1.376111848196084300, 11.03194699766261500, 9.525706312214724700 ) ) ;
#2121 = CARTESIAN_POINT ( 'NONE',  ( 2.972357012326583000, 8.327053453559527100, 0.4591445652571235500 ) ) ;
#2122 = CARTESIAN_POINT ( 'NONE',  ( -1.628980378827332000, 9.436673246817013800, 2.519728173948087200 ) ) ;
#2123 = CARTESIAN_POINT ( 'NONE',  ( -1.295875710299582400, 8.863677040479549500, 2.707017152579959300 ) ) ;
#2124 = CARTESIAN_POINT ( 'NONE',  ( 1.692274683313707700, 10.30875876075814900, 9.457635749659527100 ) ) ;
#2125 = CARTESIAN_POINT ( 'NONE',  ( 1.676527207836578000, 10.38801910507261200, 9.461376083120471800 ) ) ;
#2126 = CARTESIAN_POINT ( 'NONE',  ( -1.708425228060259900, 9.770335047801111700, 2.466178538861596900 ) ) ;
#2127 = CARTESIAN_POINT ( 'NONE',  ( 1.593982621648494500, 10.64637401123264500, 9.480353231513548800 ) ) ;
#2128 = CARTESIAN_POINT ( 'NONE',  ( 3.000199043272777200, 8.279652831234420400, 0.2285680118314507300 ) ) ;
#2129 = CARTESIAN_POINT ( 'NONE',  ( 1.610428784129119200, 10.60426167111869100, 9.476653723415635600 ) ) ;
#2130 = CARTESIAN_POINT ( 'NONE',  ( 1.446551808880318400, 10.93056018125538700, 9.511789926987948000 ) ) ;
#2131 = CARTESIAN_POINT ( 'NONE',  ( 2.810470055202641600, 8.630126989769886200, 1.063017886864831900 ) ) ;
#2132 = CARTESIAN_POINT ( 'NONE',  ( -1.719999999999999800, 9.884185203764904100, 2.457966639317955300 ) ) ;
#2133 = CARTESIAN_POINT ( 'NONE',  ( -0.7741973719869186300, 8.459919074430915800, 2.900357611712304900 ) ) ;
#2134 = CARTESIAN_POINT ( 'NONE',  ( 2.457966639317955800, 9.883705835742652800, 1.720000000000000000 ) ) ;
#2135 = CARTESIAN_POINT ( 'NONE',  ( 1.530555417197770000, 10.78485938571387800, 9.494265836528503800 ) ) ;
#2136 = CARTESIAN_POINT ( 'NONE',  ( 1.705684175164350800, 10.22325412113094100, 9.454431981458830200 ) ) ;
#2137 = CARTESIAN_POINT ( 'NONE',  ( 1.663293312442017500, 10.44163557095483200, 9.464507643901869800 ) ) ;
#2138 = CARTESIAN_POINT ( 'NONE',  ( 2.466245091673430400, 9.769537584733090100, 1.708331167389819600 ) ) ;
#2139 = CARTESIAN_POINT ( 'NONE',  ( 1.697416175614042500, 10.27924762267893200, 9.456410045104851400 ) ) ;
#2140 = CARTESIAN_POINT ( 'NONE',  ( 1.625551747374305300, 10.56342251991172500, 9.473228419154537500 ) ) ;
#2141 = CARTESIAN_POINT ( 'NONE',  ( 1.543382714326792000, 10.75932465887383700, 9.491500090430756500 ) ) ;
#2142 = CARTESIAN_POINT ( 'NONE',  ( 1.491253295070889700, 10.85752903269658300, 9.502605622062510800 ) ) ;
#2143 = CARTESIAN_POINT ( 'NONE',  ( 1.709113260130886500, 10.19524886043436300, 9.453607755878810100 ) ) ;
#2144 = CARTESIAN_POINT ( 'NONE',  ( -1.054382962832295800, 8.636608534253177500, 2.810263952291675200 ) ) ;
#2145 = CARTESIAN_POINT ( 'NONE',  ( 1.401187366299621900, 10.99793169277482500, 9.520851199094748200 ) ) ;
#2146 = CARTESIAN_POINT ( 'NONE',  ( -1.365441229382638800, 8.948250918753139200, 2.672168703348906300 ) ) ;
#2147 = CARTESIAN_POINT ( 'NONE',  ( 2.520054238687457400, 9.435294471365395500, 1.628471404397574800 ) ) ;
#2148 = CARTESIAN_POINT ( 'NONE',  ( -1.720000000000000200, 9.999999999999991100, 2.457966639317956700 ) ) ;
#2149 = CARTESIAN_POINT ( 'NONE',  ( -1.140405608709705000, 8.707715676601614200, 2.776096318309221100 ) ) ;
#2150 = CARTESIAN_POINT ( 'NONE',  ( -1.488778526429817500, 9.131585133681465300, 2.605466144339013900 ) ) ;
#2151 = CARTESIAN_POINT ( 'NONE',  ( 1.717314807325817500, 10.11131426846579400, 9.451629497867712000 ) ) ;
#2152 = CARTESIAN_POINT ( 'NONE',  ( 1.578568719121714600, 10.68355002821152900, 9.483793306011447700 ) ) ;
#2153 = CARTESIAN_POINT ( 'NONE',  ( 1.458389920740311900, 10.91206886972583100, 9.509388972005520900 ) ) ;
#2154 = CARTESIAN_POINT ( 'NONE',  ( 1.416399936530683000, 10.97613272194342200, 9.517844051324083000 ) ) ;
#2155 = CARTESIAN_POINT ( 'NONE',  ( 2.877191140415689100, 8.502644732534525600, 0.8760656836365863200 ) ) ;
#2156 = CARTESIAN_POINT ( 'NONE',  ( -0.8716494091283049100, 8.513128442417246000, 2.872200240482427200 ) ) ;
#2157 = CARTESIAN_POINT ( 'NONE',  ( 2.497227531307850200, 9.545144621039531400, 1.662713110117572700 ) ) ;
#2158 = CARTESIAN_POINT ( 'NONE',  ( -0.4612083616027148900, 8.327573571256978700, 2.972054884019227600 ) ) ;
#2159 = CARTESIAN_POINT ( 'NONE',  ( -0.2323494779405552700, 8.279999999999995800, 3.000000000000000400 ) ) ;
#2160 = CARTESIAN_POINT ( 'NONE',  ( -1.663016658674515000, 9.546305892574830300, 2.497024016381364400 ) ) ;
#2161 = CARTESIAN_POINT ( 'NONE',  ( 2.672794579259358800, 8.940924461672167900, 1.372923193797486800 ) ) ;
#2162 = CARTESIAN_POINT ( 'NONE',  ( 1.121713997281648100, 11.30399287547467700, 9.570026676587144000 ) ) ;
#2163 = CARTESIAN_POINT ( 'NONE',  ( -0.2790506360552298400, 11.69745032289226000, 9.651863422001888200 ) ) ;
#2164 = CARTESIAN_POINT ( 'NONE',  ( 0.5518465234257929900, 11.63004800708927400, 9.636352834678790600 ) ) ;
#2165 = CARTESIAN_POINT ( 'NONE',  ( 1.095671590619731000, 11.32586535852082200, 9.574038948605958100 ) ) ;
#2166 = CARTESIAN_POINT ( 'NONE',  ( -0.05439280590662526300, 11.72004201754793400, 9.657193193720598100 ) ) ;
#2167 = CARTESIAN_POINT ( 'NONE',  ( 0.9320494378857481200, 11.44587892280578200, 9.597131723218206300 ) ) ;
#2168 = CARTESIAN_POINT ( 'NONE',  ( 1.334581553745376900, 11.08503781571666900, 9.533566555079037400 ) ) ;
#2169 = CARTESIAN_POINT ( 'NONE',  ( -0.1947353785726793900, 11.70917364885102400, 9.654615141470056700 ) ) ;
#2170 = CARTESIAN_POINT ( 'NONE',  ( -0.6834053741427047500, 11.57863433790405100, 9.624964679632865800 ) ) ;
#2171 = CARTESIAN_POINT ( 'NONE',  ( -0.7594995641333944800, 11.54329700689741100, 9.617331988585718200 ) ) ;
#2172 = CARTESIAN_POINT ( 'NONE',  ( -0.7851011861328767200, 11.53043175834470600, 9.614593757822472500 ) ) ;
#2173 = CARTESIAN_POINT ( 'NONE',  ( 1.100446030451351000, 11.32190210118392500, 9.573308755941884100 ) ) ;
#2174 = CARTESIAN_POINT ( 'NONE',  ( -0.7992210368587214800, 11.52309511753959900, 9.613042400596128800 ) ) ;
#2175 = CARTESIAN_POINT ( 'NONE',  ( -0.8340206837504530200, 11.50449377213680400, 9.609132579239887000 ) ) ;
#2176 = CARTESIAN_POINT ( 'NONE',  ( 0.8715301942533171300, 11.48291328335357900, 9.604668949053852600 ) ) ;
#2177 = CARTESIAN_POINT ( 'NONE',  ( 1.068587870865173700, 11.34814379830581500, 9.578155761670130300 ) ) ;
#2178 = CARTESIAN_POINT ( 'NONE',  ( 0.8358988735111536600, 11.50328252834038500, 9.608886836184057100 ) ) ;
#2179 = CARTESIAN_POINT ( 'NONE',  ( 0.9998875805946336700, 11.39957278863306000, 9.587996787524865300 ) ) ;
#2180 = CARTESIAN_POINT ( 'NONE',  ( 1.266630084748247900, 11.16397159049645400, 9.545937710524713200 ) ) ;
#2181 = CARTESIAN_POINT ( 'NONE',  ( 0.2251539637532693200, 11.70900564441784300, 9.654550047505985300 ) ) ;
#2182 = CARTESIAN_POINT ( 'NONE',  ( -0.8694957891216108500, 11.48450571800843400, 9.604975077667786500 ) ) ;
#2183 = CARTESIAN_POINT ( 'NONE',  ( -0.4417656667089269700, 11.66325685964625900, 9.643908597442040400 ) ) ;
#2184 = CARTESIAN_POINT ( 'NONE',  ( -0.9057935299192878500, 11.46223988173569500, 9.600446055771882900 ) ) ;
#2185 = CARTESIAN_POINT ( 'NONE',  ( 1.346680134408088500, 11.07002579135954300, 9.531303234736491000 ) ) ;
#2186 = CARTESIAN_POINT ( 'NONE',  ( 1.331031554494601600, 11.08938508364779500, 9.534227212329017900 ) ) ;
#2187 = CARTESIAN_POINT ( 'NONE',  ( 1.242861749228379600, 11.18954894000476200, 9.550112893196415000 ) ) ;
#2188 = CARTESIAN_POINT ( 'NONE',  ( 0.9690699140057559300, 11.42109957613397100, 9.592214427667704200 ) ) ;
#2189 = CARTESIAN_POINT ( 'NONE',  ( -0.3881266921693530300, 11.67650574223189600, 9.646982741108482500 ) ) ;
#2190 = CARTESIAN_POINT ( 'NONE',  ( -0.9301506480939930600, 11.44686805287572900, 9.597344147769327100 ) ) ;
#2191 = CARTESIAN_POINT ( 'NONE',  ( 1.096482958327285900, 11.32519121380593700, 9.573914760416405700 ) ) ;
#2192 = CARTESIAN_POINT ( 'NONE',  ( -0.6312909015556668100, 11.60002610399939000, 9.629672759874615900 ) ) ;
#2193 = CARTESIAN_POINT ( 'NONE',  ( 1.045110999573651600, 11.36636026612867800, 9.581598552524049200 ) ) ;
#2194 = CARTESIAN_POINT ( 'NONE',  ( -0.6041301388744725300, 11.61047772762306400, 9.631991030524666500 ) ) ;
#2195 = CARTESIAN_POINT ( 'NONE',  ( 0.4437881482160186400, 11.66199166343685400, 9.643633886046467700 ) ) ;
#2196 = CARTESIAN_POINT ( 'NONE',  ( 1.318446020041689900, 11.10472218338052900, 9.536564854451295800 ) ) ;
#2197 = CARTESIAN_POINT ( 'NONE',  ( 1.303790505933683800, 11.12219069311297800, 9.539270587309456300 ) ) ;
#2198 = CARTESIAN_POINT ( 'NONE',  ( -0.1104704405033271200, 11.71737648759768800, 9.656552747345090300 ) ) ;
#2199 = CARTESIAN_POINT ( 'NONE',  ( 1.363009700665399200, 11.04928313502625200, 9.528219966640699900 ) ) ;
#2200 = CARTESIAN_POINT ( 'NONE',  ( 1.191283693110670300, 11.24119908592058300, 9.558863746780334100 ) ) ;
#2201 = CARTESIAN_POINT ( 'NONE',  ( 0.4707379454591051300, 11.65457050602660300, 9.641930963599303800 ) ) ;
#2202 = CARTESIAN_POINT ( 'NONE',  ( 1.339452020970810300, 11.07901958677766400, 9.532656922048721200 ) ) ;
#2203 = CARTESIAN_POINT ( 'NONE',  ( 0.7107331959199756400, 11.56634841597260900, 9.622295009634307000 ) ) ;
#2204 = CARTESIAN_POINT ( 'NONE',  ( 0.6062684913138622900, 11.61068518507602000, 9.632008266626385800 ) ) ;
#2205 = CARTESIAN_POINT ( 'NONE',  ( 0.9076279016775936600, 11.46130022030493800, 9.600245353564746500 ) ) ;
#2206 = CARTESIAN_POINT ( 'NONE',  ( -0.2228481241192692400, 11.70573900985654500, 9.653806450126419100 ) ) ;
#2207 = CARTESIAN_POINT ( 'NONE',  ( 1.167683732905546100, 11.26321009871662900, 9.562718797867258800 ) ) ;
#2208 = CARTESIAN_POINT ( 'NONE',  ( 1.136360705261066500, 11.29123220643559800, 9.567720810940105700 ) ) ;
#2209 = CARTESIAN_POINT ( 'NONE',  ( 0.7868773574686149800, 11.52972890536617900, 9.614435353547039000 ) ) ;
#2210 = CARTESIAN_POINT ( 'NONE',  ( 0.3648854856334989300, 11.68109212861070400, 9.648050486645175300 ) ) ;
#2211 = CARTESIAN_POINT ( 'NONE',  ( -0.3087091126674764700, 11.69228459249139400, 9.650656518027958000 ) ) ;
#2212 = CARTESIAN_POINT ( 'NONE',  ( -0.5227665967594100600, 11.63887466167286700, 9.638359943362184300 ) ) ;
#2213 = CARTESIAN_POINT ( 'NONE',  ( -0.5634012086710413800, 11.62555690757790900, 9.635351256677212800 ) ) ;
#2214 = CARTESIAN_POINT ( 'NONE',  ( -0.6459834744296868400, 11.59414167197208400, 9.628373624286636500 ) ) ;
#2215 = CARTESIAN_POINT ( 'NONE',  ( -0.7212238701865059100, 11.56193019625581500, 9.621322934482066100 ) ) ;
#2216 = CARTESIAN_POINT ( 'NONE',  ( 0.8595865133143226800, 11.48986452836451200, 9.606102339211778600 ) ) ;
#2217 = CARTESIAN_POINT ( 'NONE',  ( 1.011049570442476700, 11.39153803781259800, 9.586437841000245500 ) ) ;
#2218 = CARTESIAN_POINT ( 'NONE',  ( 0.6856023664919047600, 11.57751019998705800, 9.624723780679849100 ) ) ;
#2219 = CARTESIAN_POINT ( 'NONE',  ( 0.6742365729011871000, 11.58241012677621200, 9.625795287262480600 ) ) ;
#2220 = CARTESIAN_POINT ( 'NONE',  ( 1.106532450092640300, 11.31682817717573600, 9.572375356618923800 ) ) ;
#2221 = CARTESIAN_POINT ( 'NONE',  ( 0.8253428247289808000, 11.50911260234973100, 9.610104185437963400 ) ) ;
#2222 = CARTESIAN_POINT ( 'NONE',  ( 0.9779845302821568200, 11.41496481335696000, 9.591006381305870600 ) ) ;
#2223 = CARTESIAN_POINT ( 'NONE',  ( 0.1127240960288662000, 11.71991446183627300, 9.657160660223601300 ) ) ;
#2224 = CARTESIAN_POINT ( 'NONE',  ( 0.7485933508060732500, 11.54899177873468100, 9.618537184475867400 ) ) ;
#2225 = CARTESIAN_POINT ( 'NONE',  ( 0.3901486901249637300, 11.67539494132708500, 9.646726823221420900 ) ) ;
#2226 = CARTESIAN_POINT ( 'NONE',  ( -1.503171188544721600, 10.83610018331154200, 9.500091714427693300 ) ) ;
#2227 = CARTESIAN_POINT ( 'NONE',  ( 0.0000000000000000000, 9.999999999999994700, 1.720000000000000000 ) ) ;
#2228 = CARTESIAN_POINT ( 'NONE',  ( -1.445319140165782300, 10.93292848797104000, 9.512058005482924000 ) ) ;
#2229 = CARTESIAN_POINT ( 'NONE',  ( -1.391239666904219500, 11.01145860051363800, 9.522778979032333200 ) ) ;
#2230 = CARTESIAN_POINT ( 'NONE',  ( -1.088306831526339100, 11.33191380418931400, 9.575157321298871000 ) ) ;
#2231 = CARTESIAN_POINT ( 'NONE',  ( -1.069361039892502600, 11.34720736524351600, 9.578003592636184400 ) ) ;
#2232 = CARTESIAN_POINT ( 'NONE',  ( -1.293364052673854300, 11.13393339894927400, 9.541142868349457000 ) ) ;
#2233 = CARTESIAN_POINT ( 'NONE',  ( -1.301658706056689100, 11.12437226789587500, 9.539636381574528200 ) ) ;
#2234 = CARTESIAN_POINT ( 'NONE',  ( -1.265453884962559600, 11.16525043189846600, 9.546145802127648800 ) ) ;
#2235 = CARTESIAN_POINT ( 'NONE',  ( -1.325801134054123600, 11.09574931068364900, 9.535198112778882500 ) ) ;
#2236 = CARTESIAN_POINT ( 'NONE',  ( -1.719998991902361500, 10.00186221772654300, 9.450969739796706300 ) ) ;
#2237 = CARTESIAN_POINT ( 'NONE',  ( 0.1164992113937725900, 8.279999999999995800, 3.000000000000000400 ) ) ;
#2238 = CARTESIAN_POINT ( 'NONE',  ( -1.312683857495208000, 11.11143744144153800, 9.537618388138843900 ) ) ;
#2239 = CARTESIAN_POINT ( 'NONE',  ( -1.489682179230059400, 10.85990356638924200, 9.502921955686654000 ) ) ;
#2240 = CARTESIAN_POINT ( 'NONE',  ( -1.084234219888927900, 11.33523437766425900, 9.575772994406381900 ) ) ;
#2241 = CARTESIAN_POINT ( 'NONE',  ( -0.9756962705213245700, 11.41670459782446800, 9.591340017650559000 ) ) ;
#2242 = CARTESIAN_POINT ( 'NONE',  ( -0.9975643093227402100, 11.40144773112605500, 9.588346513149932800 ) ) ;
#2243 = CARTESIAN_POINT ( 'NONE',  ( -1.317841964522096900, 11.10532139190188000, 9.536669825602675800 ) ) ;
#2244 = CARTESIAN_POINT ( 'NONE',  ( -1.577575535803763100, 10.68545210506325400, 9.484008490017272300 ) ) ;
#2245 = CARTESIAN_POINT ( 'NONE',  ( -1.582466214428667000, 10.67410492319356900, 9.482922982809473200 ) ) ;
#2246 = CARTESIAN_POINT ( 'NONE',  ( -1.421579856791358900, 10.96827259728661400, 9.516802747160094000 ) ) ;
#2247 = CARTESIAN_POINT ( 'NONE',  ( -1.680922786875493700, 10.36566853948614600, 9.460331945062783600 ) ) ;
#2248 = CARTESIAN_POINT ( 'NONE',  ( -1.403176887944690400, 10.99488574769123900, 9.520447396957397500 ) ) ;
#2249 = CARTESIAN_POINT ( 'NONE',  ( -1.661925745465641800, 10.44402797366264400, 9.464809921132658800 ) ) ;
#2250 = CARTESIAN_POINT ( 'NONE',  ( 0.0000000000000000000, 15.00000000000000000, 0.0000000000000000000 ) ) ;
#2251 = DIRECTION ( 'NONE',  ( 0.0000000000000000000, 1.000000000000000000, 0.0000000000000000000 ) ) ;
#2252 = DIRECTION ( 'NONE',  ( 0.0000000000000000000, 0.0000000000000000000, 1.000000000000000000 ) ) ;
#2253 = CARTESIAN_POINT ( 'NONE',  ( 0.0000000000000000000, -4.500000000000000900, 3.000000000000001300 ) ) ;
#2254 = CARTESIAN_POINT ( 'NONE',  ( -1.043370110753465200, 8.632316123613337700, 9.581850573575629000 ) ) ;
#2255 = CARTESIAN_POINT ( 'NONE',  ( -1.105557628296408100, 11.31777667913845400, 9.572541168917110700 ) ) ;
#2256 = CARTESIAN_POINT ( 'NONE',  ( -1.188234993954880600, 11.24418072873086400, 9.559374826040132300 ) ) ;
#2257 = DIRECTION ( 'NONE',  ( 1.000000000000000000, 0.0000000000000000000, 0.0000000000000000000 ) ) ;
#2258 = CARTESIAN_POINT ( 'NONE',  ( -1.031514008589590900, 11.37643613134124200, 9.583533572660448000 ) ) ;
#2259 = CARTESIAN_POINT ( 'NONE',  ( -0.9442520613780021100, 11.43768801449929900, 9.595507590662968800 ) ) ;
#2260 = CARTESIAN_POINT ( 'NONE',  ( -1.048775133874402200, 11.36339859994855000, 9.581046431481070200 ) ) ;
#2261 = CARTESIAN_POINT ( 'NONE',  ( -1.123917969100183500, 11.30230662319383200, 9.569702070909498200 ) ) ;
#2262 = CARTESIAN_POINT ( 'NONE',  ( -1.322483929239971900, 11.09974620286445000, 9.535811914339028300 ) ) ;
#2263 = CARTESIAN_POINT ( 'NONE',  ( -1.549041500776895200, 10.74849322843152100, 9.490287618445865500 ) ) ;
#2264 = CARTESIAN_POINT ( 'NONE',  ( -1.348092503966518400, 11.06865304557433700, 9.531061950564053500 ) ) ;
#2265 = CARTESIAN_POINT ( 'NONE',  ( -1.424400425308619300, 10.96412647752665800, 9.516241133076013300 ) ) ;
#2266 = CARTESIAN_POINT ( 'NONE',  ( -1.529721457037322800, 10.78689656841392300, 9.494455222802123700 ) ) ;
#2267 = CARTESIAN_POINT ( 'NONE',  ( -1.078273391276742600, 11.34005267827021000, 9.576669267245037500 ) ) ;
#2268 = CARTESIAN_POINT ( 'NONE',  ( -1.566412435465534200, 10.71059217665346000, 9.486473067588811100 ) ) ;
#2269 = CARTESIAN_POINT ( 'NONE',  ( -1.610735727953930300, 10.60613421880376500, 9.476616053489411900 ) ) ;
#2270 = CARTESIAN_POINT ( 'NONE',  ( -1.654526834611562500, 10.47088694245788100, 9.466539717143687600 ) ) ;
#2271 = CARTESIAN_POINT ( 'NONE',  ( -1.708944525483731000, 10.22571430644646600, 9.453676735210654800 ) ) ;
#2272 = CARTESIAN_POINT ( 'NONE',  ( -1.482685168029789700, 10.87191989194979200, 9.504380098050763300 ) ) ;
#2273 = CARTESIAN_POINT ( 'NONE',  ( -1.509011353846059200, 10.82552905481222900, 9.498858196157849300 ) ) ;
#2274 = CARTESIAN_POINT ( 'NONE',  ( -1.165977332008813600, 11.26478891650836200, 9.562996616446607600 ) ) ;
#2275 = CARTESIAN_POINT ( 'NONE',  ( -9.659258262890691800, 5.000000000000000000, -2.588190451025179900 ) ) ;
#2276 = DIRECTION ( 'NONE',  ( -0.0000000000000000000, 1.000000000000000000, -0.0000000000000000000 ) ) ;
#2277 = DIRECTION ( 'NONE',  ( 0.0000000000000000000, 0.0000000000000000000, -1.000000000000000000 ) ) ;
#2278 = CARTESIAN_POINT ( 'NONE',  ( -1.460900521978915300, 10.90827753840707900, 9.508883590346959700 ) ) ;
#2279 = CARTESIAN_POINT ( 'NONE',  ( -1.630065393717678300, 10.55177989118161000, 9.472204890606962000 ) ) ;
#2280 = CARTESIAN_POINT ( 'NONE',  ( -1.366246353805933500, 11.04525410594510100, 9.527612486942844700 ) ) ;
#2281 = CARTESIAN_POINT ( 'NONE',  ( -1.414321349561600700, 10.97884433495084100, 9.518243572702950000 ) ) ;
#2282 = CARTESIAN_POINT ( 'NONE',  ( -1.675285878903926000, 10.39060881810525800, 9.461667519397416000 ) ) ;
#2283 = CARTESIAN_POINT ( 'NONE',  ( -1.242820505953938600, 11.18965762998629800, 9.550125722584329700 ) ) ;
#2284 = CARTESIAN_POINT ( 'NONE',  ( -1.719878150681203500, 10.11347471910494800, 9.450999801801554400 ) ) ;
#2285 = CARTESIAN_POINT ( 'NONE',  ( -1.325465421306450300, 11.09615093428491600, 9.535260118223822800 ) ) ;
#2286 = CARTESIAN_POINT ( 'NONE',  ( 1.541909537077884600, 9.229704733801964900, 2.573929728814585300 ) ) ;
#2287 = CARTESIAN_POINT ( 'NONE',  ( 0.0000000000000000000, 4.250000000000002700, 0.0000000000000000000 ) ) ;
#2288 = CARTESIAN_POINT ( 'NONE',  ( 1.295653154615600700, 8.863464223858320800, 2.707113279332661100 ) ) ;
#2289 = CARTESIAN_POINT ( 'NONE',  ( -1.638210480563129700, 9.475152335734677000, 9.470318684795120800 ) ) ;
#2290 = CARTESIAN_POINT ( 'NONE',  ( 1.662755687609607000, 9.545394679050662700, 2.497198288481630200 ) ) ;
#2291 = CARTESIAN_POINT ( 'NONE',  ( -1.338458257750973200, 8.919728027052817900, 9.532843980784791800 ) ) ;
#2292 = CARTESIAN_POINT ( 'NONE',  ( -1.331903827496730800, 8.911674704126616200, 9.534065339063355200 ) ) ;
#2293 = CARTESIAN_POINT ( 'NONE',  ( -1.317797599545710500, 8.894502115766526300, 9.536684642435874400 ) ) ;
#2294 = CARTESIAN_POINT ( 'NONE',  ( -1.347975521346741500, 8.931627388442144900, 9.531058202544349100 ) ) ;
#2295 = CARTESIAN_POINT ( 'NONE',  ( 1.063360381476622800, 8.630406129844621100, 2.810334911700787000 ) ) ;
#2296 = CARTESIAN_POINT ( 'NONE',  ( -1.489771384186295200, 9.139904109698212800, 9.502915140258211900 ) ) ;
#2297 = CARTESIAN_POINT ( 'NONE',  ( 1.720000000000001300, 9.883527022177222700, 2.457966639317979300 ) ) ;
#2298 = CARTESIAN_POINT ( 'NONE',  ( -1.560810298169880200, 9.276349689938292900, 9.487719969444173200 ) ) ;
#2299 = CARTESIAN_POINT ( 'NONE',  ( -1.468186553969666100, 9.103883840031731000, 9.507377284556538300 ) ) ;
#2300 = CARTESIAN_POINT ( 'NONE',  ( -1.227515691907306300, 8.795038444517155400, 9.552720588986957800 ) ) ;
#2301 = CARTESIAN_POINT ( 'NONE',  ( -1.165645069928925400, 8.734912111605336100, 9.563049817384763800 ) ) ;
#2302 = CARTESIAN_POINT ( 'NONE',  ( 1.720000000000000000, 9.999999999999994700, 2.457966639317955800 ) ) ;
#2303 = CARTESIAN_POINT ( 'NONE',  ( -1.098589008881047700, 8.676545661991291100, 9.573593904236579600 ) ) ;
#2304 = CARTESIAN_POINT ( 'NONE',  ( -1.400069149241324900, 9.000502340424825200, 9.521070268530635900 ) ) ;
#2305 = CARTESIAN_POINT ( 'NONE',  ( -1.717282920218321300, 9.888018234730216300, 9.451636787215891300 ) ) ;
#2306 = CARTESIAN_POINT ( 'NONE',  ( -1.705508614856236200, 9.775385799147592500, 9.454473917032883500 ) ) ;
#2307 = CARTESIAN_POINT ( 'NONE',  ( 1.628478396645099500, 9.435289517257702500, 2.520051067154685400 ) ) ;
#2308 = CARTESIAN_POINT ( 'NONE',  ( 1.708240007618551800, 9.769048596269875900, 2.466307329804022800 ) ) ;
#2309 = CARTESIAN_POINT ( 'NONE',  ( -1.676063042261903400, 9.609971741789705000, 9.461485986981095700 ) ) ;
#2310 = CARTESIAN_POINT ( 'NONE',  ( -1.720000000000001300, 9.944204459219943000, 9.450969316893534300 ) ) ;
#2311 = CARTESIAN_POINT ( 'NONE',  ( -1.609603829876597100, 9.393543826417953800, 9.476840216864209400 ) ) ;
#2312 = CARTESIAN_POINT ( 'NONE',  ( -1.529083075015922800, 9.212274181561992800, 9.494581863970752900 ) ) ;
#2313 = CARTESIAN_POINT ( 'NONE',  ( -1.691921721228992100, 9.689310073878758100, 9.457719749790010500 ) ) ;
#2314 = CARTESIAN_POINT ( 'NONE',  ( -1.599066401758261900, 9.366280643820100900, 9.479213719936373300 ) ) ;
#2315 = CARTESIAN_POINT ( 'NONE',  ( -1.415266431171506900, 9.022226112376010600, 9.518068700621478600 ) ) ;
#2316 = CARTESIAN_POINT ( 'NONE',  ( -1.134465143125776400, 8.707102947781322700, 9.568020548684820900 ) ) ;
#2317 = CARTESIAN_POINT ( 'NONE',  ( -1.106882324310238600, 8.683473997462307600, 9.572320370596553800 ) ) ;
#2318 = CARTESIAN_POINT ( 'NONE',  ( 1.489468165044625300, 9.132774390159783100, 2.605069166394903900 ) ) ;
#2319 = CARTESIAN_POINT ( 'NONE',  ( -1.662747562413680900, 9.556305126315461300, 9.464635720732374600 ) ) ;
#2320 = CARTESIAN_POINT ( 'NONE',  ( -1.593162217452404700, 9.351604668846935200, 9.480536894375596500 ) ) ;
#2321 = CARTESIAN_POINT ( 'NONE',  ( -1.460730491697052700, 9.091773687008901200, 9.508907196011199000 ) ) ;
#2322 = CARTESIAN_POINT ( 'NONE',  ( -1.521710744835242900, 9.198147033965119200, 9.496158713444490500 ) ) ;
#2323 = CARTESIAN_POINT ( 'NONE',  ( -1.436063349714573800, 9.053280787542245600, 9.513908341900776800 ) ) ;
#2324 = CARTESIAN_POINT ( 'NONE',  ( 0.2305859163326922400, 8.291709977212404300, 2.993243004827410600 ) ) ;
#2325 = CARTESIAN_POINT ( 'NONE',  ( -1.375028544311825800, 8.966610527987585400, 9.525914613537416600 ) ) ;
#2326 = CARTESIAN_POINT ( 'NONE',  ( 0.8763383531275420500, 8.502929870744273100, 2.877046449249303500 ) ) ;
#2327 = CARTESIAN_POINT ( 'NONE',  ( -1.719999998938686700, 10.00000000000001200, 9.450969490843744900 ) ) ;
#2328 = CARTESIAN_POINT ( 'NONE',  ( -1.302947420374447100, 8.876819637306981600, 9.539425325255020700 ) ) ;
#2329 = CARTESIAN_POINT ( 'NONE',  ( -1.274612100711701300, 8.845025749391259900, 9.544504209665431600 ) ) ;
#2330 = CARTESIAN_POINT ( 'NONE',  ( 0.4542681349375683500, 8.337151501685442100, 2.967543430573434700 ) ) ;
#2331 = CARTESIAN_POINT ( 'NONE',  ( 0.5648898103299092600, 8.371504844203256500, 2.948260639302523700 ) ) ;
#2332 = CARTESIAN_POINT ( 'NONE',  ( 1.366333568151270900, 8.949415280147691800, 2.671709818997163800 ) ) ;
#2333 = CARTESIAN_POINT ( 'NONE',  ( 0.0000000000000000000, 15.00000000000000000, -9.000000000000001800 ) ) ;
#2334 = CARTESIAN_POINT ( 'NONE',  ( -1.503116813116053100, 9.163503182031357500, 9.500110497480198600 ) ) ;
#2335 = CARTESIAN_POINT ( 'NONE',  ( -1.241060209047946300, 8.809011562912624900, 9.550389644227243100 ) ) ;
#2336 = CARTESIAN_POINT ( 'NONE',  ( -1.697136950150345000, 9.719042090327061300, 9.456476666619488800 ) ) ;
#2337 = DIRECTION ( 'NONE',  ( 0.0000000000000000000, -0.7071067811865487900, -0.7071067811865463500 ) ) ;
#2338 = DIRECTION ( 'NONE',  ( 0.0000000000000000000, -1.000000000000000000, 0.0000000000000000000 ) ) ;
#2339 = CARTESIAN_POINT ( 'NONE',  ( -1.624801515469990000, 9.434414312195725600, 9.473399757685447400 ) ) ;
#2340 = CARTESIAN_POINT ( 'NONE',  ( -1.542047032623268300, 9.237964591038080500, 9.491789324416334500 ) ) ;
#2341 = CARTESIAN_POINT ( 'NONE',  ( -1.361946852364867200, 8.949338802119791900, 9.528422284326561400 ) ) ;
#2342 = CARTESIAN_POINT ( 'NONE',  ( -1.189100609447127300, 8.756718761947373900, 9.559224827460301600 ) ) ;
#2343 = CARTESIAN_POINT ( 'NONE',  ( -1.577596656345028800, 9.314202496209853500, 9.484008977550416800 ) ) ;
#2344 = CARTESIAN_POINT ( 'NONE',  ( -1.708980270373126100, 9.803565350734590600, 9.453639452147610800 ) ) ;
#2345 = CARTESIAN_POINT ( 'NONE',  ( -1.445272486629200400, 9.067371432790327600, 9.512052078964288200 ) ) ;
#2346 = CARTESIAN_POINT ( 'NONE',  ( -1.119871765107642000, 8.694425287840093800, 9.570314225938172800 ) ) ;
#2347 = CARTESIAN_POINT ( 'NONE',  ( -1.264153928359849100, 8.833552939405166200, 9.546358481165842800 ) ) ;
#2348 = CARTESIAN_POINT ( 'NONE',  ( -9.964591551637298000, 8.497114271802171700, 0.8659751389535382800 ) ) ;
#2349 = CARTESIAN_POINT ( 'NONE',  ( -9.998056299237740400, 8.291199108839942200, -0.2259836166603414700 ) ) ;
#2350 = CARTESIAN_POINT ( 'NONE',  ( -9.985184798302240600, 8.367782530619674500, -0.5540771533522851300 ) ) ;
#2351 = CARTESIAN_POINT ( 'NONE',  ( -9.866061236413482800, 9.444704276086712400, 1.631793877799074600 ) ) ;
#2352 = CARTESIAN_POINT ( 'NONE',  ( 1.487961035738815300, 9.130423442599404600, 2.010327896950944400 ) ) ;
#2353 = CARTESIAN_POINT ( 'NONE',  ( 1.720000000000000000, 9.883143931246289400, 1.814276715388256900 ) ) ;
#2354 = CARTESIAN_POINT ( 'NONE',  ( 0.0000000000000000000, 15.00000000000000000, -8.999999999999994700 ) ) ;
#2355 = CARTESIAN_POINT ( 'NONE',  ( -9.999985304315728700, 8.280085440030804400, 0.2254917673251010100 ) ) ;
#2356 = CARTESIAN_POINT ( 'NONE',  ( -9.888193571975010700, 9.137784170256004800, 1.492516434076196300 ) ) ;
#2357 = CARTESIAN_POINT ( 'NONE',  ( -9.964549126275214200, 8.497364670198107800, -0.8668497577436834500 ) ) ;
#2358 = CARTESIAN_POINT ( 'NONE',  ( -9.991924240726263000, 8.325446103144951600, 0.4521589320514248800 ) ) ;
#2359 = CARTESIAN_POINT ( 'NONE',  ( -9.945381024379031500, 8.623678802092683800, -1.056134400654396500 ) ) ;
#2360 = DIRECTION ( 'NONE',  ( 0.0000000000000000000, -0.7071067811865500200, -0.7071067811865451300 ) ) ;
#2361 = CARTESIAN_POINT ( 'NONE',  ( -9.852942950797649100, 9.774200568488694800, 1.708803536983424900 ) ) ;
#2362 = CARTESIAN_POINT ( 'NONE',  ( -9.945200149180669400, 8.625192168382994900, 1.057572171763909700 ) ) ;
#2363 = CARTESIAN_POINT ( 'NONE',  ( -9.860443972375202600, 9.554067354919732600, 1.664974170168897100 ) ) ;
#2364 = CARTESIAN_POINT ( 'NONE',  ( -9.916094084921375900, 8.862680984654836900, 1.295161891589433600 ) ) ;
#2365 = CARTESIAN_POINT ( 'NONE',  ( 1.661414666196323800, 9.540375805525492600, 1.868337110551295100 ) ) ;
#2366 = CARTESIAN_POINT ( 'NONE',  ( 1.067529373340526700, 8.634001999634852700, 2.267405102832221100 ) ) ;
#2367 = CARTESIAN_POINT ( 'NONE',  ( 1.540038077639349600, 9.226028267930351100, 1.970133881382829300 ) ) ;
#2368 = CARTESIAN_POINT ( 'NONE',  ( 1.626830239101847900, 9.430638167975915900, 1.899096670603026600 ) ) ;
#2369 = CARTESIAN_POINT ( 'NONE',  ( -9.990626202995242600, 8.335222942590489100, -0.4467509706214782300 ) ) ;
#2370 = CARTESIAN_POINT ( 'NONE',  ( -9.915950395035116200, 8.863872226934949700, -1.296315417359495100 ) ) ;
#2371 = CARTESIAN_POINT ( 'NONE',  ( 1.720000000000000000, 9.999999999999998200, 1.814276715388256600 ) ) ;
#2372 = CARTESIAN_POINT ( 'NONE',  ( -1.096389866036034500, 8.674711886025566100, 9.573931315127891800 ) ) ;
#2373 = CARTESIAN_POINT ( 'NONE',  ( -9.879966841751770100, 9.236498975475347700, 1.545370760098924200 ) ) ;
#2374 = CARTESIAN_POINT ( 'NONE',  ( -9.906282019665363600, 8.950523265107444000, -1.367308716675432300 ) ) ;
#2375 = CARTESIAN_POINT ( 'NONE',  ( 1.366785185982545500, 8.950195404641293700, 2.094598900151242400 ) ) ;
#2376 = CARTESIAN_POINT ( 'NONE',  ( -9.850969495435464300, 9.999999999999998200, 1.720000000000000000 ) ) ;
#2377 = CARTESIAN_POINT ( 'NONE',  ( 1.707729456727881100, 9.765025116613550400, 1.826100313328732800 ) ) ;
#2378 = CARTESIAN_POINT ( 'NONE',  ( -9.850969495435464300, 9.886127133437542000, 1.720000000000000600 ) ) ;
#2379 = CARTESIAN_POINT ( 'NONE',  ( -9.906231914787362300, 8.950964838642256900, 1.367679302060164100 ) ) ;
#2380 = CARTESIAN_POINT ( 'NONE',  ( 0.8825009601817038800, 8.506480886223039700, 2.348987067997937200 ) ) ;
#2381 = CARTESIAN_POINT ( 'NONE',  ( 1.297066177258813900, 8.865182082095191900, 2.138996387943375800 ) ) ;
#2382 = CARTESIAN_POINT ( 'NONE',  ( -10.00000731589459600, 8.279957465726120300, -0.1117668912068698200 ) ) ;
#2383 = CARTESIAN_POINT ( 'NONE',  ( 0.5708860667188161400, 8.373580336810020300, 2.436334571936317000 ) ) ;
#2384 = CARTESIAN_POINT ( 'NONE',  ( -1.066607305509133900, 8.650297058590634700, 9.578448848410859600 ) ) ;
#2385 = CARTESIAN_POINT ( 'NONE',  ( -3.662455649664199800, -4.500000000000000000, -1.479499447192455400 ) ) ;
#2386 = CARTESIAN_POINT ( 'NONE',  ( -2.588190451025179900, 4.500000000000000000, 9.659258262890691800 ) ) ;
#2387 = CARTESIAN_POINT ( 'NONE',  ( 0.0000000000000000000, -4.500000000000000000, 0.0000000000000000000 ) ) ;
#2388 = DIRECTION ( 'NONE',  ( 0.0000000000000000000, 1.000000000000000000, 0.0000000000000000000 ) ) ;
#2389 = DIRECTION ( 'NONE',  ( 0.0000000000000000000, 0.0000000000000000000, 1.000000000000000000 ) ) ;
#2390 = CARTESIAN_POINT ( 'NONE',  ( -1.412619205980624400, -4.418762379582879000, -3.777088541010629200 ) ) ;
#2391 = DIRECTION ( 'NONE',  ( 0.0000000000000000000, 1.000000000000000000, 0.0000000000000000000 ) ) ;
#2392 = DIRECTION ( 'NONE',  ( 0.0000000000000000000, 0.0000000000000000000, 1.000000000000000000 ) ) ;
#2393 = CARTESIAN_POINT ( 'NONE',  ( -1.479499447192451400, -4.500000000000000000, -3.662455649664202000 ) ) ;
#2394 = DIRECTION ( 'NONE',  ( 0.0000000000000000000, 0.0000000000000000000, 1.000000000000000000 ) ) ;
#2395 = DIRECTION ( 'NONE',  ( -0.0000000000000000000, -1.000000000000000000, -0.0000000000000000000 ) ) ;
#2396 = ORIENTED_EDGE ( 'NONE', *, *, #3901, .F. ) ;
#2397 = ORIENTED_EDGE ( 'NONE', *, *, #3955, .F. ) ;
#2398 = ORIENTED_EDGE ( 'NONE', *, *, #3905, .F. ) ;
#2399 = ORIENTED_EDGE ( 'NONE', *, *, #3926, .T. ) ;
#2400 = ORIENTED_EDGE ( 'NONE', *, *, #3947, .F. ) ;
#2401 = ORIENTED_EDGE ( 'NONE', *, *, #3961, .F. ) ;
#2402 = ORIENTED_EDGE ( 'NONE', *, *, #3871, .F. ) ;
#2403 = ORIENTED_EDGE ( 'NONE', *, *, #3945, .T. ) ;
#2404 = ORIENTED_EDGE ( 'NONE', *, *, #3796, .F. ) ;
#2405 = ORIENTED_EDGE ( 'NONE', *, *, #3939, .T. ) ;
#2406 = ORIENTED_EDGE ( 'NONE', *, *, #3912, .F. ) ;
#2407 = ORIENTED_EDGE ( 'NONE', *, *, #3954, .F. ) ;
#2408 = ORIENTED_EDGE ( 'NONE', *, *, #3947, .T. ) ;
#2409 = ORIENTED_EDGE ( 'NONE', *, *, #3948, .F. ) ;
#2410 = ORIENTED_EDGE ( 'NONE', *, *, #3925, .F. ) ;
#2411 = ORIENTED_EDGE ( 'NONE', *, *, #3890, .F. ) ;
#2412 = ORIENTED_EDGE ( 'NONE', *, *, #3808, .F. ) ;
#2413 = ORIENTED_EDGE ( 'NONE', *, *, #3871, .T. ) ;
#2414 = ORIENTED_EDGE ( 'NONE', *, *, #3957, .F. ) ;
#2415 = ORIENTED_EDGE ( 'NONE', *, *, #3917, .T. ) ;
#2416 = ORIENTED_EDGE ( 'NONE', *, *, #3939, .F. ) ;
#2417 = ORIENTED_EDGE ( 'NONE', *, *, #3832, .F. ) ;
#2418 = ORIENTED_EDGE ( 'NONE', *, *, #3863, .F. ) ;
#2419 = ORIENTED_EDGE ( 'NONE', *, *, #3910, .F. ) ;
#2420 = ORIENTED_EDGE ( 'NONE', *, *, #3953, .F. ) ;
#2421 = ORIENTED_EDGE ( 'NONE', *, *, #3884, .F. ) ;
#2422 = ORIENTED_EDGE ( 'NONE', *, *, #3835, .F. ) ;
#2423 = ORIENTED_EDGE ( 'NONE', *, *, #3943, .F. ) ;
#2424 = ORIENTED_EDGE ( 'NONE', *, *, #3909, .F. ) ;
#2425 = ORIENTED_EDGE ( 'NONE', *, *, #3805, .F. ) ;
#2426 = ORIENTED_EDGE ( 'NONE', *, *, #3949, .F. ) ;
#2427 = ORIENTED_EDGE ( 'NONE', *, *, #3890, .T. ) ;
#2428 = ORIENTED_EDGE ( 'NONE', *, *, #3874, .F. ) ;
#2429 = ORIENTED_EDGE ( 'NONE', *, *, #3897, .F. ) ;
#2430 = ORIENTED_EDGE ( 'NONE', *, *, #3933, .T. ) ;
#2431 = ORIENTED_EDGE ( 'NONE', *, *, #3873, .F. ) ;
#2432 = ORIENTED_EDGE ( 'NONE', *, *, #3941, .T. ) ;
#2433 = ORIENTED_EDGE ( 'NONE', *, *, #3949, .T. ) ;
#2434 = ORIENTED_EDGE ( 'NONE', *, *, #3803, .F. ) ;
#2435 = ORIENTED_EDGE ( 'NONE', *, *, #3801, .F. ) ;
#2436 = ORIENTED_EDGE ( 'NONE', *, *, #3945, .F. ) ;
#2437 = ORIENTED_EDGE ( 'NONE', *, *, #3919, .F. ) ;
#2438 = ORIENTED_EDGE ( 'NONE', *, *, #3917, .F. ) ;
#2439 = ORIENTED_EDGE ( 'NONE', *, *, #3900, .F. ) ;
#2440 = ORIENTED_EDGE ( 'NONE', *, *, #3828, .F. ) ;
#2441 = ORIENTED_EDGE ( 'NONE', *, *, #3926, .F. ) ;
#2442 = ORIENTED_EDGE ( 'NONE', *, *, #3869, .F. ) ;
#2443 = ORIENTED_EDGE ( 'NONE', *, *, #3888, .F. ) ;
#2444 = ORIENTED_EDGE ( 'NONE', *, *, #3944, .T. ) ;
#2445 = ORIENTED_EDGE ( 'NONE', *, *, #3951, .F. ) ;
#2446 = ORIENTED_EDGE ( 'NONE', *, *, #3831, .F. ) ;
#2447 = ORIENTED_EDGE ( 'NONE', *, *, #3802, .F. ) ;
#2448 = ORIENTED_EDGE ( 'NONE', *, *, #3956, .T. ) ;
#2449 = ORIENTED_EDGE ( 'NONE', *, *, #3913, .T. ) ;
#2450 = ORIENTED_EDGE ( 'NONE', *, *, #3873, .T. ) ;
#2451 = ORIENTED_EDGE ( 'NONE', *, *, #3924, .F. ) ;
#2452 = ORIENTED_EDGE ( 'NONE', *, *, #3883, .F. ) ;
#2453 = ORIENTED_EDGE ( 'NONE', *, *, #3899, .F. ) ;
#2454 = ORIENTED_EDGE ( 'NONE', *, *, #3963, .T. ) ;
#2455 = ORIENTED_EDGE ( 'NONE', *, *, #3816, .T. ) ;
#2456 = ORIENTED_EDGE ( 'NONE', *, *, #3954, .T. ) ;
#2457 = ORIENTED_EDGE ( 'NONE', *, *, #3824, .F. ) ;
#2458 = ORIENTED_EDGE ( 'NONE', *, *, #3888, .T. ) ;
#2459 = ORIENTED_EDGE ( 'NONE', *, *, #3893, .T. ) ;
#2460 = ORIENTED_EDGE ( 'NONE', *, *, #3875, .F. ) ;
#2461 = ORIENTED_EDGE ( 'NONE', *, *, #3859, .T. ) ;
#2462 = ORIENTED_EDGE ( 'NONE', *, *, #3826, .T. ) ;
#2463 = ORIENTED_EDGE ( 'NONE', *, *, #3944, .F. ) ;
#2464 = ORIENTED_EDGE ( 'NONE', *, *, #3897, .T. ) ;
#2465 = ORIENTED_EDGE ( 'NONE', *, *, #3847, .F. ) ;
#2466 = ORIENTED_EDGE ( 'NONE', *, *, #3960, .T. ) ;
#2467 = ORIENTED_EDGE ( 'NONE', *, *, #3955, .T. ) ;
#2468 = ORIENTED_EDGE ( 'NONE', *, *, #3799, .T. ) ;
#2469 = ORIENTED_EDGE ( 'NONE', *, *, #3794, .T. ) ;
#2470 = ORIENTED_EDGE ( 'NONE', *, *, #3844, .T. ) ;
#2471 = ORIENTED_EDGE ( 'NONE', *, *, #3818, .T. ) ;
#2472 = ORIENTED_EDGE ( 'NONE', *, *, #3823, .F. ) ;
#2473 = ORIENTED_EDGE ( 'NONE', *, *, #3961, .T. ) ;
#2474 = ORIENTED_EDGE ( 'NONE', *, *, #3839, .F. ) ;
#2475 = ORIENTED_EDGE ( 'NONE', *, *, #3838, .T. ) ;
#2476 = ORIENTED_EDGE ( 'NONE', *, *, #3782, .F. ) ;
#2477 = ORIENTED_EDGE ( 'NONE', *, *, #3893, .F. ) ;
#2478 = ORIENTED_EDGE ( 'NONE', *, *, #3797, .T. ) ;
#2479 = ORIENTED_EDGE ( 'NONE', *, *, #3788, .F. ) ;
#2480 = ORIENTED_EDGE ( 'NONE', *, *, #3834, .T. ) ;
#2481 = ORIENTED_EDGE ( 'NONE', *, *, #3810, .F. ) ;
#2482 = ORIENTED_EDGE ( 'NONE', *, *, #3811, .T. ) ;
#2483 = ORIENTED_EDGE ( 'NONE', *, *, #3765, .F. ) ;
#2484 = ORIENTED_EDGE ( 'NONE', *, *, #3787, .T. ) ;
#2485 = ORIENTED_EDGE ( 'NONE', *, *, #3812, .F. ) ;
#2486 = ORIENTED_EDGE ( 'NONE', *, *, #3793, .T. ) ;
#2487 = ORIENTED_EDGE ( 'NONE', *, *, #3730, .F. ) ;
#2488 = ORIENTED_EDGE ( 'NONE', *, *, #3751, .F. ) ;
#2489 = ORIENTED_EDGE ( 'NONE', *, *, #3742, .F. ) ;
#2490 = ORIENTED_EDGE ( 'NONE', *, *, #3779, .T. ) ;
#2491 = ORIENTED_EDGE ( 'NONE', *, *, #3738, .F. ) ;
#2492 = ORIENTED_EDGE ( 'NONE', *, *, #3833, .T. ) ;
#2493 = ORIENTED_EDGE ( 'NONE', *, *, #3779, .F. ) ;
#2494 = ORIENTED_EDGE ( 'NONE', *, *, #3761, .F. ) ;
#2495 = ORIENTED_EDGE ( 'NONE', *, *, #3744, .T. ) ;
#2496 = ORIENTED_EDGE ( 'NONE', *, *, #3724, .T. ) ;
#2497 = ORIENTED_EDGE ( 'NONE', *, *, #3791, .F. ) ;
#2498 = ORIENTED_EDGE ( 'NONE', *, *, #3811, .F. ) ;
#2499 = ORIENTED_EDGE ( 'NONE', *, *, #3733, .T. ) ;
#2500 = ORIENTED_EDGE ( 'NONE', *, *, #3738, .T. ) ;
#2501 = ORIENTED_EDGE ( 'NONE', *, *, #3736, .T. ) ;
#2502 = ORIENTED_EDGE ( 'NONE', *, *, #3737, .F. ) ;
#2503 = ORIENTED_EDGE ( 'NONE', *, *, #3780, .F. ) ;
#2504 = ORIENTED_EDGE ( 'NONE', *, *, #3747, .F. ) ;
#2505 = ORIENTED_EDGE ( 'NONE', *, *, #3817, .F. ) ;
#2506 = CLOSED_SHELL ( 'NONE', ( #2803, #2749, #2788, #2776, #2754, #2792, #2773, #2748, #2794, #2758, #2761, #2759, #2769, #2777, #2820, #2831, #2851, #2829, #2833, #2830, #2816, #2837, #3448, #3449, #3444, #3453, #3447, #3450 ) ) ;
#2507 = ORIENTED_EDGE ( 'NONE', *, *, #3815, .T. ) ;
#2508 = ORIENTED_EDGE ( 'NONE', *, *, #3772, .T. ) ;
#2509 = ORIENTED_EDGE ( 'NONE', *, *, #3780, .T. ) ;
#2510 = ORIENTED_EDGE ( 'NONE', *, *, #3769, .F. ) ;
#2511 = ORIENTED_EDGE ( 'NONE', *, *, #3753, .F. ) ;
#2512 = ORIENTED_EDGE ( 'NONE', *, *, #3836, .F. ) ;
#2513 = ORIENTED_EDGE ( 'NONE', *, *, #3723, .F. ) ;
#2514 = ORIENTED_EDGE ( 'NONE', *, *, #3777, .T. ) ;
#2515 = ORIENTED_EDGE ( 'NONE', *, *, #3689, .F. ) ;
#2516 = ORIENTED_EDGE ( 'NONE', *, *, #3751, .T. ) ;
#2517 = ORIENTED_EDGE ( 'NONE', *, *, #3749, .F. ) ;
#2518 = ORIENTED_EDGE ( 'NONE', *, *, #3755, .T. ) ;
#2519 = ORIENTED_EDGE ( 'NONE', *, *, #3741, .T. ) ;
#2520 = ORIENTED_EDGE ( 'NONE', *, *, #3765, .T. ) ;
#2521 = ORIENTED_EDGE ( 'NONE', *, *, #3785, .F. ) ;
#2522 = ORIENTED_EDGE ( 'NONE', *, *, #3918, .T. ) ;
#2523 = ORIENTED_EDGE ( 'NONE', *, *, #3753, .T. ) ;
#2524 = ORIENTED_EDGE ( 'NONE', *, *, #3817, .T. ) ;
#2525 = ORIENTED_EDGE ( 'NONE', *, *, #3929, .F. ) ;
#2526 = ORIENTED_EDGE ( 'NONE', *, *, #3849, .F. ) ;
#2527 = ORIENTED_EDGE ( 'NONE', *, *, #3754, .F. ) ;
#2528 = ORIENTED_EDGE ( 'NONE', *, *, #3722, .F. ) ;
#2529 = ORIENTED_EDGE ( 'NONE', *, *, #3918, .F. ) ;
#2530 = ORIENTED_EDGE ( 'NONE', *, *, #3772, .F. ) ;
#2531 = ORIENTED_EDGE ( 'NONE', *, *, #3729, .F. ) ;
#2532 = ORIENTED_EDGE ( 'NONE', *, *, #3786, .F. ) ;
#2533 = ORIENTED_EDGE ( 'NONE', *, *, #3806, .T. ) ;
#2534 = ORIENTED_EDGE ( 'NONE', *, *, #3778, .T. ) ;
#2535 = ORIENTED_EDGE ( 'NONE', *, *, #3963, .F. ) ;
#2536 = ORIENTED_EDGE ( 'NONE', *, *, #3725, .T. ) ;
#2537 = ORIENTED_EDGE ( 'NONE', *, *, #3757, .F. ) ;
#2538 = ORIENTED_EDGE ( 'NONE', *, *, #3764, .T. ) ;
#2539 = ORIENTED_EDGE ( 'NONE', *, *, #3850, .F. ) ;
#2540 = ORIENTED_EDGE ( 'NONE', *, *, #3815, .F. ) ;
#2541 = ORIENTED_EDGE ( 'NONE', *, *, #3732, .F. ) ;
#2542 = ORIENTED_EDGE ( 'NONE', *, *, #3908, .F. ) ;
#2543 = ORIENTED_EDGE ( 'NONE', *, *, #3862, .F. ) ;
#2544 = ORIENTED_EDGE ( 'NONE', *, *, #3798, .T. ) ;
#2545 = ORIENTED_EDGE ( 'NONE', *, *, #3937, .F. ) ;
#2546 = ORIENTED_EDGE ( 'NONE', *, *, #3940, .T. ) ;
#2547 = ORIENTED_EDGE ( 'NONE', *, *, #3885, .F. ) ;
#2548 = ORIENTED_EDGE ( 'NONE', *, *, #3737, .T. ) ;
#2549 = ORIENTED_EDGE ( 'NONE', *, *, #3928, .F. ) ;
#2550 = ORIENTED_EDGE ( 'NONE', *, *, #3932, .F. ) ;
#2551 = ORIENTED_EDGE ( 'NONE', *, *, #3928, .T. ) ;
#2552 = ORIENTED_EDGE ( 'NONE', *, *, #3806, .F. ) ;
#2553 = ORIENTED_EDGE ( 'NONE', *, *, #3867, .F. ) ;
#2554 = ORIENTED_EDGE ( 'NONE', *, *, #3769, .T. ) ;
#2555 = ORIENTED_EDGE ( 'NONE', *, *, #3851, .F. ) ;
#2556 = ORIENTED_EDGE ( 'NONE', *, *, #3876, .F. ) ;
#2557 = ORIENTED_EDGE ( 'NONE', *, *, #3792, .T. ) ;
#2558 = ORIENTED_EDGE ( 'NONE', *, *, #3933, .F. ) ;
#2559 = ORIENTED_EDGE ( 'NONE', *, *, #3903, .F. ) ;
#2560 = ORIENTED_EDGE ( 'NONE', *, *, #3868, .F. ) ;
#2561 = ORIENTED_EDGE ( 'NONE', *, *, #3950, .F. ) ;
#2562 = ORIENTED_EDGE ( 'NONE', *, *, #3891, .F. ) ;
#2563 = ORIENTED_EDGE ( 'NONE', *, *, #3908, .T. ) ;
#2564 = ORIENTED_EDGE ( 'NONE', *, *, #3930, .F. ) ;
#2565 = ORIENTED_EDGE ( 'NONE', *, *, #3819, .F. ) ;
#2566 = ORIENTED_EDGE ( 'NONE', *, *, #3804, .F. ) ;
#2567 = ORIENTED_EDGE ( 'NONE', *, *, #3889, .F. ) ;
#2568 = ORIENTED_EDGE ( 'NONE', *, *, #3950, .T. ) ;
#2569 = ORIENTED_EDGE ( 'NONE', *, *, #3919, .T. ) ;
#2570 = ORIENTED_EDGE ( 'NONE', *, *, #3853, .F. ) ;
#2571 = ORIENTED_EDGE ( 'NONE', *, *, #3900, .T. ) ;
#2572 = ORIENTED_EDGE ( 'NONE', *, *, #3902, .F. ) ;
#2573 = ORIENTED_EDGE ( 'NONE', *, *, #3853, .T. ) ;
#2574 = ORIENTED_EDGE ( 'NONE', *, *, #3892, .F. ) ;
#2575 = ORIENTED_EDGE ( 'NONE', *, *, #3898, .T. ) ;
#2576 = ORIENTED_EDGE ( 'NONE', *, *, #3878, .F. ) ;
#2577 = ORIENTED_EDGE ( 'NONE', *, *, #3882, .F. ) ;
#2578 = ORIENTED_EDGE ( 'NONE', *, *, #3909, .T. ) ;
#2579 = ORIENTED_EDGE ( 'NONE', *, *, #3956, .F. ) ;
#2580 = ORIENTED_EDGE ( 'NONE', *, *, #3795, .T. ) ;
#2581 = ORIENTED_EDGE ( 'NONE', *, *, #3930, .T. ) ;
#2582 = CIRCLE ( 'NONE', #4204, 3.949999999999999700 ) ;
#2583 = CIRCLE ( 'NONE', #4193, 4.200000000000001100 ) ;
#2584 = CIRCLE ( 'NONE', #4221, 9.750000000000003600 ) ;
#2585 = CIRCLE ( 'NONE', #4244, 1.000000000000000000 ) ;
#2586 = CIRCLE ( 'NONE', #4218, 8.250000000000000000 ) ;
#2587 = LINE ( 'NONE', #3622, #2637 ) ;
#2588 = VECTOR ( 'NONE', #3589, 1000.000000000000000 ) ;
#2589 = CIRCLE ( 'NONE', #4215, 1.000000000000000000 ) ;
#2590 = VECTOR ( 'NONE', #3615, 1000.000000000000000 ) ;
#2591 = VECTOR ( 'NONE', #3619, 1000.000000000000000 ) ;
#2592 = CIRCLE ( 'NONE', #4191, 10.00000000000000200 ) ;
#2593 = LINE ( 'NONE', #39, #2629 ) ;
#2594 = CIRCLE ( 'NONE', #4232, 3.000000000000001300 ) ;
#2595 = CIRCLE ( 'NONE', #4223, 8.249999999999998200 ) ;
#2596 = LINE ( 'NONE', #3628, #2610 ) ;
#2597 = LINE ( 'NONE', #3594, #2588 ) ;
#2598 = VECTOR ( 'NONE', #3629, 1000.000000000000000 ) ;
#2599 = LINE ( 'NONE', #8122, #2617 ) ;
#2600 = CIRCLE ( 'NONE', #4216, 3.950000000000000200 ) ;
#2601 = VECTOR ( 'NONE', #13, 1000.000000000000000 ) ;
#2602 = LINE ( 'NONE', #3611, #2590 ) ;
#2603 = VECTOR ( 'NONE', #6771, 1000.000000000000000 ) ;
#2604 = LINE ( 'NONE', #3617, #2640 ) ;
#2605 = CIRCLE ( 'NONE', #4230, 1.000000000000000000 ) ;
#2606 = LINE ( 'NONE', #12, #2620 ) ;
#2607 = CIRCLE ( 'NONE', #4225, 9.750000000000003600 ) ;
#2608 = CIRCLE ( 'NONE', #4237, 3.950000000000003700 ) ;
#2609 = LINE ( 'NONE', #3621, #2591 ) ;
#2610 = VECTOR ( 'NONE', #3630, 1000.000000000000000 ) ;
#2611 = LINE ( 'NONE', #3618, #2628 ) ;
#2612 = VECTOR ( 'NONE', #28, 1000.000000000000000 ) ;
#2613 = LINE ( 'NONE', #3627, #2598 ) ;
#2614 = CIRCLE ( 'NONE', #4227, 3.949999999999999700 ) ;
#2615 = CIRCLE ( 'NONE', #4212, 8.250000000000001800 ) ;
#2616 = LINE ( 'NONE', #1, #2601 ) ;
#2617 = VECTOR ( 'NONE', #2, 1000.000000000000000 ) ;
#2618 = CIRCLE ( 'NONE', #4219, 8.500000000000000000 ) ;
#2619 = CIRCLE ( 'NONE', #4249, 8.250000000000003600 ) ;
#2620 = VECTOR ( 'NONE', #15, 1000.000000000000000 ) ;
#2621 = CIRCLE ( 'NONE', #4241, 4.200000000000001100 ) ;
#2622 = VECTOR ( 'NONE', #3580, 999.9999999999998900 ) ;
#2623 = CIRCLE ( 'NONE', #4199, 3.949999999999999700 ) ;
#2624 = CIRCLE ( 'NONE', #4196, 3.000000000000001300 ) ;
#2625 = CIRCLE ( 'NONE', #4201, 8.249999999999996400 ) ;
#2626 = CIRCLE ( 'NONE', #4195, 9.750000000000000000 ) ;
#2627 = CIRCLE ( 'NONE', #4236, 3.000000000000000400 ) ;
#2628 = VECTOR ( 'NONE', #3606, 999.9999999999998900 ) ;
#2629 = VECTOR ( 'NONE', #41, 1000.000000000000000 ) ;
#2630 = CIRCLE ( 'NONE', #4189, 8.250000000000000000 ) ;
#2631 = CIRCLE ( 'NONE', #4233, 10.00000000000000200 ) ;
#2632 = CIRCLE ( 'NONE', #4194, 8.250000000000003600 ) ;
#2633 = CIRCLE ( 'NONE', #4250, 10.00000000000000200 ) ;
#2634 = LINE ( 'NONE', #3610, #2622 ) ;
#2635 = CIRCLE ( 'NONE', #4245, 3.000000000000001300 ) ;
#2636 = CIRCLE ( 'NONE', #4229, 4.200000000000000200 ) ;
#2637 = VECTOR ( 'NONE', #3624, 1000.000000000000000 ) ;
#2638 = CIRCLE ( 'NONE', #4228, 1.000000000000000000 ) ;
#2639 = LINE ( 'NONE', #29, #2612 ) ;
#2640 = VECTOR ( 'NONE', #3587, 1000.000000000000000 ) ;
#2641 = CIRCLE ( 'NONE', #4205, 8.250000000000000000 ) ;
#2642 = CIRCLE ( 'NONE', #4190, 3.950000000000003700 ) ;
#2643 = CIRCLE ( 'NONE', #4192, 8.250000000000000000 ) ;
#2644 = CIRCLE ( 'NONE', #4301, 8.500000000000000000 ) ;
#2645 = VECTOR ( 'NONE', #6599, 1000.000000000000000 ) ;
#2646 = LINE ( 'NONE', #5911, #2648 ) ;
#2647 = CIRCLE ( 'NONE', #4282, 8.500000000000000000 ) ;
#2648 = VECTOR ( 'NONE', #5950, 1000.000000000000000 ) ;
#2649 = CIRCLE ( 'NONE', #4265, 8.500000000000000000 ) ;
#2650 = CIRCLE ( 'NONE', #4283, 3.000000000000001300 ) ;
#2651 = CIRCLE ( 'NONE', #4318, 4.200000000000001100 ) ;
#2652 = CIRCLE ( 'NONE', #4224, 10.00000000000000200 ) ;
#2653 = VECTOR ( 'NONE', #4414, 1000.000000000000000 ) ;
#2654 = LINE ( 'NONE', #4407, #2653 ) ;
#2655 = LINE ( 'NONE', #5961, #2657 ) ;
#2656 = LINE ( 'NONE', #6595, #2645 ) ;
#2657 = VECTOR ( 'NONE', #5948, 1000.000000000000000 ) ;
#2658 = CIRCLE ( 'NONE', #4316, 8.500000000000000000 ) ;
#2659 = CIRCLE ( 'NONE', #4258, 4.200000000000001100 ) ;
#2660 = CIRCLE ( 'NONE', #4257, 4.200000000000001100 ) ;
#2661 = CIRCLE ( 'NONE', #4288, 8.249999999999998200 ) ;
#2662 = LINE ( 'NONE', #5877, #2678 ) ;
#2663 = CIRCLE ( 'NONE', #4284, 8.500000000000000000 ) ;
#2664 = CIRCLE ( 'NONE', #4209, 3.250000000000002700 ) ;
#2665 = CIRCLE ( 'NONE', #4256, 4.200000000000001100 ) ;
#2666 = LINE ( 'NONE', #6054, #2669 ) ;
#2667 = CIRCLE ( 'NONE', #4203, 8.500000000000000000 ) ;
#2668 = CIRCLE ( 'NONE', #4280, 4.200000000000001100 ) ;
#2669 = VECTOR ( 'NONE', #6088, 1000.000000000000000 ) ;
#2670 = LINE ( 'NONE', #5926, #2692 ) ;
#2671 = CIRCLE ( 'NONE', #4303, 1.000000000000000000 ) ;
#2672 = CIRCLE ( 'NONE', #4240, 8.250000000000001800 ) ;
#2673 = CIRCLE ( 'NONE', #4259, 8.500000000000000000 ) ;
#2674 = CIRCLE ( 'NONE', #4289, 8.500000000000001800 ) ;
#2675 = CIRCLE ( 'NONE', #4271, 8.500000000000000000 ) ;
#2676 = CIRCLE ( 'NONE', #4261, 8.500000000000000000 ) ;
#2677 = CIRCLE ( 'NONE', #4260, 8.500000000000001800 ) ;
#2678 = VECTOR ( 'NONE', #5919, 1000.000000000000000 ) ;
#2679 = CIRCLE ( 'NONE', #4238, 10.00000000000000200 ) ;
#2680 = CIRCLE ( 'NONE', #4270, 8.249999999999998200 ) ;
#2681 = CIRCLE ( 'NONE', #4285, 8.500000000000001800 ) ;
#2682 = LINE ( 'NONE', #4406, #2696 ) ;
#2683 = CIRCLE ( 'NONE', #4319, 9.750000000000000000 ) ;
#2684 = LINE ( 'NONE', #2253, #2703 ) ;
#2685 = CIRCLE ( 'NONE', #4302, 8.500000000000000000 ) ;
#2686 = CIRCLE ( 'NONE', #4281, 8.500000000000000000 ) ;
#2687 = CIRCLE ( 'NONE', #4217, 8.250000000000000000 ) ;
#2688 = CIRCLE ( 'NONE', #4239, 10.00000000000000200 ) ;
#2689 = CIRCLE ( 'NONE', #4202, 9.750000000000000000 ) ;
#2690 = CIRCLE ( 'NONE', #4207, 8.250000000000001800 ) ;
#2691 = CIRCLE ( 'NONE', #4255, 3.000000000000001300 ) ;
#2692 = VECTOR ( 'NONE', #5946, 1000.000000000000000 ) ;
#2693 = CIRCLE ( 'NONE', #4198, 10.00000000000000200 ) ;
#2694 = CIRCLE ( 'NONE', #4252, 3.000000000000001300 ) ;
#2695 = VECTOR ( 'NONE', #3332, 1000.000000000000000 ) ;
#2696 = VECTOR ( 'NONE', #4408, 1000.000000000000000 ) ;
#2697 = CIRCLE ( 'NONE', #4220, 10.00000000000000200 ) ;
#2698 = CIRCLE ( 'NONE', #4235, 8.250000000000001800 ) ;
#2699 = CIRCLE ( 'NONE', #4206, 1.000000000000000000 ) ;
#2700 = CIRCLE ( 'NONE', #4315, 8.500000000000001800 ) ;
#2701 = CIRCLE ( 'NONE', #4197, 9.750000000000003600 ) ;
#2702 = CIRCLE ( 'NONE', #4234, 3.250000000000002700 ) ;
#2703 = VECTOR ( 'NONE', #23, 1000.000000000000000 ) ;
#2704 = LINE ( 'NONE', #3583, #2695 ) ;
#2705 = CIRCLE ( 'NONE', #4208, 9.750000000000003600 ) ;
#2706 = LINE ( 'NONE', #6157, #2707 ) ;
#2707 = VECTOR ( 'NONE', #6164, 1000.000000000000000 ) ;
#2708 = SURFACE_STYLE_FILL_AREA ( #5011 ) ;
#2709 = COLOUR_RGB ( '',0.7529411764705882200, 0.7529411764705882200, 0.7529411764705882200 ) ;
#2710 = SHAPE_REPRESENTATION_RELATIONSHIP ( 'NONE' , 'NONE' ,  #6589, #1158 ) ;
#2711 = LINE ( 'NONE', #4765, #2714 ) ;
#2712 = PRESENTATION_STYLE_ASSIGNMENT (( #4987 ) ) ;
#2713 = CIRCLE ( 'NONE', #4310, 1.000000000000000000 ) ;
#2714 = VECTOR ( 'NONE', #4743, 1000.000000000000000 ) ;
#2715 = CIRCLE ( 'NONE', #4262, 4.200000000000001100 ) ;
#2716 = LINE ( 'NONE', #4696, #2722 ) ;
#2717 = COLOUR_RGB ( '',1.000000000000000000, 1.000000000000000000, 0.7529411764705882200 ) ;
#2718 = CIRCLE ( 'NONE', #4263, 8.500000000000000000 ) ;
#2719 = CIRCLE ( 'NONE', #4286, 1.000000000000000000 ) ;
#2720 = SURFACE_STYLE_FILL_AREA ( #5052 ) ;
#2721 = PRESENTATION_STYLE_ASSIGNMENT (( #5054 ) ) ;
#2722 = VECTOR ( 'NONE', #4671, 1000.000000000000000 ) ;
#2723 = CIRCLE ( 'NONE', #4264, 1.000000000000000000 ) ;
#2724 = SHAPE_DEFINITION_REPRESENTATION ( #6797, #6586 ) ;
#2725 = CARTESIAN_POINT ( 'NONE',  ( -4.178460349414656600, -4.249999999999999100, 9.085178540258278100 ) ) ;
#2726 = SHAPE_DEFINITION_REPRESENTATION ( #6798, #6587 ) ;
#2727 = ITEM_DEFINED_TRANSFORMATION ( 'NONE', 'NONE', #4299,  #4267 ) ;
#2728 = CARTESIAN_POINT ( 'NONE',  ( -4.205192687343671100, -4.416954607233577700, 8.888652636735177000 ) ) ;
#2729 = CONTEXT_DEPENDENT_SHAPE_REPRESENTATION ( #5130, #6793 ) ;
#2730 = ITEM_DEFINED_TRANSFORMATION ( 'NONE', 'NONE', #4277,  #4267 ) ;
#2731 = ITEM_DEFINED_TRANSFORMATION ( 'NONE', 'NONE', #4275,  #4267 ) ;
#2732 = SHAPE_REPRESENTATION_RELATIONSHIP ( 'NONE' , 'NONE' ,  #6587, #1150 ) ;
#2733 = SHAPE_REPRESENTATION_RELATIONSHIP ( 'NONE' , 'NONE' ,  #6588, #1148 ) ;
#2734 = COLOUR_RGB ( '',0.7529411764705882200, 0.7529411764705882200, 0.7529411764705882200 ) ;
#2735 = CONTEXT_DEPENDENT_SHAPE_REPRESENTATION ( #5099, #6795 ) ;
#2736 = SURFACE_STYLE_FILL_AREA ( #4944 ) ;
#2737 = DIRECTION ( 'NONE',  ( 0.0000000000000000000, 0.0000000000000000000, 1.000000000000000000 ) ) ;
#2738 = PRESENTATION_STYLE_ASSIGNMENT (( #4948 ) ) ;
#2739 = SHAPE_DEFINITION_REPRESENTATION ( #6794, #6588 ) ;
#2740 = SHAPE_DEFINITION_REPRESENTATION ( #6799, #6589 ) ;
#2741 = CONTEXT_DEPENDENT_SHAPE_REPRESENTATION ( #5080, #6801 ) ;
#2742 = ADVANCED_FACE ( 'NONE', ( #4424 ), #4449, .T. ) ;
#2743 = ADVANCED_FACE ( 'NONE', ( #4426 ), #4437, .T. ) ;
#2744 = ADVANCED_FACE ( 'NONE', ( #4438 ), #4425, .T. ) ;
#2745 = ADVANCED_FACE ( 'NONE', ( #4427 ), #6957, .T. ) ;
#2746 = ADVANCED_FACE ( 'NONE', ( #4430 ), #4434, .F. ) ;
#2747 = ADVANCED_FACE ( 'NONE', ( #4431 ), #4452, .T. ) ;
#2748 = ADVANCED_FACE ( 'NONE', ( #4440 ), #4443, .F. ) ;
#2749 = ADVANCED_FACE ( 'NONE', ( #4436 ), #4317, .T. ) ;
#2750 = ADVANCED_FACE ( 'NONE', ( #4446 ), #7454, .T. ) ;
#2751 = ADVANCED_FACE ( 'NONE', ( #4441, #4444 ), #7424, .T. ) ;
#2752 = ADVANCED_FACE ( 'NONE', ( #4448 ), #4493, .T. ) ;
#2753 = ADVANCED_FACE ( 'NONE', ( #4450 ), #4447, .F. ) ;
#2754 = ADVANCED_FACE ( 'NONE', ( #4453 ), #4471, .F. ) ;
#2755 = ADVANCED_FACE ( 'NONE', ( #4435 ), #4485, .F. ) ;
#2756 = ADVANCED_FACE ( 'NONE', ( #4477 ), #4470, .F. ) ;
#2757 = ADVANCED_FACE ( 'NONE', ( #4472 ), #4253, .T. ) ;
#2758 = ADVANCED_FACE ( 'NONE', ( #4454, #4473 ), #6920, .F. ) ;
#2759 = ADVANCED_FACE ( 'NONE', ( #4475, #4464 ), #4455, .F. ) ;
#2760 = ADVANCED_FACE ( 'NONE', ( #4456 ), #4457, .T. ) ;
#2761 = ADVANCED_FACE ( 'NONE', ( #4474 ), #4492, .T. ) ;
#2762 = ADVANCED_FACE ( 'NONE', ( #4480 ), #4488, .T. ) ;
#2763 = ADVANCED_FACE ( 'NONE', ( #4490 ), #4320, .T. ) ;
#2764 = ADVANCED_FACE ( 'NONE', ( #4460, #4491 ), #5287, .F. ) ;
#2765 = ADVANCED_FACE ( 'NONE', ( #4459, #4468, #4467, #4461 ), #5310, .F. ) ;
#2766 = ADVANCED_FACE ( 'NONE', ( #4478 ), #5296, .T. ) ;
#2767 = ADVANCED_FACE ( 'NONE', ( #4483, #4479, #4458, #4462 ), #5323, .T. ) ;
#2768 = ADVANCED_FACE ( 'NONE', ( #4463 ), #5298, .T. ) ;
#2769 = ADVANCED_FACE ( 'NONE', ( #4465, #4484 ), #5324, .T. ) ;
#2770 = ADVANCED_FACE ( 'NONE', ( #4481 ), #6681, .T. ) ;
#2771 = ADVANCED_FACE ( 'NONE', ( #6673 ), #6678, .T. ) ;
#2772 = ADVANCED_FACE ( 'NONE', ( #6665 ), #6683, .T. ) ;
#2773 = ADVANCED_FACE ( 'NONE', ( #6685 ), #6663, .F. ) ;
#2774 = ADVANCED_FACE ( 'NONE', ( #6679 ), #6680, .F. ) ;
#2775 = ADVANCED_FACE ( 'NONE', ( #6686 ), #6687, .T. ) ;
#2776 = ADVANCED_FACE ( 'NONE', ( #6688 ), #6689, .T. ) ;
#2777 = ADVANCED_FACE ( 'NONE', ( #6690 ), #6668, .F. ) ;
#2778 = ADVANCED_FACE ( 'NONE', ( #6664 ), #6691, .T. ) ;
#2779 = ADVANCED_FACE ( 'NONE', ( #6672 ), #6692, .T. ) ;
#2780 = ADVANCED_FACE ( 'NONE', ( #6667, #6669 ), #6693, .T. ) ;
#2781 = ADVANCED_FACE ( 'NONE', ( #6674 ), #6694, .F. ) ;
#2782 = ADVANCED_FACE ( 'NONE', ( #6675 ), #6695, .T. ) ;
#2783 = ADVANCED_FACE ( 'NONE', ( #6676 ), #6700, .T. ) ;
#2784 = ADVANCED_FACE ( 'NONE', ( #6703 ), #6699, .T. ) ;
#2785 = ADVANCED_FACE ( 'NONE', ( #6698 ), #6655, .T. ) ;
#2786 = ADVANCED_FACE ( 'NONE', ( #6696 ), #6704, .F. ) ;
#2787 = ADVANCED_FACE ( 'NONE', ( #6702 ), #6660, .T. ) ;
#2788 = ADVANCED_FACE ( 'NONE', ( #6697 ), #6661, .T. ) ;
#2789 = ADVANCED_FACE ( 'NONE', ( #6701 ), #6632, .F. ) ;
#2790 = ADVANCED_FACE ( 'NONE', ( #6659 ), #6633, .T. ) ;
#2791 = ADVANCED_FACE ( 'NONE', ( #6637 ), #6654, .F. ) ;
#2792 = ADVANCED_FACE ( 'NONE', ( #6651 ), #6631, .F. ) ;
#2793 = ADVANCED_FACE ( 'NONE', ( #6657 ), #6636, .F. ) ;
#2794 = ADVANCED_FACE ( 'NONE', ( #6630, #6639 ), #6634, .T. ) ;
#2795 = ADVANCED_FACE ( 'NONE', ( #6635 ), #6643, .T. ) ;
#2796 = ADVANCED_FACE ( 'NONE', ( #6644, #6640 ), #6645, .F. ) ;
#2797 = ADVANCED_FACE ( 'NONE', ( #6653 ), #6650, .T. ) ;
#2798 = ADVANCED_FACE ( 'NONE', ( #6642 ), #6649, .F. ) ;
#2799 = ADVANCED_FACE ( 'NONE', ( #6647 ), #4352, .F. ) ;
#2800 = ADVANCED_FACE ( 'NONE', ( #4349 ), #4350, .T. ) ;
#2801 = ADVANCED_FACE ( 'NONE', ( #4351 ), #4357, .F. ) ;
#2802 = ADVANCED_FACE ( 'NONE', ( #4348 ), #4369, .T. ) ;
#2803 = ADVANCED_FACE ( 'NONE', ( #4356 ), #4266, .T. ) ;
#2804 = ADVANCED_FACE ( 'NONE', ( #4347 ), #4360, .T. ) ;
#2805 = ADVANCED_FACE ( 'NONE', ( #4362 ), #4361, .T. ) ;
#2806 = ADVANCED_FACE ( 'NONE', ( #4363 ), #6086, .T. ) ;
#2807 = ADVANCED_FACE ( 'NONE', ( #4367 ), #4370, .T. ) ;
#2808 = ADVANCED_FACE ( 'NONE', ( #4365 ), #4323, .T. ) ;
#2809 = ADVANCED_FACE ( 'NONE', ( #4368 ), #4371, .T. ) ;
#2810 = ADVANCED_FACE ( 'NONE', ( #4366 ), #4324, .F. ) ;
#2811 = ADVANCED_FACE ( 'NONE', ( #4325 ), #4334, .T. ) ;
#2812 = ADVANCED_FACE ( 'NONE', ( #4335 ), #4330, .T. ) ;
#2813 = ADVANCED_FACE ( 'NONE', ( #4326 ), #4339, .T. ) ;
#2814 = ADVANCED_FACE ( 'NONE', ( #4327 ), #4331, .T. ) ;
#2815 = ADVANCED_FACE ( 'NONE', ( #4332 ), #4337, .T. ) ;
#2816 = ADVANCED_FACE ( 'NONE', ( #4329 ), #4333, .F. ) ;
#2817 = ADVANCED_FACE ( 'NONE', ( #4336 ), #4341, .T. ) ;
#2818 = ADVANCED_FACE ( 'NONE', ( #4338 ), #6158, .T. ) ;
#2819 = ADVANCED_FACE ( 'NONE', ( #4328 ), #4345, .T. ) ;
#2820 = ADVANCED_FACE ( 'NONE', ( #4343 ), #4624, .F. ) ;
#2821 = ADVANCED_FACE ( 'NONE', ( #4610 ), #4618, .T. ) ;
#2822 = ADVANCED_FACE ( 'NONE', ( #4604 ), #6141, .F. ) ;
#2823 = ADVANCED_FACE ( 'NONE', ( #4601 ), #4651, .T. ) ;
#2824 = ADVANCED_FACE ( 'NONE', ( #4597 ), #4615, .T. ) ;
#2825 = ADVANCED_FACE ( 'NONE', ( #4616 ), #4632, .T. ) ;
#2826 = ADVANCED_FACE ( 'NONE', ( #4617 ), #4633, .T. ) ;
#2827 = ADVANCED_FACE ( 'NONE', ( #4622 ), #4620, .F. ) ;
#2828 = ADVANCED_FACE ( 'NONE', ( #4631 ), #4602, .T. ) ;
#2829 = ADVANCED_FACE ( 'NONE', ( #4599 ), #4623, .F. ) ;
#2830 = ADVANCED_FACE ( 'NONE', ( #4634 ), #4619, .F. ) ;
#2831 = ADVANCED_FACE ( 'NONE', ( #4637 ), #4600, .F. ) ;
#2832 = ADVANCED_FACE ( 'NONE', ( #4606 ), #4640, .T. ) ;
#2833 = ADVANCED_FACE ( 'NONE', ( #4612 ), #6255, .T. ) ;
#2834 = ADVANCED_FACE ( 'NONE', ( #4638 ), #4598, .T. ) ;
#2835 = ADVANCED_FACE ( 'NONE', ( #4613 ), #4646, .T. ) ;
#2836 = ADVANCED_FACE ( 'NONE', ( #4648 ), #4626, .T. ) ;
#2837 = ADVANCED_FACE ( 'NONE', ( #4627 ), #4605, .F. ) ;
#2838 = ADVANCED_FACE ( 'NONE', ( #4625 ), #4595, .T. ) ;
#2839 = ADVANCED_FACE ( 'NONE', ( #4611 ), #6186, .T. ) ;
#2840 = ADVANCED_FACE ( 'NONE', ( #4603 ), #4654, .T. ) ;
#2841 = ADVANCED_FACE ( 'NONE', ( #4628 ), #4652, .T. ) ;
#2842 = ADVANCED_FACE ( 'NONE', ( #4639 ), #4644, .T. ) ;
#2843 = ADVANCED_FACE ( 'NONE', ( #4647 ), #4635, .F. ) ;
#2844 = ADVANCED_FACE ( 'NONE', ( #4608 ), #4636, .F. ) ;
#2845 = ADVANCED_FACE ( 'NONE', ( #4607 ), #4629, .F. ) ;
#2846 = ADVANCED_FACE ( 'NONE', ( #4621 ), #4643, .T. ) ;
#2847 = ADVANCED_FACE ( 'NONE', ( #4614 ), #4642, .T. ) ;
#2848 = ADVANCED_FACE ( 'NONE', ( #4645 ), #4596, .T. ) ;
#2849 = ADVANCED_FACE ( 'NONE', ( #4650 ), #4657, .T. ) ;
#2850 = ADVANCED_FACE ( 'NONE', ( #4630 ), #4660, .T. ) ;
#2851 = ADVANCED_FACE ( 'NONE', ( #4653 ), #4659, .F. ) ;
#2852 = ADVANCED_FACE ( 'NONE', ( #4649 ), #4656, .T. ) ;
#2853 = ADVANCED_FACE ( 'NONE', ( #4609 ), #4655, .T. ) ;
#2854 = CARTESIAN_POINT ( 'NONE',  ( 9.516325164172124900, 10.38883054430959200, -1.676338892996738700 ) ) ;
#2855 = CARTESIAN_POINT ( 'NONE',  ( 9.559952594049068600, 10.85826853303906100, -1.490824622138742200 ) ) ;
#2856 = CARTESIAN_POINT ( 'NONE',  ( 0.6624687328663438900, 8.116370901470096700, 9.978816351737620500 ) ) ;
#2857 = CARTESIAN_POINT ( 'NONE',  ( 2.055432714758230100, 9.737649561461159600, 9.786480284527654000 ) ) ;
#2858 = CARTESIAN_POINT ( 'NONE',  ( 1.254187714928771000, 8.422008732101197400, 9.921670746643821200 ) ) ;
#2859 = CARTESIAN_POINT ( 'NONE',  ( 9.508954660298174500, 10.22378986065119300, -1.705615197984926800 ) ) ;
#2860 = CARTESIAN_POINT ( 'NONE',  ( 9.525626977348252900, 10.52350566561795600, -1.638639207953679300 ) ) ;
#2861 = CARTESIAN_POINT ( 'NONE',  ( 9.540056958210128000, 10.68436335581085600, -1.578217100447835600 ) ) ;
#2862 = CARTESIAN_POINT ( 'NONE',  ( 0.1347090945780394800, 8.014972014884655500, 10.00000000000000500 ) ) ;
#2863 = CARTESIAN_POINT ( 'NONE',  ( 9.508078971737019100, 10.19571395157994700, -1.709061219827891200 ) ) ;
#2864 = CARTESIAN_POINT ( 'NONE',  ( 9.532497735276489700, 10.60503987251611200, -1.610136588011776400 ) ) ;
#2865 = DIRECTION ( 'NONE',  ( 0.0000000000000000000, 0.0000000000000000000, 1.000000000000000000 ) ) ;
#2866 = CARTESIAN_POINT ( 'NONE',  ( 9.548226737122778500, 10.76026867338318000, -1.542918193566537900 ) ) ;
#2867 = CARTESIAN_POINT ( 'NONE',  ( 9.571308255475292600, 10.94313978329129400, -1.438381410695754400 ) ) ;
#2868 = CARTESIAN_POINT ( 'NONE',  ( 0.0000000000000000000, -4.249999999999996400, 0.0000000000000000000 ) ) ;
#2869 = CARTESIAN_POINT ( 'NONE',  ( 9.534998718315083700, 10.63228046206277000, -1.599635738748735400 ) ) ;
#2870 = CARTESIAN_POINT ( 'NONE',  ( 9.590210694758772200, 11.07018225131997700, -1.346555848420991000 ) ) ;
#2871 = CARTESIAN_POINT ( 'NONE',  ( 9.569603991332352100, 10.93084553290224500, -1.446367977845814700 ) ) ;
#2872 = CARTESIAN_POINT ( 'NONE',  ( 9.572312482975426900, 10.95030462566064400, -1.433652713216792400 ) ) ;
#2873 = CARTESIAN_POINT ( 'NONE',  ( 9.519641287082560400, 10.44243570358287200, -1.663080632832872900 ) ) ;
#2874 = CARTESIAN_POINT ( 'NONE',  ( 1.643820073047737000, 8.780010447327919500, 9.865857995097549300 ) ) ;
#2875 = DIRECTION ( 'NONE',  ( -0.0000000000000000000, 1.000000000000000000, -0.0000000000000000000 ) ) ;
#2876 = CARTESIAN_POINT ( 'NONE',  ( 2.001892139352557700, 9.479679841655304500, 9.798139329018550100 ) ) ;
#2877 = CARTESIAN_POINT ( 'NONE',  ( 0.2705779845940720600, 8.027951313452588200, 9.997211343137012200 ) ) ;
#2878 = DIRECTION ( 'NONE',  ( 0.0000000000000000000, -1.000000000000000000, 0.0000000000000000000 ) ) ;
#2879 = CARTESIAN_POINT ( 'NONE',  ( 0.9118174481310623600, 8.216200607459967400, 9.959127951031426600 ) ) ;
#2880 = CARTESIAN_POINT ( 'NONE',  ( -1.511966430583540500E-013, 8.014968815698878800, 9.999999999996580500 ) ) ;
#2881 = CARTESIAN_POINT ( 'NONE',  ( 0.0000000000000000000, 5.000000000000000900, 3.000000000000000400 ) ) ;
#2882 = CARTESIAN_POINT ( 'NONE',  ( 9.528872698956114100, 10.56420461446561100, -1.625280522476702800 ) ) ;
#2883 = CARTESIAN_POINT ( 'NONE',  ( 9.567081370857605900, 10.91246806341283300, -1.458138664663682000 ) ) ;
#2884 = CARTESIAN_POINT ( 'NONE',  ( 9.512362485706523400, 10.30959195868746300, -1.692122376841126900 ) ) ;
#2885 = CARTESIAN_POINT ( 'NONE',  ( 9.556994408958768600, 10.83466736310049500, -1.504133139859369400 ) ) ;
#2886 = DIRECTION ( 'NONE',  ( -0.0000000000000000000, 1.000000000000000000, -0.0000000000000000000 ) ) ;
#2887 = CARTESIAN_POINT ( 'NONE',  ( 9.536410730281701800, 10.64712838526164700, -1.593676710540542100 ) ) ;
#2888 = CARTESIAN_POINT ( 'NONE',  ( 9.543953849868781700, 10.72204893817891100, -1.561547424331400000 ) ) ;
#2889 = CARTESIAN_POINT ( 'NONE',  ( 9.551158883202187900, 10.78584949166818200, -1.530047575799952300 ) ) ;
#2890 = CARTESIAN_POINT ( 'NONE',  ( 9.579160091399563400, 10.99806329462864700, -1.401093819403372200 ) ) ;
#2891 = CARTESIAN_POINT ( 'NONE',  ( 9.584292856639823600, 11.03208750387159400, -1.376006519630603300 ) ) ;
#2892 = CARTESIAN_POINT ( 'NONE',  ( 0.5345386750994040000, 8.078866919415064600, 9.986576765334419300 ) ) ;
#2893 = CARTESIAN_POINT ( 'NONE',  ( 9.505977319190257900, 10.11157172876712500, -1.717302700513360300 ) ) ;
#2894 = CARTESIAN_POINT ( 'NONE',  ( 9.564660077601871500, 10.89429727046495700, -1.469295111348963200 ) ) ;
#2895 = CARTESIAN_POINT ( 'NONE',  ( 9.586950475628123400, 11.04942976019352100, -1.362896964099425700 ) ) ;
#2896 = CARTESIAN_POINT ( 'NONE',  ( 9.591642145167114100, 11.07918081227944100, -1.339322134110712700 ) ) ;
#2897 = CARTESIAN_POINT ( 'NONE',  ( 9.505276768341335700, 9.999999999999992900, -1.719999999999999800 ) ) ;
#2898 = CARTESIAN_POINT ( 'NONE',  ( 9.505276768341339300, 10.05559223529955700, -1.719999999999999800 ) ) ;
#2899 = CARTESIAN_POINT ( 'NONE',  ( 9.511056312844935700, 10.27992692967184000, -1.697305517392769800 ) ) ;
#2900 = CARTESIAN_POINT ( 'NONE',  ( 9.592604048470018800, 11.08520233749285700, -1.334447785119751400 ) ) ;
#2901 = DIRECTION ( 'NONE',  ( 0.0000000000000000000, 1.000000000000000000, 0.0000000000000000000 ) ) ;
#2902 = CARTESIAN_POINT ( 'NONE',  ( 9.575981544887842000, 10.97626284363833800, -1.416310205705476800 ) ) ;
#2903 = CARTESIAN_POINT ( 'NONE',  ( 9.593304608239337800, 11.08956403142947700, -1.330885051265055400 ) ) ;
#2904 = CARTESIAN_POINT ( 'NONE',  ( 1.031715690406737300, 8.278268793434664400, 9.947265954183320600 ) ) ;
#2905 = CARTESIAN_POINT ( 'NONE',  ( 0.0000000000000000000, 13.99999999999999500, 0.0000000000000000000 ) ) ;
#2906 = CARTESIAN_POINT ( 'NONE',  ( 1.357201333185164000, 8.503515840257499300, 9.907942730163345100 ) ) ;
#2907 = CARTESIAN_POINT ( 'NONE',  ( 9.552827337240678700, 10.80002561677029100, -1.522672170847483700 ) ) ;
#2908 = CARTESIAN_POINT ( 'NONE',  ( 2.055497237152815500, 9.999999999999994700, 9.786466732588284100 ) ) ;
#2909 = CARTESIAN_POINT ( 'NONE',  ( 1.794950876282938000, 8.998200340854207700, 9.838153170193718800 ) ) ;
#2910 = CARTESIAN_POINT ( 'NONE',  ( 0.0000000000000000000, 4.250000000000002700, -1.530808498934169000E-017 ) ) ;
#2911 = DIRECTION ( 'NONE',  ( -0.0000000000000000000, -1.000000000000000000, -6.123233995736754900E-017 ) ) ;
#2912 = DIRECTION ( 'NONE',  ( 3.552713678800500900E-015, 0.0000000000000000000, -1.000000000000000000 ) ) ;
#2913 = CARTESIAN_POINT ( 'NONE',  ( 9.720425622157320000, 11.70907044000929900, 0.1956487485822298600 ) ) ;
#2914 = CARTESIAN_POINT ( 'NONE',  ( 9.716210234298351600, 11.69203794043047800, 0.3100483905216741600 ) ) ;
#2915 = CARTESIAN_POINT ( 'NONE',  ( 9.650902875248094800, 11.40355369897227600, -0.9943564514457234900 ) ) ;
#2916 = CARTESIAN_POINT ( 'NONE',  ( 9.653232843523182900, 11.41478819638580200, -0.9781698821146234100 ) ) ;
#2917 = CARTESIAN_POINT ( 'NONE',  ( 9.701142390169785300, 11.62989643616558800, 0.5501453458240288500 ) ) ;
#2918 = CARTESIAN_POINT ( 'NONE',  ( 9.654758006650523000, 11.42211559269346900, -0.9674860205330209100 ) ) ;
#2919 = CARTESIAN_POINT ( 'NONE',  ( 9.696594052948727300, 11.61065177939903800, 0.6041714489082059500 ) ) ;
#2920 = CARTESIAN_POINT ( 'NONE',  ( 9.689140557804165600, 11.57865101404672900, 0.6833733491568532200 ) ) ;
#2921 = CARTESIAN_POINT ( 'NONE',  ( 9.648446236220754800, 11.39156838009175700, -1.011006656805634600 ) ) ;
#2922 = CARTESIAN_POINT ( 'NONE',  ( 9.678111593583212300, 11.53011537135183500, 0.7857193751555597800 ) ) ;
#2923 = CARTESIAN_POINT ( 'NONE',  ( 9.701231113483849800, 11.63032586040349900, -0.5510185588104916700 ) ) ;
#2924 = CARTESIAN_POINT ( 'NONE',  ( 9.603933218420865000, 11.15378562018138100, -1.275686578434932100 ) ) ;
#2925 = CARTESIAN_POINT ( 'NONE',  ( 9.628745586976849700, 11.29165087268298600, -1.135884387579583700 ) ) ;
#2926 = CARTESIAN_POINT ( 'NONE',  ( 9.669269368148329500, 11.49012287373399100, -0.8591401026030093300 ) ) ;
#2927 = CARTESIAN_POINT ( 'NONE',  ( 9.662307604457700100, 11.45790634260941100, 0.9128391865582095000 ) ) ;
#2928 = CARTESIAN_POINT ( 'NONE',  ( 9.673533928509934700, 11.50953678213072200, -0.8245669185250099600 ) ) ;
#2929 = CARTESIAN_POINT ( 'NONE',  ( 9.678108671403046900, 11.53014646556293600, -0.7860657687820372700 ) ) ;
#2930 = CARTESIAN_POINT ( 'NONE',  ( 9.696653029856880900, 11.61101206538882400, -0.6053938779552250300 ) ) ;
#2931 = CARTESIAN_POINT ( 'NONE',  ( 9.635432444151733800, 11.32633420182052900, -1.095103902665363100 ) ) ;
#2932 = CARTESIAN_POINT ( 'NONE',  ( 9.712158771032278500, 11.67554764043664400, -0.3894899734492058800 ) ) ;
#2933 = CARTESIAN_POINT ( 'NONE',  ( 9.712333004848332500, 11.67626744830153000, 0.3891234085092860600 ) ) ;
#2934 = CARTESIAN_POINT ( 'NONE',  ( 9.709093679352411900, 11.66304601608508100, 0.4425280256950011600 ) ) ;
#2935 = CARTESIAN_POINT ( 'NONE',  ( 9.688972006186462600, 11.57789903879838500, -0.6847071333521662600 ) ) ;
#2936 = CARTESIAN_POINT ( 'NONE',  ( 9.659809205748278100, 11.44613597913766500, 0.9312058666498329600 ) ) ;
#2937 = CARTESIAN_POINT ( 'NONE',  ( 9.610095043490956000, 11.18950869765128600, -1.242476530426376300 ) ) ;
#2938 = CARTESIAN_POINT ( 'NONE',  ( 9.635295107036236900, 11.32562884062053500, -1.095953856749873700 ) ) ;
#2939 = CARTESIAN_POINT ( 'NONE',  ( 9.723170235699788200, 11.72002785724801500, 0.05497688789527609100 ) ) ;
#2940 = CARTESIAN_POINT ( 'NONE',  ( 9.686407988354044800, 11.56674554202974300, -0.7098574798043187900 ) ) ;
#2941 = CARTESIAN_POINT ( 'NONE',  ( 9.693969114857298000, 11.59944713100066600, 0.6331721990283329900 ) ) ;
#2942 = CARTESIAN_POINT ( 'NONE',  ( 9.681024726696938000, 11.54307539464013200, 0.7599515198999209400 ) ) ;
#2943 = CARTESIAN_POINT ( 'NONE',  ( 9.676454482116914900, 11.52269439100327200, 0.7999847383536535800 ) ) ;
#2944 = CARTESIAN_POINT ( 'NONE',  ( 9.595759340955881500, 11.10480255914590100, -1.318377182109267600 ) ) ;
#2945 = CARTESIAN_POINT ( 'NONE',  ( 9.631178959371991900, 11.30439330195632200, -1.121248536749017900 ) ) ;
#2946 = CARTESIAN_POINT ( 'NONE',  ( 9.634652656415985600, 11.32232937218899900, -1.099932593687506000 ) ) ;
#2947 = CARTESIAN_POINT ( 'NONE',  ( 9.612529069449193400, 11.20333925508352000, -1.229106771411822200 ) ) ;
#2948 = CARTESIAN_POINT ( 'NONE',  ( 9.655369020341787200, 11.42504222984731000, -0.9631773141450796800 ) ) ;
#2949 = CARTESIAN_POINT ( 'NONE',  ( 9.659728649601772700, 11.44584041234842300, -0.9321157800033375000 ) ) ;
#2950 = CARTESIAN_POINT ( 'NONE',  ( 9.639750756453976200, 11.34844631103529800, -1.068199789164731700 ) ) ;
#2951 = CARTESIAN_POINT ( 'NONE',  ( 9.717500881370245500, 11.69726969766834700, 0.2801538702555901300 ) ) ;
#2952 = CARTESIAN_POINT ( 'NONE',  ( 9.685269712720741000, 11.56184122998900500, 0.7214290805094161200 ) ) ;
#2953 = CARTESIAN_POINT ( 'NONE',  ( 9.672312276234254800, 11.50403268355392700, 0.8348537876586222800 ) ) ;
#2954 = CARTESIAN_POINT ( 'NONE',  ( 9.667907119109685300, 11.48397688836814400, 0.8704019981411932300 ) ) ;
#2955 = CARTESIAN_POINT ( 'NONE',  ( 9.720400696855142200, 11.70908198944333400, -0.2245664779297950900 ) ) ;
#2956 = CARTESIAN_POINT ( 'NONE',  ( 9.658121694005164000, 11.43815362763277000, 0.9434870320074406600 ) ) ;
#2957 = CARTESIAN_POINT ( 'NONE',  ( 9.619419896377118900, 11.24180784422308200, -1.190642075288561400 ) ) ;
#2958 = CARTESIAN_POINT ( 'NONE',  ( 9.667745133510388600, 11.48312623102776400, -0.8711693455093443300 ) ) ;
#2959 = CARTESIAN_POINT ( 'NONE',  ( 9.682440508914661200, 11.54940050521374100, -0.7477480517865118200 ) ) ;
#2960 = CARTESIAN_POINT ( 'NONE',  ( 9.623474025759035700, 11.26370841245201500, -1.167142803472243500 ) ) ;
#2961 = CARTESIAN_POINT ( 'NONE',  ( 9.707107676571668600, 11.65478246726820900, -0.4699903741942272900 ) ) ;
#2962 = CARTESIAN_POINT ( 'NONE',  ( 9.605873871949535600, 11.16516042245479800, -1.265337923399669100 ) ) ;
#2963 = CARTESIAN_POINT ( 'NONE',  ( 9.643364063829752200, 11.36654071861737400, -1.044870580821739300 ) ) ;
#2964 = CARTESIAN_POINT ( 'NONE',  ( 9.672229990597800900, 11.50362649776912100, -0.8352815393222430300 ) ) ;
#2965 = CARTESIAN_POINT ( 'NONE',  ( 9.708901437208828300, 11.66218293208815400, -0.4430691086784300800 ) ) ;
#2966 = CARTESIAN_POINT ( 'NONE',  ( 9.713550855385470600, 11.68122113654267300, -0.3642903366756157200 ) ) ;
#2967 = CARTESIAN_POINT ( 'NONE',  ( 9.703252932314672600, 11.63874247776016300, 0.5231743188173239000 ) ) ;
#2968 = CARTESIAN_POINT ( 'NONE',  ( 9.719565841233842800, 11.70561212478475200, 0.2238255960108789200 ) ) ;
#2969 = CARTESIAN_POINT ( 'NONE',  ( 9.723147950990950900, 11.71994363337813500, -0.1125479882072035900 ) ) ;
#2970 = CARTESIAN_POINT ( 'NONE',  ( 9.598621054560975800, 11.12228688864999900, -1.303710916771724200 ) ) ;
#2971 = CARTESIAN_POINT ( 'NONE',  ( 9.633663679458903700, 11.31724230461337100, -1.106039554205326100 ) ) ;
#2972 = CARTESIAN_POINT ( 'NONE',  ( 9.722486867902775400, 11.71733453554330900, 0.1111885784229202000 ) ) ;
#2973 = CARTESIAN_POINT ( 'NONE',  ( 9.690104956695952500, 11.58280309601440400, -0.6733132336740399500 ) ) ;
#2974 = CARTESIAN_POINT ( 'NONE',  ( 9.663040659356923400, 11.46136882059866700, -0.9075235275480699700 ) ) ;
#2975 = CARTESIAN_POINT ( 'NONE',  ( 9.594150840210700100, 11.09481561272248700, 1.326572235677058000 ) ) ;
#2976 = CARTESIAN_POINT ( 'NONE',  ( 9.645272629811534800, 11.37594478304557400, 1.032168303079475000 ) ) ;
#2977 = CARTESIAN_POINT ( 'NONE',  ( 9.589792270293457900, 11.06777218708087000, 1.348788488098135100 ) ) ;
#2978 = CARTESIAN_POINT ( 'NONE',  ( 9.561716493836653900, 10.87178592842919200, 1.482763093111655300 ) ) ;
#2979 = CARTESIAN_POINT ( 'NONE',  ( 9.555932628049351500, 10.82581713905055300, 1.508854669229857900 ) ) ;
#2980 = CARTESIAN_POINT ( 'NONE',  ( 9.548289996473318600, 10.76115016799897000, 1.542676216112705200 ) ) ;
#2981 = CARTESIAN_POINT ( 'NONE',  ( 9.521718663866829900, 10.47062536399946500, 1.654599683291338300 ) ) ;
#2982 = DIRECTION ( 'NONE',  ( 0.0000000000000000000, 0.0000000000000000000, 1.000000000000000000 ) ) ;
#2983 = CARTESIAN_POINT ( 'NONE',  ( 9.566445300234313700, 10.90791731232797800, 1.461120985811897400 ) ) ;
#2984 = CARTESIAN_POINT ( 'NONE',  ( 9.540289924079120400, 10.68673542181618400, 1.577230335890133600 ) ) ;
#2985 = CARTESIAN_POINT ( 'NONE',  ( 9.636473143809645600, 11.33166108887799300, 1.088616044013387400 ) ) ;
#2986 = CARTESIAN_POINT ( 'NONE',  ( 9.596724759264612100, 11.11061662633243300, 1.313378525313696500 ) ) ;
#2987 = DIRECTION ( 'NONE',  ( -0.0000000000000000000, -0.0000000000000000000, 1.000000000000000000 ) ) ;
#2988 = CARTESIAN_POINT ( 'NONE',  ( 9.642658783878596700, 11.36297081390793700, 1.049328978092056300 ) ) ;
#2989 = CARTESIAN_POINT ( 'NONE',  ( 9.532326505312552100, 10.60543451279547400, 1.610991414884869400 ) ) ;
#2990 = CARTESIAN_POINT ( 'NONE',  ( 9.515191152575383200, 10.36598813394948900, 1.680855996744946300 ) ) ;
#2991 = CARTESIAN_POINT ( 'NONE',  ( 9.581061558248706000, 11.01067973843854900, 1.391805278789550100 ) ) ;
#2992 = CARTESIAN_POINT ( 'NONE',  ( 0.0000000000000000000, 15.00000000000000000, 0.0000000000000000000 ) ) ;
#2993 = CARTESIAN_POINT ( 'NONE',  ( 9.551246602388504300, 10.78692830306047600, 1.529708889255708700 ) ) ;
#2994 = CARTESIAN_POINT ( 'NONE',  ( 9.542711607027053200, 10.71003229729784500, 1.566861073228454000 ) ) ;
#2995 = CARTESIAN_POINT ( 'NONE',  ( 9.625399489125335600, 11.27392129882520400, 1.155734715808883100 ) ) ;
#2996 = CARTESIAN_POINT ( 'NONE',  ( 9.594806268030254200, 11.09885786154739200, 1.323222169464485900 ) ) ;
#2997 = CARTESIAN_POINT ( 'NONE',  ( 9.637118050865963100, 11.33495399311079800, 1.084579345470263900 ) ) ;
#2998 = CARTESIAN_POINT ( 'NONE',  ( 9.578603500696692300, 10.99413423496043600, 1.403709013592344700 ) ) ;
#2999 = CARTESIAN_POINT ( 'NONE',  ( 9.653478956047157700, 11.41603139754492700, 0.9766698113626086600 ) ) ;
#3000 = CARTESIAN_POINT ( 'NONE',  ( 9.659258262890675800, -4.500000000000000000, -2.588190451025223800 ) ) ;
#3001 = DIRECTION ( 'NONE',  ( 0.0000000000000000000, 1.000000000000000000, 0.0000000000000000000 ) ) ;
#3002 = DIRECTION ( 'NONE',  ( 0.0000000000000000000, 0.0000000000000000000, 1.000000000000000000 ) ) ;
#3003 = CARTESIAN_POINT ( 'NONE',  ( 9.600468653909564100, 11.13324598658262900, 1.293967254671539300 ) ) ;
#3004 = CARTESIAN_POINT ( 'NONE',  ( 9.598868242544879700, 11.12362761173881900, 1.302302098555852900 ) ) ;
#3005 = CARTESIAN_POINT ( 'NONE',  ( 9.594220340486872400, 11.09524220397610100, 1.326216431913126900 ) ) ;
#3006 = CARTESIAN_POINT ( 'NONE',  ( 9.605784155537108400, 11.16475205550968900, 1.265916086578148200 ) ) ;
#3007 = CARTESIAN_POINT ( 'NONE',  ( 9.586156735643195100, 11.04441694270404800, 1.366885189333565200 ) ) ;
#3008 = CARTESIAN_POINT ( 'NONE',  ( 9.557210799795321100, 10.83617598847074400, 1.503128304472179700 ) ) ;
#3009 = CARTESIAN_POINT ( 'NONE',  ( 9.633707685052794300, 11.31751352698949200, 1.105871379847279500 ) ) ;
#3010 = CARTESIAN_POINT ( 'NONE',  ( 9.630708816485313400, 11.30204337326730600, 1.124222348931066800 ) ) ;
#3011 = CARTESIAN_POINT ( 'NONE',  ( 9.576279739862519200, 10.97811711045143600, 1.414824328782448500 ) ) ;
#3012 = CARTESIAN_POINT ( 'NONE',  ( 9.623494542587213400, 11.26372604649727400, 1.166900855218674400 ) ) ;
#3013 = CARTESIAN_POINT ( 'NONE',  ( 9.569776327717818300, 10.93240466483841200, 1.445652595171385000 ) ) ;
#3014 = CARTESIAN_POINT ( 'NONE',  ( 9.527683690259477700, 10.55125729363944500, 1.630235804096767300 ) ) ;
#3015 = CARTESIAN_POINT ( 'NONE',  ( 9.519896854433774500, 10.44385264262880500, 1.661971123845774200 ) ) ;
#3016 = CARTESIAN_POINT ( 'NONE',  ( 9.619414308008064300, 11.24157883338864900, 1.190438207966708400 ) ) ;
#3017 = CARTESIAN_POINT ( 'NONE',  ( 9.574760409688146000, 10.96756084975374200, 1.422064332263623100 ) ) ;
#3018 = CARTESIAN_POINT ( 'NONE',  ( 9.574163224428527700, 10.96338573234603500, 1.424901241672813700 ) ) ;
#3019 = CARTESIAN_POINT ( 'NONE',  ( 9.560184847508699200, 10.85984184426117400, 1.489717082622730800 ) ) ;
#3020 = CARTESIAN_POINT ( 'NONE',  ( 9.505279257430457200, 10.11183637680132300, 1.719993493597700400 ) ) ;
#3021 = CARTESIAN_POINT ( 'NONE',  ( -1.720000000000000000, 9.999999999999994700, 0.0000000000000000000 ) ) ;
#3022 = DIRECTION ( 'NONE',  ( 0.0000000000000000000, 1.000000000000000000, 0.0000000000000000000 ) ) ;
#3023 = DIRECTION ( 'NONE',  ( 4.440892098500626200E-015, 0.0000000000000000000, 1.000000000000000000 ) ) ;
#3024 = CARTESIAN_POINT ( 'NONE',  ( 9.638059679168728500, 11.33974650615337500, 1.078653706985237100 ) ) ;
#3025 = CARTESIAN_POINT ( 'NONE',  ( 9.617386085095052600, 11.23044740900805900, 1.201988177582803600 ) ) ;
#3026 = CARTESIAN_POINT ( 'NONE',  ( 9.516586300963313100, 10.39060357969834000, 1.675285655759219500 ) ) ;
#3027 = CARTESIAN_POINT ( 'NONE',  ( 9.657131902684238200, 11.43345059985184700, 0.9506096360957667600 ) ) ;
#3028 = CARTESIAN_POINT ( 'NONE',  ( 9.595717301066166300, 11.10446491915001700, 1.318560014026002500 ) ) ;
#3029 = CARTESIAN_POINT ( 'NONE',  ( 9.639461569674100600, 11.34686322943945300, 1.069793916914789400 ) ) ;
#3030 = CARTESIAN_POINT ( 'NONE',  ( 9.610013513333481000, 11.18930860588079800, 1.243161558894008800 ) ) ;
#3031 = CARTESIAN_POINT ( 'NONE',  ( 9.508112117630153300, 10.22524026058375100, 1.709050602169715800 ) ) ;
#3032 = CARTESIAN_POINT ( 'NONE',  ( 9.505276769087929600, 10.00010011074515000, 1.719999997086580700 ) ) ;
#3033 = CARTESIAN_POINT ( 'NONE',  ( 9.650331490497126900, 11.40083926827435900, 0.9984143187824151600 ) ) ;
#3034 = CARTESIAN_POINT ( 'NONE',  ( 9.508992216829062400, 9.775065995615982200, 1.705467232237971100 ) ) ;
#3035 = CARTESIAN_POINT ( 'NONE',  ( 9.548294472349516200, 9.239128368322411700, 1.542621933072232600 ) ) ;
#3036 = CARTESIAN_POINT ( 'NONE',  ( -4.108279147408027600, -4.333113010179417300, -9.025974339751732200 ) ) ;
#3037 = CARTESIAN_POINT ( 'NONE',  ( 9.532514404644054200, 9.394775594599909900, 1.610066474592316100 ) ) ;
#3038 = CARTESIAN_POINT ( 'NONE',  ( 9.535001390253155400, 9.367692488894585200, 1.599624282416873800 ) ) ;
#3039 = CARTESIAN_POINT ( 'NONE',  ( 9.536388554017868600, 9.353100637078208400, 1.593770529272491500 ) ) ;
#3040 = CARTESIAN_POINT ( 'NONE',  ( 9.572529360214233000, 9.048154194009836000, 1.432629729920090700 ) ) ;
#3041 = CARTESIAN_POINT ( 'NONE',  ( 9.528908938580073600, 9.435374518078891300, 1.625129222616396700 ) ) ;
#3042 = CARTESIAN_POINT ( 'NONE',  ( -4.178460349414711700, -4.249999999999988500, -9.085178540258263900 ) ) ;
#3043 = CARTESIAN_POINT ( 'NONE',  ( 1.102182119232617900E-015, 15.00000000000000000, 9.000000000000001800 ) ) ;
#3044 = CARTESIAN_POINT ( 'NONE',  ( 9.579328213332486200, 9.000802179865557300, 1.400280342911249400 ) ) ;
#3045 = CARTESIAN_POINT ( 'NONE',  ( 9.505983979040516700, 9.887867616817073800, 1.717275897535300400 ) ) ;
#3046 = CARTESIAN_POINT ( 'NONE',  ( 9.552936024804328200, 9.199057313520757600, 1.522190463825923400 ) ) ;
#3047 = CARTESIAN_POINT ( 'NONE',  ( 0.0000000000000000000, 5.000000000000000900, 3.000000000000000400 ) ) ;
#3048 = CARTESIAN_POINT ( 'NONE',  ( -1.719998991902361500, 10.00186221772654300, 9.450969739796706300 ) ) ;
#3049 = CARTESIAN_POINT ( 'NONE',  ( 9.560098050056224000, 9.140586675338520100, 1.490167251722105600 ) ) ;
#3050 = CARTESIAN_POINT ( 'NONE',  ( 9.516410561044653000, 9.609737060507578500, 1.675996610542230600 ) ) ;
#3051 = DIRECTION ( 'NONE',  ( 8.659560562354918100E-017, -0.7071067811865487900, 0.7071067811865463500 ) ) ;
#3052 = CARTESIAN_POINT ( 'NONE',  ( 1.720000000000000000, 9.999999999999994700, 9.450969495435465700 ) ) ;
#3053 = CARTESIAN_POINT ( 'NONE',  ( 9.564829963007376500, 9.104420581713593900, 1.468514532008272200 ) ) ;
#3054 = CARTESIAN_POINT ( 'NONE',  ( 9.576173079435232400, 9.022415298654564700, 1.415394734555323100 ) ) ;
#3055 = CARTESIAN_POINT ( 'NONE',  ( 9.571512748697472300, 9.055395729160020200, 1.437420249285322500 ) ) ;
#3056 = CARTESIAN_POINT ( 'NONE',  ( 9.590291234964768200, 8.929308768201675400, 1.346150537371871000 ) ) ;
#3057 = DIRECTION ( 'NONE',  ( -0.0000000000000000000, 1.000000000000000000, -0.0000000000000000000 ) ) ;
#3058 = CARTESIAN_POINT ( 'NONE',  ( 3.673940397442060400E-016, 5.000000000000000900, -3.000000000000000400 ) ) ;
#3059 = CARTESIAN_POINT ( 'NONE',  ( 9.512449950008186100, 9.688528498500657400, 1.691775089625191500 ) ) ;
#3060 = CARTESIAN_POINT ( 'NONE',  ( 9.593352726945630200, 8.910136850945317400, 1.330640109455555300 ) ) ;
#3061 = CARTESIAN_POINT ( 'NONE',  ( 9.569799601317914300, 9.067735385476645100, 1.445453869914996400 ) ) ;
#3062 = CARTESIAN_POINT ( 'NONE',  ( 9.595804149172423100, 8.894922888501302100, 1.318146725305987500 ) ) ;
#3063 = CARTESIAN_POINT ( 'NONE',  ( 9.598663035635254900, 8.877459711459827900, 1.303492252254876600 ) ) ;
#3064 = CARTESIAN_POINT ( 'NONE',  ( -3.971267992750618300, -4.500000000000000000, -8.904579188808114100 ) ) ;
#3065 = CARTESIAN_POINT ( 'NONE',  ( 9.511115842821423500, 9.718633442422573800, 1.697070018249895900 ) ) ;
#3066 = CARTESIAN_POINT ( 'NONE',  ( 9.508107405860903000, 9.803288838560952500, 1.708949169480704200 ) ) ;
#3067 = CARTESIAN_POINT ( 'NONE',  ( 9.540061125294581500, 9.315588975536377000, 1.578199826541990500 ) ) ;
#3068 = DIRECTION ( 'NONE',  ( -0.0000000000000000000, 1.000000000000000000, -0.0000000000000000000 ) ) ;
#3069 = CARTESIAN_POINT ( 'NONE',  ( 9.543987469286008700, 9.277625396694386200, 1.561403410182848200 ) ) ;
#3070 = CARTESIAN_POINT ( 'NONE',  ( 9.519717700933883400, 9.556439606569565400, 1.662770267803807900 ) ) ;
#3071 = CARTESIAN_POINT ( 'NONE',  ( -1.719999998938686700, 10.00000000000001200, 9.450969490843744900 ) ) ;
#3072 = CARTESIAN_POINT ( 'NONE',  ( 9.605740497527849100, 8.835501787491212500, 1.266148752772822600 ) ) ;
#3073 = CARTESIAN_POINT ( 'NONE',  ( 9.610226502370318600, 8.809511358710240700, 1.241963359396765600 ) ) ;
#3074 = CARTESIAN_POINT ( 'NONE',  ( 9.592664708676940300, 8.914419207730246000, 1.334139833599110100 ) ) ;
#3075 = CARTESIAN_POINT ( 'NONE',  ( -4.039205825515897400, -4.416454182136768700, -8.965758091466828000 ) ) ;
#3076 = CARTESIAN_POINT ( 'NONE',  ( 2.055497237152815500, 9.999999999999994700, 9.786466732588284100 ) ) ;
#3077 = CARTESIAN_POINT ( 'NONE',  ( -1.719999831957644400, 10.00093115718778400, 9.450969530352628200 ) ) ;
#3078 = CARTESIAN_POINT ( 'NONE',  ( 9.505276767978822100, 9.999999999999770800, 1.720000000001035400 ) ) ;
#3079 = CARTESIAN_POINT ( 'NONE',  ( 9.505276369272358700, 9.944132437287835900, 1.719999999999990400 ) ) ;
#3080 = CARTESIAN_POINT ( 'NONE',  ( 9.525678509565120000, 9.475837784219171700, 1.638426583059449300 ) ) ;
#3081 = CARTESIAN_POINT ( 'NONE',  ( 9.551250398630100900, 9.213363181496305300, 1.529643940288591700 ) ) ;
#3082 = CARTESIAN_POINT ( 'NONE',  ( 9.557124565505466400, 9.164279486517543200, 1.503550200057602600 ) ) ;
#3083 = CARTESIAN_POINT ( 'NONE',  ( 9.567263841014208100, 9.086181141062894500, 1.457293590959514600 ) ) ;
#3084 = CARTESIAN_POINT ( 'NONE',  ( 9.584421151959061200, 8.967072469941673100, 1.375374875542619400 ) ) ;
#3085 = CARTESIAN_POINT ( 'NONE',  ( 9.587057680717515900, 8.949880820696426700, 1.362363450652101400 ) ) ;
#3086 = CARTESIAN_POINT ( 'NONE',  ( 9.591710816219819700, 8.920388415091091300, 1.338974823464339900 ) ) ;
#3087 = CARTESIAN_POINT ( 'NONE',  ( -1.719999327908812600, 10.00155187229801100, 9.450969656207455200 ) ) ;
#3088 = CARTESIAN_POINT ( 'NONE',  ( -1.720000000000000200, 10.00031039375303800, 9.450969487145188800 ) ) ;
#3089 = CARTESIAN_POINT ( 'NONE',  ( 9.703200976841424500, 8.361475492826885500, -0.5238633977384245000 ) ) ;
#3090 = CARTESIAN_POINT ( 'NONE',  ( 9.678128136127943600, 8.469765472085216000, 0.7859044147934114400 ) ) ;
#3091 = CARTESIAN_POINT ( 'NONE',  ( 9.639945185502105200, 8.650573971620001900, 1.066958589526984900 ) ) ;
#3092 = CARTESIAN_POINT ( 'NONE',  ( 9.634847814755440600, 8.676666855906825400, 1.098724803797323200 ) ) ;
#3093 = CARTESIAN_POINT ( 'NONE',  ( 9.700016274786047900, 8.374824847618191000, -0.5645026535605145400 ) ) ;
#3094 = CARTESIAN_POINT ( 'NONE',  ( 9.672319864777046300, 8.495932763208061900, -0.8347964076317517800 ) ) ;
#3095 = CARTESIAN_POINT ( 'NONE',  ( 9.659734313624305500, 8.554217481470416800, -0.9317549422220452500 ) ) ;
#3096 = CARTESIAN_POINT ( 'NONE',  ( 9.657036461247892900, 8.567003533337011600, -0.9512942554504998400 ) ) ;
#3097 = CARTESIAN_POINT ( 'NONE',  ( 9.639272038961630400, 8.654094681458758500, -1.070999327905116900 ) ) ;
#3098 = CARTESIAN_POINT ( 'NONE',  ( 9.651056026701194700, 8.595703680245772900, 0.9933065232809437100 ) ) ;
#3099 = CARTESIAN_POINT ( 'NONE',  ( 9.676485362351396400, 8.477166681051569300, -0.7997215180592371900 ) ) ;
#3100 = CARTESIAN_POINT ( 'NONE',  ( 9.701293652447041900, 8.369409078162469500, 0.5502104394189686300 ) ) ;
#3101 = CARTESIAN_POINT ( 'NONE',  ( 9.717491508560643300, 8.302766172023982700, -0.2803555007591002600 ) ) ;
#3102 = CARTESIAN_POINT ( 'NONE',  ( 9.663121919410226500, 8.538252644578829400, 0.9069071301994934300 ) ) ;
#3103 = CARTESIAN_POINT ( 'NONE',  ( 9.628889523609444700, 8.707590488154824700, 1.135022599510629100 ) ) ;
#3104 = CARTESIAN_POINT ( 'NONE',  ( 9.681041023714664500, 8.456820256881515600, 0.7601291096990957500 ) ) ;
#3105 = CARTESIAN_POINT ( 'NONE',  ( 9.667789666979715000, 8.516668972859783100, 0.8708188861037745600 ) ) ;
#3106 = CARTESIAN_POINT ( 'NONE',  ( 9.694006020865183300, 8.400415865825159800, -0.6324101267512896000 ) ) ;
#3107 = CARTESIAN_POINT ( 'NONE',  ( 9.650203066103387100, 8.599783920434203900, -0.9992920467496528800 ) ) ;
#3108 = CARTESIAN_POINT ( 'NONE',  ( 9.645116578078146900, 8.624827165039928200, -1.033197507754847000 ) ) ;
#3109 = CARTESIAN_POINT ( 'NONE',  ( 9.658034749670502400, 8.562258797437595000, -0.9441157755780594800 ) ) ;
#3110 = CARTESIAN_POINT ( 'NONE',  ( 9.631343537875036300, 8.694747840737404600, 1.120250550637395400 ) ) ;
#3111 = CARTESIAN_POINT ( 'NONE',  ( 9.712168103607046600, 8.324412084820110600, 0.3893091009822971500 ) ) ;
#3112 = CARTESIAN_POINT ( 'NONE',  ( 9.712329178722320900, 8.323750846784754700, -0.3892313956486338500 ) ) ;
#3113 = CARTESIAN_POINT ( 'NONE',  ( 9.648608073226437700, 8.607640255241410200, 1.009915897115660300 ) ) ;
#3114 = CARTESIAN_POINT ( 'NONE',  ( 9.696741266934234100, 8.388612418863068900, 0.6043690350536784500 ) ) ;
#3115 = CARTESIAN_POINT ( 'NONE',  ( 9.635644451779347400, 8.672578688074908700, 1.093785867406525500 ) ) ;
#3116 = CARTESIAN_POINT ( 'NONE',  ( 9.653378219473816900, 8.584511928734558600, 0.9771567191514041200 ) ) ;
#3117 = CARTESIAN_POINT ( 'NONE',  ( 9.655513296198499500, 8.574267883960070300, 0.9621553768548880600 ) ) ;
#3118 = CARTESIAN_POINT ( 'NONE',  ( 9.672240628171522300, 8.496325412870858100, 0.8351933140480694000 ) ) ;
#3119 = CARTESIAN_POINT ( 'NONE',  ( 9.692626226421785100, 8.406334906100301700, -0.6471573110904514900 ) ) ;
#3120 = CARTESIAN_POINT ( 'NONE',  ( 9.720405527949967700, 8.291008236552718500, -0.1963122738542600900 ) ) ;
#3121 = CARTESIAN_POINT ( 'NONE',  ( 9.654898401166201800, 8.577211747467107000, 0.9664964159953685100 ) ) ;
#3122 = CARTESIAN_POINT ( 'NONE',  ( 9.722465581375086400, 8.282749666156227900, -0.1123241581286637500 ) ) ;
#3123 = CARTESIAN_POINT ( 'NONE',  ( 9.719548050282085700, 8.294457178287078800, -0.2243335840563157300 ) ) ;
#3124 = CARTESIAN_POINT ( 'NONE',  ( 9.709074557073162000, 8.337034019493337700, -0.4428609579374540000 ) ) ;
#3125 = CARTESIAN_POINT ( 'NONE',  ( 9.707140099406228000, 8.345080156743993200, 0.4694996090559274700 ) ) ;
#3126 = CARTESIAN_POINT ( 'NONE',  ( 9.708925226507611600, 8.337715931709045200, 0.4426828592916347600 ) ) ;
#3127 = CARTESIAN_POINT ( 'NONE',  ( 9.619487047753683100, 8.757820953103193400, 1.190263587015322900 ) ) ;
#3128 = CARTESIAN_POINT ( 'NONE',  ( 9.643544485340774100, 8.632561804141095900, 1.043693390220812100 ) ) ;
#3129 = CARTESIAN_POINT ( 'NONE',  ( 9.713542761317814500, 8.318810312426213800, 0.3644467423477804100 ) ) ;
#3130 = CARTESIAN_POINT ( 'NONE',  ( 9.696459704821434000, 8.389939565580036200, -0.6052415784105205100 ) ) ;
#3131 = CARTESIAN_POINT ( 'NONE',  ( 9.689033592580377900, 8.421813150667796700, -0.6844343181368463000 ) ) ;
#3132 = CARTESIAN_POINT ( 'NONE',  ( 9.720429369279344200, 8.290807285881689000, 0.2240164364558419900 ) ) ;
#3133 = CARTESIAN_POINT ( 'NONE',  ( 9.685195756446834300, 8.438483915711859900, -0.7221138669055265900 ) ) ;
#3134 = CARTESIAN_POINT ( 'NONE',  ( 9.680990116875085100, 8.457077845275392700, -0.7602599625949851800 ) ) ;
#3135 = CARTESIAN_POINT ( 'NONE',  ( 9.678104623063212800, 8.469915685767860600, -0.7857773078969114700 ) ) ;
#3136 = CARTESIAN_POINT ( 'NONE',  ( 9.667887740263543300, 8.516111132163134200, -0.8705623050977779900 ) ) ;
#3137 = CARTESIAN_POINT ( 'NONE',  ( 9.662250331187603800, 8.542361574776466100, -0.9132696173695439300 ) ) ;
#3138 = CARTESIAN_POINT ( 'NONE',  ( 9.653366533293539200, 8.584508935250561000, -0.9774554661783673200 ) ) ;
#3139 = CARTESIAN_POINT ( 'NONE',  ( 9.642488012255533600, 8.637881636949654100, -1.050437248650997400 ) ) ;
#3140 = CARTESIAN_POINT ( 'NONE',  ( 9.635496037801774000, 8.673340252306189800, 1.094705768041796900 ) ) ;
#3141 = CARTESIAN_POINT ( 'NONE',  ( 9.659836658595098800, 8.553651276794488100, 0.9313194648330892500 ) ) ;
#3142 = CARTESIAN_POINT ( 'NONE',  ( 9.688930557354980900, 8.422253963820054400, 0.6855475272451874200 ) ) ;
#3143 = CARTESIAN_POINT ( 'NONE',  ( 9.633850012929608300, 8.681795498691458900, 1.104893034701878400 ) ) ;
#3144 = CARTESIAN_POINT ( 'NONE',  ( 9.669302225560674200, 8.509726757093126500, 0.8588776381327126700 ) ) ;
#3145 = CARTESIAN_POINT ( 'NONE',  ( 9.723176847775807400, 8.279941010285485300, 0.1101160987893608800 ) ) ;
#3146 = CARTESIAN_POINT ( 'NONE',  ( 9.623574018977004500, 8.735751183194544500, 1.166563123040054400 ) ) ;
#3147 = CARTESIAN_POINT ( 'NONE',  ( 9.686535694182650100, 8.432661991270416400, 0.7089792305665555400 ) ) ;
#3148 = CARTESIAN_POINT ( 'NONE',  ( 9.723155777553795800, 8.280029861995089400, -0.05643443274242669600 ) ) ;
#3149 = CARTESIAN_POINT ( 'NONE',  ( 9.716219463438061900, 8.307923163500458200, -0.3098452115735663700 ) ) ;
#3150 = CARTESIAN_POINT ( 'NONE',  ( 9.673510476218750000, 8.490569063752690900, 0.8247630651303297100 ) ) ;
#3151 = CARTESIAN_POINT ( 'NONE',  ( 9.542726122564921800, 9.290175150434647500, -1.566760206773447800 ) ) ;
#3152 = CARTESIAN_POINT ( 'NONE',  ( 9.527642317230199600, 9.449220822628012300, -1.630408085983259900 ) ) ;
#3153 = CARTESIAN_POINT ( 'NONE',  ( 9.605761509719434000, 8.835380370655677500, -1.266036561476338700 ) ) ;
#3154 = CARTESIAN_POINT ( 'NONE',  ( 9.594148013215011900, 8.905201856428663000, -1.326586757892509200 ) ) ;
#3155 = CARTESIAN_POINT ( 'NONE',  ( 9.586081308660457300, 8.956067634228501700, -1.367260477070569900 ) ) ;
#3156 = CARTESIAN_POINT ( 'NONE',  ( 9.532308756310360600, 9.394735614620467200, -1.611067505086756700 ) ) ;
#3157 = DIRECTION ( 'NONE',  ( 0.0000000000000000000, 0.0000000000000000000, -1.000000000000000000 ) ) ;
#3158 = CARTESIAN_POINT ( 'NONE',  ( 9.555795184280338400, 9.175307028950262700, -1.509468318502184000 ) ) ;
#3159 = CARTESIAN_POINT ( 'NONE',  ( 9.569601682248755700, 9.068862747724965700, -1.446467944670931000 ) ) ;
#3160 = CARTESIAN_POINT ( 'NONE',  ( 9.623385065307539700, 8.736863757798632300, -1.167537735288932500 ) ) ;
#3161 = CARTESIAN_POINT ( 'NONE',  ( 9.546751378771936900, 9.252296096105830300, -1.549421927013397100 ) ) ;
#3162 = CARTESIAN_POINT ( 'NONE',  ( 9.508081583056469600, 9.775927064449202700, -1.709167667860074500 ) ) ;
#3163 = CARTESIAN_POINT ( 'NONE',  ( 9.505276768341335700, 9.999999999999992900, -1.719999999999999800 ) ) ;
#3164 = CARTESIAN_POINT ( 'NONE',  ( 9.594800866965503200, 8.901175498882386300, -1.323249873675146600 ) ) ;
#3165 = CARTESIAN_POINT ( 'NONE',  ( 9.516505477826889600, 9.610780129759664400, -1.675610118375913800 ) ) ;
#3166 = CARTESIAN_POINT ( 'NONE',  ( 1.720000000000001300, 10.11643057800814900, 2.457966639317978000 ) ) ;
#3167 = CARTESIAN_POINT ( 'NONE',  ( 1.708305960879698900, 10.23049296446004800, 2.466261463836002300 ) ) ;
#3168 = CARTESIAN_POINT ( 'NONE',  ( 1.662849868612937200, 10.45427588214280800, 2.497135394493768000 ) ) ;
#3169 = CARTESIAN_POINT ( 'NONE',  ( 1.628675255632627200, 10.56423172440476100, 2.519927929950910100 ) ) ;
#3170 = CARTESIAN_POINT ( 'NONE',  ( 9.625276543938852600, 8.726735742302016900, -1.156457254287812200 ) ) ;
#3171 = CARTESIAN_POINT ( 'NONE',  ( 9.576119801475385900, 9.022989109516089500, -1.415588714477591600 ) ) ;
#3172 = CARTESIAN_POINT ( 'NONE',  ( 1.498309470212843900, 10.87385973703428000, 2.601066737570803400 ) ) ;
#3173 = CARTESIAN_POINT ( 'NONE',  ( 1.372503252546165600, 11.05972929414996000, 2.673042703588357900 ) ) ;
#3174 = CARTESIAN_POINT ( 'NONE',  ( 9.560040529753854000, 9.141290438139476400, -1.490369731524121100 ) ) ;
#3175 = CARTESIAN_POINT ( 'NONE',  ( 9.561567104078536200, 9.129370386561390700, -1.483442021422625200 ) ) ;
#3176 = CARTESIAN_POINT ( 'NONE',  ( 9.566280729234847500, 9.093308078647522700, -1.461880425557768600 ) ) ;
#3177 = CARTESIAN_POINT ( 'NONE',  ( 9.633521803089914600, 8.683447476012169400, -1.107011974362222400 ) ) ;
#3178 = CARTESIAN_POINT ( 'NONE',  ( 9.598859918734760300, 8.876422578088158500, -1.302345298113834100 ) ) ;
#3179 = CARTESIAN_POINT ( 'NONE',  ( 9.636914478898189500, 8.666084095734945000, -1.085855903658257600 ) ) ;
#3180 = CARTESIAN_POINT ( 'NONE',  ( 9.637861769014069300, 8.661259163976993100, -1.079901688638908100 ) ) ;
#3181 = CARTESIAN_POINT ( 'NONE',  ( 9.600457643170155800, 8.866819904609970500, -1.294024627054713300 ) ) ;
#3182 = CARTESIAN_POINT ( 'NONE',  ( 9.589749394609844700, 8.932494419738326000, -1.349006124753242100 ) ) ;
#3183 = CARTESIAN_POINT ( 'NONE',  ( 9.580941875619192400, 8.990120855051118900, -1.392387558014452000 ) ) ;
#3184 = CARTESIAN_POINT ( 'NONE',  ( 9.574588005069701400, 9.033644400972711700, -1.422883883143348300 ) ) ;
#3185 = CARTESIAN_POINT ( 'NONE',  ( 9.551149119889347000, 9.213915933701596100, -1.530138635860930400 ) ) ;
#3186 = CARTESIAN_POINT ( 'NONE',  ( 9.609978345076402900, 8.810894332871631800, -1.243351426448154900 ) ) ;
#3187 = CARTESIAN_POINT ( 'NONE',  ( 9.538983710406791200, 9.326602878029380200, -1.582767839500284900 ) ) ;
#3188 = CARTESIAN_POINT ( 'NONE',  ( 9.519824868513087100, 9.557232405069873600, -1.662262985533107500 ) ) ;
#3189 = CARTESIAN_POINT ( 'NONE',  ( 9.595711895342814700, 8.895568311823028700, -1.318587843855177000 ) ) ;
#3190 = CARTESIAN_POINT ( 'NONE',  ( 9.573976043819934400, 9.037928786775067300, -1.425789031301559800 ) ) ;
#3191 = CARTESIAN_POINT ( 'NONE',  ( 9.521652944905435200, 9.530308690344693200, -1.654867707975723500 ) ) ;
#3192 = CARTESIAN_POINT ( 'NONE',  ( 9.557076649226008400, 9.164906290435057600, -1.503729545004368400 ) ) ;
#3193 = CARTESIAN_POINT ( 'NONE',  ( 9.515093619844297000, 9.635816468402625300, -1.681245603754788000 ) ) ;
#3194 = CARTESIAN_POINT ( 'NONE',  ( 9.578462833069263400, 9.006821653111037700, -1.404387418913910700 ) ) ;
#3195 = CARTESIAN_POINT ( 'NONE',  ( 9.505276768341339300, 9.888733152300838800, -1.719999999999999500 ) ) ;
#3196 = CARTESIAN_POINT ( 'NONE',  ( 9.630546935164282700, 8.698804628852272500, -1.125198475740215100 ) ) ;
#3197 = CARTESIAN_POINT ( 'NONE',  ( 9.636262462503518500, 8.669415903748870300, -1.089932105678124600 ) ) ;
#3198 = CARTESIAN_POINT ( 'NONE',  ( 9.619332744932595600, 8.758868187811373200, -1.190902747691673600 ) ) ;
#3199 = CARTESIAN_POINT ( 'NONE',  ( 9.617324984598035100, 8.769890233043664600, -1.202332618517231400 ) ) ;
#3200 = CARTESIAN_POINT ( 'NONE',  ( 9.594214793599093100, 8.904792148611985400, -1.326244801948612600 ) ) ;
#3201 = CARTESIAN_POINT ( 'NONE',  ( 9.540125392851441800, 9.315300874077935900, -1.577902395444918700 ) ) ;
#3202 = CARTESIAN_POINT ( 'NONE',  ( 1.720000000000000000, 9.999999999999994700, 2.457966639317955800 ) ) ;
#3203 = DIRECTION ( 'NONE',  ( -0.0000000000000000000, 1.000000000000000000, -0.0000000000000000000 ) ) ;
#3204 = CARTESIAN_POINT ( 'NONE',  ( 9.596718678703203100, 8.889420510887495300, -1.313409902886350600 ) ) ;
#3205 = CARTESIAN_POINT ( 'NONE',  ( 0.0000000000000000000, 5.000000000000000000, 0.0000000000000000000 ) ) ;
#3206 = CARTESIAN_POINT ( 'NONE',  ( 9.659258262890691800, -4.500000000000000000, 2.588190451025167400 ) ) ;
#3207 = DIRECTION ( 'NONE',  ( 0.0000000000000000000, 0.0000000000000000000, -1.000000000000000000 ) ) ;
#3208 = DIRECTION ( 'NONE',  ( 0.0000000000000000000, 0.0000000000000000000, -1.000000000000000000 ) ) ;
#3209 = CARTESIAN_POINT ( 'NONE',  ( -4.178460349414666400, -4.249999999999996400, 9.085178540258276300 ) ) ;
#3210 = CARTESIAN_POINT ( 'NONE',  ( 0.2306555015834824100, 11.70825581670865000, 2.993223965077304700 ) ) ;
#3211 = CARTESIAN_POINT ( 'NONE',  ( -4.178460349414666400, -4.500000000000000000, 9.085178540258276300 ) ) ;
#3212 = CARTESIAN_POINT ( 'NONE',  ( -1.277494330215373000, -4.500000000000000000, 4.001000904307269400 ) ) ;
#3213 = DIRECTION ( 'NONE',  ( 0.0000000000000000000, -1.000000000000000000, 0.0000000000000000000 ) ) ;
#3214 = DIRECTION ( 'NONE',  ( -0.0000000000000000000, 1.000000000000000000, -0.0000000000000000000 ) ) ;
#3215 = CARTESIAN_POINT ( 'NONE',  ( 1.139339563236062300, 11.29321428944602900, 2.776533086064212300 ) ) ;
#3216 = CARTESIAN_POINT ( 'NONE',  ( 0.4536164317685092400, 11.66300091057079100, 2.967629322936648600 ) ) ;
#3217 = CARTESIAN_POINT ( 'NONE',  ( 0.0000000000000000000, 5.000000000000000000, 0.0000000000000000000 ) ) ;
#3218 = CARTESIAN_POINT ( 'NONE',  ( 1.224646799147353500E-015, 15.00000000000000000, 10.00000000000000200 ) ) ;
#3219 = CARTESIAN_POINT ( 'NONE',  ( 0.7721213752901158200, 11.54109857984576200, 2.900900836047453500 ) ) ;
#3220 = CARTESIAN_POINT ( 'NONE',  ( -4.039205825515870700, -4.416454182136771300, 8.965758091466836900 ) ) ;
#3221 = DIRECTION ( 'NONE',  ( 0.0000000000000000000, 0.0000000000000000000, -1.000000000000000000 ) ) ;
#3222 = DIRECTION ( 'NONE',  ( -0.0000000000000000000, 1.000000000000000000, -0.0000000000000000000 ) ) ;
#3223 = DIRECTION ( 'NONE',  ( -0.0000000000000000000, -1.000000000000000000, -0.0000000000000000000 ) ) ;
#3224 = CARTESIAN_POINT ( 'NONE',  ( 5.497734334928552500E-013, 11.98503121076350600, 10.00000000395297500 ) ) ;
#3225 = CARTESIAN_POINT ( 'NONE',  ( 0.8696493152035678100, 11.48806051384728600, 2.872815683870296100 ) ) ;
#3226 = DIRECTION ( 'NONE',  ( -0.0000000000000000000, 1.000000000000000000, -0.0000000000000000000 ) ) ;
#3227 = CARTESIAN_POINT ( 'NONE',  ( -1.277494330215414500, -4.500000000000000000, -4.001000904307258700 ) ) ;
#3228 = DIRECTION ( 'NONE',  ( 0.0000000000000000000, 0.0000000000000000000, 1.000000000000000000 ) ) ;
#3229 = CARTESIAN_POINT ( 'NONE',  ( 0.2714020782018127800, 11.98502960119441100, 9.999999999999996400 ) ) ;
#3230 = CARTESIAN_POINT ( 'NONE',  ( 0.5382962328712512800, 11.93352577912896200, 9.988653116529151900 ) ) ;
#3231 = CARTESIAN_POINT ( 'NONE',  ( -3.971267992750581800, -4.500000000000000000, 8.904579188808131800 ) ) ;
#3232 = CARTESIAN_POINT ( 'NONE',  ( 1.277494330215372500, -4.500000000000000000, 4.001000904307269400 ) ) ;
#3233 = CARTESIAN_POINT ( 'NONE',  ( -4.108279147407979600, -4.333113010179416400, 9.025974339751760700 ) ) ;
#3234 = CARTESIAN_POINT ( 'NONE',  ( 0.0000000000000000000, -4.500000000000000000, 0.0000000000000000000 ) ) ;
#3235 = DIRECTION ( 'NONE',  ( 0.0000000000000000000, 1.000000000000000000, 0.0000000000000000000 ) ) ;
#3236 = CARTESIAN_POINT ( 'NONE',  ( -3.751391181822358800E-014, 11.71999999999999400, 3.000000000000000400 ) ) ;
#3237 = CARTESIAN_POINT ( 'NONE',  ( 1.052939752192648900, 11.36452625572318800, 2.810814430583718600 ) ) ;
#3238 = DIRECTION ( 'NONE',  ( -0.0000000000000000000, 1.000000000000000000, -0.0000000000000000000 ) ) ;
#3239 = CARTESIAN_POINT ( 'NONE',  ( 0.9134839556318079500, 11.78304013585670300, 9.958980145676115100 ) ) ;
#3240 = CARTESIAN_POINT ( 'NONE',  ( 0.1165772800774714500, 11.71999999999999900, 3.000000000000002200 ) ) ;
#3241 = CARTESIAN_POINT ( 'NONE',  ( 1.030887514727870400, 11.72222169480030400, 9.947356532279517400 ) ) ;
#3242 = CARTESIAN_POINT ( 'NONE',  ( -9.659258262890691800, 5.000000000000000000, 2.588190451025167400 ) ) ;
#3243 = DIRECTION ( 'NONE',  ( -0.0000000000000000000, 1.000000000000000000, -0.0000000000000000000 ) ) ;
#3244 = CARTESIAN_POINT ( 'NONE',  ( -9.659258262890691800, -4.500000000000000000, -2.588190451025179900 ) ) ;
#3245 = CARTESIAN_POINT ( 'NONE',  ( 1.254191460466626900, 11.57803324105199600, 9.921675001167811200 ) ) ;
#3246 = DIRECTION ( 'NONE',  ( 0.0000000000000000000, 1.000000000000000000, 0.0000000000000000000 ) ) ;
#3247 = DIRECTION ( 'NONE',  ( 0.0000000000000000000, 0.0000000000000000000, 1.000000000000000000 ) ) ;
#3248 = CARTESIAN_POINT ( 'NONE',  ( 0.5639682517405657500, 11.62883272990543800, 2.948446521439621400 ) ) ;
#3249 = DIRECTION ( 'NONE',  ( -0.0000000000000000000, 1.000000000000000000, -0.0000000000000000000 ) ) ;
#3250 = CARTESIAN_POINT ( 'NONE',  ( 0.0000000000000000000, -4.500000000000000000, 0.0000000000000000000 ) ) ;
#3251 = DIRECTION ( 'NONE',  ( 0.0000000000000000000, -1.000000000000000000, -6.123233995736766000E-017 ) ) ;
#3252 = CARTESIAN_POINT ( 'NONE',  ( -0.9121517487429420300, 11.78360198573568100, 9.959091132746765500 ) ) ;
#3253 = DIRECTION ( 'NONE',  ( 0.0000000000000000000, 1.000000000000000000, 0.0000000000000000000 ) ) ;
#3254 = CARTESIAN_POINT ( 'NONE',  ( 0.0000000000000000000, -4.249999999999999100, 0.0000000000000000000 ) ) ;
#3255 = CARTESIAN_POINT ( 'NONE',  ( 5.497734334928552500E-013, 11.98503121076350600, 10.00000000395297500 ) ) ;
#3256 = CARTESIAN_POINT ( 'NONE',  ( -4.178460349414711700, -4.500000000000000000, -9.085178540258263900 ) ) ;
#3257 = CARTESIAN_POINT ( 'NONE',  ( 2.042517145872355700, 10.25845668528181200, 9.789221304643971800 ) ) ;
#3258 = DIRECTION ( 'NONE',  ( 0.0000000000000000000, 1.000000000000000000, 0.0000000000000000000 ) ) ;
#3259 = CARTESIAN_POINT ( 'NONE',  ( -1.794983084154262400, 11.00138272271778000, 9.838142807176378600 ) ) ;
#3260 = DIRECTION ( 'NONE',  ( 0.0000000000000000000, 1.000000000000000000, 0.0000000000000000000 ) ) ;
#3261 = DIRECTION ( 'NONE',  ( -0.0000000000000000000, 1.000000000000000000, -0.0000000000000000000 ) ) ;
#3262 = CARTESIAN_POINT ( 'NONE',  ( -0.6637918640196781600, 11.88316248413149800, 9.978722231044981700 ) ) ;
#3263 = CARTESIAN_POINT ( 'NONE',  ( 0.0000000000000000000, 9.999999999999994700, -1.720000000000000000 ) ) ;
#3264 = DIRECTION ( 'NONE',  ( 0.0000000000000000000, 0.0000000000000000000, -1.000000000000000000 ) ) ;
#3265 = CARTESIAN_POINT ( 'NONE',  ( 4.178460349414618400, -4.500000000000000000, -9.085178540258303000 ) ) ;
#3266 = CARTESIAN_POINT ( 'NONE',  ( 0.0000000000000000000, -4.500000000000000000, 0.0000000000000000000 ) ) ;
#3267 = CARTESIAN_POINT ( 'NONE',  ( 1.989588131780422500, 10.51556665269765900, 9.800115770150702200 ) ) ;
#3268 = CARTESIAN_POINT ( 'NONE',  ( -9.659258262890691800, -4.500000000000000000, 2.588190451025167400 ) ) ;
#3269 = DIRECTION ( 'NONE',  ( -0.0000000000000000000, 1.000000000000000000, -0.0000000000000000000 ) ) ;
#3270 = CARTESIAN_POINT ( 'NONE',  ( 1.795935964223879000, 10.99962395213872000, 9.837964747191042700 ) ) ;
#3271 = DIRECTION ( 'NONE',  ( 0.0000000000000000000, 0.0000000000000000000, 1.000000000000000000 ) ) ;
#3272 = CARTESIAN_POINT ( 'NONE',  ( 1.359101776051898400, 11.49480303046178000, 9.907675182940121100 ) ) ;
#3273 = DIRECTION ( 'NONE',  ( -0.0000000000000000000, 1.000000000000000000, -0.0000000000000000000 ) ) ;
#3274 = DIRECTION ( 'NONE',  ( 0.0000000000000000000, 0.0000000000000000000, -1.000000000000000000 ) ) ;
#3275 = CARTESIAN_POINT ( 'NONE',  ( -2.055496032419142200, 10.00214916294556600, 9.786466985624034700 ) ) ;
#3276 = CARTESIAN_POINT ( 'NONE',  ( -2.055276952114351900, 10.26074620787391500, 9.786513000053753700 ) ) ;
#3277 = CARTESIAN_POINT ( 'NONE',  ( -2.001101789423311800, 10.52249957491584500, 9.798296270023840300 ) ) ;
#3278 = DIRECTION ( 'NONE',  ( 0.0000000000000000000, 0.0000000000000000000, 1.000000000000000000 ) ) ;
#3279 = CARTESIAN_POINT ( 'NONE',  ( -1.358500216130965600, 11.49530022585055800, 9.907756219945515100 ) ) ;
#3280 = CARTESIAN_POINT ( 'NONE',  ( -1.253602184356800600, 11.57847682451941800, 9.921751524558297700 ) ) ;
#3281 = DIRECTION ( 'NONE',  ( -0.0000000000000000000, 1.000000000000000000, -0.0000000000000000000 ) ) ;
#3282 = DIRECTION ( 'NONE',  ( 1.000000000000000000, 0.0000000000000000000, 0.0000000000000000000 ) ) ;
#3283 = CARTESIAN_POINT ( 'NONE',  ( 0.0000000000000000000, 5.000000000000000900, 0.0000000000000000000 ) ) ;
#3284 = DIRECTION ( 'NONE',  ( 0.0000000000000000000, 0.0000000000000000000, 1.000000000000000000 ) ) ;
#3285 = CARTESIAN_POINT ( 'NONE',  ( -4.949747468305860200, -4.999999999999999100, 4.949747468305805100 ) ) ;
#3286 = DIRECTION ( 'NONE',  ( 0.0000000000000000000, 0.0000000000000000000, -1.000000000000000000 ) ) ;
#3287 = CARTESIAN_POINT ( 'NONE',  ( 1.949948271685027400, 10.64111697869934800, 9.808182085707537500 ) ) ;
#3288 = CARTESIAN_POINT ( 'NONE',  ( 1.643564488345131200, 11.21992852762551400, 9.865872310440197500 ) ) ;
#3289 = CARTESIAN_POINT ( 'NONE',  ( 2.055529117866348600, 10.12962815825797400, 9.786460036533380700 ) ) ;
#3290 = CARTESIAN_POINT ( 'NONE',  ( 2.055497237152815500, 9.999999999999994700, 9.786466732588284100 ) ) ;
#3291 = CARTESIAN_POINT ( 'NONE',  ( -1.642516409178152600, 11.22110839685367600, 9.866040971431646200 ) ) ;
#3292 = CARTESIAN_POINT ( 'NONE',  ( -0.5336571823500320100, 11.92134696869235100, 9.986621014495122900 ) ) ;
#3293 = CARTESIAN_POINT ( 'NONE',  ( 0.0000000000000000000, 15.00000000000000000, 0.0000000000000000000 ) ) ;
#3294 = CARTESIAN_POINT ( 'NONE',  ( -0.2701334581958904600, 11.97209027596803900, 9.997220473221169400 ) ) ;
#3295 = CARTESIAN_POINT ( 'NONE',  ( -0.1355702996105909400, 11.98503199252527000, 10.00000000000000400 ) ) ;
#3296 = CARTESIAN_POINT ( 'NONE',  ( -1.029936737838226900, 11.72277208927185300, 9.947457065388626100 ) ) ;
#3297 = CARTESIAN_POINT ( 'NONE',  ( 4.039205825515860900, -4.416454182136767800, 8.965758091466844000 ) ) ;
#3298 = CARTESIAN_POINT ( 'NONE',  ( -1.511966430583540500E-013, 8.014968815698878800, 9.999999999996580500 ) ) ;
#3299 = CARTESIAN_POINT ( 'NONE',  ( 0.0000000000000000000, 4.250000000000000900, 3.000000000000001300 ) ) ;
#3300 = DIRECTION ( 'NONE',  ( 0.0000000000000000000, 0.0000000000000000000, -1.000000000000000000 ) ) ;
#3301 = CARTESIAN_POINT ( 'NONE',  ( -0.5393925580942821000, 8.067068288883783500, 9.988541222077953900 ) ) ;
#3302 = CARTESIAN_POINT ( 'NONE',  ( 0.0000000000000000000, -4.500000000000000000, 3.949999999999998800 ) ) ;
#3303 = CARTESIAN_POINT ( 'NONE',  ( 4.108279147407988500, -4.333113010179417300, 9.025974339751751800 ) ) ;
#3304 = DIRECTION ( 'NONE',  ( -0.0000000000000000000, -1.000000000000000000, -0.0000000000000000000 ) ) ;
#3305 = DIRECTION ( 'NONE',  ( -0.0000000000000000000, -1.000000000000000000, -0.0000000000000000000 ) ) ;
#3306 = DIRECTION ( 'NONE',  ( 0.0000000000000000000, 0.7071067811865432400, 0.7071067811865517900 ) ) ;
#3307 = CARTESIAN_POINT ( 'NONE',  ( -1.846730021231511900, 9.118701537749444700, 9.828141183315629800 ) ) ;
#3308 = CARTESIAN_POINT ( 'NONE',  ( -1.412619205980623100, 4.418762379582880800, -3.777088541010633200 ) ) ;
#3309 = DIRECTION ( 'NONE',  ( 0.0000000000000000000, 0.7071067811865451300, 0.7071067811865500200 ) ) ;
#3310 = CARTESIAN_POINT ( 'NONE',  ( -1.547846144689538400, 8.687472971714676400, 9.879946752744595900 ) ) ;
#3311 = CARTESIAN_POINT ( 'NONE',  ( 0.0000000000000000000, 4.500000000000000000, -3.216400630860731400E-032 ) ) ;
#3312 = DIRECTION ( 'NONE',  ( 0.0000000000000000000, 1.000000000000000000, 0.0000000000000000000 ) ) ;
#3313 = CARTESIAN_POINT ( 'NONE',  ( -1.277494330215367800, 4.250000000000002700, -4.001000904307270300 ) ) ;
#3314 = CARTESIAN_POINT ( 'NONE',  ( -1.358301527173622100, 8.504531010670033800, 9.907784438812573300 ) ) ;
#3315 = CARTESIAN_POINT ( 'NONE',  ( 9.659258262890675800, 5.000000000000000000, -2.588190451025223800 ) ) ;
#3316 = CARTESIAN_POINT ( 'NONE',  ( 4.178460349414668200, -4.249999999999996400, 9.085178540258274500 ) ) ;
#3317 = DIRECTION ( 'NONE',  ( 1.776356839400250500E-015, 0.0000000000000000000, 1.000000000000000000 ) ) ;
#3318 = CARTESIAN_POINT ( 'NONE',  ( -0.2694696325346184200, 8.014962426687210600, 9.999999999999998200 ) ) ;
#3319 = CARTESIAN_POINT ( 'NONE',  ( -2.001776002846205500, 9.479350939369158600, 9.798161888662548300 ) ) ;
#3320 = CARTESIAN_POINT ( 'NONE',  ( -0.9114296942130787300, 8.216059192481628400, 9.959155131421850300 ) ) ;
#3321 = CARTESIAN_POINT ( 'NONE',  ( -1.255626424581364200, 8.422960272688438700, 9.921501593717891900 ) ) ;
#3322 = CARTESIAN_POINT ( 'NONE',  ( -2.055496032419142200, 10.00214916294556600, 9.786466985624034700 ) ) ;
#3323 = CARTESIAN_POINT ( 'NONE',  ( 0.0000000000000000000, -4.249999999999997300, 0.0000000000000000000 ) ) ;
#3324 = DIRECTION ( 'NONE',  ( 0.0000000000000000000, 1.000000000000000000, 0.0000000000000000000 ) ) ;
#3325 = CARTESIAN_POINT ( 'NONE',  ( -1.479499447192448500, 4.500000000000000000, -3.662455649664206900 ) ) ;
#3326 = DIRECTION ( 'NONE',  ( 0.0000000000000000000, 0.0000000000000000000, 1.000000000000000000 ) ) ;
#3327 = CARTESIAN_POINT ( 'NONE',  ( 0.0000000000000000000, -4.500000000000000000, -5.510910596163088600E-016 ) ) ;
#3328 = CARTESIAN_POINT ( 'NONE',  ( 3.971267992750581800, -4.500000000000000000, 8.904579188808131800 ) ) ;
#3329 = CARTESIAN_POINT ( 'NONE',  ( -1.634181532274921800, 8.788998786171481100, 9.865859042442009400 ) ) ;
#3330 = CARTESIAN_POINT ( 'NONE',  ( -1.783269450664904100, 9.004318262137905600, 9.840003759759872200 ) ) ;
#3331 = CARTESIAN_POINT ( 'NONE',  ( 4.949747468305841600, 4.999999999999999100, 3.949747468305822000 ) ) ;
#3332 = DIRECTION ( 'NONE',  ( -0.0000000000000000000, 1.000000000000000000, 6.123233995736766000E-017 ) ) ;
#3333 = CARTESIAN_POINT ( 'NONE',  ( 0.0000000000000000000, -4.500000000000000000, 0.0000000000000000000 ) ) ;
#3334 = DIRECTION ( 'NONE',  ( -0.0000000000000000000, -1.000000000000000000, -6.123233995736766000E-017 ) ) ;
#3335 = DIRECTION ( 'NONE',  ( -0.0000000000000000000, 1.000000000000000000, -0.0000000000000000000 ) ) ;
#3336 = DIRECTION ( 'NONE',  ( 0.0000000000000000000, 0.0000000000000000000, 1.000000000000000000 ) ) ;
#3337 = CARTESIAN_POINT ( 'NONE',  ( -2.055715239284770800, 9.743402728693249400, 9.786420944612171300 ) ) ;
#3338 = CARTESIAN_POINT ( 'NONE',  ( -1.345235878690873400, 4.335272736193802600, -3.889857481262125400 ) ) ;
#3339 = DIRECTION ( 'NONE',  ( 0.0000000000000000000, 0.0000000000000000000, 1.000000000000000000 ) ) ;
#3340 = CARTESIAN_POINT ( 'NONE',  ( -1.030909729826641900, 8.277726137332038500, 9.947362299685401900 ) ) ;
#3341 = CARTESIAN_POINT ( 'NONE',  ( 0.9320347986012470500, 8.554343862586037500, 9.597100812560142900 ) ) ;
#3342 = CARTESIAN_POINT ( 'NONE',  ( 0.5510701727679565600, 8.370416074117917700, 9.636261290468889100 ) ) ;
#3343 = CARTESIAN_POINT ( 'NONE',  ( -0.3885918138975780800, 8.324245306393638800, 9.646810072984870000 ) ) ;
#3344 = CARTESIAN_POINT ( 'NONE',  ( -0.5496048909452020400, 8.369203809526224400, 9.636521502650440500 ) ) ;
#3345 = CARTESIAN_POINT ( 'NONE',  ( 0.9462818869134181900, 8.563647752321287500, 9.595241181384347200 ) ) ;
#3346 = CARTESIAN_POINT ( 'NONE',  ( 1.070653979282057300, 8.653820308817834900, 9.577811181973222800 ) ) ;
#3347 = CARTESIAN_POINT ( 'NONE',  ( 1.089323298828883700, 8.668917408421322100, 9.575003378292445100 ) ) ;
#3348 = CARTESIAN_POINT ( 'NONE',  ( 1.106526300750674700, 8.683037242682017300, 9.572391926720042600 ) ) ;
#3349 = CARTESIAN_POINT ( 'NONE',  ( 1.266208508110147100, 8.835564967869741400, 9.546013011777557000 ) ) ;
#3350 = CARTESIAN_POINT ( 'NONE',  ( -0.1108525622191330200, 8.279956538604476900, 9.657192230237761500 ) ) ;
#3351 = CARTESIAN_POINT ( 'NONE',  ( 1.294287272400223700, 8.867119296210548300, 9.540976309556825200 ) ) ;
#3352 = CARTESIAN_POINT ( 'NONE',  ( 1.302633244724574800, 8.876756060261001800, 9.539459320489939400 ) ) ;
#3353 = CARTESIAN_POINT ( 'NONE',  ( 0.7604765492364523600, 8.457183702064151400, 9.617229335564356800 ) ) ;
#3354 = CARTESIAN_POINT ( 'NONE',  ( 1.050187812296422300, 8.637690671483605700, 9.580840171935427900 ) ) ;
#3355 = CARTESIAN_POINT ( 'NONE',  ( 0.2812818054769840000, 8.302917523453846400, 9.651777253623345500 ) ) ;
#3356 = CARTESIAN_POINT ( 'NONE',  ( -0.7082416052584312700, 8.432331581400530900, 9.622573692097121900 ) ) ;
#3357 = CARTESIAN_POINT ( 'NONE',  ( 0.6050792291094693200, 8.389689087999448300, 9.631949351547023100 ) ) ;
#3358 = CARTESIAN_POINT ( 'NONE',  ( 0.3110515840984134900, 8.308146285209639700, 9.650555956675869900 ) ) ;
#3359 = CARTESIAN_POINT ( 'NONE',  ( 1.156212246461047600, 8.726512602250672000, 9.564552407255341400 ) ) ;
#3360 = CARTESIAN_POINT ( 'NONE',  ( -0.9769002930936650000, 8.584287684973182000, 9.591153467858111600 ) ) ;
#3361 = CARTESIAN_POINT ( 'NONE',  ( 1.124814486691534600, 8.698470125237129500, 9.569561562996392800 ) ) ;
#3362 = CARTESIAN_POINT ( 'NONE',  ( 0.6340875536771051200, 8.400916809532452200, 9.629459467465931500 ) ) ;
#3363 = CARTESIAN_POINT ( 'NONE',  ( 1.313729206921837400, 8.889798148764811000, 9.537426704399628400 ) ) ;
#3364 = CARTESIAN_POINT ( 'NONE',  ( 0.8352591455264276600, 8.496190243249913000, 9.608989709204477600 ) ) ;
#3365 = CARTESIAN_POINT ( 'NONE',  ( 1.079514696228550900, 8.660947140859699200, 9.576483012845677900 ) ) ;
#3366 = CARTESIAN_POINT ( 'NONE',  ( -0.2235509365743261500, 8.290770927228187800, 9.654603061049176200 ) ) ;
#3367 = CARTESIAN_POINT ( 'NONE',  ( -0.4420047563082159000, 8.337535207478705200, 9.643742480127709600 ) ) ;
#3368 = CARTESIAN_POINT ( 'NONE',  ( -0.8699255726194709000, 8.516144101261010800, 9.604862868880605500 ) ) ;
#3369 = CARTESIAN_POINT ( 'NONE',  ( 0.05643475025349488400, 8.280021927792724100, 9.657177548409283200 ) ) ;
#3370 = CARTESIAN_POINT ( 'NONE',  ( 0.1969015229694781900, 8.291074089427148400, 9.654556480090578300 ) ) ;
#3371 = CARTESIAN_POINT ( 'NONE',  ( 0.4434872032312933100, 8.337209791861251800, 9.643801428537171800 ) ) ;
#3372 = CARTESIAN_POINT ( 'NONE',  ( 0.7220771840907417300, 8.438460987379013300, 9.621238318276232000 ) ) ;
#3373 = CARTESIAN_POINT ( 'NONE',  ( 0.9992776801490026500, 8.599776280650234000, 9.588108473346705900 ) ) ;
#3374 = CARTESIAN_POINT ( 'NONE',  ( 0.1125650756913058700, 8.282757729953530700, 9.656520446101046300 ) ) ;
#3375 = CARTESIAN_POINT ( 'NONE',  ( 0.9775391568923019700, 8.584568633811342100, 9.591089687003638200 ) ) ;
#3376 = CARTESIAN_POINT ( 'NONE',  ( 1.033027797354941800, 8.624700339394925300, 9.583316326756630600 ) ) ;
#3377 = CARTESIAN_POINT ( 'NONE',  ( 1.085441038469580100, 8.665746541712813700, 9.575590893300136100 ) ) ;
#3378 = CARTESIAN_POINT ( 'NONE',  ( 0.7861612335783808600, 8.470112021769708100, 9.614478532574503700 ) ) ;
#3379 = CARTESIAN_POINT ( 'NONE',  ( 0.8002320468631907200, 8.477435033457114200, 9.612930543721924800 ) ) ;
#3380 = CARTESIAN_POINT ( 'NONE',  ( -0.7847235830312112600, 8.469163199428374300, 9.614670075733823000 ) ) ;
#3381 = CARTESIAN_POINT ( 'NONE',  ( -0.3635442635799177000, 8.318616489703680700, 9.648118093543191200 ) ) ;
#3382 = CARTESIAN_POINT ( 'NONE',  ( 0.8709703888778033100, 8.516352071080866900, 9.604797964760145100 ) ) ;
#3383 = CARTESIAN_POINT ( 'NONE',  ( 1.167336800167919400, 8.736677355775356100, 9.562755420315722800 ) ) ;
#3384 = CARTESIAN_POINT ( 'NONE',  ( -0.9308178165631935100, 8.553324213623138700, 9.597291435945503900 ) ) ;
#3385 = CARTESIAN_POINT ( 'NONE',  ( 0.9075130284488756000, 8.538825596774337600, 9.600229855425521200 ) ) ;
#3386 = CARTESIAN_POINT ( 'NONE',  ( -0.9985936200894395300, 8.599504971989631500, 9.588176345616549400 ) ) ;
#3387 = CARTESIAN_POINT ( 'NONE',  ( 1.190785172451354500, 8.758754665061328400, 9.558906909717951100 ) ) ;
#3388 = CARTESIAN_POINT ( 'NONE',  ( -0.9680792561473199300, 8.578224450397531300, 9.592347830087238200 ) ) ;
#3389 = CARTESIAN_POINT ( 'NONE',  ( 1.202266736411072200, 8.769824675046242700, 9.556998102252418200 ) ) ;
#3390 = CARTESIAN_POINT ( 'NONE',  ( -1.009646566038274100, 8.607445187749306100, 9.586634709130374100 ) ) ;
#3391 = CARTESIAN_POINT ( 'NONE',  ( -0.6850182209118855800, 8.422023864165129900, 9.624819579673751200 ) ) ;
#3392 = CARTESIAN_POINT ( 'NONE',  ( 1.243443248649940300, 8.810985521614942000, 9.550018459951454400 ) ) ;
#3393 = CARTESIAN_POINT ( 'NONE',  ( -0.4688402729565820400, 8.344892983457663500, 9.642053570590139300 ) ) ;
#3394 = CARTESIAN_POINT ( 'NONE',  ( 0.2250368511756190800, 8.294547918613556400, 9.653738772662404000 ) ) ;
#3395 = CARTESIAN_POINT ( 'NONE',  ( 0.6841387054457349600, 8.421681810446594700, 9.624895635669421500 ) ) ;
#3396 = CARTESIAN_POINT ( 'NONE',  ( -0.6037959823088986400, 8.388396759518604600, 9.632213004921341700 ) ) ;
#3397 = CARTESIAN_POINT ( 'NONE',  ( -0.8233510153782479500, 8.489799282077692400, 9.610331904921837400 ) ) ;
#3398 = CARTESIAN_POINT ( 'NONE',  ( -0.9062420813416793800, 8.537837009603690000, 9.600420195643845700 ) ) ;
#3399 = CARTESIAN_POINT ( 'NONE',  ( -0.8579110346414347000, 8.509169409873985400, 9.606302015574403400 ) ) ;
#3400 = CARTESIAN_POINT ( 'NONE',  ( -0.8340862358098618500, 8.495710352675534000, 9.609096820191744800 ) ) ;
#3401 = CARTESIAN_POINT ( 'NONE',  ( -0.7590991891443889000, 8.456316462763975700, 9.617407644556347900 ) ) ;
#3402 = CARTESIAN_POINT ( 'NONE',  ( 0.3900999910052168100, 8.323959929507067200, 9.646874807715663600 ) ) ;
#3403 = CARTESIAN_POINT ( 'NONE',  ( 0.5241076958523710500, 8.361555870016820400, 9.638262439961897200 ) ) ;
#3404 = CARTESIAN_POINT ( 'NONE',  ( 1.323594882959334700, 8.901591091937589800, 9.535606597380603200 ) ) ;
#3405 = CARTESIAN_POINT ( 'NONE',  ( 1.549383701330465200, 9.252204830274820300, 9.490213350861623100 ) ) ;
#3406 = CARTESIAN_POINT ( 'NONE',  ( 1.415376579002531400, 9.022682125382115000, 9.518034626882203100 ) ) ;
#3407 = CARTESIAN_POINT ( 'NONE',  ( 1.327086717298238800, 8.905808064433594900, 9.534959907017189100 ) ) ;
#3408 = CARTESIAN_POINT ( 'NONE',  ( 1.654767465327046800, 9.529963034042625100, 9.466483773668331400 ) ) ;
#3409 = CARTESIAN_POINT ( 'NONE',  ( 1.662137311414527300, 9.556768227951984300, 9.464760510015169700 ) ) ;
#3410 = CARTESIAN_POINT ( 'NONE',  ( 1.720000000000000200, 9.888447335036019600, 9.450968713645153200 ) ) ;
#3411 = DIRECTION ( 'NONE',  ( 0.0000000000000000000, 0.0000000000000000000, 1.000000000000000000 ) ) ;
#3412 = CARTESIAN_POINT ( 'NONE',  ( 1.367411605448572300, 8.956271474731840600, 9.527389716541502900 ) ) ;
#3413 = CARTESIAN_POINT ( 'NONE',  ( 1.425513642516396800, 9.037520830062600700, 9.516019075023667300 ) ) ;
#3414 = CARTESIAN_POINT ( 'NONE',  ( 1.392343679578445600, 8.990061877523460900, 9.522564006917029600 ) ) ;
#3415 = CARTESIAN_POINT ( 'NONE',  ( 1.446185900377909800, 9.068425471275626000, 9.511882080097386400 ) ) ;
#3416 = CARTESIAN_POINT ( 'NONE',  ( 1.529962482501056300, 9.213565469412856100, 9.494403660067147800 ) ) ;
#3417 = CARTESIAN_POINT ( 'NONE',  ( 1.326597086387299300, 8.905218873977213800, 9.535050492438847100 ) ) ;
#3418 = CARTESIAN_POINT ( 'NONE',  ( 1.349308373339607000, 8.932884107856599700, 9.530832631216590300 ) ) ;
#3419 = CARTESIAN_POINT ( 'NONE',  ( 1.509132883563096200, 9.174691538309044600, 9.498832516612388600 ) ) ;
#3420 = CARTESIAN_POINT ( 'NONE',  ( 1.566831423444411600, 9.290330667086019300, 9.486380862665672700 ) ) ;
#3421 = CARTESIAN_POINT ( 'NONE',  ( 1.611152580185648100, 9.394987914398800700, 9.476521582443695000 ) ) ;
#3422 = CARTESIAN_POINT ( 'NONE',  ( 1.720000000000000000, 9.999999999999994700, 9.450969495435465700 ) ) ;
#3423 = CARTESIAN_POINT ( 'NONE',  ( 1.318921175515884700, 8.895966285989311800, 9.536471113231980800 ) ) ;
#3424 = CARTESIAN_POINT ( 'NONE',  ( 1.583000952514978200, 9.327152505682505500, 9.482804033950991100 ) ) ;
#3425 = CARTESIAN_POINT ( 'NONE',  ( 1.404253955723248300, 9.006635231677757100, 9.520235817701832900 ) ) ;
#3426 = CARTESIAN_POINT ( 'NONE',  ( 1.675445659981490000, 9.610081179989567300, 9.461629869488758600 ) ) ;
#3427 = CARTESIAN_POINT ( 'NONE',  ( 1.422621620039465200, 9.033258661982014100, 9.516595388201460900 ) ) ;
#3428 = CARTESIAN_POINT ( 'NONE',  ( 1.630403509811216000, 9.449232490173473700, 9.472127394797667000 ) ) ;
#3429 = CARTESIAN_POINT ( 'NONE',  ( 1.681029389426056600, 9.634813057966404400, 9.460306769849543300 ) ) ;
#3430 = CARTESIAN_POINT ( 'NONE',  ( 1.503434217536763000, 9.164374899839076600, 9.500036192262099300 ) ) ;
#3431 = CARTESIAN_POINT ( 'NONE',  ( 1.709111753382983800, 9.775326934449337200, 9.453636450492721700 ) ) ;
#3432 = CARTESIAN_POINT ( 'NONE',  ( 1.483150625416288100, 9.128874251305369100, 9.504283239786063900 ) ) ;
#3433 = CARTESIAN_POINT ( 'NONE',  ( 0.0000000000000000000, 15.00000000000000000, 0.0000000000000000000 ) ) ;
#3434 = CARTESIAN_POINT ( 'NONE',  ( 1.578040648566529900, 9.315617809230001700, 9.483905386314933800 ) ) ;
#3435 = CARTESIAN_POINT ( 'NONE',  ( 0.0000000000000000000, -4.500000000000000000, 4.200000000000000200 ) ) ;
#3436 = DIRECTION ( 'NONE',  ( 0.0000000000000000000, 1.000000000000000000, 0.0000000000000000000 ) ) ;
#3437 = CARTESIAN_POINT ( 'NONE',  ( 1.461594086506034200, 9.092847247076552000, 9.508741271541669700 ) ) ;
#3438 = CARTESIAN_POINT ( 'NONE',  ( 1.490076880579827500, 9.140782539492574800, 9.502839426047190200 ) ) ;
#3439 = ADVANCED_FACE ( 'NONE', ( #4658 ), #6803, .T. ) ;
#3440 = ADVANCED_FACE ( 'NONE', ( #6815 ), #6860, .T. ) ;
#3441 = ADVANCED_FACE ( 'NONE', ( #6804 ), #6802, .T. ) ;
#3442 = ADVANCED_FACE ( 'NONE', ( #6836 ), #6858, .T. ) ;
#3443 = ADVANCED_FACE ( 'NONE', ( #6844 ), #6851, .T. ) ;
#3444 = ADVANCED_FACE ( 'NONE', ( #6853 ), #6835, .T. ) ;
#3445 = ADVANCED_FACE ( 'NONE', ( #6805 ), #6832, .T. ) ;
#3446 = ADVANCED_FACE ( 'NONE', ( #6807 ), #6828, .T. ) ;
#3447 = ADVANCED_FACE ( 'NONE', ( #6809 ), #4268, .T. ) ;
#3448 = ADVANCED_FACE ( 'NONE', ( #6814 ), #453, .T. ) ;
#3449 = ADVANCED_FACE ( 'NONE', ( #6837 ), #6810, .T. ) ;
#3450 = ADVANCED_FACE ( 'NONE', ( #6826 ), #6838, .T. ) ;
#3451 = ADVANCED_FACE ( 'NONE', ( #6854 ), #6829, .T. ) ;
#3452 = ADVANCED_FACE ( 'NONE', ( #6845 ), #6834, .F. ) ;
#3453 = ADVANCED_FACE ( 'NONE', ( #6808 ), #4276, .T. ) ;
#3454 = ORIENTED_EDGE ( 'NONE', *, *, #3694, .F. ) ;
#3455 = ORIENTED_EDGE ( 'NONE', *, *, #3717, .F. ) ;
#3456 = ORIENTED_EDGE ( 'NONE', *, *, #6935, .F. ) ;
#3457 = ORIENTED_EDGE ( 'NONE', *, *, #3715, .T. ) ;
#3458 = ORIENTED_EDGE ( 'NONE', *, *, #3665, .T. ) ;
#3459 = ORIENTED_EDGE ( 'NONE', *, *, #3710, .T. ) ;
#3460 = ORIENTED_EDGE ( 'NONE', *, *, #3705, .F. ) ;
#3461 = ORIENTED_EDGE ( 'NONE', *, *, #3668, .T. ) ;
#3462 = ORIENTED_EDGE ( 'NONE', *, *, #3713, .F. ) ;
#3463 = ORIENTED_EDGE ( 'NONE', *, *, #3686, .T. ) ;
#3464 = ORIENTED_EDGE ( 'NONE', *, *, #3823, .T. ) ;
#3465 = ORIENTED_EDGE ( 'NONE', *, *, #3940, .F. ) ;
#3466 = ORIENTED_EDGE ( 'NONE', *, *, #3880, .T. ) ;
#3467 = ORIENTED_EDGE ( 'NONE', *, *, #3874, .T. ) ;
#3468 = ORIENTED_EDGE ( 'NONE', *, *, #3914, .T. ) ;
#3469 = ORIENTED_EDGE ( 'NONE', *, *, #3932, .T. ) ;
#3470 = ORIENTED_EDGE ( 'NONE', *, *, #3910, .T. ) ;
#3471 = ORIENTED_EDGE ( 'NONE', *, *, #3852, .T. ) ;
#3472 = ORIENTED_EDGE ( 'NONE', *, *, #3886, .F. ) ;
#3473 = ORIENTED_EDGE ( 'NONE', *, *, #3925, .T. ) ;
#3474 = ORIENTED_EDGE ( 'NONE', *, *, #3916, .F. ) ;
#3475 = ORIENTED_EDGE ( 'NONE', *, *, #3953, .T. ) ;
#3476 = ORIENTED_EDGE ( 'NONE', *, *, #3879, .T. ) ;
#3477 = ORIENTED_EDGE ( 'NONE', *, *, #3920, .F. ) ;
#3478 = ORIENTED_EDGE ( 'NONE', *, *, #3922, .F. ) ;
#3479 = ORIENTED_EDGE ( 'NONE', *, *, #3937, .T. ) ;
#3480 = ORIENTED_EDGE ( 'NONE', *, *, #3911, .T. ) ;
#3481 = ORIENTED_EDGE ( 'NONE', *, *, #3912, .T. ) ;
#3482 = ORIENTED_EDGE ( 'NONE', *, *, #3942, .T. ) ;
#3483 = ORIENTED_EDGE ( 'NONE', *, *, #3914, .F. ) ;
#3484 = ORIENTED_EDGE ( 'NONE', *, *, #3856, .F. ) ;
#3485 = ORIENTED_EDGE ( 'NONE', *, *, #3911, .F. ) ;
#3486 = ORIENTED_EDGE ( 'NONE', *, *, #3921, .F. ) ;
#3487 = ORIENTED_EDGE ( 'NONE', *, *, #3877, .F. ) ;
#3488 = ORIENTED_EDGE ( 'NONE', *, *, #3828, .T. ) ;
#3489 = ORIENTED_EDGE ( 'NONE', *, *, #3839, .T. ) ;
#3490 = ORIENTED_EDGE ( 'NONE', *, *, #3907, .F. ) ;
#3491 = ORIENTED_EDGE ( 'NONE', *, *, #3957, .T. ) ;
#3492 = ORIENTED_EDGE ( 'NONE', *, *, #3920, .T. ) ;
#3493 = ORIENTED_EDGE ( 'NONE', *, *, #3881, .T. ) ;
#3494 = ORIENTED_EDGE ( 'NONE', *, *, #3916, .T. ) ;
#3495 = ORIENTED_EDGE ( 'NONE', *, *, #3929, .T. ) ;
#3496 = ORIENTED_EDGE ( 'NONE', *, *, #3946, .F. ) ;
#3497 = ORIENTED_EDGE ( 'NONE', *, *, #3857, .F. ) ;
#3498 = ORIENTED_EDGE ( 'NONE', *, *, #3962, .F. ) ;
#3499 = ORIENTED_EDGE ( 'NONE', *, *, #3858, .F. ) ;
#3500 = ORIENTED_EDGE ( 'NONE', *, *, #3952, .T. ) ;
#3501 = ORIENTED_EDGE ( 'NONE', *, *, #3906, .F. ) ;
#3502 = ORIENTED_EDGE ( 'NONE', *, *, #3854, .T. ) ;
#3503 = ORIENTED_EDGE ( 'NONE', *, *, #3946, .T. ) ;
#3504 = ORIENTED_EDGE ( 'NONE', *, *, #3960, .F. ) ;
#3505 = ORIENTED_EDGE ( 'NONE', *, *, #3848, .T. ) ;
#3506 = ORIENTED_EDGE ( 'NONE', *, *, #3856, .T. ) ;
#3507 = ORIENTED_EDGE ( 'NONE', *, *, #3959, .F. ) ;
#3508 = ORIENTED_EDGE ( 'NONE', *, *, #3921, .T. ) ;
#3509 = ORIENTED_EDGE ( 'NONE', *, *, #3820, .F. ) ;
#3510 = ORIENTED_EDGE ( 'NONE', *, *, #3866, .F. ) ;
#3511 = ORIENTED_EDGE ( 'NONE', *, *, #3927, .T. ) ;
#3512 = ORIENTED_EDGE ( 'NONE', *, *, #3962, .T. ) ;
#3513 = ORIENTED_EDGE ( 'NONE', *, *, #3866, .T. ) ;
#3514 = ORIENTED_EDGE ( 'NONE', *, *, #3959, .T. ) ;
#3515 = ORIENTED_EDGE ( 'NONE', *, *, #3904, .F. ) ;
#3516 = ORIENTED_EDGE ( 'NONE', *, *, #3931, .F. ) ;
#3517 = ORIENTED_EDGE ( 'NONE', *, *, #3942, .F. ) ;
#3518 = ORIENTED_EDGE ( 'NONE', *, *, #3784, .F. ) ;
#3519 = ORIENTED_EDGE ( 'NONE', *, *, #3865, .F. ) ;
#3520 = ORIENTED_EDGE ( 'NONE', *, *, #3844, .F. ) ;
#3521 = ORIENTED_EDGE ( 'NONE', *, *, #3958, .T. ) ;
#3522 = ORIENTED_EDGE ( 'NONE', *, *, #3922, .T. ) ;
#3523 = ORIENTED_EDGE ( 'NONE', *, *, #3800, .T. ) ;
#3524 = ORIENTED_EDGE ( 'NONE', *, *, #3938, .F. ) ;
#3525 = ORIENTED_EDGE ( 'NONE', *, *, #3845, .F. ) ;
#3526 = ORIENTED_EDGE ( 'NONE', *, *, #3829, .T. ) ;
#3527 = ORIENTED_EDGE ( 'NONE', *, *, #3841, .F. ) ;
#3528 = ORIENTED_EDGE ( 'NONE', *, *, #3693, .T. ) ;
#3529 = ORIENTED_EDGE ( 'NONE', *, *, #3958, .F. ) ;
#3530 = ORIENTED_EDGE ( 'NONE', *, *, #3842, .T. ) ;
#3531 = ORIENTED_EDGE ( 'NONE', *, *, #3783, .F. ) ;
#3532 = ORIENTED_EDGE ( 'NONE', *, *, #3822, .T. ) ;
#3533 = ORIENTED_EDGE ( 'NONE', *, *, #3887, .F. ) ;
#3534 = ORIENTED_EDGE ( 'NONE', *, *, #3896, .F. ) ;
#3535 = ORIENTED_EDGE ( 'NONE', *, *, #3872, .T. ) ;
#3536 = ORIENTED_EDGE ( 'NONE', *, *, #3854, .F. ) ;
#3537 = ORIENTED_EDGE ( 'NONE', *, *, #3927, .F. ) ;
#3538 = ORIENTED_EDGE ( 'NONE', *, *, #3870, .F. ) ;
#3539 = ORIENTED_EDGE ( 'NONE', *, *, #3825, .F. ) ;
#3540 = ORIENTED_EDGE ( 'NONE', *, *, #3895, .F. ) ;
#3541 = ORIENTED_EDGE ( 'NONE', *, *, #3931, .T. ) ;
#3542 = ORIENTED_EDGE ( 'NONE', *, *, #3935, .F. ) ;
#3543 = ORIENTED_EDGE ( 'NONE', *, *, #3872, .F. ) ;
#3544 = ORIENTED_EDGE ( 'NONE', *, *, #3810, .T. ) ;
#3545 = ORIENTED_EDGE ( 'NONE', *, *, #3943, .T. ) ;
#3546 = ORIENTED_EDGE ( 'NONE', *, *, #3952, .F. ) ;
#3547 = ORIENTED_EDGE ( 'NONE', *, *, #3915, .F. ) ;
#3548 = ORIENTED_EDGE ( 'NONE', *, *, #3818, .F. ) ;
#3549 = ORIENTED_EDGE ( 'NONE', *, *, #3941, .F. ) ;
#3550 = ORIENTED_EDGE ( 'NONE', *, *, #3782, .T. ) ;
#3551 = ORIENTED_EDGE ( 'NONE', *, *, #3913, .F. ) ;
#3552 = ORIENTED_EDGE ( 'NONE', *, *, #3860, .F. ) ;
#3553 = ORIENTED_EDGE ( 'NONE', *, *, #3864, .F. ) ;
#3554 = ORIENTED_EDGE ( 'NONE', *, *, #3846, .T. ) ;
#3555 = ORIENTED_EDGE ( 'NONE', *, *, #3670, .T. ) ;
#3556 = ORIENTED_EDGE ( 'NONE', *, *, #6933, .F. ) ;
#3557 = ORIENTED_EDGE ( 'NONE', *, *, #3690, .F. ) ;
#3558 = ORIENTED_EDGE ( 'NONE', *, *, #3690, .T. ) ;
#3559 = ORIENTED_EDGE ( 'NONE', *, *, #6936, .T. ) ;
#3560 = ORIENTED_EDGE ( 'NONE', *, *, #3669, .F. ) ;
#3561 = ORIENTED_EDGE ( 'NONE', *, *, #3693, .F. ) ;
#3562 = ORIENTED_EDGE ( 'NONE', *, *, #3706, .T. ) ;
#3563 = ORIENTED_EDGE ( 'NONE', *, *, #3709, .T. ) ;
#3564 = ORIENTED_EDGE ( 'NONE', *, *, #6932, .F. ) ;
#3565 = ORIENTED_EDGE ( 'NONE', *, *, #3685, .F. ) ;
#3566 = ORIENTED_EDGE ( 'NONE', *, *, #3715, .F. ) ;
#3567 = ORIENTED_EDGE ( 'NONE', *, *, #3675, .F. ) ;
#3568 = ORIENTED_EDGE ( 'NONE', *, *, #3680, .F. ) ;
#3569 = ORIENTED_EDGE ( 'NONE', *, *, #6942, .T. ) ;
#3570 = ORIENTED_EDGE ( 'NONE', *, *, #3676, .F. ) ;
#3571 = ORIENTED_EDGE ( 'NONE', *, *, #3673, .F. ) ;
#3572 = ORIENTED_EDGE ( 'NONE', *, *, #3713, .T. ) ;
#3573 = ORIENTED_EDGE ( 'NONE', *, *, #3659, .T. ) ;
#3574 = ORIENTED_EDGE ( 'NONE', *, *, #3662, .T. ) ;
#3575 = ORIENTED_EDGE ( 'NONE', *, *, #3894, .T. ) ;
#3576 = ORIENTED_EDGE ( 'NONE', *, *, #6936, .F. ) ;
#3577 = ORIENTED_EDGE ( 'NONE', *, *, #3691, .T. ) ;
#3578 = ORIENTED_EDGE ( 'NONE', *, *, #3679, .T. ) ;
#3579 = ORIENTED_EDGE ( 'NONE', *, *, #3696, .F. ) ;
#3580 = DIRECTION ( 'NONE',  ( 0.0000000000000000000, -0.7071067811865482400, -0.7071067811865469100 ) ) ;
#3581 = DIRECTION ( 'NONE',  ( 0.0000000000000000000, 0.0000000000000000000, 1.000000000000000000 ) ) ;
#3582 = CARTESIAN_POINT ( 'NONE',  ( 0.0000000000000000000, 5.000000000000000000, 0.0000000000000000000 ) ) ;
#3583 = CARTESIAN_POINT ( 'NONE',  ( -9.085178540258279900, -4.500000000000000000, -4.178460349414662800 ) ) ;
#3584 = CARTESIAN_POINT ( 'NONE',  ( 0.0000000000000000000, 5.000000000000000900, 0.0000000000000000000 ) ) ;
#3585 = DIRECTION ( 'NONE',  ( 0.0000000000000000000, 1.000000000000000000, 0.0000000000000000000 ) ) ;
#3586 = DIRECTION ( 'NONE',  ( -0.0000000000000000000, -1.000000000000000000, -0.0000000000000000000 ) ) ;
#3587 = DIRECTION ( 'NONE',  ( -0.0000000000000000000, 1.000000000000000000, 6.123233995736766000E-017 ) ) ;
#3588 = CARTESIAN_POINT ( 'NONE',  ( -4.949747468305860200, -4.500000000000000000, 4.949747468305805100 ) ) ;
#3589 = DIRECTION ( 'NONE',  ( -0.0000000000000000000, -1.000000000000000000, -6.123233995736766000E-017 ) ) ;
#3590 = DIRECTION ( 'NONE',  ( -0.0000000000000000000, -1.000000000000000000, -0.0000000000000000000 ) ) ;
#3591 = DIRECTION ( 'NONE',  ( -0.0000000000000000000, 1.000000000000000000, -0.0000000000000000000 ) ) ;
#3592 = CARTESIAN_POINT ( 'NONE',  ( 9.659258262890691800, 5.000000000000000000, 2.588190451025167400 ) ) ;
#3593 = DIRECTION ( 'NONE',  ( -0.0000000000000000000, -1.000000000000000000, -0.0000000000000000000 ) ) ;
#3594 = CARTESIAN_POINT ( 'NONE',  ( 4.949747468305841600, 4.999999999999999100, 5.949747468305822000 ) ) ;
#3595 = CARTESIAN_POINT ( 'NONE',  ( 0.0000000000000000000, -4.500000000000000000, -5.510910596163088600E-016 ) ) ;
#3596 = DIRECTION ( 'NONE',  ( -0.0000000000000000000, -1.000000000000000000, -0.0000000000000000000 ) ) ;
#3597 = DIRECTION ( 'NONE',  ( 0.0000000000000000000, 0.0000000000000000000, -1.000000000000000000 ) ) ;
#3598 = DIRECTION ( 'NONE',  ( 0.0000000000000000000, 0.0000000000000000000, 1.000000000000000000 ) ) ;
#3599 = CARTESIAN_POINT ( 'NONE',  ( 0.0000000000000000000, -4.249999999999996400, 0.0000000000000000000 ) ) ;
#3600 = CARTESIAN_POINT ( 'NONE',  ( 9.659258262890688200, 4.500000000000000000, 2.588190451025179000 ) ) ;
#3601 = DIRECTION ( 'NONE',  ( 0.0000000000000000000, 0.0000000000000000000, 1.000000000000000000 ) ) ;
#3602 = DIRECTION ( 'NONE',  ( 0.0000000000000000000, 1.000000000000000000, 0.0000000000000000000 ) ) ;
#3603 = DIRECTION ( 'NONE',  ( 0.0000000000000000000, 1.000000000000000000, 0.0000000000000000000 ) ) ;
#3604 = DIRECTION ( 'NONE',  ( 0.0000000000000000000, 0.0000000000000000000, 1.000000000000000000 ) ) ;
#3605 = DIRECTION ( 'NONE',  ( 0.0000000000000000000, 0.0000000000000000000, 1.000000000000000000 ) ) ;
#3606 = DIRECTION ( 'NONE',  ( 8.659560562354926700E-017, -0.7071067811865482400, 0.7071067811865469100 ) ) ;
#3607 = CARTESIAN_POINT ( 'NONE',  ( 9.659258262890695300, 4.500000000000000000, -2.588190451025185600 ) ) ;
#3608 = DIRECTION ( 'NONE',  ( 0.0000000000000000000, 1.000000000000000000, 0.0000000000000000000 ) ) ;
#3609 = DIRECTION ( 'NONE',  ( 0.0000000000000000000, 0.0000000000000000000, -1.000000000000000000 ) ) ;
#3610 = CARTESIAN_POINT ( 'NONE',  ( 0.0000000000000000000, -4.500000000000000000, -3.250000000000002700 ) ) ;
#3611 = CARTESIAN_POINT ( 'NONE',  ( -4.949747468305860200, -4.999999999999999100, 3.949747468305804700 ) ) ;
#3612 = CARTESIAN_POINT ( 'NONE',  ( -9.659258262890695300, 4.250000000000002700, 2.588190451025184700 ) ) ;
#3613 = DIRECTION ( 'NONE',  ( 0.0000000000000000000, 0.0000000000000000000, 1.000000000000000000 ) ) ;
#3614 = DIRECTION ( 'NONE',  ( -0.0000000000000000000, 1.000000000000000000, -0.0000000000000000000 ) ) ;
#3615 = DIRECTION ( 'NONE',  ( -0.0000000000000000000, 1.000000000000000000, 6.123233995736766000E-017 ) ) ;
#3616 = DIRECTION ( 'NONE',  ( -3.552713678800500900E-015, 0.0000000000000000000, -1.000000000000000000 ) ) ;
#3617 = CARTESIAN_POINT ( 'NONE',  ( 4.949747468305860200, -4.999999999999999100, -5.949747468305805100 ) ) ;
#3618 = CARTESIAN_POINT ( 'NONE',  ( 3.980102097228901700E-016, -4.500000000000000000, 3.250000000000002700 ) ) ;
#3619 = DIRECTION ( 'NONE',  ( -0.0000000000000000000, -1.000000000000000000, -6.123233995736766000E-017 ) ) ;
#3620 = CARTESIAN_POINT ( 'NONE',  ( 4.949747468305860200, -4.500000000000000000, -4.949747468305805100 ) ) ;
#3621 = CARTESIAN_POINT ( 'NONE',  ( -4.949747468305841600, 4.999999999999999100, -5.949747468305822000 ) ) ;
#3622 = CARTESIAN_POINT ( 'NONE',  ( -4.949747468305860200, -4.999999999999999100, 5.949747468305805100 ) ) ;
#3623 = CARTESIAN_POINT ( 'NONE',  ( -4.949747468305841600, 4.500000000000000000, -4.949747468305822000 ) ) ;
#3624 = DIRECTION ( 'NONE',  ( -0.0000000000000000000, 1.000000000000000000, 6.123233995736766000E-017 ) ) ;
#3625 = DIRECTION ( 'NONE',  ( 0.0000000000000000000, 1.000000000000000000, 6.123233995736766000E-017 ) ) ;
#3626 = DIRECTION ( 'NONE',  ( 0.0000000000000000000, 0.0000000000000000000, 1.000000000000000000 ) ) ;
#3627 = CARTESIAN_POINT ( 'NONE',  ( 0.0000000000000000000, 15.00000000000000000, -10.00000000000000200 ) ) ;
#3628 = CARTESIAN_POINT ( 'NONE',  ( 3.673940397442061300E-016, 4.500000000000000900, 3.000000000000001300 ) ) ;
#3629 = DIRECTION ( 'NONE',  ( -0.0000000000000000000, -1.000000000000000000, -0.0000000000000000000 ) ) ;
#3630 = DIRECTION ( 'NONE',  ( 0.0000000000000000000, -1.000000000000000000, 0.0000000000000000000 ) ) ;
#3631 = DIRECTION ( 'NONE',  ( 0.0000000000000000000, 0.0000000000000000000, 1.000000000000000000 ) ) ;
#3632 = DIRECTION ( 'NONE',  ( 0.0000000000000000000, 0.0000000000000000000, 1.000000000000000000 ) ) ;
#3633 = CARTESIAN_POINT ( 'NONE',  ( 1.345235878690879800, -4.335272736193800800, -3.889857481262124900 ) ) ;
#3634 = DIRECTION ( 'NONE',  ( 0.0000000000000000000, 1.000000000000000000, 0.0000000000000000000 ) ) ;
#3635 = CARTESIAN_POINT ( 'NONE',  ( 0.0000000000000000000, 4.500000000000000000, 0.0000000000000000000 ) ) ;
#3636 = DIRECTION ( 'NONE',  ( -0.0000000000000000000, -1.000000000000000000, -0.0000000000000000000 ) ) ;
#3637 = DIRECTION ( 'NONE',  ( 0.0000000000000000000, 1.000000000000000000, 0.0000000000000000000 ) ) ;
#3638 = CARTESIAN_POINT ( 'NONE',  ( -2.588190451025182100, -4.500000000000000000, -9.659258262890691800 ) ) ;
#3639 = DIRECTION ( 'NONE',  ( 0.0000000000000000000, 0.0000000000000000000, 1.000000000000000000 ) ) ;
#3640 = CARTESIAN_POINT ( 'NONE',  ( -2.588190451025182100, 4.500000000000000000, -9.659258262890691800 ) ) ;
#3641 = CARTESIAN_POINT ( 'NONE',  ( -3.889857481262124100, -4.335272736193800800, -1.345235878690875100 ) ) ;
#3642 = CARTESIAN_POINT ( 'NONE',  ( 0.0000000000000000000, -4.500000000000000000, -5.510910596163088600E-016 ) ) ;
#3643 = DIRECTION ( 'NONE',  ( 0.0000000000000000000, 1.000000000000000000, 0.0000000000000000000 ) ) ;
#3644 = DIRECTION ( 'NONE',  ( -0.0000000000000000000, -1.000000000000000000, -0.0000000000000000000 ) ) ;
#3645 = DIRECTION ( 'NONE',  ( 0.0000000000000000000, 0.0000000000000000000, 1.000000000000000000 ) ) ;
#3646 = CARTESIAN_POINT ( 'NONE',  ( 1.479499447192454700, -4.500000000000000000, -3.662455649664200200 ) ) ;
#3647 = CARTESIAN_POINT ( 'NONE',  ( 0.0000000000000000000, 4.500000000000000000, 7.513992767385076700E-033 ) ) ;
#3648 = CARTESIAN_POINT ( 'NONE',  ( 1.277494330215373000, -4.249999999999999100, -4.001000904307272100 ) ) ;
#3649 = CARTESIAN_POINT ( 'NONE',  ( 2.588190451025183900, -4.500000000000000000, 9.659258262890691800 ) ) ;
#3650 = DIRECTION ( 'NONE',  ( 2.664535259100376100E-015, 0.0000000000000000000, 1.000000000000000000 ) ) ;
#3651 = DIRECTION ( 'NONE',  ( 0.0000000000000000000, 0.0000000000000000000, 1.000000000000000000 ) ) ;
#3652 = DIRECTION ( 'NONE',  ( 0.0000000000000000000, 0.0000000000000000000, 1.000000000000000000 ) ) ;
#3653 = CARTESIAN_POINT ( 'NONE',  ( 0.0000000000000000000, -4.500000000000000000, -5.510910596163088600E-016 ) ) ;
#3654 = DIRECTION ( 'NONE',  ( -0.0000000000000000000, -1.000000000000000000, -0.0000000000000000000 ) ) ;
#3655 = DIRECTION ( 'NONE',  ( -0.0000000000000000000, -1.000000000000000000, -0.0000000000000000000 ) ) ;
#3656 = CARTESIAN_POINT ( 'NONE',  ( 1.412619205980628200, -4.418762379582879000, -3.777088541010627900 ) ) ;
#3657 = EDGE_CURVE ( 'NONE', #6524, #6513, #6813, .T. ) ;
#3658 = EDGE_CURVE ( 'NONE', #6533, #6547, #1042, .T. ) ;
#3659 = EDGE_CURVE ( 'NONE', #6476, #6470, #6806, .T. ) ;
#3660 = EDGE_CURVE ( 'NONE', #6572, #6488, #6833, .T. ) ;
#3661 = EDGE_CURVE ( 'NONE', #6493, #6570, #1118, .T. ) ;
#3662 = EDGE_CURVE ( 'NONE', #7975, #6570, #1093, .T. ) ;
#3663 = EDGE_CURVE ( 'NONE', #6564, #6490, #1127, .T. ) ;
#3664 = EDGE_CURVE ( 'NONE', #6546, #6551, #6846, .T. ) ;
#3665 = EDGE_CURVE ( 'NONE', #6490, #6476, #6830, .T. ) ;
#3666 = EDGE_CURVE ( 'NONE', #6488, #6482, #6855, .T. ) ;
#3667 = EDGE_CURVE ( 'NONE', #6506, #6571, #1106, .T. ) ;
#3668 = EDGE_CURVE ( 'NONE', #6457, #6506, #6823, .T. ) ;
#3669 = EDGE_CURVE ( 'NONE', #6457, #6581, #1062, .T. ) ;
#3670 = EDGE_CURVE ( 'NONE', #6482, #6573, #6816, .T. ) ;
#3671 = EDGE_CURVE ( 'NONE', #6529, #6582, #6840, .T. ) ;
#3672 = EDGE_CURVE ( 'NONE', #6513, #6461, #6849, .T. ) ;
#3673 = EDGE_CURVE ( 'NONE', #6488, #6572, #6859, .T. ) ;
#3674 = EDGE_CURVE ( 'NONE', #6577, #6487, #6857, .T. ) ;
#3675 = EDGE_CURVE ( 'NONE', #6460, #6470, #6852, .T. ) ;
#3676 = EDGE_CURVE ( 'NONE', #6485, #6462, #6843, .T. ) ;
#3677 = EDGE_CURVE ( 'NONE', #6523, #6520, #1083, .T. ) ;
#3678 = EDGE_CURVE ( 'NONE', #6496, #6498, #1112, .T. ) ;
#3679 = EDGE_CURVE ( 'NONE', #6584, #6494, #6817, .T. ) ;
#3680 = EDGE_CURVE ( 'NONE', #6462, #6461, #6842, .T. ) ;
#3681 = EDGE_CURVE ( 'NONE', #6487, #6577, #6847, .T. ) ;
#3682 = EDGE_CURVE ( 'NONE', #6553, #6460, #6811, .T. ) ;
#3683 = EDGE_CURVE ( 'NONE', #6581, #6571, #6812, .T. ) ;
#3684 = EDGE_CURVE ( 'NONE', #6491, #6529, #6820, .T. ) ;
#3685 = EDGE_CURVE ( 'NONE', #6512, #6582, #6822, .T. ) ;
#3686 = EDGE_CURVE ( 'NONE', #6573, #6485, #6831, .T. ) ;
#3687 = EDGE_CURVE ( 'NONE', #6494, #6580, #6848, .T. ) ;
#3688 = EDGE_CURVE ( 'NONE', #6551, #6524, #6863, .T. ) ;
#3689 = EDGE_CURVE ( 'NONE', #6533, #6520, #1102, .T. ) ;
#3690 = EDGE_CURVE ( 'NONE', #6482, #6478, #6866, .T. ) ;
#3691 = EDGE_CURVE ( 'NONE', #6578, #7975, #6861, .T. ) ;
#3692 = EDGE_CURVE ( 'NONE', #6493, #6497, #1097, .T. ) ;
#3693 = EDGE_CURVE ( 'NONE', #6573, #6482, #4378, .T. ) ;
#3694 = EDGE_CURVE ( 'NONE', #6481, #6505, #4381, .T. ) ;
#3695 = EDGE_CURVE ( 'NONE', #6529, #6551, #1075, .T. ) ;
#3696 = EDGE_CURVE ( 'NONE', #6580, #6496, #1103, .T. ) ;
#3697 = EDGE_CURVE ( 'NONE', #6572, #6573, #4395, .T. ) ;
#3698 = EDGE_CURVE ( 'NONE', #6571, #6506, #1063, .T. ) ;
#3699 = EDGE_CURVE ( 'NONE', #6524, #6491, #1128, .T. ) ;
#3700 = EDGE_CURVE ( 'NONE', #6540, #6505, #4399, .T. ) ;
#3701 = EDGE_CURVE ( 'NONE', #6546, #6512, #4390, .T. ) ;
#3702 = EDGE_CURVE ( 'NONE', #6513, #6546, #4379, .T. ) ;
#3703 = EDGE_CURVE ( 'NONE', #6497, #6585, #1123, .T. ) ;
#3704 = EDGE_CURVE ( 'NONE', #6461, #6512, #4376, .T. ) ;
#3705 = EDGE_CURVE ( 'NONE', #6505, #6460, #4377, .T. ) ;
#3706 = EDGE_CURVE ( 'NONE', #6494, #6584, #4380, .T. ) ;
#3707 = EDGE_CURVE ( 'NONE', #6458, #7975, #1122, .T. ) ;
#3708 = EDGE_CURVE ( 'NONE', #6491, #6462, #4391, .T. ) ;
#3709 = EDGE_CURVE ( 'NONE', #6478, #6493, #1065, .T. ) ;
#3710 = EDGE_CURVE ( 'NONE', #6584, #6487, #4386, .T. ) ;
#3711 = EDGE_CURVE ( 'NONE', #6498, #6578, #1067, .T. ) ;
#3712 = EDGE_CURVE ( 'NONE', #6497, #6500, #4373, .T. ) ;
#3713 = EDGE_CURVE ( 'NONE', #6500, #6481, #4404, .T. ) ;
#3714 = EDGE_CURVE ( 'NONE', #6570, #6458, #1124, .T. ) ;
#3715 = EDGE_CURVE ( 'NONE', #6470, #6485, #4394, .T. ) ;
#3716 = EDGE_CURVE ( 'NONE', #6564, #6540, #4372, .T. ) ;
#3717 = EDGE_CURVE ( 'NONE', #6582, #6500, #4398, .T. ) ;
#3718 = EDGE_CURVE ( 'NONE', #6476, #6525, #1104, .T. ) ;
#3719 = EDGE_CURVE ( 'NONE', #6490, #6481, #4375, .T. ) ;
#3720 = EDGE_CURVE ( 'NONE', #6525, #6564, #4374, .T. ) ;
#3721 = EDGE_CURVE ( 'NONE', #6550, #6519, #4393, .T. ) ;
#3722 = EDGE_CURVE ( 'NONE', #6520, #6523, #1116, .T. ) ;
#3723 = EDGE_CURVE ( 'NONE', #6537, #6565, #4387, .T. ) ;
#3724 = EDGE_CURVE ( 'NONE', #6552, #6523, #1069, .T. ) ;
#3725 = EDGE_CURVE ( 'NONE', #6537, #6541, #4385, .T. ) ;
#3726 = EDGE_CURVE ( 'NONE', #6532, #6565, #4396, .T. ) ;
#3727 = EDGE_CURVE ( 'NONE', #6549, #6543, #4568, .T. ) ;
#3728 = EDGE_CURVE ( 'NONE', #6553, #6525, #4566, .T. ) ;
#3729 = EDGE_CURVE ( 'NONE', #6565, #6550, #4565, .T. ) ;
#3730 = EDGE_CURVE ( 'NONE', #6538, #6563, #1125, .T. ) ;
#3731 = EDGE_CURVE ( 'NONE', #6540, #6553, #4570, .T. ) ;
#3732 = EDGE_CURVE ( 'NONE', #6517, #6514, #1120, .T. ) ;
#3733 = EDGE_CURVE ( 'NONE', #6519, #6474, #4571, .T. ) ;
#3734 = EDGE_CURVE ( 'NONE', #6516, #6518, #1126, .T. ) ;
#3735 = EDGE_CURVE ( 'NONE', #6563, #6536, #1086, .T. ) ;
#3736 = EDGE_CURVE ( 'NONE', #6543, #6514, #1129, .T. ) ;
#3737 = EDGE_CURVE ( 'NONE', #6557, #6560, #4582, .T. ) ;
#3738 = EDGE_CURVE ( 'NONE', #6526, #6556, #4583, .T. ) ;
#3739 = EDGE_CURVE ( 'NONE', #6518, #6547, #4576, .T. ) ;
#3740 = EDGE_CURVE ( 'NONE', #6536, #6549, #1105, .T. ) ;
#3741 = EDGE_CURVE ( 'NONE', #6526, #6566, #4584, .T. ) ;
#3742 = EDGE_CURVE ( 'NONE', #6554, #6543, #1089, .T. ) ;
#3743 = EDGE_CURVE ( 'NONE', #6515, #6539, #4581, .T. ) ;
#3744 = EDGE_CURVE ( 'NONE', #6531, #6565, #4587, .T. ) ;
#3745 = EDGE_CURVE ( 'NONE', #6566, #6530, #4586, .T. ) ;
#3746 = EDGE_CURVE ( 'NONE', #6522, #6562, #4574, .T. ) ;
#3747 = EDGE_CURVE ( 'NONE', #6568, #6532, #1130, .T. ) ;
#3748 = EDGE_CURVE ( 'NONE', #6545, #6536, #4589, .T. ) ;
#3749 = EDGE_CURVE ( 'NONE', #6552, #6533, #1094, .T. ) ;
#3750 = EDGE_CURVE ( 'NONE', #6539, #6515, #4593, .T. ) ;
#3751 = EDGE_CURVE ( 'NONE', #6492, #6477, #4592, .T. ) ;
#3752 = EDGE_CURVE ( 'NONE', #6563, #6554, #4569, .T. ) ;
#3753 = EDGE_CURVE ( 'NONE', #6548, #6471, #1071, .T. ) ;
#3754 = EDGE_CURVE ( 'NONE', #6556, #6530, #4573, .T. ) ;
#3755 = EDGE_CURVE ( 'NONE', #6568, #6543, #1107, .T. ) ;
#3756 = EDGE_CURVE ( 'NONE', #6538, #6539, #4588, .T. ) ;
#3757 = EDGE_CURVE ( 'NONE', #6514, #6554, #1108, .T. ) ;
#3758 = EDGE_CURVE ( 'NONE', #6547, #6552, #1072, .T. ) ;
#3759 = EDGE_CURVE ( 'NONE', #6562, #6544, #4594, .T. ) ;
#3760 = EDGE_CURVE ( 'NONE', #6569, #6515, #4575, .T. ) ;
#3761 = EDGE_CURVE ( 'NONE', #6549, #6538, #1077, .T. ) ;
#3762 = EDGE_CURVE ( 'NONE', #6541, #6531, #1079, .T. ) ;
#3763 = EDGE_CURVE ( 'NONE', #6531, #6534, #6706, .T. ) ;
#3764 = EDGE_CURVE ( 'NONE', #6567, #6473, #6709, .T. ) ;
#3765 = EDGE_CURVE ( 'NONE', #6479, #6471, #6705, .T. ) ;
#3766 = EDGE_CURVE ( 'NONE', #6486, #6472, #6717, .T. ) ;
#3767 = EDGE_CURVE ( 'NONE', #6534, #6472, #6710, .T. ) ;
#3768 = EDGE_CURVE ( 'NONE', #6567, #6544, #6718, .T. ) ;
#3769 = EDGE_CURVE ( 'NONE', #6471, #6492, #6724, .T. ) ;
#3770 = EDGE_CURVE ( 'NONE', #6560, #6534, #6721, .T. ) ;
#3771 = EDGE_CURVE ( 'NONE', #6530, #6528, #6722, .T. ) ;
#3772 = EDGE_CURVE ( 'NONE', #6479, #6557, #6720, .T. ) ;
#3773 = EDGE_CURVE ( 'NONE', #6528, #6568, #1082, .T. ) ;
#3774 = EDGE_CURVE ( 'NONE', #6569, #6545, #6728, .T. ) ;
#3775 = EDGE_CURVE ( 'NONE', #6516, #6552, #6723, .T. ) ;
#3776 = EDGE_CURVE ( 'NONE', #6556, #6526, #6727, .T. ) ;
#3777 = EDGE_CURVE ( 'NONE', #6522, #6567, #6711, .T. ) ;
#3778 = EDGE_CURVE ( 'NONE', #6535, #6474, #6729, .T. ) ;
#3779 = EDGE_CURVE ( 'NONE', #6541, #6486, #6715, .T. ) ;
#3780 = EDGE_CURVE ( 'NONE', #6477, #6479, #6731, .T. ) ;
#3781 = EDGE_CURVE ( 'NONE', #6517, #6528, #1087, .T. ) ;
#3782 = EDGE_CURVE ( 'NONE', #8106, #8108, #6734, .T. ) ;
#3783 = EDGE_CURVE ( 'NONE', #7978, #7952, #6730, .T. ) ;
#3784 = EDGE_CURVE ( 'NONE', #8060, #8100, #6732, .T. ) ;
#3785 = EDGE_CURVE ( 'NONE', #6548, #6560, #6454, .T. ) ;
#3786 = EDGE_CURVE ( 'NONE', #6532, #6517, #1109, .T. ) ;
#3787 = EDGE_CURVE ( 'NONE', #6474, #6484, #6449, .T. ) ;
#3788 = EDGE_CURVE ( 'NONE', #8046, #8099, #6430, .T. ) ;
#3789 = EDGE_CURVE ( 'NONE', #8109, #8113, #6441, .T. ) ;
#3790 = EDGE_CURVE ( 'NONE', #8095, #8055, #6435, .T. ) ;
#3791 = EDGE_CURVE ( 'NONE', #6550, #6473, #1091, .T. ) ;
#3792 = EDGE_CURVE ( 'NONE', #8055, #8115, #1098, .T. ) ;
#3793 = EDGE_CURVE ( 'NONE', #6486, #6522, #6437, .T. ) ;
#3794 = EDGE_CURVE ( 'NONE', #8115, #8059, #6442, .T. ) ;
#3795 = EDGE_CURVE ( 'NONE', #8104, #8056, #6445, .T. ) ;
#3796 = EDGE_CURVE ( 'NONE', #7961, #7971, #6443, .T. ) ;
#3797 = EDGE_CURVE ( 'NONE', #8117, #8112, #6446, .T. ) ;
#3798 = EDGE_CURVE ( 'NONE', #6484, #6557, #6444, .T. ) ;
#3799 = EDGE_CURVE ( 'NONE', #8114, #8105, #6436, .T. ) ;
#3800 = EDGE_CURVE ( 'NONE', #8096, #8101, #6448, .T. ) ;
#3801 = EDGE_CURVE ( 'NONE', #8094, #7970, #6452, .T. ) ;
#3802 = EDGE_CURVE ( 'NONE', #7976, #7963, #6433, .T. ) ;
#3803 = EDGE_CURVE ( 'NONE', #7950, #8095, #6434, .T. ) ;
#3804 = EDGE_CURVE ( 'NONE', #8113, #7944, #6429, .T. ) ;
#3805 = EDGE_CURVE ( 'NONE', #7954, #7951, #6455, .T. ) ;
#3806 = EDGE_CURVE ( 'NONE', #6473, #6537, #6451, .T. ) ;
#3807 = EDGE_CURVE ( 'NONE', #8067, #8107, #6447, .T. ) ;
#3808 = EDGE_CURVE ( 'NONE', #7977, #7979, #4482, .T. ) ;
#3809 = EDGE_CURVE ( 'NONE', #6518, #6516, #1092, .T. ) ;
#3810 = EDGE_CURVE ( 'NONE', #8110, #8111, #4466, .T. ) ;
#3811 = EDGE_CURVE ( 'NONE', #6530, #6566, #4486, .T. ) ;
#3812 = EDGE_CURVE ( 'NONE', #6459, #6548, #4487, .T. ) ;
#3813 = EDGE_CURVE ( 'NONE', #8056, #7970, #6648, .T. ) ;
#3814 = EDGE_CURVE ( 'NONE', #8102, #8100, #6646, .T. ) ;
#3815 = EDGE_CURVE ( 'NONE', #6492, #6535, #1119, .T. ) ;
#3816 = EDGE_CURVE ( 'NONE', #8057, #8099, #4641, .T. ) ;
#3817 = EDGE_CURVE ( 'NONE', #6477, #6484, #6824, .T. ) ;
#3818 = EDGE_CURVE ( 'NONE', #8110, #8114, #6867, .T. ) ;
#3819 = EDGE_CURVE ( 'NONE', #8095, #8059, #6652, .T. ) ;
#3820 = EDGE_CURVE ( 'NONE', #8102, #8097, #1095, .T. ) ;
#3821 = EDGE_CURVE ( 'NONE', #8094, #8104, #6713, .T. ) ;
#3822 = EDGE_CURVE ( 'NONE', #8101, #8098, #4580, .T. ) ;
#3823 = EDGE_CURVE ( 'NONE', #8103, #8046, #4469, .T. ) ;
#3824 = EDGE_CURVE ( 'NONE', #6499, #6503, #6438, .T. ) ;
#3825 = EDGE_CURVE ( 'NONE', #6466, #7973, #4392, .T. ) ;
#3826 = EDGE_CURVE ( 'NONE', #8102, #7963, #4340, .T. ) ;
#3827 = EDGE_CURVE ( 'NONE', #8100, #7976, #4489, .T. ) ;
#3828 = EDGE_CURVE ( 'NONE', #8108, #8112, #2587, .T. ) ;
#3829 = EDGE_CURVE ( 'NONE', #8105, #8114, #2585, .T. ) ;
#3830 = EDGE_CURVE ( 'NONE', #6566, #6459, #2613, .T. ) ;
#3831 = EDGE_CURVE ( 'NONE', #8104, #7955, #2596, .T. ) ;
#3832 = EDGE_CURVE ( 'NONE', #7971, #7958, #2586, .T. ) ;
#3833 = EDGE_CURVE ( 'NONE', #6472, #6562, #2636, .T. ) ;
#3834 = EDGE_CURVE ( 'NONE', #8066, #8098, #2589, .T. ) ;
#3835 = EDGE_CURVE ( 'NONE', #7945, #7950, #2619, .T. ) ;
#3836 = EDGE_CURVE ( 'NONE', #6535, #6459, #2633, .T. ) ;
#3837 = EDGE_CURVE ( 'NONE', #6545, #6569, #2627, .T. ) ;
#3838 = EDGE_CURVE ( 'NONE', #8103, #8057, #2597, .T. ) ;
#3839 = EDGE_CURVE ( 'NONE', #8111, #8105, #2609, .T. ) ;
#3840 = EDGE_CURVE ( 'NONE', #6544, #6519, #2618, .T. ) ;
#3841 = EDGE_CURVE ( 'NONE', #8096, #8066, #2604, .T. ) ;
#3842 = EDGE_CURVE ( 'NONE', #8113, #8067, #2634, .T. ) ;
#3843 = EDGE_CURVE ( 'NONE', #8060, #8097, #2623, .T. ) ;
#3844 = EDGE_CURVE ( 'NONE', #8106, #8117, #2602, .T. ) ;
#3845 = EDGE_CURVE ( 'NONE', #8109, #8107, #2611, .T. ) ;
#3846 = EDGE_CURVE ( 'NONE', #8112, #8117, #2638, .T. ) ;
#3847 = EDGE_CURVE ( 'NONE', #6508, #6456, #2639, .T. ) ;
#3848 = EDGE_CURVE ( 'NONE', #8098, #8066, #2605, .T. ) ;
#3849 = EDGE_CURVE ( 'NONE', #7943, #7960, #2641, .T. ) ;
#3850 = EDGE_CURVE ( 'NONE', #7944, #7949, #2635, .T. ) ;
#3851 = EDGE_CURVE ( 'NONE', #6583, #6502, #2592, .T. ) ;
#3852 = EDGE_CURVE ( 'NONE', #8094, #7969, #2593, .T. ) ;
#3853 = EDGE_CURVE ( 'NONE', #7949, #7944, #2594, .T. ) ;
#3854 = EDGE_CURVE ( 'NONE', #6508, #7953, #1096, .T. ) ;
#3855 = EDGE_CURVE ( 'NONE', #7966, #7967, #2599, .T. ) ;
#3856 = EDGE_CURVE ( 'NONE', #6495, #7973, #1099, .T. ) ;
#3857 = EDGE_CURVE ( 'NONE', #8097, #7953, #2595, .T. ) ;
#3858 = EDGE_CURVE ( 'NONE', #7962, #8060, #2582, .T. ) ;
#3859 = EDGE_CURVE ( 'NONE', #6489, #6469, #2606, .T. ) ;
#3860 = EDGE_CURVE ( 'NONE', #6467, #7968, #2615, .T. ) ;
#3861 = EDGE_CURVE ( 'NONE', #6483, #6511, #2616, .T. ) ;
#3862 = EDGE_CURVE ( 'NONE', #7960, #7954, #2608, .T. ) ;
#3863 = EDGE_CURVE ( 'NONE', #7959, #7964, #2614, .T. ) ;
#3864 = EDGE_CURVE ( 'NONE', #7974, #7972, #2630, .T. ) ;
#3865 = EDGE_CURVE ( 'NONE', #7968, #7974, #2600, .T. ) ;
#3866 = EDGE_CURVE ( 'NONE', #7952, #6463, #1114, .T. ) ;
#3867 = EDGE_CURVE ( 'NONE', #7956, #7946, #2642, .T. ) ;
#3868 = EDGE_CURVE ( 'NONE', #7958, #7943, #2607, .T. ) ;
#3869 = EDGE_CURVE ( 'NONE', #7964, #7977, #2625, .T. ) ;
#3870 = EDGE_CURVE ( 'NONE', #7952, #6495, #2643, .T. ) ;
#3871 = EDGE_CURVE ( 'NONE', #7977, #6510, #1110, .T. ) ;
#3872 = EDGE_CURVE ( 'NONE', #6579, #7962, #1100, .T. ) ;
#3873 = EDGE_CURVE ( 'NONE', #6499, #6504, #2621, .T. ) ;
#3874 = EDGE_CURVE ( 'NONE', #6463, #6480, #2583, .T. ) ;
#3875 = EDGE_CURVE ( 'NONE', #6576, #6510, #2631, .T. ) ;
#3876 = EDGE_CURVE ( 'NONE', #7947, #7948, #2584, .T. ) ;
#3877 = EDGE_CURVE ( 'NONE', #7953, #8116, #2626, .T. ) ;
#3878 = EDGE_CURVE ( 'NONE', #7946, #7947, #2632, .T. ) ;
#3879 = EDGE_CURVE ( 'NONE', #7969, #7955, #2624, .T. ) ;
#3880 = EDGE_CURVE ( 'NONE', #6466, #6502, #2682, .T. ) ;
#3881 = EDGE_CURVE ( 'NONE', #6576, #6465, #2654, .T. ) ;
#3882 = EDGE_CURVE ( 'NONE', #7967, #6511, #2693, .T. ) ;
#3883 = EDGE_CURVE ( 'NONE', #8116, #7959, #2687, .T. ) ;
#3884 = EDGE_CURVE ( 'NONE', #8068, #7957, #2701, .T. ) ;
#3885 = EDGE_CURVE ( 'NONE', #7970, #8056, #2702, .T. ) ;
#3886 = EDGE_CURVE ( 'NONE', #7973, #6583, #2656, .T. ) ;
#3887 = EDGE_CURVE ( 'NONE', #6495, #6467, #2689, .T. ) ;
#3888 = EDGE_CURVE ( 'NONE', #6504, #7959, #1101, .T. ) ;
#3889 = EDGE_CURVE ( 'NONE', #6464, #6465, #2697, .T. ) ;
#3890 = EDGE_CURVE ( 'NONE', #7978, #6480, #1111, .T. ) ;
#3891 = EDGE_CURVE ( 'NONE', #7957, #7956, #2698, .T. ) ;
#3892 = EDGE_CURVE ( 'NONE', #6456, #6469, #2652, .T. ) ;
#3893 = EDGE_CURVE ( 'NONE', #7963, #6456, #2667, .T. ) ;
#3894 = EDGE_CURVE ( 'NONE', #8099, #8057, #2699, .T. ) ;
#3895 = EDGE_CURVE ( 'NONE', #6483, #7966, #2679, .T. ) ;
#3896 = EDGE_CURVE ( 'NONE', #6489, #6508, #2688, .T. ) ;
#3897 = EDGE_CURVE ( 'NONE', #6499, #7964, #1113, .T. ) ;
#3898 = EDGE_CURVE ( 'NONE', #8109, #7949, #2684, .T. ) ;
#3899 = EDGE_CURVE ( 'NONE', #6510, #6464, #2704, .T. ) ;
#3900 = EDGE_CURVE ( 'NONE', #8068, #6465, #1115, .T. ) ;
#3901 = EDGE_CURVE ( 'NONE', #7948, #7961, #2690, .T. ) ;
#3902 = EDGE_CURVE ( 'NONE', #7951, #7945, #2705, .T. ) ;
#3903 = EDGE_CURVE ( 'NONE', #8055, #8068, #2672, .T. ) ;
#3904 = EDGE_CURVE ( 'NONE', #8107, #8067, #2664, .T. ) ;
#3905 = EDGE_CURVE ( 'NONE', #7979, #7978, #2680, .T. ) ;
#3906 = EDGE_CURVE ( 'NONE', #7965, #7962, #2661, .T. ) ;
#3907 = EDGE_CURVE ( 'NONE', #7972, #7965, #2683, .T. ) ;
#3908 = EDGE_CURVE ( 'NONE', #7967, #7943, #1117, .T. ) ;
#3909 = EDGE_CURVE ( 'NONE', #6468, #7950, #1121, .T. ) ;
#3910 = EDGE_CURVE ( 'NONE', #8104, #8094, #2691, .T. ) ;
#3911 = EDGE_CURVE ( 'NONE', #6509, #6466, #2681, .T. ) ;
#3912 = EDGE_CURVE ( 'NONE', #6465, #8115, #2644, .T. ) ;
#3913 = EDGE_CURVE ( 'NONE', #6508, #8102, #2647, .T. ) ;
#3914 = EDGE_CURVE ( 'NONE', #6509, #6501, #2670, .T. ) ;
#3915 = EDGE_CURVE ( 'NONE', #7966, #6507, #2673, .T. ) ;
#3916 = EDGE_CURVE ( 'NONE', #6507, #6575, #2646, .T. ) ;
#3917 = EDGE_CURVE ( 'NONE', #7956, #6503, #1153, .T. ) ;
#3918 = EDGE_CURVE ( 'NONE', #6575, #7960, #1133, .T. ) ;
#3919 = EDGE_CURVE ( 'NONE', #6502, #7951, #1161, .T. ) ;
#3920 = EDGE_CURVE ( 'NONE', #6463, #6468, #2655, .T. ) ;
#3921 = EDGE_CURVE ( 'NONE', #7973, #6463, #2700, .T. ) ;
#3922 = EDGE_CURVE ( 'NONE', #6467, #6466, #1134, .T. ) ;
#3923 = EDGE_CURVE ( 'NONE', #6579, #6475, #2662, .T. ) ;
#3924 = EDGE_CURVE ( 'NONE', #6475, #7976, #2668, .T. ) ;
#3925 = EDGE_CURVE ( 'NONE', #6480, #6576, #2658, .T. ) ;
#3926 = EDGE_CURVE ( 'NONE', #6475, #7971, #1151, .T. ) ;
#3927 = EDGE_CURVE ( 'NONE', #8108, #8106, #2671, .T. ) ;
#3928 = EDGE_CURVE ( 'NONE', #7946, #6574, #1137, .T. ) ;
#3929 = EDGE_CURVE ( 'NONE', #6501, #6575, #2651, .T. ) ;
#3930 = EDGE_CURVE ( 'NONE', #7947, #6469, #1163, .T. ) ;
#3931 = EDGE_CURVE ( 'NONE', #7968, #6509, #1139, .T. ) ;
#3932 = EDGE_CURVE ( 'NONE', #6575, #7967, #2686, .T. ) ;
#3933 = EDGE_CURVE ( 'NONE', #7948, #6456, #1159, .T. ) ;
#3934 = STYLED_ITEM ( 'NONE', ( #4498 ), #991 ) ;
#3935 = EDGE_CURVE ( 'NONE', #6579, #6483, #2649, .T. ) ;
#3936 = PRESENTATION_LAYER_ASSIGNMENT (  '', '', ( #3934 ) ) ;
#3937 = EDGE_CURVE ( 'NONE', #6468, #6583, #2674, .T. ) ;
#3938 = EDGE_CURVE ( 'NONE', #8100, #6579, #2665, .T. ) ;
#3939 = EDGE_CURVE ( 'NONE', #7957, #6464, #1140, .T. ) ;
#3940 = EDGE_CURVE ( 'NONE', #7955, #7969, #2694, .T. ) ;
#3941 = EDGE_CURVE ( 'NONE', #8113, #8109, #2650, .T. ) ;
#3942 = EDGE_CURVE ( 'NONE', #6507, #6509, #2660, .T. ) ;
#3943 = EDGE_CURVE ( 'NONE', #6489, #8116, #1152, .T. ) ;
#3944 = EDGE_CURVE ( 'NONE', #6504, #6574, #2666, .T. ) ;
#3945 = EDGE_CURVE ( 'NONE', #6583, #7945, #1131, .T. ) ;
#3946 = EDGE_CURVE ( 'NONE', #7966, #7972, #1154, .T. ) ;
#3947 = EDGE_CURVE ( 'NONE', #7979, #6576, #1160, .T. ) ;
#3948 = EDGE_CURVE ( 'NONE', #6503, #6464, #2663, .T. ) ;
#3949 = EDGE_CURVE ( 'NONE', #6501, #7954, #1132, .T. ) ;
#3950 = EDGE_CURVE ( 'NONE', #6511, #7958, #1144, .T. ) ;
#3951 = EDGE_CURVE ( 'NONE', #6511, #6475, #2675, .T. ) ;
#3952 = EDGE_CURVE ( 'NONE', #7974, #6507, #1143, .T. ) ;
#3953 = EDGE_CURVE ( 'NONE', #8059, #6468, #2659, .T. ) ;
#3954 = EDGE_CURVE ( 'NONE', #7961, #7963, #1155, .T. ) ;
#3955 = EDGE_CURVE ( 'NONE', #6510, #6499, #2685, .T. ) ;
#3956 = EDGE_CURVE ( 'NONE', #6469, #6574, #2676, .T. ) ;
#3957 = EDGE_CURVE ( 'NONE', #6502, #6501, #2677, .T. ) ;
#3958 = EDGE_CURVE ( 'NONE', #8111, #8110, #2719, .T. ) ;
#3959 = EDGE_CURVE ( 'NONE', #8101, #8096, #2713, .T. ) ;
#3960 = EDGE_CURVE ( 'NONE', #6480, #8115, #2706, .T. ) ;
#3961 = EDGE_CURVE ( 'NONE', #6504, #6489, #2718, .T. ) ;
#3962 = EDGE_CURVE ( 'NONE', #6483, #7965, #1149, .T. ) ;
#3963 = EDGE_CURVE ( 'NONE', #6574, #6503, #2715, .T. ) ;
#3964 = MECHANICAL_DESIGN_GEOMETRIC_PRESENTATION_REPRESENTATION (  '', ( #4010 ), #3968 ) ;
#3965 = PRESENTATION_LAYER_ASSIGNMENT (  '', '', ( #4010 ) ) ;
#3966 = AXIS2_PLACEMENT_3D ( 'NONE', #7536, #7528, #7529 ) ;
#3967 = AXIS2_PLACEMENT_3D ( 'NONE', #6869, #6883, #6888 ) ;
#3968 =( GEOMETRIC_REPRESENTATION_CONTEXT ( 3 ) GLOBAL_UNCERTAINTY_ASSIGNED_CONTEXT ( ( #1027 ) ) GLOBAL_UNIT_ASSIGNED_CONTEXT ( ( #7484, #7519, #7501 ) ) REPRESENTATION_CONTEXT ( 'NONE', 'WORKASPACE' ) );
#3969 = AXIS2_PLACEMENT_3D ( 'NONE', #6889, #6890, #6903 ) ;
#3970 = MECHANICAL_DESIGN_GEOMETRIC_PRESENTATION_REPRESENTATION (  '', ( #3934 ), #4008 ) ;
#3971 = AXIS2_PLACEMENT_3D ( 'NONE', #7024, #6998, #6989 ) ;
#3972 = AXIS2_PLACEMENT_3D ( 'NONE', #6898, #6875, #6897 ) ;
#3973 = AXIS2_PLACEMENT_3D ( 'NONE', #6893, #6906, #6904 ) ;
#3974 = AXIS2_PLACEMENT_3D ( 'NONE', #5290, #5307, #5328 ) ;
#3975 = AXIS2_PLACEMENT_3D ( 'NONE', #5300, #5313, #5289 ) ;
#3976 = AXIS2_PLACEMENT_3D ( 'NONE', #6984, #6983, #7006 ) ;
#3977 = AXIS2_PLACEMENT_3D ( 'NONE', #5285, #5286, #5306 ) ;
#3978 = STYLED_ITEM ( 'NONE', ( #4445 ), #1006 ) ;
#3979 = AXIS2_PLACEMENT_3D ( 'NONE', #7462, #7467, #7479 ) ;
#3980 = AXIS2_PLACEMENT_3D ( 'NONE', #5320, #5299, #5291 ) ;
#3981 =( GEOMETRIC_REPRESENTATION_CONTEXT ( 3 ) GLOBAL_UNCERTAINTY_ASSIGNED_CONTEXT ( ( #983 ) ) GLOBAL_UNIT_ASSIGNED_CONTEXT ( ( #6948, #6961, #6976 ) ) REPRESENTATION_CONTEXT ( 'NONE', 'WORKASPACE' ) );
#3982 =( GEOMETRIC_REPRESENTATION_CONTEXT ( 3 ) GLOBAL_UNCERTAINTY_ASSIGNED_CONTEXT ( ( #1002 ) ) GLOBAL_UNIT_ASSIGNED_CONTEXT ( ( #6953, #6947, #6966 ) ) REPRESENTATION_CONTEXT ( 'NONE', 'WORKASPACE' ) );
#3983 = AXIS2_PLACEMENT_3D ( 'NONE', #6963, #6977, #6964 ) ;
#3984 = AXIS2_PLACEMENT_3D ( 'NONE', #7425, #7458, #7437 ) ;
#3985 = AXIS2_PLACEMENT_3D ( 'NONE', #5304, #5281, #5316 ) ;
#3986 = AXIS2_PLACEMENT_3D ( 'NONE', #5280, #5301, #5283 ) ;
#3987 = AXIS2_PLACEMENT_3D ( 'NONE', #5322, #5308, #5282 ) ;
#3988 = AXIS2_PLACEMENT_3D ( 'NONE', #6968, #7009, #6978 ) ;
#3989 = AXIS2_PLACEMENT_3D ( 'NONE', #6974, #6955, #6949 ) ;
#3990 = AXIS2_PLACEMENT_3D ( 'NONE', #7456, #7459, #7460 ) ;
#3991 = AXIS2_PLACEMENT_3D ( 'NONE', #5302, #5314, #5288 ) ;
#3992 = STYLED_ITEM ( 'NONE', ( #6684 ), #2773 ) ;
#3993 = PRESENTATION_LAYER_ASSIGNMENT (  '', '', ( #3978 ) ) ;
#3994 = AXIS2_PLACEMENT_3D ( 'NONE', #6950, #6962, #6954 ) ;
#3995 = AXIS2_PLACEMENT_3D ( 'NONE', #5303, #5329, #5309 ) ;
#3996 = MECHANICAL_DESIGN_GEOMETRIC_PRESENTATION_REPRESENTATION (  '', ( #3992 ), #3999 ) ;
#3997 = AXIS2_PLACEMENT_3D ( 'NONE', #7426, #7429, #7432 ) ;
#3998 = AXIS2_PLACEMENT_3D ( 'NONE', #7440, #7453, #7455 ) ;
#3999 =( GEOMETRIC_REPRESENTATION_CONTEXT ( 3 ) GLOBAL_UNCERTAINTY_ASSIGNED_CONTEXT ( ( #1036 ) ) GLOBAL_UNIT_ASSIGNED_CONTEXT ( ( #5312, #5315, #5317 ) ) REPRESENTATION_CONTEXT ( 'NONE', 'WORKASPACE' ) );
#4000 = AXIS2_PLACEMENT_3D ( 'NONE', #5319, #5293, #5345 ) ;
#4001 = PRESENTATION_LAYER_ASSIGNMENT (  '', '', ( #3992 ) ) ;
#4002 = AXIS2_PLACEMENT_3D ( 'NONE', #5360, #5370, #5351 ) ;
#4003 = AXIS2_PLACEMENT_3D ( 'NONE', #5326, #5318, #5292 ) ;
#4004 = MECHANICAL_DESIGN_GEOMETRIC_PRESENTATION_REPRESENTATION (  '', ( #3978 ), #3981 ) ;
#4005 = AXIS2_PLACEMENT_3D ( 'NONE', #7002, #6980, #7015 ) ;
#4006 = MECHANICAL_DESIGN_GEOMETRIC_PRESENTATION_REPRESENTATION (  '', ( #4012 ), #3982 ) ;
#4007 = PRESENTATION_LAYER_ASSIGNMENT (  '', '', ( #4012 ) ) ;
#4008 =( GEOMETRIC_REPRESENTATION_CONTEXT ( 3 ) GLOBAL_UNCERTAINTY_ASSIGNED_CONTEXT ( ( #996 ) ) GLOBAL_UNIT_ASSIGNED_CONTEXT ( ( #6946, #6952, #6971 ) ) REPRESENTATION_CONTEXT ( 'NONE', 'WORKASPACE' ) );
#4009 = AXIS2_PLACEMENT_3D ( 'NONE', #7457, #7427, #7428 ) ;
#4010 = STYLED_ITEM ( 'NONE', ( #4476 ), #2755 ) ;
#4011 = AXIS2_PLACEMENT_3D ( 'NONE', #6873, #6905, #6921 ) ;
#4012 = STYLED_ITEM ( 'NONE', ( #4439 ), #1026 ) ;
#4013 = AXIS2_PLACEMENT_3D ( 'NONE', #6032, #6058, #6051 ) ;
#4014 = AXIS2_PLACEMENT_3D ( 'NONE', #6063, #6024, #6070 ) ;
#4015 = STYLED_ITEM ( 'NONE', ( #6641 ), #2791 ) ;
#4016 = MECHANICAL_DESIGN_GEOMETRIC_PRESENTATION_REPRESENTATION (  '', ( #4059 ), #4017 ) ;
#4017 =( GEOMETRIC_REPRESENTATION_CONTEXT ( 3 ) GLOBAL_UNCERTAINTY_ASSIGNED_CONTEXT ( ( #1008 ) ) GLOBAL_UNIT_ASSIGNED_CONTEXT ( ( #5426, #5448, #5468 ) ) REPRESENTATION_CONTEXT ( 'NONE', 'WORKASPACE' ) );
#4018 = AXIS2_PLACEMENT_3D ( 'NONE', #5366, #5356, #5369 ) ;
#4019 = PRESENTATION_LAYER_ASSIGNMENT (  '', '', ( #4057 ) ) ;
#4020 = AXIS2_PLACEMENT_3D ( 'NONE', #6072, #6030, #6038 ) ;
#4021 = STYLED_ITEM ( 'NONE', ( #6671 ), #2777 ) ;
#4022 = MECHANICAL_DESIGN_GEOMETRIC_PRESENTATION_REPRESENTATION (  '', ( #4021 ), #4023 ) ;
#4023 =( GEOMETRIC_REPRESENTATION_CONTEXT ( 3 ) GLOBAL_UNCERTAINTY_ASSIGNED_CONTEXT ( ( #1044 ) ) GLOBAL_UNIT_ASSIGNED_CONTEXT ( ( #5335, #5363, #5364 ) ) REPRESENTATION_CONTEXT ( 'NONE', 'WORKASPACE' ) );
#4024 = AXIS2_PLACEMENT_3D ( 'NONE', #5365, #5353, #5330 ) ;
#4025 =( GEOMETRIC_REPRESENTATION_CONTEXT ( 3 ) GLOBAL_UNCERTAINTY_ASSIGNED_CONTEXT ( ( #1011 ) ) GLOBAL_UNIT_ASSIGNED_CONTEXT ( ( #5402, #5383, #5403 ) ) REPRESENTATION_CONTEXT ( 'NONE', 'WORKASPACE' ) );
#4026 = MECHANICAL_DESIGN_GEOMETRIC_PRESENTATION_REPRESENTATION (  '', ( #4029 ), #4033 ) ;
#4027 = AXIS2_PLACEMENT_3D ( 'NONE', #6087, #6012, #6005 ) ;
#4028 = AXIS2_PLACEMENT_3D ( 'NONE', #5372, #5376, #5337 ) ;
#4029 = STYLED_ITEM ( 'NONE', ( #6629 ), #2792 ) ;
#4030 = AXIS2_PLACEMENT_3D ( 'NONE', #6065, #6082, #6010 ) ;
#4031 = AXIS2_PLACEMENT_3D ( 'NONE', #6046, #6004, #6048 ) ;
#4032 = AXIS2_PLACEMENT_3D ( 'NONE', #6068, #6015, #6016 ) ;
#4033 =( GEOMETRIC_REPRESENTATION_CONTEXT ( 3 ) GLOBAL_UNCERTAINTY_ASSIGNED_CONTEXT ( ( #988 ) ) GLOBAL_UNIT_ASSIGNED_CONTEXT ( ( #5405, #5423, #5395 ) ) REPRESENTATION_CONTEXT ( 'NONE', 'WORKASPACE' ) );
#4034 = PRESENTATION_LAYER_ASSIGNMENT (  '', '', ( #4059 ) ) ;
#4035 = AXIS2_PLACEMENT_3D ( 'NONE', #5331, #5332, #5357 ) ;
#4036 = AXIS2_PLACEMENT_3D ( 'NONE', #5414, #5387, #5417 ) ;
#4037 = MECHANICAL_DESIGN_GEOMETRIC_PRESENTATION_REPRESENTATION (  '', ( #4057 ), #4061 ) ;
#4038 = PRESENTATION_LAYER_ASSIGNMENT (  '', '', ( #4015 ) ) ;
#4039 = AXIS2_PLACEMENT_3D ( 'NONE', #6112, #6089, #6171 ) ;
#4040 = AXIS2_PLACEMENT_3D ( 'NONE', #5338, #5341, #5342 ) ;
#4041 = AXIS2_PLACEMENT_3D ( 'NONE', #5380, #5413, #5416 ) ;
#4042 = AXIS2_PLACEMENT_3D ( 'NONE', #6084, #6044, #6034 ) ;
#4043 = AXIS2_PLACEMENT_3D ( 'NONE', #5339, #5374, #5340 ) ;
#4044 = AXIS2_PLACEMENT_3D ( 'NONE', #5384, #5411, #5386 ) ;
#4045 = AXIS2_PLACEMENT_3D ( 'NONE', #5430, #5431, #5455 ) ;
#4046 = AXIS2_PLACEMENT_3D ( 'NONE', #5343, #5346, #5348 ) ;
#4047 = AXIS2_PLACEMENT_3D ( 'NONE', #5421, #5394, #5381 ) ;
#4048 = PRESENTATION_LAYER_ASSIGNMENT (  '', '', ( #4021 ) ) ;
#4049 = AXIS2_PLACEMENT_3D ( 'NONE', #5334, #5352, #5347 ) ;
#4050 = AXIS2_PLACEMENT_3D ( 'NONE', #5333, #5371, #5350 ) ;
#4051 = AXIS2_PLACEMENT_3D ( 'NONE', #5373, #5361, #5375 ) ;
#4052 = AXIS2_PLACEMENT_3D ( 'NONE', #5344, #5359, #5336 ) ;
#4053 = PRESENTATION_LAYER_ASSIGNMENT (  '', '', ( #4029 ) ) ;
#4054 = AXIS2_PLACEMENT_3D ( 'NONE', #6079, #6055, #6081 ) ;
#4055 = AXIS2_PLACEMENT_3D ( 'NONE', #5998, #6036, #6061 ) ;
#4056 = AXIS2_PLACEMENT_3D ( 'NONE', #5429, #5452, #5454 ) ;
#4057 = STYLED_ITEM ( 'NONE', ( #4364 ), #2810 ) ;
#4058 = AXIS2_PLACEMENT_3D ( 'NONE', #5996, #6022, #6028 ) ;
#4059 = STYLED_ITEM ( 'NONE', ( #4355 ), #2801 ) ;
#4060 = AXIS2_PLACEMENT_3D ( 'NONE', #5410, #5389, #5377 ) ;
#4061 =( GEOMETRIC_REPRESENTATION_CONTEXT ( 3 ) GLOBAL_UNCERTAINTY_ASSIGNED_CONTEXT ( ( #1047 ) ) GLOBAL_UNIT_ASSIGNED_CONTEXT ( ( #6000, #6019, #6002 ) ) REPRESENTATION_CONTEXT ( 'NONE', 'WORKASPACE' ) );
#4062 = AXIS2_PLACEMENT_3D ( 'NONE', #5418, #5391, #5393 ) ;
#4063 = AXIS2_PLACEMENT_3D ( 'NONE', #5355, #5358, #5368 ) ;
#4064 = AXIS2_PLACEMENT_3D ( 'NONE', #5321, #5325, #5327 ) ;
#4065 = AXIS2_PLACEMENT_3D ( 'NONE', #5390, #5396, #5406 ) ;
#4066 = AXIS2_PLACEMENT_3D ( 'NONE', #5404, #5422, #5420 ) ;
#4067 = AXIS2_PLACEMENT_3D ( 'NONE', #5401, #5409, #5407 ) ;
#4068 = MECHANICAL_DESIGN_GEOMETRIC_PRESENTATION_REPRESENTATION (  '', ( #4015 ), #4025 ) ;
#4069 = AXIS2_PLACEMENT_3D ( 'NONE', #5400, #5385, #5382 ) ;
#4070 = AXIS2_PLACEMENT_3D ( 'NONE', #5388, #5412, #5392 ) ;
#4071 = AXIS2_PLACEMENT_3D ( 'NONE', #5446, #5460, #5435 ) ;
#4072 = AXIS2_PLACEMENT_3D ( 'NONE', #6021, #6027, #6050 ) ;
#4073 = AXIS2_PLACEMENT_3D ( 'NONE', #6187, #6220, #6222 ) ;
#4074 = STYLED_ITEM ( 'NONE', ( #4344 ), #2820 ) ;
#4075 = AXIS2_PLACEMENT_3D ( 'NONE', #6134, #6137, #6177 ) ;
#4076 = AXIS2_PLACEMENT_3D ( 'NONE', #6173, #6116, #6179 ) ;
#4077 = AXIS2_PLACEMENT_3D ( 'NONE', #6159, #6152, #6122 ) ;
#4078 = AXIS2_PLACEMENT_3D ( 'NONE', #6269, #6243, #6271 ) ;
#4079 = AXIS2_PLACEMENT_3D ( 'NONE', #6347, #6358, #6360 ) ;
#4080 = AXIS2_PLACEMENT_3D ( 'NONE', #6314, #6323, #6307 ) ;
#4081 = AXIS2_PLACEMENT_3D ( 'NONE', #6365, #6355, #6363 ) ;
#4082 = AXIS2_PLACEMENT_3D ( 'NONE', #6369, #6304, #6301 ) ;
#4083 = AXIS2_PLACEMENT_3D ( 'NONE', #6349, #6353, #6361 ) ;
#4084 = AXIS2_PLACEMENT_3D ( 'NONE', #6359, #6345, #6289 ) ;
#4085 = AXIS2_PLACEMENT_3D ( 'NONE', #6293, #6317, #6350 ) ;
#4086 = AXIS2_PLACEMENT_3D ( 'NONE', #6312, #6356, #6368 ) ;
#4087 = AXIS2_PLACEMENT_3D ( 'NONE', #6320, #6325, #6329 ) ;
#4088 = AXIS2_PLACEMENT_3D ( 'NONE', #6333, #6341, #6354 ) ;
#4089 = AXIS2_PLACEMENT_3D ( 'NONE', #6343, #6362, #6367 ) ;
#4090 = AXIS2_PLACEMENT_3D ( 'NONE', #6114, #6136, #6169 ) ;
#4091 = AXIS2_PLACEMENT_3D ( 'NONE', #6291, #6366, #6297 ) ;
#4092 = AXIS2_PLACEMENT_3D ( 'NONE', #6211, #6265, #6232 ) ;
#4093 = AXIS2_PLACEMENT_3D ( 'NONE', #720, #673, #671 ) ;
#4094 = PRESENTATION_LAYER_ASSIGNMENT (  '', '', ( #4074 ) ) ;
#4095 = AXIS2_PLACEMENT_3D ( 'NONE', #6250, #6204, #6246 ) ;
#4096 = AXIS2_PLACEMENT_3D ( 'NONE', #455, #440, #445 ) ;
#4097 = AXIS2_PLACEMENT_3D ( 'NONE', #454, #427, #456 ) ;
#4098 = AXIS2_PLACEMENT_3D ( 'NONE', #6108, #6165, #6110 ) ;
#4099 = AXIS2_PLACEMENT_3D ( 'NONE', #6207, #6280, #6335 ) ;
#4100 = AXIS2_PLACEMENT_3D ( 'NONE', #719, #694, #689 ) ;
#4101 = AXIS2_PLACEMENT_3D ( 'NONE', #6191, #6217, #6235 ) ;
#4102 = AXIS2_PLACEMENT_3D ( 'NONE', #6370, #6351, #6339 ) ;
#4103 = AXIS2_PLACEMENT_3D ( 'NONE', #6145, #6106, #6147 ) ;
#4104 = AXIS2_PLACEMENT_3D ( 'NONE', #6299, #6352, #6327 ) ;
#4105 = AXIS2_PLACEMENT_3D ( 'NONE', #722, #697, #691 ) ;
#4106 = AXIS2_PLACEMENT_3D ( 'NONE', #6199, #6215, #6282 ) ;
#4107 = AXIS2_PLACEMENT_3D ( 'NONE', #425, #426, #428 ) ;
#4108 = AXIS2_PLACEMENT_3D ( 'NONE', #6124, #6130, #6096 ) ;
#4109 = AXIS2_PLACEMENT_3D ( 'NONE', #6094, #6132, #6181 ) ;
#4110 = AXIS2_PLACEMENT_3D ( 'NONE', #6120, #6161, #6167 ) ;
#4111 = AXIS2_PLACEMENT_3D ( 'NONE', #6195, #6229, #6224 ) ;
#4112 = AXIS2_PLACEMENT_3D ( 'NONE', #6309, #6364, #6337 ) ;
#4113 = AXIS2_PLACEMENT_3D ( 'NONE', #431, #432, #457 ) ;
#4114 = AXIS2_PLACEMENT_3D ( 'NONE', #1520, #1513, #1510 ) ;
#4115 = AXIS2_PLACEMENT_3D ( 'NONE', #434, #437, #439 ) ;
#4116 = AXIS2_PLACEMENT_3D ( 'NONE', #1491, #1522, #1523 ) ;
#4117 = AXIS2_PLACEMENT_3D ( 'NONE', #6225, #6213, #6278 ) ;
#4118 = AXIS2_PLACEMENT_3D ( 'NONE', #6241, #6261, #6263 ) ;
#4119 = AXIS2_PLACEMENT_3D ( 'NONE', #6276, #6267, #6209 ) ;
#4120 =( GEOMETRIC_REPRESENTATION_CONTEXT ( 3 ) GLOBAL_UNCERTAINTY_ASSIGNED_CONTEXT ( ( #1040 ) ) GLOBAL_UNIT_ASSIGNED_CONTEXT ( ( #6128, #6102, #6104 ) ) REPRESENTATION_CONTEXT ( 'NONE', 'WORKASPACE' ) );
#4121 = AXIS2_PLACEMENT_3D ( 'NONE', #6227, #6237, #6248 ) ;
#4122 = AXIS2_PLACEMENT_3D ( 'NONE', #6239, #6189, #6201 ) ;
#4123 = AXIS2_PLACEMENT_3D ( 'NONE', #6198, #6253, #6285 ) ;
#4124 = AXIS2_PLACEMENT_3D ( 'NONE', #6139, #6138, #6154 ) ;
#4125 = AXIS2_PLACEMENT_3D ( 'NONE', #6163, #6183, #6148 ) ;
#4126 = MECHANICAL_DESIGN_GEOMETRIC_PRESENTATION_REPRESENTATION (  '', ( #4074 ), #4120 ) ;
#4127 = AXIS2_PLACEMENT_3D ( 'NONE', #6150, #6097, #6099 ) ;
#4128 = AXIS2_PLACEMENT_3D ( 'NONE', #6192, #6242, #6273 ) ;
#4129 = AXIS2_PLACEMENT_3D ( 'NONE', #3311, #3324, #3326 ) ;
#4130 = AXIS2_PLACEMENT_3D ( 'NONE', #1735, #1733, #1747 ) ;
#4131 = AXIS2_PLACEMENT_3D ( 'NONE', #3333, #3335, #3300 ) ;
#4132 = AXIS2_PLACEMENT_3D ( 'NONE', #2057, #2073, #2059 ) ;
#4133 = AXIS2_PLACEMENT_3D ( 'NONE', #3293, #3260, #3284 ) ;
#4134 = AXIS2_PLACEMENT_3D ( 'NONE', #1208, #1228, #1209 ) ;
#4135 = AXIS2_PLACEMENT_3D ( 'NONE', #1222, #1214, #1215 ) ;
#4136 = AXIS2_PLACEMENT_3D ( 'NONE', #1812, #1802, #1796 ) ;
#4137 = AXIS2_PLACEMENT_3D ( 'NONE', #2055, #2013, #2089 ) ;
#4138 = AXIS2_PLACEMENT_3D ( 'NONE', #3283, #3258, #3271 ) ;
#4139 = AXIS2_PLACEMENT_3D ( 'NONE', #3315, #3312, #3339 ) ;
#4140 = AXIS2_PLACEMENT_3D ( 'NONE', #4562, #4559, #4556 ) ;
#4141 = AXIS2_PLACEMENT_3D ( 'NONE', #4522, #4534, #4539 ) ;
#4142 = AXIS2_PLACEMENT_3D ( 'NONE', #4537, #4515, #4541 ) ;
#4143 = AXIS2_PLACEMENT_3D ( 'NONE', #1210, #1200, #1211 ) ;
#4144 = AXIS2_PLACEMENT_3D ( 'NONE', #3000, #3001, #3002 ) ;
#4145 = AXIS2_PLACEMENT_3D ( 'NONE', #3268, #3253, #3278 ) ;
#4146 = AXIS2_PLACEMENT_3D ( 'NONE', #1182, #1183, #1184 ) ;
#4147 = AXIS2_PLACEMENT_3D ( 'NONE', #1749, #1769, #1739 ) ;
#4148 = AXIS2_PLACEMENT_3D ( 'NONE', #1984, #1986, #1988 ) ;
#4149 = AXIS2_PLACEMENT_3D ( 'NONE', #2868, #2901, #2912 ) ;
#4150 = AXIS2_PLACEMENT_3D ( 'NONE', #3205, #3203, #3157 ) ;
#4151 = AXIS2_PLACEMENT_3D ( 'NONE', #3242, #3235, #3228 ) ;
#4152 = AXIS2_PLACEMENT_3D ( 'NONE', #1690, #1680, #1686 ) ;
#4153 = AXIS2_PLACEMENT_3D ( 'NONE', #1762, #1738, #1775 ) ;
#4154 = AXIS2_PLACEMENT_3D ( 'NONE', #2083, #2104, #2096 ) ;
#4155 = AXIS2_PLACEMENT_3D ( 'NONE', #3327, #3305, #3317 ) ;
#4156 = AXIS2_PLACEMENT_3D ( 'NONE', #4554, #4561, #4558 ) ;
#4157 = AXIS2_PLACEMENT_3D ( 'NONE', #1710, #1700, #1709 ) ;
#4158 = AXIS2_PLACEMENT_3D ( 'NONE', #1185, #1186, #1188 ) ;
#4159 = AXIS2_PLACEMENT_3D ( 'NONE', #1770, #1731, #1743 ) ;
#4160 = AXIS2_PLACEMENT_3D ( 'NONE', #1220, #1199, #1218 ) ;
#4161 = AXIS2_PLACEMENT_3D ( 'NONE', #2022, #2049, #2036 ) ;
#4162 = AXIS2_PLACEMENT_3D ( 'NONE', #2011, #2039, #2026 ) ;
#4163 = AXIS2_PLACEMENT_3D ( 'NONE', #2992, #3022, #2982 ) ;
#4164 = AXIS2_PLACEMENT_3D ( 'NONE', #1776, #1818, #1807 ) ;
#4165 = AXIS2_PLACEMENT_3D ( 'NONE', #1785, #1786, #1811 ) ;
#4166 = AXIS2_PLACEMENT_3D ( 'NONE', #2250, #2251, #2252 ) ;
#4167 = AXIS2_PLACEMENT_3D ( 'NONE', #1844, #1873, #1851 ) ;
#4168 = AXIS2_PLACEMENT_3D ( 'NONE', #2080, #2058, #2092 ) ;
#4169 = AXIS2_PLACEMENT_3D ( 'NONE', #2905, #2878, #2865 ) ;
#4170 = AXIS2_PLACEMENT_3D ( 'NONE', #1187, #1190, #1191 ) ;
#4171 = AXIS2_PLACEMENT_3D ( 'NONE', #3206, #3243, #3221 ) ;
#4172 = AXIS2_PLACEMENT_3D ( 'NONE', #3217, #3246, #3247 ) ;
#4173 = AXIS2_PLACEMENT_3D ( 'NONE', #3285, #3251, #3286 ) ;
#4174 = AXIS2_PLACEMENT_3D ( 'NONE', #2910, #2911, #3023 ) ;
#4175 = AXIS2_PLACEMENT_3D ( 'NONE', #4545, #4525, #4511 ) ;
#4176 = AXIS2_PLACEMENT_3D ( 'NONE', #3244, #3226, #3208 ) ;
#4177 = AXIS2_PLACEMENT_3D ( 'NONE', #1740, #1732, #1764 ) ;
#4178 = AXIS2_PLACEMENT_3D ( 'NONE', #3433, #3436, #3411 ) ;
#4179 = AXIS2_PLACEMENT_3D ( 'NONE', #1232, #1235, #1238 ) ;
#4180 = AXIS2_PLACEMENT_3D ( 'NONE', #3266, #3269, #3274 ) ;
#4181 = AXIS2_PLACEMENT_3D ( 'NONE', #4555, #4560, #4557 ) ;
#4182 = AXIS2_PLACEMENT_3D ( 'NONE', #3234, #3213, #3207 ) ;
#4183 = AXIS2_PLACEMENT_3D ( 'NONE', #2010, #2041, #2052 ) ;
#4184 = AXIS2_PLACEMENT_3D ( 'NONE', #3250, #3261, #3264 ) ;
#4185 = AXIS2_PLACEMENT_3D ( 'NONE', #2275, #2276, #2277 ) ;
#4186 = AXIS2_PLACEMENT_3D ( 'NONE', #1815, #1819, #1808 ) ;
#4187 = AXIS2_PLACEMENT_3D ( 'NONE', #2078, #2065, #2101 ) ;
#4188 = AXIS2_PLACEMENT_3D ( 'NONE', #3323, #3304, #3336 ) ;
#4189 = AXIS2_PLACEMENT_3D ( 'NONE', #3649, #3636, #3632 ) ;
#4190 = AXIS2_PLACEMENT_3D ( 'NONE', #3647, #3643, #3631 ) ;
#4191 = AXIS2_PLACEMENT_3D ( 'NONE', #36, #7, #3 ) ;
#4192 = AXIS2_PLACEMENT_3D ( 'NONE', #6610, #6612, #6614 ) ;
#4193 = AXIS2_PLACEMENT_3D ( 'NONE', #6613, #6615, #6619 ) ;
#4194 = AXIS2_PLACEMENT_3D ( 'NONE', #2386, #2391, #2392 ) ;
#4195 = AXIS2_PLACEMENT_3D ( 'NONE', #2387, #2395, #2389 ) ;
#4196 = AXIS2_PLACEMENT_3D ( 'NONE', #4410, #4405, #4413 ) ;
#4197 = AXIS2_PLACEMENT_3D ( 'NONE', #4421, #4423, #4419 ) ;
#4198 = AXIS2_PLACEMENT_3D ( 'NONE', #4409, #4412, #4420 ) ;
#4199 = AXIS2_PLACEMENT_3D ( 'NONE', #3595, #3593, #3581 ) ;
#4200 = AXIS2_PLACEMENT_3D ( 'NONE', #6779, #6765, #6754 ) ;
#4201 = AXIS2_PLACEMENT_3D ( 'NONE', #3638, #3644, #3645 ) ;
#4202 = AXIS2_PLACEMENT_3D ( 'NONE', #6601, #6590, #6592 ) ;
#4203 = AXIS2_PLACEMENT_3D ( 'NONE', #3612, #3586, #4540 ) ;
#4204 = AXIS2_PLACEMENT_3D ( 'NONE', #19, #18, #20 ) ;
#4205 = AXIS2_PLACEMENT_3D ( 'NONE', #38, #32, #40 ) ;
#4206 = AXIS2_PLACEMENT_3D ( 'NONE', #6787, #6901, #6916 ) ;
#4207 = AXIS2_PLACEMENT_3D ( 'NONE', #5813, #5819, #5823 ) ;
#4208 = AXIS2_PLACEMENT_3D ( 'NONE', #5825, #5821, #5827 ) ;
#4209 = AXIS2_PLACEMENT_3D ( 'NONE', #5852, #5809, #5800 ) ;
#4210 = AXIS2_PLACEMENT_3D ( 'NONE', #6743, #6745, #6749 ) ;
#4211 = AXIS2_PLACEMENT_3D ( 'NONE', #4552, #4536, #4504 ) ;
#4212 = AXIS2_PLACEMENT_3D ( 'NONE', #21, #22, #27 ) ;
#4213 = AXIS2_PLACEMENT_3D ( 'NONE', #4535, #4507, #4524 ) ;
#4214 = AXIS2_PLACEMENT_3D ( 'NONE', #6777, #6746, #6759 ) ;
#4215 = AXIS2_PLACEMENT_3D ( 'NONE', #3620, #3590, #3598 ) ;
#4216 = AXIS2_PLACEMENT_3D ( 'NONE', #3653, #3654, #3650 ) ;
#4217 = AXIS2_PLACEMENT_3D ( 'NONE', #4415, #4416, #4417 ) ;
#4218 = AXIS2_PLACEMENT_3D ( 'NONE', #3600, #3602, #3613 ) ;
#4219 = AXIS2_PLACEMENT_3D ( 'NONE', #3592, #3591, #3609 ) ;
#4220 = AXIS2_PLACEMENT_3D ( 'NONE', #6331, #6357, #5461 ) ;
#4221 = AXIS2_PLACEMENT_3D ( 'NONE', #6609, #2388, #2394 ) ;
#4222 = AXIS2_PLACEMENT_3D ( 'NONE', #4533, #4518, #4519 ) ;
#4223 = AXIS2_PLACEMENT_3D ( 'NONE', #17, #16, #14 ) ;
#4224 = AXIS2_PLACEMENT_3D ( 'NONE', #2287, #2338, #4411 ) ;
#4225 = AXIS2_PLACEMENT_3D ( 'NONE', #3635, #3637, #3639 ) ;
#4226 = AXIS2_PLACEMENT_3D ( 'NONE', #6756, #6757, #6778 ) ;
#4227 = AXIS2_PLACEMENT_3D ( 'NONE', #3642, #3655, #3651 ) ;
#4228 = AXIS2_PLACEMENT_3D ( 'NONE', #3588, #3596, #3601 ) ;
#4229 = AXIS2_PLACEMENT_3D ( 'NONE', #3582, #3614, #3597 ) ;
#4230 = AXIS2_PLACEMENT_3D ( 'NONE', #37, #30, #31 ) ;
#4231 = AXIS2_PLACEMENT_3D ( 'NONE', #6763, #6744, #6764 ) ;
#4232 = AXIS2_PLACEMENT_3D ( 'NONE', #4, #6, #2737 ) ;
#4233 = AXIS2_PLACEMENT_3D ( 'NONE', #6625, #6616, #6621 ) ;
#4234 = AXIS2_PLACEMENT_3D ( 'NONE', #6593, #6600, #6594 ) ;
#4235 = AXIS2_PLACEMENT_3D ( 'NONE', #3640, #3634, #3652 ) ;
#4236 = AXIS2_PLACEMENT_3D ( 'NONE', #3584, #3603, #3604 ) ;
#4237 = AXIS2_PLACEMENT_3D ( 'NONE', #24, #25, #26 ) ;
#4238 = AXIS2_PLACEMENT_3D ( 'NONE', #6596, #6618, #6627 ) ;
#4239 = AXIS2_PLACEMENT_3D ( 'NONE', #3254, #4422, #4418 ) ;
#4240 = AXIS2_PLACEMENT_3D ( 'NONE', #5771, #5791, #5817 ) ;
#4241 = AXIS2_PLACEMENT_3D ( 'NONE', #6605, #6607, #6622 ) ;
#4242 = AXIS2_PLACEMENT_3D ( 'NONE', #6736, #6772, #6738 ) ;
#4243 = AXIS2_PLACEMENT_3D ( 'NONE', #4527, #4528, #4531 ) ;
#4244 = AXIS2_PLACEMENT_3D ( 'NONE', #3623, #3625, #3626 ) ;
#4245 = AXIS2_PLACEMENT_3D ( 'NONE', #33, #34, #35 ) ;
#4246 = AXIS2_PLACEMENT_3D ( 'NONE', #6789, #6781, #6783 ) ;
#4247 = AXIS2_PLACEMENT_3D ( 'NONE', #6780, #6784, #6782 ) ;
#4248 = AXIS2_PLACEMENT_3D ( 'NONE', #4517, #4532, #4505 ) ;
#4249 = AXIS2_PLACEMENT_3D ( 'NONE', #3607, #3608, #3605 ) ;
#4250 = AXIS2_PLACEMENT_3D ( 'NONE', #3599, #3585, #3616 ) ;
#4251 = AXIS2_PLACEMENT_3D ( 'NONE', #6751, #6761, #6762 ) ;
#4252 = AXIS2_PLACEMENT_3D ( 'NONE', #5975, #5991, #6142 ) ;
#4253 = B_SPLINE_SURFACE_WITH_KNOTS ( 'NONE', 1, 3, ( 
 ( #7493, #7521, #7504, #7498, #7537, #7494, #7496, #7533, #7482, #7520, #7522, #7518, #7532, #7503, #7534, #7535, #7531, #7514, #7478, #7497, #7524, #7480, #7515, #7481, #7530, #7523, #7500, #7483, #7525, #7516, #7507, #7485, #7502, #7526, #7508, #7486, #7509, #7505, #7487, #7506, #7527, #7489, #7490, #7491, #7510, #7511, #7512, #7513, #7517, #7553, #7593, #7598, #7573, #7570, #7571, #7550, #7595, #7562, #7546, #7566, #7554, #7574, #7594, #7597, #7596, #7599, #7568, #7586, #7548, #7555, #7549, #7567, #7541, #7556, #7569, #7600, #7557, #7601, #7558, #7551, #7572, #7538, #7592, #7559, #7539, #7584, #7540, #7587, #7560, #7575, #7542, #7561, #7589, #7565, #7543, #7544, #7545, #7576, #7563, #7577, #7578, #7547, #7552, #7564, #7579, #7591, #7580, #7581, #7582, #7583, #7585, #7588, #7590, #7603, #7610, #7602, #7656, #7633, #7609, #7632, #7617, #7664, #7647, #7648, #7626, #7629, #7608, #7645, #7618, #7649, #7631, #7625, #7665, #7619, #7623, #7661, #7607, #7650, #7651, #7646, #7660, #7630, #7662, #7663, #7659, #7642, #7604, #7620, #7652, #7605, #7643, #7606, #7658, #7653, #7621, #7611, #7654, #7644, #7635, #7612, #7622, #7655, #7636, #7613, #7637, #7627, #7614, #7628, #7657, #7615, #7616, #7624, #7634, #7638, #7639, #7640, #7641, #7681, #7721, #7726, #7701, #7698, #7699, #7678, #7723, #7690, #7674, #7694, #7682, #7702, #7722, #7725, #7724, #7727, #7696, #7714, #7676, #7683, #7677, #7695, #7669, #7684, #7697, #7728, #7685, #7729, #7686, #7679, #7700, #7666, #7720, #7687, #7667, #7712, #7668, #7715, #7688, #7703, #7670, #7689, #7717, #7693, #7671, #7672, #7673, #7704, #7691, #7705, #7706, #7675, #7680, #7692, #7707, #7719 ),
 ( #7708, #7709, #7710, #7711, #7713, #7716, #7718, #7745, #7792, #7775, #7776, #7754, #7757, #7736, #7773, #7746, #7777, #7759, #7753, #7793, #7747, #7751, #7789, #7735, #7778, #7779, #7774, #7788, #7758, #7790, #7791, #7787, #7770, #7730, #7748, #7780, #7731, #7771, #7732, #7786, #7781, #7749, #7733, #7782, #7772, #7763, #7734, #7750, #7783, #7764, #7737, #7765, #7755, #7738, #7756, #7784, #7739, #7740, #7744, #7760, #7741, #7785, #7742, #7743, #7752, #7761, #7762, #7766, #7767, #7768, #7769, #7851, #7818, #7802, #7822, #7810, #7829, #7849, #7853, #7852, #7854, #7824, #7842, #7804, #7811, #7805, #7823, #7797, #7809, #7825, #7850, #7812, #7855, #7813, #7807, #7828, #7856, #7848, #7814, #7857, #7840, #7794, #7843, #7815, #7826, #7795, #7816, #7845, #7821, #7796, #7798, #7799, #7827, #7819, #7830, #7831, #7800, #7801, #7803, #7832, #7847, #7820, #7835, #7806, #7808, #7817, #7833, #7836, #7834, #7837, #7838, #7839, #7841, #7844, #7846, #7873, #7920, #7903, #7904, #7882, #7885, #7864, #7901, #7874, #7905, #7887, #7881, #7921, #7875, #7879, #7917, #7863, #7906, #7907, #7902, #7916, #7886, #7918, #7919, #7915, #7898, #7858, #7876, #7908, #7859, #7899, #7860, #7914, #7909, #7877, #7861, #7910, #7900, #7891, #7862, #7878, #7911, #7892, #7865, #7893, #7883, #7866, #7884, #7912, #7867, #7868, #7872, #7888, #7869, #7913, #7870, #7871, #7880, #7889, #7890, #7894, #7895, #7896, #7897, #7940, #7930, #7924, #7931, #7927, #7933, #7941, #7942, #7922, #7923, #7935, #7925, #7929, #7932, #7934, #7936, #7926, #7937, #7938, #7928, #7939, #6923, #6886, #6881, #6900, #6924, #6918, #6884, #6922, #6910, #6919, #6912, #6887, #6896, #6925 ) ),
 .UNSPECIFIED., .F., .T., .F.,
 ( 2, 2 ),
 ( 4, 2, 2, 2, 2, 2, 2, 2, 2, 2, 2, 2, 2, 2, 2, 2, 2, 2, 2, 2, 2, 2, 2, 2, 2, 2, 2, 2, 2, 2, 2, 2, 2, 2, 2, 2, 2, 2, 2, 2, 2, 2, 2, 2, 2, 2, 2, 2, 2, 2, 2, 2, 2, 2, 2, 2, 2, 2, 2, 2, 2, 2, 2, 2, 2, 2, 2, 2, 2, 2, 2, 2, 2, 2, 2, 2, 2, 2, 2, 2, 2, 2, 2, 2, 2, 2, 2, 2, 2, 2, 2, 2, 2, 2, 2, 2, 2, 2, 2, 2, 2, 2, 2, 2, 2, 2, 2, 2, 2, 2, 2, 2, 2, 2, 2, 2, 4 ),
 ( 0.0000000000000000000, 1.000000000000000000 ),
 ( 0.0005044228221387381900, 0.0006016097111832719100, 0.0006502031557055387600, 0.0006987966002278056200, 0.0007959834892723393300, 0.0008931703783168730400, 0.001087544156405940500, 0.001184731045450474200, 0.001281917934495007900, 0.001379104823539541600, 0.001476291712584075300, 0.001573478601628609000, 0.001670665490673142700, 0.001767852379717676500, 0.001865039268762210200, 0.001962226157806743900, 0.002059413046851277600, 0.002253786824940345000, 0.002448160603029412400, 0.002642534381118479900, 0.002836908159207547300, 0.003031281937296614700, 0.003128468826341148400, 0.003225655715385682100, 0.003322842604430215800, 0.003420029493474749600, 0.003517216382519283700, 0.003614403271563817400, 0.003808777049652885300, 0.003905963938697419000, 0.003954557383219686100, 0.004003150827741952700, 0.004100337716786486800, 0.004197524605831020100, 0.004391898383920087500, 0.004489085272964621700, 0.004586272162009155000, 0.004683459051053688200, 0.004780645940098222400, 0.004877832829142756500, 0.004975019718187289800, 0.005072206607231823100, 0.005169393496276357200, 0.005266580385320891400, 0.005315173829843158000, 0.005363767274365424700, 0.005558141052454492100, 0.005752514830543559500, 0.005849701719588092800, 0.005946888608632626900, 0.006044075497677161100, 0.006141262386721694400, 0.006238449275766227600, 0.006335636164810761800, 0.006432823053855295900, 0.006530009942899829200, 0.006627196831944362500, 0.006724383720988896600, 0.006918757499077964100, 0.007015944388122498200, 0.007113131277167032300, 0.007161724721689299000, 0.007210318166211565600, 0.007307505055256099800, 0.007501878833345167200, 0.007599065722389700500, 0.007696252611434234600, 0.007793439500478768800, 0.007890626389523302000, 0.007987813278567835300, 0.008085000167612370300, 0.008279373945701436900, 0.008376560834745970200, 0.008425154279268237700, 0.008473747723790503400, 0.008570934612835038500, 0.008668121501879571700, 0.008862495279968640000, 0.008959682169013173300, 0.009056869058057706600, 0.009105462502579972400, 0.009154055947102239900, 0.009251242836146773100, 0.009348429725191308200, 0.009445616614235841400, 0.009542803503280374700, 0.009639990392324909700, 0.009737177281369443000, 0.009834364170413976300, 0.009931551059458509600, 0.01002873794850304300, 0.01022311172659211100, 0.01032029861563664400, 0.01041748550468117900, 0.01046607894920344500, 0.01051467239372571300, 0.01061185928277024600, 0.01080623306085931300, 0.01090341994990384800, 0.01100060683894838100, 0.01109779372799291400, 0.01119498061703744900, 0.01129216750608198200, 0.01138935439512651600, 0.01158372817321558200, 0.01168091506226011700, 0.01177810195130465100, 0.01187528884034918400, 0.01197247572939371900, 0.01216684950748278500, 0.01236122328557185200, 0.01240981673009411900, 0.01245841017461638700, 0.01255559706366092000, 0.01265278395270545400, 0.01274997084174998900, 0.01294434461983905500 ),
 .UNSPECIFIED. ) ;
#4254 =( GEOMETRIC_REPRESENTATION_CONTEXT ( 3 ) GLOBAL_UNCERTAINTY_ASSIGNED_CONTEXT ( ( #1162 ) ) GLOBAL_UNIT_ASSIGNED_CONTEXT ( ( #5032, #4960, #4964 ) ) REPRESENTATION_CONTEXT ( 'NONE', 'WORKASPACE' ) );
#4255 = AXIS2_PLACEMENT_3D ( 'NONE', #5793, #5773, #5865 ) ;
#4256 = AXIS2_PLACEMENT_3D ( 'NONE', #6042, #6013, #5986 ) ;
#4257 = AXIS2_PLACEMENT_3D ( 'NONE', #6113, #6071, #6131 ) ;
#4258 = AXIS2_PLACEMENT_3D ( 'NONE', #6129, #6123, #6125 ) ;
#4259 = AXIS2_PLACEMENT_3D ( 'NONE', #5894, #5905, #5880 ) ;
#4260 = AXIS2_PLACEMENT_3D ( 'NONE', #6221, #6214, #6236 ) ;
#4261 = AXIS2_PLACEMENT_3D ( 'NONE', #6193, #6151, #6146 ) ;
#4262 = AXIS2_PLACEMENT_3D ( 'NONE', #6197, #6234, #6200 ) ;
#4263 = AXIS2_PLACEMENT_3D ( 'NONE', #6182, #6175, #6244 ) ;
#4264 = AXIS2_PLACEMENT_3D ( 'NONE', #4691, #4729, #4741 ) ;
#4265 = AXIS2_PLACEMENT_3D ( 'NONE', #6043, #6011, #6003 ) ;
#4266 = B_SPLINE_SURFACE_WITH_KNOTS ( 'NONE', 1, 3, ( 
 ( #5473, #5456, #5449, #5474, #5450, #5464, #5475, #5432, #5437, #5451, #5478, #5471, #5472, #5433, #5439, #5476, #5477, #5457, #5453, #5458, #5436, #5424, #5462, #5434, #5463, #5440, #5465, #5425, #5427, #5441, #5442, #5466, #5467, #5443, #5444, #5445, #5469, #5470, #5494, #5510, #5533, #5496, #5538, #5498, #5492, #5513, #5539, #5532, #5495, #5537, #5525, #5534, #5527, #5499, #5508, #5540, #5500, #5530, #5506, #5541, #5481, #5483, #5507, #5503, #5509, #5512, #5479, #5536, #5535, #5511, #5531, #5526, #5488, #5514, #5515, #5516, #5528, #5487, #5519, #5489, #5480, #5482, #5517, #5484, #5485, #5529, #5518, #5524, #5486, #5504, #5520, #5490, #5522, #5497, #5491, #5521, #5502, #5493, #5501, #5505, #5523, #5587, #5560, #5589, #5585, #5599, #5569, #5600, #5601, #5598, #5581, #5602, #5556, #5591, #5603, #5582, #5544, #5597, #5590, #5557, #5604, #5592, #5583, #5574, #5542, #5559, #5593, #5575, #5543, #5576, #5566, #5545, #5564, #5588, #5546, #5549, #5555, #5567, #5547, #5595, #5596, #5550, #5558, #5548, #5551, #5577, #5573, #5578, #5553, #5552, #5565, #5554, #5570, #5561, #5579, #5562, #5563, #5568, #5571, #5572, #5594, #5580, #5584, #5586, #5633, #5608, #5619, #5635, #5659, #5621, #5664, #5623, #5617, #5638, #5665, #5658, #5620, #5663, #5650, #5660, #5652, #5624, #5634, #5666, #5625, #5655, #5631, #5667, #5607, #5609, #5632, #5628, #5636, #5637, #5605, #5662, #5661, #5639, #5657, #5651, #5613, #5640, #5641, #5642, #5653, #5612, #5644, #5614, #5606, #5610, #5643, #5611, #5615, #5654, #5645, #5649, #5656, #5629, #5646, #5616, #5647, #5622, #5618, #5648, #5627, #5626, #5630, #5677, #5716, #5712 ),
 ( #5723, #5706, #5725, #5682, #5717, #5728, #5707, #5670, #5722, #5714, #5683, #5668, #5718, #5708, #5699, #5669, #5685, #5719, #5700, #5724, #5701, #5692, #5726, #5690, #5713, #5727, #5676, #5681, #5693, #5671, #5720, #5721, #5678, #5684, #5672, #5673, #5702, #5698, #5703, #5679, #5674, #5691, #5680, #5695, #5686, #5704, #5675, #5687, #5688, #5689, #5696, #5715, #5694, #5697, #5705, #5709, #5710, #5711, #5760, #5796, #5746, #5803, #5748, #5742, #5763, #5805, #5794, #5745, #5802, #5780, #5797, #5784, #5749, #5758, #5806, #5750, #5788, #5756, #5807, #5731, #5733, #5757, #5753, #5759, #5762, #5729, #5801, #5799, #5761, #5792, #5782, #5738, #5764, #5765, #5766, #5785, #5737, #5770, #5739, #5730, #5732, #5768, #5734, #5735, #5787, #5769, #5778, #5790, #5754, #5772, #5736, #5776, #5747, #5740, #5774, #5752, #5741, #5751, #5743, #5744, #5755, #5777, #5886, #5881, #5902, #5857, #5904, #5906, #5901, #5874, #5908, #5836, #5890, #5910, #5876, #5812, #5899, #5888, #5837, #5912, #5891, #5878, #5863, #5808, #5841, #5893, #5864, #5810, #5866, #5853, #5814, #5849, #5885, #5816, #5824, #5835, #5854, #5818, #5896, #5897, #5826, #5839, #5820, #5822, #5867, #5862, #5869, #5832, #5828, #5851, #5830, #5858, #5843, #5872, #5833, #5844, #5846, #5848, #5859, #5895, #5856, #5860, #5879, #5883, #5884, #5935, #5960, #5984, #5939, #5915, #5943, #5931, #5962, #5917, #5982, #5937, #5920, #5976, #5985, #5987, #5944, #5957, #5921, #5945, #5988, #5953, #5923, #5925, #5927, #5955, #5951, #5965, #5967, #5929, #5933, #5941, #5968, #5947, #5949, #5952, #5970, #5971, #5972, #6067, #6006, #6053, #6008, #5994, #6075, #6040 ) ),
 .UNSPECIFIED., .F., .T., .F.,
 ( 2, 2 ),
 ( 4, 2, 2, 2, 2, 2, 2, 2, 2, 2, 2, 2, 2, 2, 2, 2, 2, 2, 2, 2, 2, 2, 2, 2, 2, 2, 2, 2, 2, 2, 2, 2, 2, 2, 2, 2, 2, 2, 2, 2, 2, 2, 2, 2, 2, 2, 2, 2, 2, 2, 2, 2, 2, 2, 2, 2, 2, 2, 2, 2, 2, 2, 2, 2, 2, 2, 2, 2, 2, 2, 2, 2, 2, 2, 2, 2, 2, 2, 2, 2, 2, 2, 2, 2, 2, 2, 2, 2, 2, 2, 2, 2, 2, 2, 2, 2, 2, 2, 2, 2, 2, 2, 2, 2, 2, 2, 2, 2, 2, 2, 2, 2, 2, 2, 4 ),
 ( 0.0000000000000000000, 1.000000000000000000 ),
 ( -2.762326988111837900E-006, 0.0001977866805127831800, 0.0003983356880136781900, 0.0005988846955145731700, 0.0006991591992650206900, 0.0007994337030154682200, 0.0008997082067659157400, 0.0009999827105163631500, 0.001200531718017258200, 0.001300806221767705600, 0.001350943473642929400, 0.001401080725518153200, 0.001501355229268600900, 0.001601629733019048300, 0.001802178740519943300, 0.001902453244270390700, 0.002002727748020838100, 0.002103002251771285800, 0.002203276755521733400, 0.002303551259272181000, 0.002403825763022628200, 0.002504100266773075400, 0.002604374770523523000, 0.002704649274273970700, 0.002754786526149194500, 0.002804923778024418300, 0.003005472785525313600, 0.003206021793026208400, 0.003306296296776655600, 0.003406570800527103200, 0.003506845304277550800, 0.003607119808027998500, 0.003807668815528893300, 0.003907943319279340500, 0.004008217823029788100, 0.004108492326780235700, 0.004208766830530683400, 0.004309041334281131000, 0.004409315838031578600, 0.004609864845532473900, 0.004710139349282920600, 0.004810413853033368300, 0.004910688356783815900, 0.005010962860534262700, 0.005211511868035157900, 0.005412060875536053200, 0.005462198127411277400, 0.005512335379286500800, 0.005612609883036948400, 0.005712884386787396100, 0.005813158890537843700, 0.005913433394288291300, 0.006013707898038738900, 0.006113982401789186600, 0.006214256905539634200, 0.006314531409290081000, 0.006414805913040528600, 0.006515080416790976200, 0.006615354920541423000, 0.006715629424291870600, 0.006815903928042318200, 0.006916178431792765900, 0.007016452935543213500, 0.007116727439293661100, 0.007217001943044108700, 0.007317276446794556400, 0.007417550950545004000, 0.007517825454295450800, 0.007618099958045898400, 0.007818648965546792800, 0.007918923469297241300, 0.008019197973047688000, 0.008119472476798134800, 0.008219746980548583300, 0.008320021484299030100, 0.008420295988049476800, 0.008520570491799925300, 0.008620844995550372100, 0.008721119499300818800, 0.008771256751176043100, 0.008821394003051267300, 0.009021943010552162600, 0.009222492018053057800, 0.009322766521803506300, 0.009423041025553953100, 0.009523315529304399900, 0.009623590033054848400, 0.009824139040555743600, 0.01002468804805663900, 0.01007482529993186300, 0.01012496255180708700, 0.01022523705555753400, 0.01032551155930798100, 0.01042578606305842900, 0.01062633507055932500, 0.01072660957430977100, 0.01077674682618499600, 0.01082688407806022000, 0.01092715858181066700, 0.01102743308556111300, 0.01122798209306200900, 0.01132825659681245500, 0.01142853110056290400, 0.01152880560431335100, 0.01162908010806379700, 0.01172935461181424600, 0.01182962911556469300, 0.01192990361931513900, 0.01203017812306558800, 0.01213045262681603600, 0.01218058987869126100, 0.01223072713056648300, 0.01243127613806737800, 0.01263182514556827400, 0.01283237415306916900 ),
 .UNSPECIFIED. ) ;
#4267 = AXIS2_PLACEMENT_3D ( 'NONE', #5026, #5018, #5046 ) ;
#4268 = B_SPLINE_SURFACE_WITH_KNOTS ( 'NONE', 1, 3, ( 
 ( #672, #701, #674, #664, #714, #693, #669, #665, #706, #696, #705, #707, #686, #690, #670, #704, #680, #708, #692, #685, #721, #681, #675, #710, #709, #682, #711, #712, #718, #695, #666, #667, #717, #702, #668, #678, #713, #676, #703, #677, #716, #715, #683, #684, #687, #688, #698, #699, #700, #723, #76, #99, #77, #67, #100, #65, #89, #101, #50, #56, #68, #104, #96, #97, #51, #57, #98, #102, #78, #74, #75, #54, #103, #66, #79, #105, #44, #61, #42, #43, #45, #46, #72, #90, #52, #59, #53, #71, #47, #58, #73, #48, #60, #49, #62, #55, #80, #63, #64, #69, #70, #88, #81, #91, #82, #83, #84, #85, #93, #86, #87, #92, #94, #95, #130, #134, #139, #164, #163, #159, #138, #158, #151, #115, #140, #137, #136, #154, #114, #146, #116, #106, #160, #141, #111, #107, #152, #142, #150, #153, #131, #133, #112, #149, #122, #155, #135, #129, #167, #123, #117, #156, #157, #125, #161, #162, #165, #143, #166, #168, #108, #147, #109, #121, #110, #113, #148, #118, #119, #120, #124, #126, #127, #128, #144, #132, #145, #220, #203, #226, #204, #194, #227, #192, #216, #228, #177, #183, #195, #231, #223, #224, #178, #184, #225, #229, #205, #201, #202, #181, #230, #193, #206, #232, #171, #188, #169, #170, #172, #173, #199, #217, #179, #186, #180, #198, #174, #185, #200, #175, #187, #176, #189, #182, #207, #190, #191, #196, #197, #215 ),
 ( #208, #209, #210, #211, #212, #213, #214, #218, #219, #221, #222, #265, #286, #279, #242, #266, #264, #263, #282, #241, #273, #243, #233, #287, #267, #238, #234, #280, #268, #278, #281, #257, #260, #239, #276, #249, #283, #262, #256, #295, #250, #244, #284, #285, #252, #288, #277, #291, #261, #292, #293, #290, #274, #294, #248, #289, #296, #275, #235, #236, #237, #251, #240, #245, #246, #269, #247, #253, #254, #270, #255, #271, #258, #259, #272, #342, #353, #304, #310, #322, #356, #349, #350, #305, #311, #351, #354, #331, #328, #329, #308, #352, #320, #330, #297, #298, #315, #355, #299, #300, #301, #326, #343, #306, #313, #307, #325, #302, #312, #327, #303, #314, #309, #316, #317, #332, #318, #319, #321, #323, #341, #324, #344, #333, #334, #335, #336, #346, #337, #338, #339, #340, #345, #347, #348, #390, #416, #415, #411, #389, #410, #403, #366, #391, #388, #387, #406, #365, #397, #367, #357, #412, #392, #362, #358, #404, #393, #402, #405, #381, #384, #363, #400, #373, #407, #386, #380, #419, #374, #368, #408, #409, #376, #413, #401, #417, #385, #418, #420, #414, #398, #359, #372, #360, #361, #399, #364, #369, #370, #375, #371, #377, #378, #394, #379, #382, #383, #395, #396, #451, #443, #471, #441, #463, #472, #429, #435, #444, #475, #467, #468, #430, #436, #469, #473, #452, #448, #449, #433, #470, #442, #450, #476, #423, #438, #474, #421, #422, #424, #446 ) ),
 .UNSPECIFIED., .F., .T., .F.,
 ( 2, 2 ),
 ( 4, 2, 2, 2, 2, 2, 2, 2, 2, 2, 2, 2, 2, 2, 2, 2, 2, 2, 2, 2, 2, 2, 2, 2, 2, 2, 2, 2, 2, 2, 2, 2, 2, 2, 2, 2, 2, 2, 2, 2, 2, 2, 2, 2, 2, 2, 2, 2, 2, 2, 2, 2, 2, 2, 2, 2, 2, 2, 2, 2, 2, 2, 2, 2, 2, 2, 2, 2, 2, 2, 2, 2, 2, 2, 2, 2, 2, 2, 2, 2, 2, 2, 2, 2, 2, 2, 2, 2, 2, 2, 2, 2, 2, 2, 2, 2, 2, 2, 2, 2, 2, 2, 2, 2, 2, 2, 2, 2, 2, 2, 2, 2, 2, 2, 4 ),
 ( 0.0000000000000000000, 1.000000000000000000 ),
 ( -2.762326988111837900E-006, 0.0001977866805127831800, 0.0003983356880136781900, 0.0005988846955145731700, 0.0006991591992650206900, 0.0007994337030154682200, 0.0008997082067659157400, 0.0009999827105163631500, 0.001200531718017258200, 0.001300806221767705600, 0.001350943473642929400, 0.001401080725518153200, 0.001501355229268600900, 0.001601629733019048300, 0.001802178740519943300, 0.001902453244270390700, 0.002002727748020838100, 0.002103002251771285800, 0.002203276755521733400, 0.002303551259272181000, 0.002403825763022628200, 0.002504100266773075400, 0.002604374770523523000, 0.002704649274273970700, 0.002754786526149194500, 0.002804923778024418300, 0.003005472785525313600, 0.003206021793026208400, 0.003306296296776655600, 0.003406570800527103200, 0.003506845304277550800, 0.003607119808027998500, 0.003807668815528893300, 0.003907943319279340500, 0.004008217823029788100, 0.004108492326780235700, 0.004208766830530683400, 0.004309041334281131000, 0.004409315838031578600, 0.004609864845532473900, 0.004710139349282920600, 0.004810413853033368300, 0.004910688356783815900, 0.005010962860534262700, 0.005211511868035157900, 0.005412060875536053200, 0.005462198127411277400, 0.005512335379286500800, 0.005612609883036948400, 0.005712884386787396100, 0.005813158890537843700, 0.005913433394288291300, 0.006013707898038738900, 0.006113982401789186600, 0.006214256905539634200, 0.006314531409290081000, 0.006414805913040528600, 0.006515080416790976200, 0.006615354920541423000, 0.006715629424291870600, 0.006815903928042318200, 0.006916178431792765900, 0.007016452935543213500, 0.007116727439293661100, 0.007217001943044108700, 0.007317276446794556400, 0.007417550950545004000, 0.007517825454295450800, 0.007618099958045898400, 0.007818648965546792800, 0.007918923469297241300, 0.008019197973047688000, 0.008119472476798134800, 0.008219746980548583300, 0.008320021484299030100, 0.008420295988049476800, 0.008520570491799925300, 0.008620844995550372100, 0.008721119499300818800, 0.008771256751176043100, 0.008821394003051267300, 0.009021943010552162600, 0.009222492018053057800, 0.009322766521803506300, 0.009423041025553953100, 0.009523315529304399900, 0.009623590033054848400, 0.009824139040555743600, 0.01002468804805663900, 0.01007482529993186300, 0.01012496255180708700, 0.01022523705555753400, 0.01032551155930798100, 0.01042578606305842900, 0.01062633507055932500, 0.01072660957430977100, 0.01077674682618499600, 0.01082688407806022000, 0.01092715858181066700, 0.01102743308556111300, 0.01122798209306200900, 0.01132825659681245500, 0.01142853110056290400, 0.01152880560431335100, 0.01162908010806379700, 0.01172935461181424600, 0.01182962911556469300, 0.01192990361931513900, 0.01203017812306558800, 0.01213045262681603600, 0.01218058987869126100, 0.01223072713056648300, 0.01243127613806737800, 0.01263182514556827400, 0.01283237415306916900 ),
 .UNSPECIFIED. ) ;
#4269 = PRESENTATION_LAYER_ASSIGNMENT (  '', '', ( #4297 ) ) ;
#4270 = AXIS2_PLACEMENT_3D ( 'NONE', #5815, #5779, #5767 ) ;
#4271 = AXIS2_PLACEMENT_3D ( 'NONE', #6115, #6066, #6117 ) ;
#4272 =( GEOMETRIC_REPRESENTATION_CONTEXT ( 3 ) GLOBAL_UNCERTAINTY_ASSIGNED_CONTEXT ( ( #1157 ) ) GLOBAL_UNIT_ASSIGNED_CONTEXT ( ( #4952, #5002, #5016 ) ) REPRESENTATION_CONTEXT ( 'NONE', 'WORKASPACE' ) );
#4273 = PRESENTATION_LAYER_ASSIGNMENT (  '', '', ( #4298 ) ) ;
#4274 =( GEOMETRIC_REPRESENTATION_CONTEXT ( 3 ) GLOBAL_UNCERTAINTY_ASSIGNED_CONTEXT ( ( #1135 ) ) GLOBAL_UNIT_ASSIGNED_CONTEXT ( ( #4942, #5022, #4972 ) ) REPRESENTATION_CONTEXT ( 'NONE', 'WORKASPACE' ) );
#4275 = AXIS2_PLACEMENT_3D ( 'NONE', #4958, #5007, #4968 ) ;
#4276 = B_SPLINE_SURFACE_WITH_KNOTS ( 'NONE', 1, 3, ( 
 ( #458, #447, #459, #460, #461, #462, #464, #465, #466, #503, #479, #515, #501, #486, #504, #536, #511, #505, #502, #494, #532, #506, #477, #478, #492, #497, #516, #530, #481, #507, #509, #513, #525, #498, #489, #488, #524, #519, #483, #512, #499, #517, #484, #500, #510, #514, #495, #508, #518, #520, #521, #522, #480, #482, #523, #526, #485, #527, #487, #528, #490, #493, #491, #531, #496, #529, #533, #534, #535, #589, #562, #547, #591, #590, #578, #539, #573, #569, #598, #582, #554, #592, #540, #570, #542, #571, #572, #580, #585, #574, #584, #586, #549, #575, #596, #576, #563, #555, #577, #587, #545, #541, #543, #544, #579, #581, #550, #583, #564, #565, #552, #558, #546, #548, #567, #588, #593, #568, #597, #551, #553, #556, #557, #559, #594, #599, #560, #595, #537, #561, #566, #538, #622, #656, #603, #653, #627, #602, #640, #625, #609, #628, #663, #636, #629, #626, #617, #657, #630, #600, #601, #615, #621, #641, #614, #606, #611, #631, #634, #638, #650, #623, #612, #613, #649, #644, #607, #637, #624, #642, #608, #632, #635, #639, #618, #633, #643, #645, #646, #647, #604, #605, #648, #651, #610, #652, #616, #654, #619, #620, #655, #658, #659, #660, #661, #662, #679, #1246, #1245, #1242, #1239, #1240, #1241, #1243, #1244, #1275, #1247, #1286, #1262, #1289, #1248, #1276, #1251, #1277, #1278, #1285, #1287, #1279, #1288, #1290, #1257, #1280, #1294, #1281, #1270, #1263, #1282, #1291, #1254, #1249, #1250, #1252, #1283, #1284 ),
 ( #1292, #1272, #1268, #1253, #1264, #1255, #1293, #1256, #1265, #1258, #1259, #1260, #1271, #1261, #1266, #1267, #1269, #1273, #1274, #1345, #1357, #1336, #1297, #1351, #1343, #1310, #1358, #1346, #1337, #1328, #1295, #1313, #1347, #1329, #1352, #1330, #1320, #1353, #1318, #1342, #1354, #1296, #1321, #1301, #1339, #1349, #1350, #1304, #1311, #1355, #1356, #1331, #1327, #1332, #1307, #1298, #1319, #1333, #1299, #1300, #1314, #1302, #1303, #1305, #1306, #1322, #1334, #1338, #1308, #1309, #1324, #1312, #1315, #1326, #1316, #1317, #1323, #1325, #1335, #1340, #1341, #1344, #1348, #1418, #1405, #1421, #1400, #1383, #1378, #1419, #1379, #1410, #1386, #1380, #1391, #1359, #1412, #1384, #1387, #1392, #1420, #1417, #1413, #1393, #1414, #1406, #1368, #1394, #1390, #1389, #1408, #1367, #1399, #1369, #1360, #1415, #1395, #1364, #1361, #1407, #1396, #1404, #1409, #1385, #1388, #1365, #1402, #1375, #1411, #1397, #1382, #1422, #1376, #1370, #1416, #1362, #1381, #1363, #1403, #1366, #1398, #1371, #1372, #1373, #1401, #1374, #1377, #1473, #1485, #1464, #1425, #1479, #1471, #1438, #1486, #1474, #1465, #1456, #1423, #1441, #1475, #1457, #1480, #1458, #1448, #1481, #1446, #1470, #1482, #1424, #1449, #1429, #1467, #1477, #1478, #1432, #1439, #1483, #1484, #1459, #1455, #1460, #1435, #1426, #1447, #1461, #1427, #1428, #1442, #1430, #1431, #1433, #1434, #1450, #1462, #1466, #1436, #1437, #1452, #1440, #1443, #1454, #1444, #1445, #1451, #1453, #1463, #1468, #1469, #1472, #1476, #1536, #1525, #1539, #1521, #1508, #1503, #1537, #1504, #1529, #1511, #1505, #1515, #1487, #1531, #1509, #1512, #1516, #1538, #1535, #1532, #1517, #1533, #1526 ) ),
 .UNSPECIFIED., .F., .T., .F.,
 ( 2, 2 ),
 ( 4, 2, 2, 2, 2, 2, 2, 2, 2, 2, 2, 2, 2, 2, 2, 2, 2, 2, 2, 2, 2, 2, 2, 2, 2, 2, 2, 2, 2, 2, 2, 2, 2, 2, 2, 2, 2, 2, 2, 2, 2, 2, 2, 2, 2, 2, 2, 2, 2, 2, 2, 2, 2, 2, 2, 2, 2, 2, 2, 2, 2, 2, 2, 2, 2, 2, 2, 2, 2, 2, 2, 2, 2, 2, 2, 2, 2, 2, 2, 2, 2, 2, 2, 2, 2, 2, 2, 2, 2, 2, 2, 2, 2, 2, 2, 2, 2, 2, 2, 2, 2, 2, 2, 2, 2, 2, 2, 2, 2, 2, 2, 2, 2, 2, 2, 2, 4 ),
 ( 0.0000000000000000000, 1.000000000000000000 ),
 ( 0.0005044228221387381900, 0.0006016097111832719100, 0.0006502031557055387600, 0.0006987966002278055100, 0.0007959834892723391100, 0.0008931703783168728300, 0.001087544156405940000, 0.001184731045450473700, 0.001281917934495007500, 0.001379104823539541200, 0.001476291712584074900, 0.001573478601628608600, 0.001670665490673142100, 0.001767852379717675600, 0.001865039268762209300, 0.001962226157806743000, 0.002059413046851276700, 0.002253786824940344100, 0.002448160603029411600, 0.002642534381118479000, 0.002836908159207546400, 0.003031281937296613800, 0.003128468826341147600, 0.003225655715385681300, 0.003322842604430215000, 0.003420029493474748700, 0.003517216382519282000, 0.003614403271563815700, 0.003808777049652882700, 0.003905963938697416400, 0.003954557383219683500, 0.004003150827741950100, 0.004100337716786483400, 0.004197524605831017500, 0.004391898383920084900, 0.004489085272964618200, 0.004586272162009152400, 0.004683459051053686500, 0.004780645940098219800, 0.004877832829142753100, 0.004975019718187287200, 0.005072206607231821400, 0.005169393496276354600, 0.005266580385320887900, 0.005315173829843155400, 0.005363767274365422100, 0.005558141052454489500, 0.005752514830543556900, 0.005849701719588091100, 0.005946888608632624300, 0.006044075497677157600, 0.006141262386721691800, 0.006238449275766225900, 0.006335636164810759200, 0.006432823053855292500, 0.006530009942899825700, 0.006627196831944359000, 0.006724383720988893200, 0.006918757499077960600, 0.007015944388122493900, 0.007113131277167027100, 0.007161724721689293800, 0.007210318166211560400, 0.007307505055256094600, 0.007501878833345162000, 0.007599065722389695300, 0.007696252611434229400, 0.007793439500478763600, 0.007890626389523296800, 0.007987813278567830100, 0.008085000167612363400, 0.008279373945701431700, 0.008376560834745965000, 0.008425154279268232500, 0.008473747723790500000, 0.008570934612835033300, 0.008668121501879566500, 0.008862495279968633100, 0.008959682169013168100, 0.009056869058057701400, 0.009105462502579968900, 0.009154055947102234700, 0.009251242836146769700, 0.009348429725191303000, 0.009445616614235836200, 0.009542803503280369500, 0.009639990392324902800, 0.009737177281369437800, 0.009834364170413971100, 0.009931551059458504400, 0.01002873794850303900, 0.01022311172659210600, 0.01032029861563663900, 0.01041748550468117200, 0.01046607894920343800, 0.01051467239372570600, 0.01061185928277023900, 0.01080623306085930600, 0.01090341994990384100, 0.01100060683894837400, 0.01109779372799290700, 0.01119498061703744200, 0.01129216750608197500, 0.01138935439512650900, 0.01158372817321557500, 0.01168091506226011000, 0.01177810195130464400, 0.01187528884034917700, 0.01197247572939371200, 0.01216684950748277800, 0.01236122328557184500, 0.01240981673009411200, 0.01245841017461638000, 0.01255559706366091300, 0.01265278395270544700, 0.01274997084174998200, 0.01294434461983904800 ),
 .UNSPECIFIED. ) ;
#4277 = AXIS2_PLACEMENT_3D ( 'NONE', #5038, #5000, #5036 ) ;
#4278 = AXIS2_PLACEMENT_3D ( 'NONE', #4978, #4956, #4998 ) ;
#4279 = AXIS2_PLACEMENT_3D ( 'NONE', #4966, #4970, #5009 ) ;
#4280 = AXIS2_PLACEMENT_3D ( 'NONE', #5954, #5907, #5913 ) ;
#4281 = AXIS2_PLACEMENT_3D ( 'NONE', #5997, #5989, #6025 ) ;
#4282 = AXIS2_PLACEMENT_3D ( 'NONE', #5934, #5909, #5900 ) ;
#4283 = AXIS2_PLACEMENT_3D ( 'NONE', #6052, #6078, #6133 ) ;
#4284 = AXIS2_PLACEMENT_3D ( 'NONE', #6098, #6062, #6101 ) ;
#4285 = AXIS2_PLACEMENT_3D ( 'NONE', #5834, #5842, #5850 ) ;
#4286 = AXIS2_PLACEMENT_3D ( 'NONE', #6233, #6218, #6188 ) ;
#4287 =( GEOMETRIC_REPRESENTATION_CONTEXT ( 3 ) GLOBAL_UNCERTAINTY_ASSIGNED_CONTEXT ( ( #1142 ) ) GLOBAL_UNIT_ASSIGNED_CONTEXT ( ( #5028, #5014, #4946 ) ) REPRESENTATION_CONTEXT ( 'NONE', 'WORKASPACE' ) );
#4288 = AXIS2_PLACEMENT_3D ( 'NONE', #5783, #5855, #5845 ) ;
#4289 = AXIS2_PLACEMENT_3D ( 'NONE', #5974, #5981, #6001 ) ;
#4290 =( GEOMETRIC_REPRESENTATION_CONTEXT ( 3 ) GLOBAL_UNCERTAINTY_ASSIGNED_CONTEXT ( ( #1156 ) ) GLOBAL_UNIT_ASSIGNED_CONTEXT ( ( #4936, #4938, #5004 ) ) REPRESENTATION_CONTEXT ( 'NONE', 'WORKASPACE' ) );
#4291 = MECHANICAL_DESIGN_GEOMETRIC_PRESENTATION_REPRESENTATION (  '', ( #4297 ), #4292 ) ;
#4292 =( GEOMETRIC_REPRESENTATION_CONTEXT ( 3 ) GLOBAL_UNCERTAINTY_ASSIGNED_CONTEXT ( ( #1146 ) ) GLOBAL_UNIT_ASSIGNED_CONTEXT ( ( #4990, #5056, #5044 ) ) REPRESENTATION_CONTEXT ( 'NONE', 'WORKASPACE' ) );
#4293 = MECHANICAL_DESIGN_GEOMETRIC_PRESENTATION_REPRESENTATION (  '', ( #4298 ), #4294 ) ;
#4294 =( GEOMETRIC_REPRESENTATION_CONTEXT ( 3 ) GLOBAL_UNCERTAINTY_ASSIGNED_CONTEXT ( ( #1147 ) ) GLOBAL_UNIT_ASSIGNED_CONTEXT ( ( #4995, #4950, #4954 ) ) REPRESENTATION_CONTEXT ( 'NONE', 'WORKASPACE' ) );
#4295 = PRODUCT_DEFINITION ( 'δ֪', '', #4306, #6792 ) ;
#4296 = MECHANICAL_DESIGN_GEOMETRIC_PRESENTATION_REPRESENTATION (  '', ( #4314 ), #4287 ) ;
#4297 = STYLED_ITEM ( 'NONE', ( #2721 ), #1150 ) ;
#4298 = STYLED_ITEM ( 'NONE', ( #2738 ), #1148 ) ;
#4299 = AXIS2_PLACEMENT_3D ( 'NONE', #4962, #5040, #5042 ) ;
#4300 = PRODUCT_DEFINITION ( 'δ֪', '', #4312, #6791 ) ;
#4301 = AXIS2_PLACEMENT_3D ( 'NONE', #5958, #5870, #5959 ) ;
#4302 = AXIS2_PLACEMENT_3D ( 'NONE', #6144, #6228, #6226 ) ;
#4303 = AXIS2_PLACEMENT_3D ( 'NONE', #5969, #6014, #5992 ) ;
#4304 = PRODUCT_DEFINITION ( 'δ֪', '', #4322, #6800 ) ;
#4305 = PRESENTATION_LAYER_ASSIGNMENT (  '', '', ( #4314 ) ) ;
#4306 = PRODUCT_DEFINITION_FORMATION_WITH_SPECIFIED_SOURCE ( '�κ�', '', #8120, .NOT_KNOWN. ) ;
#4307 = PRODUCT_RELATED_PRODUCT_CATEGORY ( 'part', '', ( #8120 ) ) ;
#4308 = PRODUCT_DEFINITION ( 'δ֪', '', #4309, #6796 ) ;
#4309 = PRODUCT_DEFINITION_FORMATION_WITH_SPECIFIED_SOURCE ( '�κ�', '', #8121, .NOT_KNOWN. ) ;
#4310 = AXIS2_PLACEMENT_3D ( 'NONE', #6162, #6160, #6223 ) ;
#4311 = PRODUCT_RELATED_PRODUCT_CATEGORY ( 'part', '', ( #8121 ) ) ;
#4312 = PRODUCT_DEFINITION_FORMATION_WITH_SPECIFIED_SOURCE ( '�κ�', '', #8118, .NOT_KNOWN. ) ;
#4313 = PRODUCT_RELATED_PRODUCT_CATEGORY ( 'part', '', ( #8118 ) ) ;
#4314 = STYLED_ITEM ( 'NONE', ( #2712 ), #1158 ) ;
#4315 = AXIS2_PLACEMENT_3D ( 'NONE', #5940, #5873, #5928 ) ;
#4317 = B_SPLINE_SURFACE_WITH_KNOTS ( 'NONE', 1, 3, ( 
 ( #6991, #6995, #7012, #7036, #6985, #7016, #7032, #6982, #7000, #7033, #6999, #7030, #6981, #7027, #7003, #6986, #7017, #7001, #6987, #7004, #6979, #7011, #7005, #7007, #6994, #7031, #7008, #6988, #6990, #6992, #7013, #7018, #7029, #6993, #7034, #7019, #7014, #7020, #7025, #7021, #6996, #6997, #7023, #7022, #7026, #7028, #7035, #7077, #7049, #7075, #7096, #7098, #7055, #7060, #7076, #7082, #7074, #7067, #7097, #7085, #7083, #7069, #7037, #7058, #7041, #7059, #7048, #7053, #7056, #7068, #7095, #7084, #7072, #7091, #7070, #7090, #7063, #7078, #7079, #7050, #7080, #7039, #7081, #7071, #7092, #7086, #7089, #7066, #7040, #7073, #7042, #7087, #7088, #7093, #7094, #7099, #7038, #7100, #7051, #7043, #7044, #7061, #7045, #7046, #7047, #7052, #7054, #7057, #7062, #7064, #7065, #7122, #7113, #7141, #7129, #7127, #7116, #7123, #7107, #7106, #7132, #7135, #7153, #7133, #7147, #7131, #7114, #7110, #7115, #7119, #7138, #7164, #7108, #7142, #7159, #7105, #7125, #7160, #7124, #7157, #7104, #7154, #7128, #7103, #7143, #7126, #7111, #7130, #7101, #7137, #7134, #7136, #7118, #7158, #7139, #7102, #7109, #7117, #7140, #7144, #7156, #7112, #7161, #7145, #7146, #7148, #7151, #7149, #7120, #7121, #7150, #7152, #7155, #7162, #7163, #7204, #7177, #7202, #7223, #7225, #7183, #7187, #7203, #7209, #7201, #7194, #7224, #7212, #7210, #7196, #7165, #7186, #7169, #7188, #7176, #7181, #7184, #7195, #7222, #7211, #7199, #7218, #7197, #7217, #7190, #7205, #7206, #7178, #7207, #7167, #7208, #7198, #7219, #7213, #7216, #7193, #7168, #7200, #7170, #7214, #7215, #7220, #7221, #7226, #7166, #7227, #7179, #7171, #7172, #7189, #7173, #7174, #7175, #7180 ),
 ( #7182, #7191, #7192, #7185, #7271, #7244, #7275, #7257, #7251, #7290, #7245, #7249, #7287, #7233, #7273, #7276, #7272, #7286, #7256, #7288, #7289, #7285, #7268, #7291, #7243, #7278, #7228, #7269, #7230, #7284, #7277, #7246, #7229, #7279, #7270, #7261, #7231, #7247, #7280, #7262, #7232, #7263, #7253, #7234, #7252, #7281, #7235, #7236, #7242, #7254, #7237, #7282, #7283, #7238, #7248, #7239, #7240, #7264, #7260, #7265, #7241, #7250, #7255, #7258, #7259, #7266, #7267, #7274, #7351, #7350, #7352, #7316, #7306, #7340, #7315, #7303, #7321, #7295, #7307, #7323, #7347, #7309, #7353, #7304, #7324, #7354, #7317, #7346, #7308, #7355, #7338, #7348, #7341, #7312, #7322, #7292, #7313, #7343, #7319, #7293, #7294, #7296, #7320, #7318, #7325, #7326, #7297, #7298, #7349, #7327, #7345, #7310, #7299, #7330, #7300, #7305, #7311, #7333, #7301, #7302, #7314, #7328, #7329, #7331, #7332, #7334, #7335, #7337, #7339, #7336, #7342, #7344, #7399, #7372, #7403, #7385, #7379, #7417, #7373, #7377, #7415, #7361, #7401, #7404, #7400, #7414, #7384, #7416, #7418, #7413, #7396, #7356, #7371, #7406, #7357, #7397, #7358, #7412, #7405, #7374, #7359, #7407, #7398, #7389, #7360, #7375, #7408, #7390, #7362, #7391, #7381, #7363, #7380, #7409, #7364, #7365, #7370, #7382, #7366, #7410, #7411, #7367, #7376, #7368, #7369, #7392, #7388, #7393, #7378, #7383, #7386, #7387, #7394, #7395, #7402, #7469, #7473, #7472, #7474, #7442, #7433, #7463, #7441, #7430, #7447, #7422, #7434, #7449, #7470, #7436, #7475, #7431, #7450, #7476, #7443, #7468, #7435, #7477, #7461, #7471, #7464, #7438, #7448, #7419, #7439, #7465, #7445, #7420, #7421, #7423, #7446, #7444, #7451, #7452 ) ),
 .UNSPECIFIED., .F., .T., .F.,
 ( 2, 2 ),
 ( 4, 2, 2, 2, 2, 2, 2, 2, 2, 2, 2, 2, 2, 2, 2, 2, 2, 2, 2, 2, 2, 2, 2, 2, 2, 2, 2, 2, 2, 2, 2, 2, 2, 2, 2, 2, 2, 2, 2, 2, 2, 2, 2, 2, 2, 2, 2, 2, 2, 2, 2, 2, 2, 2, 2, 2, 2, 2, 2, 2, 2, 2, 2, 2, 2, 2, 2, 2, 2, 2, 2, 2, 2, 2, 2, 2, 2, 2, 2, 2, 2, 2, 2, 2, 2, 2, 2, 2, 2, 2, 2, 2, 2, 2, 2, 2, 2, 2, 2, 2, 2, 2, 2, 2, 2, 2, 2, 2, 2, 2, 2, 2, 2, 2, 2, 2, 4 ),
 ( 0.0000000000000000000, 1.000000000000000000 ),
 ( 0.0005044228221387381900, 0.0006016097111832719100, 0.0006502031557055387600, 0.0006987966002278055100, 0.0007959834892723391100, 0.0008931703783168728300, 0.001087544156405940000, 0.001184731045450473700, 0.001281917934495007500, 0.001379104823539541200, 0.001476291712584074900, 0.001573478601628608600, 0.001670665490673142100, 0.001767852379717675600, 0.001865039268762209300, 0.001962226157806743000, 0.002059413046851276700, 0.002253786824940344100, 0.002448160603029411600, 0.002642534381118479000, 0.002836908159207546400, 0.003031281937296613800, 0.003128468826341147600, 0.003225655715385681300, 0.003322842604430215000, 0.003420029493474748700, 0.003517216382519282000, 0.003614403271563815700, 0.003808777049652882700, 0.003905963938697416400, 0.003954557383219683500, 0.004003150827741950100, 0.004100337716786483400, 0.004197524605831017500, 0.004391898383920084900, 0.004489085272964618200, 0.004586272162009152400, 0.004683459051053686500, 0.004780645940098219800, 0.004877832829142753100, 0.004975019718187287200, 0.005072206607231821400, 0.005169393496276354600, 0.005266580385320887900, 0.005315173829843155400, 0.005363767274365422100, 0.005558141052454489500, 0.005752514830543556900, 0.005849701719588091100, 0.005946888608632624300, 0.006044075497677157600, 0.006141262386721691800, 0.006238449275766225900, 0.006335636164810759200, 0.006432823053855292500, 0.006530009942899825700, 0.006627196831944359000, 0.006724383720988893200, 0.006918757499077960600, 0.007015944388122493900, 0.007113131277167027100, 0.007161724721689293800, 0.007210318166211560400, 0.007307505055256094600, 0.007501878833345162000, 0.007599065722389695300, 0.007696252611434229400, 0.007793439500478763600, 0.007890626389523296800, 0.007987813278567830100, 0.008085000167612363400, 0.008279373945701431700, 0.008376560834745965000, 0.008425154279268232500, 0.008473747723790500000, 0.008570934612835033300, 0.008668121501879566500, 0.008862495279968633100, 0.008959682169013168100, 0.009056869058057701400, 0.009105462502579968900, 0.009154055947102234700, 0.009251242836146769700, 0.009348429725191303000, 0.009445616614235836200, 0.009542803503280369500, 0.009639990392324902800, 0.009737177281369437800, 0.009834364170413971100, 0.009931551059458504400, 0.01002873794850303900, 0.01022311172659210600, 0.01032029861563663900, 0.01041748550468117200, 0.01046607894920343800, 0.01051467239372570600, 0.01061185928277023900, 0.01080623306085930600, 0.01090341994990384100, 0.01100060683894837400, 0.01109779372799290700, 0.01119498061703744200, 0.01129216750608197500, 0.01138935439512650900, 0.01158372817321557500, 0.01168091506226011000, 0.01177810195130464400, 0.01187528884034917700, 0.01197247572939371200, 0.01216684950748277800, 0.01236122328557184500, 0.01240981673009411200, 0.01245841017461638000, 0.01255559706366091300, 0.01265278395270544700, 0.01274997084174998200, 0.01294434461983904800 ),
 .UNSPECIFIED. ) ;
#4316 = AXIS2_PLACEMENT_3D ( 'NONE', #5922, #5924, #5892 ) ;
#4318 = AXIS2_PLACEMENT_3D ( 'NONE', #5977, #6033, #5995 ) ;
#4319 = AXIS2_PLACEMENT_3D ( 'NONE', #5811, #5781, #5829 ) ;
#4320 = B_SPLINE_SURFACE_WITH_KNOTS ( 'NONE', 1, 3, ( 
 ( #6891, #6907, #6926, #6872, #6868, #6908, #6902, #6909, #6914, #6892, #6880, #6879, #6913, #6911, #6874, #6915, #6894, #6917, #6882, #6870, #6871, #6876, #6895, #6899, #6877, #6878, #6885, #6929, #6928, #6927, #6930, #6937, #6938, #6941, #6939, #6940, #6943, #6956, #6967, #7010, #7495, #6374, #6402, #6420, #6403, #6419, #6395, #6408, #6406, #6381, #6409, #6373, #6405, #6404, #6421, #6407, #6418, #6398, #6375, #6410, #6376, #6411, #6401, #6412, #6416, #6413, #6414, #6415, #6417, #6422, #6425, #6423, #6396, #6387, #6424, #6426, #6378, #6372, #6377, #6379, #6427, #6428, #6382, #6371, #6380, #6383, #6399, #6384, #6390, #6389, #6385, #6386, #6388, #6391, #6392, #6393, #6394, #6397, #6400, #4780, #4818, #4870, #4755, #4824, #4860, #4754, #4792, #4862, #4788, #4856, #4752, #4850, #4798, #4750, #4826, #4794, #4762, #4800, #4746, #4816, #4802, #4796, #4778, #4858, #4804, #4748, #4757, #4774, #4786, #4828, #4854, #4759, #4864, #4832, #4812, #4820, #4844, #4790, #4768, #4766, #4842, #4834, #4761, #4822, #4806, #4830, #4770, #4836, #4866, #4868, #4782, #4808, #4838, #4840, #4810, #4814, #4776, #4764, #4846, #4848, #4772, #4852, #4784, #4915, #4893, #4903, #4874, #4977, #4882, #4880, #4937, #4975, #4934, #4973, #4921, #4949, #4945, #4895, #4951, #4876, #4941, #4935, #4979, #4947, #4971, #4926, #4878, #4939, #4884, #4943, #4953, #4955, #4965, #4957, #4959, #4961, #4932, #4963, #4985, #4967, #4922, #4907, #4969, #4980, #4888, #4886, #4890, #4897, #4982, #4983, #4899, #4986, #4924, #4928, #4901, #4913, #4905, #4909, #4930, #4988, #4989, #4872, #4911, #4916, #4917, #4919, #5012, #5019, #5057, #5091, #4999, #5061, #5083, #4997 ),
 ( #4994, #5062, #5033, #5005, #5037, #4991, #5055, #5041, #5035, #5017, #5082, #5039, #4992, #4996, #5013, #5025, #5063, #5079, #5001, #5084, #5065, #5051, #5058, #5073, #5027, #5010, #5008, #5071, #5066, #5003, #5059, #5029, #5064, #5015, #5067, #5086, #5088, #5021, #5031, #5068, #5069, #5049, #5043, #5023, #5090, #5074, #5047, #5006, #5045, #5053, #5075, #5077, #5078, #5081, #5154, #5097, #5095, #5136, #5153, #5134, #5152, #5125, #5141, #5139, #5106, #5142, #5093, #5137, #5135, #5155, #5140, #5151, #5128, #5094, #5138, #5098, #5143, #5144, #5145, #5149, #5146, #5147, #5148, #5132, #5150, #5159, #5156, #5126, #5115, #5157, #5158, #5101, #5100, #5103, #5104, #5160, #5161, #5107, #5162, #5127, #5129, #5112, #5120, #5109, #5111, #5131, #5092, #5113, #5114, #5117, #5119, #5121, #5122, #5123, #5124, #5197, #5220, #5168, #5199, #5216, #5167, #5185, #5217, #5183, #5214, #5166, #5212, #5188, #5165, #5200, #5186, #5172, #5189, #5163, #5196, #5190, #5187, #5179, #5215, #5191, #5164, #5169, #5178, #5184, #5201, #5213, #5170, #5218, #5203, #5195, #5198, #5209, #5192, #5175, #5174, #5208, #5204, #5171, #5202, #5193, #5205, #5176, #5206, #5219, #5173, #5180, #5194, #5207, #5210, #5211, #5177, #5181, #5182, #5264, #5252, #5221, #5241, #5225, #5242, #5232, #5236, #5222, #5273, #5226, #5227, #5255, #5272, #5253, #5271, #5246, #5260, #5258, #5233, #5261, #5223, #5257, #5254, #5274, #5259, #5270, #5249, #5224, #5256, #5228, #5262, #5263, #5265, #5268, #5266, #5267, #5269, #5275, #5276, #5277, #5278, #5247, #5238, #5279, #5229, #5230, #5231, #5234, #5235, #5237, #5239, #5240, #5243, #5248, #5250, #5244, #5245, #5251, #5284, #5305 ) ),
 .UNSPECIFIED., .F., .T., .F.,
 ( 2, 2 ),
 ( 4, 2, 2, 2, 2, 2, 2, 2, 2, 2, 2, 2, 2, 2, 2, 2, 2, 2, 2, 2, 2, 2, 2, 2, 2, 2, 2, 2, 2, 2, 2, 2, 2, 2, 2, 2, 2, 2, 2, 2, 2, 2, 2, 2, 2, 2, 2, 2, 2, 2, 2, 2, 2, 2, 2, 2, 2, 2, 2, 2, 2, 2, 2, 2, 2, 2, 2, 2, 2, 2, 2, 2, 2, 2, 2, 2, 2, 2, 2, 2, 2, 2, 2, 2, 2, 2, 2, 2, 2, 2, 2, 2, 2, 2, 2, 2, 2, 2, 2, 2, 2, 2, 2, 2, 2, 2, 2, 2, 2, 2, 2, 2, 2, 2, 2, 2, 4 ),
 ( 0.0000000000000000000, 1.000000000000000000 ),
 ( 0.0005044228221387381900, 0.0006016097111832719100, 0.0006502031557055387600, 0.0006987966002278056200, 0.0007959834892723393300, 0.0008931703783168730400, 0.001087544156405940500, 0.001184731045450474200, 0.001281917934495007900, 0.001379104823539541600, 0.001476291712584075300, 0.001573478601628609000, 0.001670665490673142700, 0.001767852379717676500, 0.001865039268762210200, 0.001962226157806743900, 0.002059413046851277600, 0.002253786824940345000, 0.002448160603029412400, 0.002642534381118479900, 0.002836908159207547300, 0.003031281937296614700, 0.003128468826341148400, 0.003225655715385682100, 0.003322842604430215800, 0.003420029493474749600, 0.003517216382519283700, 0.003614403271563817400, 0.003808777049652885300, 0.003905963938697419000, 0.003954557383219686100, 0.004003150827741952700, 0.004100337716786486800, 0.004197524605831020100, 0.004391898383920087500, 0.004489085272964621700, 0.004586272162009155000, 0.004683459051053688200, 0.004780645940098222400, 0.004877832829142756500, 0.004975019718187289800, 0.005072206607231823100, 0.005169393496276357200, 0.005266580385320891400, 0.005315173829843158000, 0.005363767274365424700, 0.005558141052454492100, 0.005752514830543559500, 0.005849701719588092800, 0.005946888608632626900, 0.006044075497677161100, 0.006141262386721694400, 0.006238449275766227600, 0.006335636164810761800, 0.006432823053855295900, 0.006530009942899829200, 0.006627196831944362500, 0.006724383720988896600, 0.006918757499077964100, 0.007015944388122498200, 0.007113131277167032300, 0.007161724721689299000, 0.007210318166211565600, 0.007307505055256099800, 0.007501878833345167200, 0.007599065722389700500, 0.007696252611434234600, 0.007793439500478768800, 0.007890626389523302000, 0.007987813278567835300, 0.008085000167612370300, 0.008279373945701436900, 0.008376560834745970200, 0.008425154279268237700, 0.008473747723790503400, 0.008570934612835038500, 0.008668121501879571700, 0.008862495279968640000, 0.008959682169013173300, 0.009056869058057706600, 0.009105462502579972400, 0.009154055947102239900, 0.009251242836146773100, 0.009348429725191308200, 0.009445616614235841400, 0.009542803503280374700, 0.009639990392324909700, 0.009737177281369443000, 0.009834364170413976300, 0.009931551059458509600, 0.01002873794850304300, 0.01022311172659211100, 0.01032029861563664400, 0.01041748550468117900, 0.01046607894920344500, 0.01051467239372571300, 0.01061185928277024600, 0.01080623306085931300, 0.01090341994990384800, 0.01100060683894838100, 0.01109779372799291400, 0.01119498061703744900, 0.01129216750608198200, 0.01138935439512651600, 0.01158372817321558200, 0.01168091506226011700, 0.01177810195130465100, 0.01187528884034918400, 0.01197247572939371900, 0.01216684950748278500, 0.01236122328557185200, 0.01240981673009411900, 0.01245841017461638700, 0.01255559706366092000, 0.01265278395270545400, 0.01274997084174998900, 0.01294434461983905500 ),
 .UNSPECIFIED. ) ;
#4321 = PRODUCT_RELATED_PRODUCT_CATEGORY ( 'part', '', ( #8119 ) ) ;
#4322 = PRODUCT_DEFINITION_FORMATION_WITH_SPECIFIED_SOURCE ( '�κ�', '', #8119, .NOT_KNOWN. ) ;
#4323 = CONICAL_SURFACE ( 'NONE', #4042, 8.249999999999998200, 0.7853981633974517200 ) ;
#4324 = CYLINDRICAL_SURFACE ( 'NONE', #4058, 1.720000000000000000 ) ;
#4325 = FACE_OUTER_BOUND ( 'NONE', #753, .T. ) ;
#4326 = FACE_OUTER_BOUND ( 'NONE', #746, .T. ) ;
#4327 = FACE_OUTER_BOUND ( 'NONE', #774, .T. ) ;
#4328 = FACE_OUTER_BOUND ( 'NONE', #750, .T. ) ;
#4329 = FACE_OUTER_BOUND ( 'NONE', #4497, .T. ) ;
#4330 = CYLINDRICAL_SURFACE ( 'NONE', #4031, 8.500000000000000000 ) ;
#4331 = CONICAL_SURFACE ( 'NONE', #4014, 8.500000000000000000, 0.7853981633974517200 ) ;
#4332 = FACE_OUTER_BOUND ( 'NONE', #736, .T. ) ;
#4333 = CYLINDRICAL_SURFACE ( 'NONE', #4039, 4.200000000000000200 ) ;
#4334 = CYLINDRICAL_SURFACE ( 'NONE', #4055, 4.200000000000001100 ) ;
#4335 = FACE_OUTER_BOUND ( 'NONE', #843, .T. ) ;
#4336 = FACE_OUTER_BOUND ( 'NONE', #759, .T. ) ;
#4337 = CONICAL_SURFACE ( 'NONE', #4020, 9.750000000000003600, 0.7853981633974517200 ) ;
#4338 = FACE_OUTER_BOUND ( 'NONE', #773, .T. ) ;
#4339 = CYLINDRICAL_SURFACE ( 'NONE', #4032, 8.500000000000000000 ) ;
#4340 = LINE ( 'NONE', #6741, #6708 ) ;
#4341 = CYLINDRICAL_SURFACE ( 'NONE', #4124, 8.500000000000000000 ) ;
#4342 = COLOUR_RGB ( '',1.000000000000000000, 1.000000000000000000, 1.000000000000000000 ) ;
#4343 = FACE_OUTER_BOUND ( 'NONE', #827, .T. ) ;
#4344 = PRESENTATION_STYLE_ASSIGNMENT (( #6092 ) ) ;
#4345 = CYLINDRICAL_SURFACE ( 'NONE', #4125, 4.200000000000001100 ) ;
#4346 = SURFACE_STYLE_FILL_AREA ( #6143 ) ;
#4347 = FACE_OUTER_BOUND ( 'NONE', #845, .T. ) ;
#4348 = FACE_OUTER_BOUND ( 'NONE', #819, .T. ) ;
#4349 = FACE_OUTER_BOUND ( 'NONE', #821, .T. ) ;
#4350 = CONICAL_SURFACE ( 'NONE', #4056, 3.949999999999999700, 0.7853981633974517200 ) ;
#4351 = FACE_OUTER_BOUND ( 'NONE', #801, .T. ) ;
#4352 = CYLINDRICAL_SURFACE ( 'NONE', #4062, 3.000000000000001300 ) ;
#4353 = COLOUR_RGB ( '',1.000000000000000000, 1.000000000000000000, 1.000000000000000000 ) ;
#4354 = SURFACE_STYLE_FILL_AREA ( #5428 ) ;
#4355 = PRESENTATION_STYLE_ASSIGNMENT (( #5438 ) ) ;
#4356 = FACE_OUTER_BOUND ( 'NONE', #808, .T. ) ;
#4357 = CYLINDRICAL_SURFACE ( 'NONE', #4071, 1.720000000000000000 ) ;
#4358 = COLOUR_RGB ( '',1.000000000000000000, 1.000000000000000000, 1.000000000000000000 ) ;
#4359 = SURFACE_STYLE_FILL_AREA ( #5999 ) ;
#4360 = CONICAL_SURFACE ( 'NONE', #4054, 3.949999999999999700, 0.7853981633974517200 ) ;
#4361 = CYLINDRICAL_SURFACE ( 'NONE', #4030, 1.000000000000000000 ) ;
#4362 = FACE_OUTER_BOUND ( 'NONE', #6555, .T. ) ;
#4363 = FACE_OUTER_BOUND ( 'NONE', #832, .T. ) ;
#4364 = PRESENTATION_STYLE_ASSIGNMENT (( #6077 ) ) ;
#4365 = FACE_OUTER_BOUND ( 'NONE', #811, .T. ) ;
#4366 = FACE_OUTER_BOUND ( 'NONE', #805, .T. ) ;
#4367 = FACE_OUTER_BOUND ( 'NONE', #777, .T. ) ;
#4368 = FACE_OUTER_BOUND ( 'NONE', #741, .T. ) ;
#4369 = CYLINDRICAL_SURFACE ( 'NONE', #4045, 1.000000000000000000 ) ;
#4370 = CONICAL_SURFACE ( 'NONE', #4013, 9.750000000000003600, 0.7853981633974517200 ) ;
#4371 = CYLINDRICAL_SURFACE ( 'NONE', #4027, 10.00000000000000200 ) ;
#4372 = CIRCLE ( 'NONE', #4161, 8.500000000000000000 ) ;
#4373 = LINE ( 'NONE', #1827, #4384 ) ;
#4374 = CIRCLE ( 'NONE', #4183, 9.749999999999998200 ) ;
#4375 = LINE ( 'NONE', #2023, #4400 ) ;
#4376 = CIRCLE ( 'NONE', #4164, 4.200000000000000200 ) ;
#4377 = CIRCLE ( 'NONE', #4186, 4.200000000000000200 ) ;
#4378 = CIRCLE ( 'NONE', #4134, 10.00000000000000200 ) ;
#4379 = CIRCLE ( 'NONE', #4136, 4.200000000000000200 ) ;
#4380 = CIRCLE ( 'NONE', #4165, 2.500000000000000000 ) ;
#4381 = CIRCLE ( 'NONE', #4179, 8.500000000000000000 ) ;
#4382 = VECTOR ( 'NONE', #1778, 1000.000000000000000 ) ;
#4383 = VECTOR ( 'NONE', #6767, 1000.000000000000000 ) ;
#4384 = VECTOR ( 'NONE', #1855, 1000.000000000000000 ) ;
#4385 = CIRCLE ( 'NONE', #4137, 9.750000000000005300 ) ;
#4386 = LINE ( 'NONE', #1857, #4403 ) ;
#4387 = LINE ( 'NONE', #2035, #4389 ) ;
#4388 = VECTOR ( 'NONE', #2360, 1000.000000000000100 ) ;
#4389 = VECTOR ( 'NONE', #2009, 999.9999999999998900 ) ;
#4390 = LINE ( 'NONE', #1806, #4402 ) ;
#4391 = LINE ( 'NONE', #1788, #4397 ) ;
#4392 = CIRCLE ( 'NONE', #4210, 10.00000000000000200 ) ;
#4393 = LINE ( 'NONE', #1854, #4401 ) ;
#4394 = CIRCLE ( 'NONE', #4148, 10.00000000000000200 ) ;
#4395 = LINE ( 'NONE', #2354, #4388 ) ;
#4396 = LINE ( 'NONE', #2008, #4567 ) ;
#4397 = VECTOR ( 'NONE', #1790, 1000.000000000000000 ) ;
#4398 = CIRCLE ( 'NONE', #4162, 10.00000000000000200 ) ;
#4399 = LINE ( 'NONE', #1823, #4382 ) ;
#4400 = VECTOR ( 'NONE', #2017, 1000.000000000000000 ) ;
#4401 = VECTOR ( 'NONE', #1992, 1000.000000000000000 ) ;
#4402 = VECTOR ( 'NONE', #1814, 1000.000000000000000 ) ;
#4403 = VECTOR ( 'NONE', #1858, 1000.000000000000000 ) ;
#4404 = CIRCLE ( 'NONE', #4167, 10.00000000000000200 ) ;
#4405 = DIRECTION ( 'NONE',  ( 0.0000000000000000000, 1.000000000000000000, 0.0000000000000000000 ) ) ;
#4406 = CARTESIAN_POINT ( 'NONE',  ( 9.085178540258279900, -4.500000000000000000, -4.178460349414660200 ) ) ;
#4407 = CARTESIAN_POINT ( 'NONE',  ( -4.178460349414659300, -4.499999999999999100, -9.085178540258283400 ) ) ;
#4408 = DIRECTION ( 'NONE',  ( -0.0000000000000000000, 1.000000000000000000, 6.123233995736766000E-017 ) ) ;
#4409 = CARTESIAN_POINT ( 'NONE',  ( 0.0000000000000000000, 4.250000000000002700, 0.0000000000000000000 ) ) ;
#4410 = CARTESIAN_POINT ( 'NONE',  ( 0.0000000000000000000, 2.000000000000000000, 0.0000000000000000000 ) ) ;
#4411 = DIRECTION ( 'NONE',  ( 0.0000000000000000000, 0.0000000000000000000, 1.000000000000000000 ) ) ;
#4412 = DIRECTION ( 'NONE',  ( 0.0000000000000000000, -1.000000000000000000, 0.0000000000000000000 ) ) ;
#4413 = DIRECTION ( 'NONE',  ( 0.0000000000000000000, 0.0000000000000000000, 1.000000000000000000 ) ) ;
#4414 = DIRECTION ( 'NONE',  ( -0.0000000000000000000, 1.000000000000000000, 6.123233995736766000E-017 ) ) ;
#4415 = CARTESIAN_POINT ( 'NONE',  ( -2.588190451025179900, -4.500000000000000000, 9.659258262890691800 ) ) ;
#4416 = DIRECTION ( 'NONE',  ( -0.0000000000000000000, -1.000000000000000000, -0.0000000000000000000 ) ) ;
#4417 = DIRECTION ( 'NONE',  ( 0.0000000000000000000, 0.0000000000000000000, 1.000000000000000000 ) ) ;
#4418 = DIRECTION ( 'NONE',  ( 0.0000000000000000000, 0.0000000000000000000, 1.000000000000000000 ) ) ;
#4419 = DIRECTION ( 'NONE',  ( 0.0000000000000000000, 0.0000000000000000000, 1.000000000000000000 ) ) ;
#4420 = DIRECTION ( 'NONE',  ( -5.329070518200751400E-015, 0.0000000000000000000, 1.000000000000000000 ) ) ;
#4421 = CARTESIAN_POINT ( 'NONE',  ( 0.0000000000000000000, 4.500000000000000000, 0.0000000000000000000 ) ) ;
#4422 = DIRECTION ( 'NONE',  ( -0.0000000000000000000, 1.000000000000000000, -0.0000000000000000000 ) ) ;
#4423 = DIRECTION ( 'NONE',  ( 0.0000000000000000000, 1.000000000000000000, 0.0000000000000000000 ) ) ;
#4424 = FACE_OUTER_BOUND ( 'NONE', #6558, .T. ) ;
#4425 = CYLINDRICAL_SURFACE ( 'NONE', #3989, 1.000000000000000000 ) ;
#4426 = FACE_OUTER_BOUND ( 'NONE', #818, .T. ) ;
#4427 = FACE_OUTER_BOUND ( 'NONE', #813, .T. ) ;
#4428 = COLOUR_RGB ( '',1.000000000000000000, 1.000000000000000000, 1.000000000000000000 ) ;
#4429 = COLOUR_RGB ( '',0.7529411764705882200, 0.7529411764705882200, 0.7529411764705882200 ) ;
#4430 = FACE_OUTER_BOUND ( 'NONE', #841, .T. ) ;
#4431 = FACE_OUTER_BOUND ( 'NONE', #816, .T. ) ;
#4432 = COLOUR_RGB ( '',1.000000000000000000, 1.000000000000000000, 0.7529411764705882200 ) ;
#4433 = SURFACE_STYLE_FILL_AREA ( #6969 ) ;
#4434 = CONICAL_SURFACE ( 'NONE', #3976, 3.000000000000001300, 0.7853981633974543900 ) ;
#4435 = FACE_OUTER_BOUND ( 'NONE', #833, .T. ) ;
#4436 = FACE_OUTER_BOUND ( 'NONE', #787, .T. ) ;
#4437 = CONICAL_SURFACE ( 'NONE', #3994, 8.250000000000000000, 0.7853981633974517200 ) ;
#4438 = FACE_OUTER_BOUND ( 'NONE', #6521, .T. ) ;
#4439 = PRESENTATION_STYLE_ASSIGNMENT (( #6965 ) ) ;
#4440 = FACE_OUTER_BOUND ( 'NONE', #738, .T. ) ;
#4441 = FACE_OUTER_BOUND ( 'NONE', #765, .T. ) ;
#4442 = SURFACE_STYLE_FILL_AREA ( #7488 ) ;
#4443 = CYLINDRICAL_SURFACE ( 'NONE', #3971, 3.000000000000000400 ) ;
#4444 = FACE_BOUND ( 'NONE', #784, .T. ) ;
#4445 = PRESENTATION_STYLE_ASSIGNMENT (( #6972 ) ) ;
#4446 = FACE_OUTER_BOUND ( 'NONE', #831, .T. ) ;
#4447 = CYLINDRICAL_SURFACE ( 'NONE', #3998, 4.200000000000000200 ) ;
#4448 = FACE_OUTER_BOUND ( 'NONE', #789, .T. ) ;
#4449 = CONICAL_SURFACE ( 'NONE', #3983, 4.200000000000001100, 0.7853981633974500600 ) ;
#4450 = FACE_OUTER_BOUND ( 'NONE', #804, .T. ) ;
#4451 = SURFACE_STYLE_FILL_AREA ( #6973 ) ;
#4452 = CONICAL_SURFACE ( 'NONE', #4005, 8.999999999999994700, 0.7853981633974447300 ) ;
#4453 = FACE_OUTER_BOUND ( 'NONE', #815, .T. ) ;
#4454 = FACE_BOUND ( 'NONE', #760, .T. ) ;
#4455 = CYLINDRICAL_SURFACE ( 'NONE', #4011, 3.000000000000000400 ) ;
#4456 = FACE_OUTER_BOUND ( 'NONE', #764, .T. ) ;
#4457 = CYLINDRICAL_SURFACE ( 'NONE', #3967, 1.000000000000000000 ) ;
#4458 = FACE_OUTER_BOUND ( 'NONE', #850, .T. ) ;
#4459 = FACE_BOUND ( 'NONE', #849, .T. ) ;
#4460 = FACE_BOUND ( 'NONE', #830, .T. ) ;
#4461 = FACE_BOUND ( 'NONE', #758, .T. ) ;
#4462 = FACE_BOUND ( 'NONE', #724, .T. ) ;
#4463 = FACE_OUTER_BOUND ( 'NONE', #814, .T. ) ;
#4464 = FACE_BOUND ( 'NONE', #780, .T. ) ;
#4465 = FACE_OUTER_BOUND ( 'NONE', #797, .T. ) ;
#4466 = CIRCLE ( 'NONE', #4246, 1.000000000000000000 ) ;
#4467 = FACE_BOUND ( 'NONE', #735, .T. ) ;
#4468 = FACE_OUTER_BOUND ( 'NONE', #734, .T. ) ;
#4469 = CIRCLE ( 'NONE', #4242, 1.000000000000000000 ) ;
#4470 = CYLINDRICAL_SURFACE ( 'NONE', #3966, 8.499999999999957400 ) ;
#4471 = CYLINDRICAL_SURFACE ( 'NONE', #3990, 4.200000000000000200 ) ;
#4472 = FACE_OUTER_BOUND ( 'NONE', #825, .T. ) ;
#4473 = FACE_OUTER_BOUND ( 'NONE', #761, .T. ) ;
#4474 = FACE_OUTER_BOUND ( 'NONE', #779, .T. ) ;
#4475 = FACE_OUTER_BOUND ( 'NONE', #828, .T. ) ;
#4476 = PRESENTATION_STYLE_ASSIGNMENT (( #7499 ) ) ;
#4477 = FACE_OUTER_BOUND ( 'NONE', #786, .T. ) ;
#4478 = FACE_OUTER_BOUND ( 'NONE', #838, .T. ) ;
#4479 = FACE_BOUND ( 'NONE', #840, .T. ) ;
#4480 = FACE_OUTER_BOUND ( 'NONE', #817, .T. ) ;
#4481 = FACE_OUTER_BOUND ( 'NONE', #762, .T. ) ;
#4482 = CIRCLE ( 'NONE', #4222, 9.750000000000000000 ) ;
#4483 = FACE_BOUND ( 'NONE', #844, .T. ) ;
#4484 = FACE_BOUND ( 'NONE', #4503, .T. ) ;
#4485 = CYLINDRICAL_SURFACE ( 'NONE', #3979, 1.720000000000000000 ) ;
#4486 = CIRCLE ( 'NONE', #4247, 10.00000000000000200 ) ;
#4487 = CIRCLE ( 'NONE', #4251, 10.00000000000000200 ) ;
#4488 = CONICAL_SURFACE ( 'NONE', #3973, 10.00000000000000200, 0.7853981633974517200 ) ;
#4489 = LINE ( 'NONE', #6770, #2603 ) ;
#4490 = FACE_OUTER_BOUND ( 'NONE', #792, .T. ) ;
#4491 = FACE_OUTER_BOUND ( 'NONE', #807, .T. ) ;
#4492 = CYLINDRICAL_SURFACE ( 'NONE', #3969, 10.00000000000000200 ) ;
#4493 = CONICAL_SURFACE ( 'NONE', #3997, 8.250000000000000000, 0.7853981633974517200 ) ;
#4494 = SURFACE_STYLE_FILL_AREA ( #6958 ) ;
#4495 = COLOUR_RGB ( '',0.7529411764705882200, 0.7529411764705882200, 0.7529411764705882200 ) ;
#4496 = EDGE_LOOP ( 'NONE', ( #2541, #2532, #2504, #2518, #2489, #2537 ) ) ;
#4497 = EDGE_LOOP ( 'NONE', ( #2544, #2530, #2503, #2524 ) ) ;
#4498 = PRESENTATION_STYLE_ASSIGNMENT (( #6945 ) ) ;
#4499 = EDGE_LOOP ( 'NONE', ( #2520, #2554, #2516, #2509 ) ) ;
#4500 = EDGE_LOOP ( 'NONE', ( #2511, #2485, #2512, #2540, #2510 ) ) ;
#4501 = EDGE_LOOP ( 'NONE', ( #999, #986, #957, #970, #963 ) ) ;
#4502 = EDGE_LOOP ( 'NONE', ( #929, #906 ) ) ;
#4503 = EDGE_LOOP ( 'NONE', ( #974, #962 ) ) ;
#4504 = DIRECTION ( 'NONE',  ( 0.0000000000000000000, 0.0000000000000000000, 1.000000000000000000 ) ) ;
#4505 = DIRECTION ( 'NONE',  ( 0.0000000000000000000, 0.0000000000000000000, -1.000000000000000000 ) ) ;
#4506 = CARTESIAN_POINT ( 'NONE',  ( 2.948126994769615800, 11.62825184273598500, 0.5655401696104194200 ) ) ;
#4507 = DIRECTION ( 'NONE',  ( 0.0000000000000000000, 1.000000000000000000, 0.0000000000000000000 ) ) ;
#4508 = CARTESIAN_POINT ( 'NONE',  ( 2.972238175531168200, 11.67273074020265800, -0.4597341542949970300 ) ) ;
#4509 = CARTESIAN_POINT ( 'NONE',  ( 3.000155627063078700, 11.72027144267812400, -0.2298312655102821600 ) ) ;
#4510 = DIRECTION ( 'NONE',  ( 8.659560562354985900E-017, 0.7071067811865432400, -0.7071067811865517900 ) ) ;
#4511 = DIRECTION ( 'NONE',  ( 0.0000000000000000000, 0.0000000000000000000, -1.000000000000000000 ) ) ;
#4512 = CARTESIAN_POINT ( 'NONE',  ( 2.457966639317954900, 10.23213026778696200, 1.720000000000000400 ) ) ;
#4513 = CARTESIAN_POINT ( 'NONE',  ( 2.810565130886155200, 11.36401729528064300, 1.053617241507544000 ) ) ;
#4514 = CARTESIAN_POINT ( 'NONE',  ( 2.672821802039725600, 11.05914234750611800, -1.372869825049303700 ) ) ;
#4515 = DIRECTION ( 'NONE',  ( -0.0000000000000000000, -1.000000000000000000, -6.123233995736754900E-017 ) ) ;
#4516 = CARTESIAN_POINT ( 'NONE',  ( 2.600909807751642200, 10.87320785879013000, -1.498555710304382900 ) ) ;
#4517 = CARTESIAN_POINT ( 'NONE',  ( 0.0000000000000000000, -4.500000000000000000, 0.0000000000000000000 ) ) ;
#4518 = DIRECTION ( 'NONE',  ( -0.0000000000000000000, -1.000000000000000000, -0.0000000000000000000 ) ) ;
#4519 = DIRECTION ( 'NONE',  ( 0.0000000000000000000, 0.0000000000000000000, 1.000000000000000000 ) ) ;
#4520 = CARTESIAN_POINT ( 'NONE',  ( 3.673940397442061300E-016, 4.250000000000000900, -3.000000000000001300 ) ) ;
#4521 = DIRECTION ( 'NONE',  ( -0.0000000000000000000, 1.000000000000000000, -0.0000000000000000000 ) ) ;
#4522 = CARTESIAN_POINT ( 'NONE',  ( -4.949747468305841600, 4.500000000000000000, -4.949747468305822000 ) ) ;
#4523 = CARTESIAN_POINT ( 'NONE',  ( 3.673940397442061300E-016, -4.500000000000000900, -3.000000000000001300 ) ) ;
#4524 = DIRECTION ( 'NONE',  ( 0.0000000000000000000, 0.0000000000000000000, 1.000000000000000000 ) ) ;
#4525 = DIRECTION ( 'NONE',  ( 0.0000000000000000000, -1.000000000000000000, -6.123233995736766000E-017 ) ) ;
#4526 = CARTESIAN_POINT ( 'NONE',  ( -4.001000904307271200, -4.249999999999999100, -1.277494330215368300 ) ) ;
#4527 = CARTESIAN_POINT ( 'NONE',  ( 0.0000000000000000000, -4.500000000000000000, 0.0000000000000000000 ) ) ;
#4528 = DIRECTION ( 'NONE',  ( 0.0000000000000000000, 1.000000000000000000, 0.0000000000000000000 ) ) ;
#4529 = CARTESIAN_POINT ( 'NONE',  ( 2.601075000587995200, 10.87388343319895700, 1.498295322707563000 ) ) ;
#4530 = CARTESIAN_POINT ( 'NONE',  ( 2.872687660007179600, 11.48781760267485200, 0.8700869235872665800 ) ) ;
#4531 = DIRECTION ( 'NONE',  ( 0.0000000000000000000, 0.0000000000000000000, 1.000000000000000000 ) ) ;
#4532 = DIRECTION ( 'NONE',  ( 0.0000000000000000000, -1.000000000000000000, 0.0000000000000000000 ) ) ;
#4533 = CARTESIAN_POINT ( 'NONE',  ( 0.0000000000000000000, -4.500000000000000000, 0.0000000000000000000 ) ) ;
#4534 = DIRECTION ( 'NONE',  ( 0.0000000000000000000, 1.000000000000000000, 6.123233995736766000E-017 ) ) ;
#4535 = CARTESIAN_POINT ( 'NONE',  ( 2.588190451025178100, 4.500000000000000000, -9.659258262890691800 ) ) ;
#4536 = DIRECTION ( 'NONE',  ( 0.0000000000000000000, 1.000000000000000000, 0.0000000000000000000 ) ) ;
#4537 = CARTESIAN_POINT ( 'NONE',  ( 0.0000000000000000000, 4.250000000000002700, -1.530808498934169000E-017 ) ) ;
#4538 = CARTESIAN_POINT ( 'NONE',  ( 2.673051356073040900, 11.05971177960995000, 1.372428864059343600 ) ) ;
#4539 = DIRECTION ( 'NONE',  ( 0.0000000000000000000, 0.0000000000000000000, 1.000000000000000000 ) ) ;
#4540 = DIRECTION ( 'NONE',  ( -1.836766033387207400E-015, 0.0000000000000000000, 1.000000000000000000 ) ) ;
#4541 = DIRECTION ( 'NONE',  ( 0.0000000000000000000, 0.0000000000000000000, 1.000000000000000000 ) ) ;
#4542 = CARTESIAN_POINT ( 'NONE',  ( 2.776289287699465800, 11.29268270851931500, 1.139916192437839800 ) ) ;
#4543 = CARTESIAN_POINT ( 'NONE',  ( 2.900732897649600100, 11.54077987707214300, 0.7726817696993120200 ) ) ;
#4544 = CARTESIAN_POINT ( 'NONE',  ( 2.492887655397737000, 10.46105309734366200, 1.672121757019140200 ) ) ;
#4545 = CARTESIAN_POINT ( 'NONE',  ( 4.949747468305860200, -4.999999999999999100, -4.949747468305805100 ) ) ;
#4546 = CARTESIAN_POINT ( 'NONE',  ( 2.967450855728530200, 11.66268331823216700, 0.4548099432020782400 ) ) ;
#4547 = CARTESIAN_POINT ( 'NONE',  ( 2.993152334434859200, 11.70813118134890000, 0.2316371482871620600 ) ) ;
#4548 = CARTESIAN_POINT ( 'NONE',  ( 2.999921163832645700, 11.71986249499339500, 0.1179493963107295900 ) ) ;
#4549 = CARTESIAN_POINT ( 'NONE',  ( 2.457966639317955800, 9.999999999999994700, 1.720000000000000000 ) ) ;
#4550 = CARTESIAN_POINT ( 'NONE',  ( 2.877213904449260600, 11.49739380561369400, -0.8758969190230206900 ) ) ;
#4551 = CARTESIAN_POINT ( 'NONE',  ( 2.810488972717067200, 11.36991035932506100, -1.062967391891943800 ) ) ;
#4552 = CARTESIAN_POINT ( 'NONE',  ( 0.0000000000000000000, 4.500000000000000000, -3.216400630860731400E-032 ) ) ;
#4553 = CARTESIAN_POINT ( 'NONE',  ( 2.520079038205794900, 10.56483483687957800, -1.628435415493011400 ) ) ;
#4554 = CARTESIAN_POINT ( 'NONE',  ( -4.949747468305860200, -4.500000000000000000, 4.949747468305805100 ) ) ;
#4555 = CARTESIAN_POINT ( 'NONE',  ( 0.0000000000000000000, 4.500000000000000000, 2.915474077050225800E-032 ) ) ;
#4556 = DIRECTION ( 'NONE',  ( 0.0000000000000000000, 0.0000000000000000000, -1.000000000000000000 ) ) ;
#4557 = DIRECTION ( 'NONE',  ( 0.0000000000000000000, 0.0000000000000000000, 1.000000000000000000 ) ) ;
#4558 = DIRECTION ( 'NONE',  ( 0.0000000000000000000, 0.0000000000000000000, 1.000000000000000000 ) ) ;
#4559 = DIRECTION ( 'NONE',  ( -0.0000000000000000000, 1.000000000000000000, -0.0000000000000000000 ) ) ;
#4560 = DIRECTION ( 'NONE',  ( 0.0000000000000000000, 1.000000000000000000, 0.0000000000000000000 ) ) ;
#4561 = DIRECTION ( 'NONE',  ( -0.0000000000000000000, -1.000000000000000000, -0.0000000000000000000 ) ) ;
#4562 = CARTESIAN_POINT ( 'NONE',  ( 0.0000000000000000000, 5.000000000000000000, 0.0000000000000000000 ) ) ;
#4563 = VECTOR ( 'NONE', #2093, 1000.000000000000000 ) ;
#4564 = VECTOR ( 'NONE', #2987, 1000.000000000000000 ) ;
#4565 = CIRCLE ( 'NONE', #4154, 10.00000000000000200 ) ;
#4566 = CIRCLE ( 'NONE', #4132, 8.499999999999955600 ) ;
#4567 = VECTOR ( 'NONE', #2015, 1000.000000000000000 ) ;
#4568 = LINE ( 'NONE', #2084, #4563 ) ;
#4569 = LINE ( 'NONE', #3021, #4564 ) ;
#4570 = CIRCLE ( 'NONE', #4187, 4.200000000000000200 ) ;
#4571 = CIRCLE ( 'NONE', #4168, 10.00000000000000200 ) ;
#4572 = VECTOR ( 'NONE', #6776, 1000.000000000000000 ) ;
#4573 = LINE ( 'NONE', #3043, #4585 ) ;
#4574 = LINE ( 'NONE', #3435, #4579 ) ;
#4575 = LINE ( 'NONE', #3058, #6733 ) ;
#4576 = LINE ( 'NONE', #2227, #4577 ) ;
#4577 = VECTOR ( 'NONE', #2257, 1000.000000000000000 ) ;
#4578 = VECTOR ( 'NONE', #2337, 1000.000000000000000 ) ;
#4579 = VECTOR ( 'NONE', #2886, 1000.000000000000000 ) ;
#4580 = LINE ( 'NONE', #6750, #4572 ) ;
#4581 = CIRCLE ( 'NONE', #4178, 3.000000000000000400 ) ;
#4582 = CIRCLE ( 'NONE', #4185, 8.499999999999955600 ) ;
#4583 = CIRCLE ( 'NONE', #4166, 9.000000000000001800 ) ;
#4584 = LINE ( 'NONE', #2333, #4578 ) ;
#4585 = VECTOR ( 'NONE', #3051, 1000.000000000000000 ) ;
#4586 = CIRCLE ( 'NONE', #4169, 10.00000000000000200 ) ;
#4587 = CIRCLE ( 'NONE', #4149, 10.00000000000000200 ) ;
#4588 = LINE ( 'NONE', #3047, #4590 ) ;
#4589 = LINE ( 'NONE', #2881, #4591 ) ;
#4590 = VECTOR ( 'NONE', #3057, 1000.000000000000000 ) ;
#4591 = VECTOR ( 'NONE', #2875, 1000.000000000000000 ) ;
#4592 = CIRCLE ( 'NONE', #4144, 8.499999999999998200 ) ;
#4593 = CIRCLE ( 'NONE', #4163, 3.000000000000000400 ) ;
#4594 = CIRCLE ( 'NONE', #4150, 4.200000000000000200 ) ;
#4595 = CYLINDRICAL_SURFACE ( 'NONE', #4078, 8.500000000000000000 ) ;
#4596 = CONICAL_SURFACE ( 'NONE', #4079, 4.200000000000001100, 0.7853981633974500600 ) ;
#4597 = FACE_OUTER_BOUND ( 'NONE', #755, .T. ) ;
#4598 = CONICAL_SURFACE ( 'NONE', #4119, 8.249999999999998200, 0.7853981633974517200 ) ;
#4599 = FACE_OUTER_BOUND ( 'NONE', #781, .T. ) ;
#4600 = CYLINDRICAL_SURFACE ( 'NONE', #4128, 8.500000000000000000 ) ;
#4601 = FACE_OUTER_BOUND ( 'NONE', #776, .T. ) ;
#4602 = CYLINDRICAL_SURFACE ( 'NONE', #4090, 8.500000000000000000 ) ;
#4603 = FACE_OUTER_BOUND ( 'NONE', #770, .T. ) ;
#4604 = FACE_OUTER_BOUND ( 'NONE', #744, .T. ) ;
#4605 = CYLINDRICAL_SURFACE ( 'NONE', #4111, 8.499999999999955600 ) ;
#4606 = FACE_OUTER_BOUND ( 'NONE', #766, .T. ) ;
#4607 = FACE_OUTER_BOUND ( 'NONE', #748, .T. ) ;
#4608 = FACE_OUTER_BOUND ( 'NONE', #730, .T. ) ;
#4609 = FACE_OUTER_BOUND ( 'NONE', #726, .T. ) ;
#4610 = FACE_OUTER_BOUND ( 'NONE', #768, .T. ) ;
#4611 = FACE_OUTER_BOUND ( 'NONE', #733, .T. ) ;
#4612 = FACE_OUTER_BOUND ( 'NONE', #824, .T. ) ;
#4613 = FACE_OUTER_BOUND ( 'NONE', #775, .T. ) ;
#4614 = FACE_OUTER_BOUND ( 'NONE', #848, .T. ) ;
#4615 = CYLINDRICAL_SURFACE ( 'NONE', #4127, 8.500000000000000000 ) ;
#4616 = FACE_OUTER_BOUND ( 'NONE', #757, .T. ) ;
#4617 = FACE_OUTER_BOUND ( 'NONE', #771, .T. ) ;
#4618 = CONICAL_SURFACE ( 'NONE', #4075, 9.750000000000003600, 0.7853981633974517200 ) ;
#4619 = CYLINDRICAL_SURFACE ( 'NONE', #4095, 8.499999999999998200 ) ;
#4620 = CYLINDRICAL_SURFACE ( 'NONE', #4110, 3.000000000000001300 ) ;
#4621 = FACE_OUTER_BOUND ( 'NONE', #756, .T. ) ;
#4622 = FACE_OUTER_BOUND ( 'NONE', #740, .T. ) ;
#4623 = CYLINDRICAL_SURFACE ( 'NONE', #4117, 4.200000000000000200 ) ;
#4624 = CYLINDRICAL_SURFACE ( 'NONE', #4076, 1.720000000000000000 ) ;
#4625 = FACE_OUTER_BOUND ( 'NONE', #751, .T. ) ;
#4626 = CYLINDRICAL_SURFACE ( 'NONE', #4101, 10.00000000000000200 ) ;
#4627 = FACE_OUTER_BOUND ( 'NONE', #822, .T. ) ;
#4628 = FACE_OUTER_BOUND ( 'NONE', #763, .T. ) ;
#4629 = CONICAL_SURFACE ( 'NONE', #4102, 3.000000000000001300, 0.7853981633974543900 ) ;
#4630 = FACE_OUTER_BOUND ( 'NONE', #743, .T. ) ;
#4631 = FACE_OUTER_BOUND ( 'NONE', #772, .T. ) ;
#4632 = CYLINDRICAL_SURFACE ( 'NONE', #4077, 8.500000000000001800 ) ;
#4633 = CYLINDRICAL_SURFACE ( 'NONE', #4098, 10.00000000000000200 ) ;
#4634 = FACE_OUTER_BOUND ( 'NONE', #800, .T. ) ;
#4635 = CONICAL_SURFACE ( 'NONE', #4099, 3.250000000000002700, 0.7853981633974473900 ) ;
#4636 = CYLINDRICAL_SURFACE ( 'NONE', #4082, 3.000000000000001300 ) ;
#4637 = FACE_OUTER_BOUND ( 'NONE', #4501, .T. ) ;
#4638 = FACE_OUTER_BOUND ( 'NONE', #754, .T. ) ;
#4639 = FACE_OUTER_BOUND ( 'NONE', #732, .T. ) ;
#4640 = CYLINDRICAL_SURFACE ( 'NONE', #4118, 1.000000000000000000 ) ;
#4641 = CIRCLE ( 'NONE', #4226, 1.000000000000000000 ) ;
#4642 = CYLINDRICAL_SURFACE ( 'NONE', #4091, 10.00000000000000200 ) ;
#4643 = CONICAL_SURFACE ( 'NONE', #4104, 8.500000000000000000, 0.7853981633974517200 ) ;
#4644 = CYLINDRICAL_SURFACE ( 'NONE', #4122, 4.200000000000001100 ) ;
#4645 = FACE_OUTER_BOUND ( 'NONE', #745, .T. ) ;
#4646 = CONICAL_SURFACE ( 'NONE', #4106, 8.500000000000000000, 0.7853981633974517200 ) ;
#4647 = FACE_OUTER_BOUND ( 'NONE', #739, .T. ) ;
#4648 = FACE_OUTER_BOUND ( 'NONE', #783, .T. ) ;
#4649 = FACE_OUTER_BOUND ( 'NONE', #806, .T. ) ;
#4650 = FACE_OUTER_BOUND ( 'NONE', #847, .T. ) ;
#4651 = CYLINDRICAL_SURFACE ( 'NONE', #4109, 4.200000000000001100 ) ;
#4652 = CYLINDRICAL_SURFACE ( 'NONE', #4121, 8.500000000000001800 ) ;
#4653 = FACE_OUTER_BOUND ( 'NONE', #799, .T. ) ;
#4654 = CONICAL_SURFACE ( 'NONE', #4073, 8.249999999999998200, 0.7853981633974517200 ) ;
#4655 = CYLINDRICAL_SURFACE ( 'NONE', #4081, 1.000000000000000000 ) ;
#4656 = CONICAL_SURFACE ( 'NONE', #4084, 8.249999999999998200, 0.7853981633974517200 ) ;
#4657 = CONICAL_SURFACE ( 'NONE', #4080, 10.00000000000000200, 0.7853981633974517200 ) ;
#4658 = FACE_OUTER_BOUND ( 'NONE', #769, .T. ) ;
#4659 = CYLINDRICAL_SURFACE ( 'NONE', #4083, 8.500000000000000000 ) ;
#4660 = CONICAL_SURFACE ( 'NONE', #4112, 8.500000000000000000, 0.7853981633974517200 ) ;
#4661 = CARTESIAN_POINT ( 'NONE',  ( -2.055496032419146700, 10.00214916294556900, 9.786466985624034700 ) ) ;
#4662 = CARTESIAN_POINT ( 'NONE',  ( -1.642516409291478800, 11.22110839673489100, 9.866040971414991000 ) ) ;
#4663 = CARTESIAN_POINT ( 'NONE',  ( 9.505276768341335700, 9.999999999999992900, -1.719999999999999800 ) ) ;
#4664 = CARTESIAN_POINT ( 'NONE',  ( 4.001000904307268500, -4.500000000000000000, 1.277494330215371200 ) ) ;
#4665 = CARTESIAN_POINT ( 'NONE',  ( 2.055497237152815500, 9.999999999999994700, 9.786466732588284100 ) ) ;
#4666 = CARTESIAN_POINT ( 'NONE',  ( -4.001000904307271200, 4.250000000000002700, 1.277494330215369400 ) ) ;
#4667 = CARTESIAN_POINT ( 'NONE',  ( -1.358500216074948600, 11.49530022590929500, 9.907756219953746800 ) ) ;
#4668 = CARTESIAN_POINT ( 'NONE',  ( -1.720000000000000200, 10.00000000000000500, 1.814276715388262600 ) ) ;
#4669 = CARTESIAN_POINT ( 'NONE',  ( -1.253602184324438300, 11.57847682454264100, 9.921751524562017400 ) ) ;
#4670 = CARTESIAN_POINT ( 'NONE',  ( -1.720000000000000200, 9.999999999999991100, 2.457966639317956700 ) ) ;
#4671 = DIRECTION ( 'NONE',  ( -0.0000000000000000000, -0.0000000000000000000, 1.000000000000000000 ) ) ;
#4672 = CARTESIAN_POINT ( 'NONE',  ( -1.029936737870413200, 11.72277208924878000, 9.947457065384925900 ) ) ;
#4673 = CARTESIAN_POINT ( 'NONE',  ( 8.904579188808131800, -4.500000000000000000, 3.971267992750565400 ) ) ;
#4674 = CARTESIAN_POINT ( 'NONE',  ( -0.6637918640400973800, 11.88316248412335200, 9.978722231043368800 ) ) ;
#4675 = CARTESIAN_POINT ( 'NONE',  ( -0.5336571823738325300, 11.92134696868540900, 9.986621014494163600 ) ) ;
#4676 = CARTESIAN_POINT ( 'NONE',  ( -0.2701334581730665500, 11.97209027597477000, 9.997220473222094800 ) ) ;
#4677 = CARTESIAN_POINT ( 'NONE',  ( 1.277494330215372500, 5.000000000000000000, 4.001000904307269400 ) ) ;
#4678 = CARTESIAN_POINT ( 'NONE',  ( 0.0000000000000000000, 13.99999999999998400, -10.00000000000000200 ) ) ;
#4679 = CARTESIAN_POINT ( 'NONE',  ( 0.0000000000000000000, 8.279999999999999400, 2.500000000000000000 ) ) ;
#4680 = CARTESIAN_POINT ( 'NONE',  ( 4.001000904307253400, -4.500000000000000000, -1.277494330215418000 ) ) ;
#4681 = CARTESIAN_POINT ( 'NONE',  ( -2.001101789417639500, 10.52249957493374700, 9.798296270024934500 ) ) ;
#4682 = CARTESIAN_POINT ( 'NONE',  ( -3.971267992750581800, -4.500000000000000000, 8.904579188808131800 ) ) ;
#4683 = CARTESIAN_POINT ( 'NONE',  ( 0.0000000000000000000, 5.000000000000000000, 4.200000000000000200 ) ) ;
#4684 = CARTESIAN_POINT ( 'NONE',  ( 0.0000000000000000000, 13.99999999999999500, -10.00000000000000200 ) ) ;
#4685 = CARTESIAN_POINT ( 'NONE',  ( 4.001000904307272100, 4.250000000000002700, 1.277494330215371000 ) ) ;
#4686 = CARTESIAN_POINT ( 'NONE',  ( -0.9121517487225757600, 11.78360198574382200, 9.959091132748376700 ) ) ;
#4687 = CARTESIAN_POINT ( 'NONE',  ( -0.1355702995862572100, 11.98503199252760400, 10.00000000000000400 ) ) ;
#4688 = CARTESIAN_POINT ( 'NONE',  ( -1.814276715388256400, 9.999999999999998200, 1.720000000000000000 ) ) ;
#4689 = CARTESIAN_POINT ( 'NONE',  ( -2.055276952114402500, 10.26074620781568900, 9.786513000053743000 ) ) ;
#4690 = CARTESIAN_POINT ( 'NONE',  ( -1.814276715388256400, 9.999999999999998200, 1.720000000000000000 ) ) ;
#4691 = CARTESIAN_POINT ( 'NONE',  ( 4.949747468305841600, 4.999999999999999100, 4.949747468305822000 ) ) ;
#4692 = CARTESIAN_POINT ( 'NONE',  ( -1.794983084159970100, 11.00138272269983000, 9.838142807175277200 ) ) ;
#4693 = CARTESIAN_POINT ( 'NONE',  ( -1.814276715388256900, 10.11822801426890300, 1.720000000000000600 ) ) ;
#4694 = CARTESIAN_POINT ( 'NONE',  ( -4.001000904307265800, -4.500000000000000000, 1.277494330215381200 ) ) ;
#4695 = CARTESIAN_POINT ( 'NONE',  ( 5.458192698192529900E-013, 11.98503121076352300, 10.00000000395297100 ) ) ;
#4696 = CARTESIAN_POINT ( 'NONE',  ( 1.720000000000000000, 9.999999999999998200, 0.0000000000000000000 ) ) ;
#4697 = CARTESIAN_POINT ( 'NONE',  ( 1.224646799147353500E-015, -4.249999999999996400, 10.00000000000000200 ) ) ;
#4698 = CARTESIAN_POINT ( 'NONE',  ( 1.720000000000000200, 9.999999999999998200, 9.450969495435460400 ) ) ;
#4699 = CARTESIAN_POINT ( 'NONE',  ( 0.0000000000000000000, 15.00000000000000000, -8.999999999999994700 ) ) ;
#4700 = CARTESIAN_POINT ( 'NONE',  ( 1.720000000000000000, 9.999999999999994700, 2.457966639317955800 ) ) ;
#4701 = CARTESIAN_POINT ( 'NONE',  ( -9.085178540258272800, 5.000000000000000000, 4.178460349414671700 ) ) ;
#4702 = CARTESIAN_POINT ( 'NONE',  ( 0.0000000000000000000, 5.000000000000000900, 3.000000000000000400 ) ) ;
#4703 = CARTESIAN_POINT ( 'NONE',  ( 4.178460349414659300, 4.250000000000002700, -9.085178540258285200 ) ) ;
#4704 = CARTESIAN_POINT ( 'NONE',  ( -1.719999998938686700, 10.00000000000001200, 9.450969490843744900 ) ) ;
#4705 = CARTESIAN_POINT ( 'NONE',  ( 3.673940397442060400E-016, 5.000000000000000900, -3.000000000000000400 ) ) ;
#4706 = CARTESIAN_POINT ( 'NONE',  ( -9.850969495435464300, 9.999999999999998200, 1.720000000000000000 ) ) ;
#4707 = CARTESIAN_POINT ( 'NONE',  ( 1.277494330215367800, -4.249999999999999100, 4.001000904307271200 ) ) ;
#4708 = CARTESIAN_POINT ( 'NONE',  ( 0.0000000000000000000, 15.00000000000000000, 2.500000000000000000 ) ) ;
#4709 = CARTESIAN_POINT ( 'NONE',  ( 1.163414459189985700E-015, 15.00000000000000000, 9.000000000000001800 ) ) ;
#4710 = CARTESIAN_POINT ( 'NONE',  ( -1.277494330215414500, 5.000000000000000000, -4.001000904307258700 ) ) ;
#4711 = CARTESIAN_POINT ( 'NONE',  ( -4.178460349414711700, -4.249999999999988500, -9.085178540258263900 ) ) ;
#4712 = CARTESIAN_POINT ( 'NONE',  ( -4.178460349414709000, 5.000000000000000000, -9.085178540258256800 ) ) ;
#4713 = CARTESIAN_POINT ( 'NONE',  ( 1.720000000000000000, 9.999999999999994700, 9.450969495435465700 ) ) ;
#4714 = CARTESIAN_POINT ( 'NONE',  ( 4.178460349414668200, -4.249999999999996400, 9.085178540258274500 ) ) ;
#4715 = CARTESIAN_POINT ( 'NONE',  ( 1.277494330215372500, -4.500000000000000000, 4.001000904307269400 ) ) ;
#4716 = CARTESIAN_POINT ( 'NONE',  ( -4.178460349414659300, -4.249999999999999100, -9.085178540258283400 ) ) ;
#4717 = CARTESIAN_POINT ( 'NONE',  ( 9.505276767978822100, 9.999999999999770800, 1.720000000001035400 ) ) ;
#4718 = CARTESIAN_POINT ( 'NONE',  ( -8.904579188808124700, -4.500000000000000000, 3.971267992750581000 ) ) ;
#4719 = CARTESIAN_POINT ( 'NONE',  ( 3.061616997868383100E-016, 5.000000000000000900, -2.500000000000000000 ) ) ;
#4720 = CARTESIAN_POINT ( 'NONE',  ( -2.055496032419146700, 10.00214916294556900, 9.786466985624034700 ) ) ;
#4721 = CARTESIAN_POINT ( 'NONE',  ( -2.343379475018738200, 11.48398870990222100, -0.8765762322828915000 ) ) ;
#4722 = CARTESIAN_POINT ( 'NONE',  ( -2.266672908286735400, 11.35963274465541100, -1.059248404191065700 ) ) ;
#4723 = CARTESIAN_POINT ( 'NONE',  ( -2.491356904062255400, 11.70749976913550600, 0.2369889951275274100 ) ) ;
#4724 = CARTESIAN_POINT ( 'NONE',  ( -2.225100528303770800, 11.28981951958905100, -1.143121794856876100 ) ) ;
#4725 = CARTESIAN_POINT ( 'NONE',  ( -1.898419318308698100, 10.56725859230375200, -1.627635818371298200 ) ) ;
#4726 = CARTESIAN_POINT ( 'NONE',  ( -1.825949261313061700, 10.23403407755072400, -1.707892811453385600 ) ) ;
#4727 = CARTESIAN_POINT ( 'NONE',  ( -1.814276715388256200, 10.11615075673147000, -1.720000000000000000 ) ) ;
#4728 = CARTESIAN_POINT ( 'NONE',  ( -2.055496032419146700, 10.00214916294556900, 9.786466985624034700 ) ) ;
#4729 = DIRECTION ( 'NONE',  ( 0.0000000000000000000, 1.000000000000000000, 6.123233995736766000E-017 ) ) ;
#4730 = CARTESIAN_POINT ( 'NONE',  ( -1.670099547737611000, 9.532672232981253700, 1.863679351989365500 ) ) ;
#4731 = CARTESIAN_POINT ( 'NONE',  ( -2.095783571558190100, 11.05705104277595300, -1.374369097777082200 ) ) ;
#4732 = CARTESIAN_POINT ( 'NONE',  ( -1.496834897345050500, 9.124150109168162700, 2.005497074661268400 ) ) ;
#4733 = CARTESIAN_POINT ( 'NONE',  ( -1.372804075944025900, 8.941273078986473200, 2.096695196783469500 ) ) ;
#4734 = CARTESIAN_POINT ( 'NONE',  ( -1.143309578651842800, 8.710419975955439000, 2.224977225085416100 ) ) ;
#4735 = CARTESIAN_POINT ( 'NONE',  ( -2.342720335969228400, 11.48293877987955400, 0.8782579783558142100 ) ) ;
#4736 = CARTESIAN_POINT ( 'NONE',  ( -2.491993062193544000, 11.70842623032981000, -0.2306153607036046100 ) ) ;
#4737 = CARTESIAN_POINT ( 'NONE',  ( -2.005842207803339800, 10.87712517480369600, -1.496453841210575000 ) ) ;
#4738 = CARTESIAN_POINT ( 'NONE',  ( -1.058083118411840200, 8.639483623064165800, 2.267207045193722500 ) ) ;
#4739 = CARTESIAN_POINT ( 'NONE',  ( -0.8758035551644824900, 8.515576600110335900, 2.343658636407066200 ) ) ;
#4740 = CARTESIAN_POINT ( 'NONE',  ( -0.5720632881378322500, 8.374027920212425300, 2.436037266312075300 ) ) ;
#4741 = DIRECTION ( 'NONE',  ( 0.0000000000000000000, 0.0000000000000000000, 1.000000000000000000 ) ) ;
#4742 = CARTESIAN_POINT ( 'NONE',  ( -1.814276715388256400, 9.999999999999998200, -1.720000000000000000 ) ) ;
#4743 = DIRECTION ( 'NONE',  ( -0.0000000000000000000, 1.000000000000000000, -0.0000000000000000000 ) ) ;
#4744 = CARTESIAN_POINT ( 'NONE',  ( -0.4605476682329794300, 8.338773570042366900, 2.459874063481015700 ) ) ;
#4746 = CARTESIAN_POINT ( 'NONE',  ( -2.037944001163556800, 10.26090770907997800, 9.790138413823861200 ) ) ;
#4745 = CARTESIAN_POINT ( 'NONE',  ( -0.1179458745914362700, 8.279999999999997600, 2.500000000000000000 ) ) ;
#4748 = CARTESIAN_POINT ( 'NONE',  ( -1.984789757287493300, 10.51719539650607200, 9.801055083052993700 ) ) ;
#4747 = CARTESIAN_POINT ( 'NONE',  ( 0.0000000000000000000, 8.279999999999999400, 2.500000000000000000 ) ) ;
#4750 = CARTESIAN_POINT ( 'NONE',  ( -2.054746067448615300, 9.937242442057057100, 9.786624614228559300 ) ) ;
#4749 = CARTESIAN_POINT ( 'NONE',  ( -1.867818178649667300, 10.45747249837447500, 1.661993734451529000 ) ) ;
#4752 = CARTESIAN_POINT ( 'NONE',  ( -2.042478781834926600, 9.774548603381310500, 9.789192601765432000 ) ) ;
#4751 = CARTESIAN_POINT ( 'NONE',  ( -1.868323743383456100, 10.45968995492143700, -1.661431596609832300 ) ) ;
#4754 = CARTESIAN_POINT ( 'NONE',  ( -2.002037943010051000, 9.549050961286083000, 9.797546324823578300 ) ) ;
#4753 = CARTESIAN_POINT ( 'NONE',  ( 8.790046626563491100, 4.500000000000000000, 4.218717850584447100 ) ) ;
#4755 = CARTESIAN_POINT ( 'NONE',  ( -1.957071764370252700, 9.392229600000300500, 9.806628873869293300 ) ) ;
#4757 = CARTESIAN_POINT ( 'NONE',  ( -1.975740364802621900, 10.54854972979215200, 9.802884789584284800 ) ) ;
#4756 = CARTESIAN_POINT ( 'NONE',  ( 4.949747468305841600, 4.999999999999999100, 3.949747468305822000 ) ) ;
#4759 = CARTESIAN_POINT ( 'NONE',  ( -1.842659849728043800, 10.88023436968132000, 9.828775040807306200 ) ) ;
#4758 = CARTESIAN_POINT ( 'NONE',  ( -1.720000000000000900, 9.764715491257296900, 1.814276715388256000 ) ) ;
#4761 = CARTESIAN_POINT ( 'NONE',  ( -1.500015760620449600, 11.35871608422627300, 9.886973524763918800 ) ) ;
#4760 = CARTESIAN_POINT ( 'NONE',  ( 3.673940397442061300E-016, -2.000000000000000000, -3.000000000000001300 ) ) ;
#4762 = CARTESIAN_POINT ( 'NONE',  ( -2.052065773916132800, 10.13175425342347100, 9.787189214328664700 ) ) ;
#4764 = CARTESIAN_POINT ( 'NONE',  ( -0.8488665888988046200, 11.80814370134728200, 9.963952703222942000 ) ) ;
#4763 = CARTESIAN_POINT ( 'NONE',  ( -1.719998991902361500, 10.00186221772654500, 9.450969739796702700 ) ) ;
#4766 = CARTESIAN_POINT ( 'NONE',  ( -1.629188160678924000, 11.21078708300441200, 9.866415575138036700 ) ) ;
#4765 = CARTESIAN_POINT ( 'NONE',  ( 0.0000000000000000000, 5.000000000000000900, 2.500000000000000000 ) ) ;
#4768 = CARTESIAN_POINT ( 'NONE',  ( -1.669149182423931300, 11.15891437038459200, 9.859733840576460300 ) ) ;
#4767 = CARTESIAN_POINT ( 'NONE',  ( -0.7788673741373414200, 8.462337090455713800, 2.378003276280475000 ) ) ;
#4770 = CARTESIAN_POINT ( 'NONE',  ( -1.354519048187375200, 11.49316153352282100, 9.907847628187816700 ) ) ;
#4769 = CARTESIAN_POINT ( 'NONE',  ( 0.0000000000000000000, 2.000000000000000000, -3.000000000000001300 ) ) ;
#4772 = CARTESIAN_POINT ( 'NONE',  ( -0.7555840189710977300, 11.84612619000398800, 9.971426385591794200 ) ) ;
#4771 = CARTESIAN_POINT ( 'NONE',  ( -0.2339900174310858800, 8.292069650703746600, 2.491652711483693100 ) ) ;
#4774 = CARTESIAN_POINT ( 'NONE',  ( -1.946300619135496100, 10.64167488678006300, 9.808787618967976100 ) ) ;
#4773 = CARTESIAN_POINT ( 'NONE',  ( -2.224230713528162700, 11.28829864339706300, 1.144760370438467500 ) ) ;
#4776 = CARTESIAN_POINT ( 'NONE',  ( -0.9095562997521168300, 11.78040923561606100, 9.958596053014764100 ) ) ;
#4775 = CARTESIAN_POINT ( 'NONE',  ( -2.459405251944229300, 11.66053317686518800, 0.4629782002852480500 ) ) ;
#4778 = CARTESIAN_POINT ( 'NONE',  ( -2.008612195554464000, 10.42186979399643200, 9.796197816033068100 ) ) ;
#4777 = CARTESIAN_POINT ( 'NONE',  ( -2.378602497232580300, 11.53859074596998400, -0.7771250296715325200 ) ) ;
#4780 = CARTESIAN_POINT ( 'NONE',  ( -1.911447213463821200, 9.269244172286129000, 9.815627590065094700 ) ) ;
#4779 = CARTESIAN_POINT ( 'NONE',  ( 4.218717850584447100, 4.500000000000000000, -8.790046626563491100 ) ) ;
#4782 = CARTESIAN_POINT ( 'NONE',  ( -1.250175441130941100, 11.57600305015621200, 9.921582576005503600 ) ) ;
#4781 = CARTESIAN_POINT ( 'NONE',  ( 0.0000000000000000000, 4.250000000000002700, 4.200000000000001100 ) ) ;
#4784 = CARTESIAN_POINT ( 'NONE',  ( -0.7080122573157523500, 11.86362996306841900, 9.974917307512758000 ) ) ;
#4783 = CARTESIAN_POINT ( 'NONE',  ( -3.662455649664206900, 4.500000000000000000, 1.479499447192448500 ) ) ;
#4786 = CARTESIAN_POINT ( 'NONE',  ( -1.923610099671548200, 10.70257449615130500, 9.813277274303196400 ) ) ;
#4785 = CARTESIAN_POINT ( 'NONE',  ( -8.790046626563489300, 4.500000000000000000, 4.218717850584448900 ) ) ;
#4788 = CARTESIAN_POINT ( 'NONE',  ( -2.028390413144778700, 9.677027418136187700, 9.792122243917065200 ) ) ;
#4787 = CARTESIAN_POINT ( 'NONE',  ( -2.500103583888209100, 11.72015055804393800, -0.1150725013246107200 ) ) ;
#4790 = CARTESIAN_POINT ( 'NONE',  ( -1.688508624820232300, 11.13246212088725800, 9.856434444671096500 ) ) ;
#4789 = CARTESIAN_POINT ( 'NONE',  ( 0.0000000000000000000, -2.000000000000000000, 3.000000000000001300 ) ) ;
#4792 = CARTESIAN_POINT ( 'NONE',  ( -2.009431002280588400, 9.580832869213052700, 9.796031455961827600 ) ) ;
#4791 = CARTESIAN_POINT ( 'NONE',  ( -2.377142474742564500, 11.53633620773182000, 0.7815268599705755800 ) ) ;
#4794 = CARTESIAN_POINT ( 'NONE',  ( -2.055423405829368600, 10.06702112254840900, 9.786482259812777000 ) ) ;
#4793 = CARTESIAN_POINT ( 'NONE',  ( -2.436778727097830300, 11.62708395867574200, -0.5690189687053695000 ) ) ;
#4796 = CARTESIAN_POINT ( 'NONE',  ( -2.012160688402151900, 10.40579413469889800, 9.795469412039802000 ) ) ;
#4795 = CARTESIAN_POINT ( 'NONE',  ( -1.720000000000000200, 10.00000000000000500, 1.814276715388262600 ) ) ;
#4798 = CARTESIAN_POINT ( 'NONE',  ( -2.051511610309878300, 9.872230741877739700, 9.787303143987202200 ) ) ;
#4797 = CARTESIAN_POINT ( 'NONE',  ( -4.218717850584449800, 4.500000000000000000, 8.790046626563489300 ) ) ;
#4800 = CARTESIAN_POINT ( 'NONE',  ( -2.042092531122650500, 10.22864544785577900, 9.789273178759749800 ) ) ;
#4799 = CARTESIAN_POINT ( 'NONE',  ( 1.479499447192451900, 4.500000000000000000, -3.662455649664205600 ) ) ;
#4802 = CARTESIAN_POINT ( 'NONE',  ( -2.022164435197457700, 10.35754094906078600, 9.793410910519966700 ) ) ;
#4801 = CARTESIAN_POINT ( 'NONE',  ( 8.790046626563489300, 4.500000000000000000, -4.218717850584452500 ) ) ;
#4804 = CARTESIAN_POINT ( 'NONE',  ( -1.997189767986072200, 10.46972844147872600, 9.798533096508688100 ) ) ;
#4803 = CARTESIAN_POINT ( 'NONE',  ( -2.499894429057398300, 11.71984655379496400, 0.1195301397119352300 ) ) ;
#4806 = CARTESIAN_POINT ( 'NONE',  ( -1.404594035557422700, 11.44964444475646400, 9.900896394534699500 ) ) ;
#4805 = CARTESIAN_POINT ( 'NONE',  ( -2.095815660332536600, 11.05701835007816700, 1.374143736593287400 ) ) ;
#4808 = CARTESIAN_POINT ( 'NONE',  ( -1.196198990492635600, 11.61460021629453900, 9.928234857419388600 ) ) ;
#4807 = CARTESIAN_POINT ( 'NONE',  ( -1.825880526864431800, 10.23318669914376000, 1.707960252309041400 ) ) ;
#4810 = CARTESIAN_POINT ( 'NONE',  ( -1.027977919221634700, 11.72017340358384300, 9.947199411281186300 ) ) ;
#4809 = CARTESIAN_POINT ( 'NONE',  ( -1.898459703838566700, 10.56725264238685600, 1.627568902345383000 ) ) ;
#4812 = CARTESIAN_POINT ( 'NONE',  ( -1.778994116023842700, 10.99492299905233500, 9.840502761087742900 ) ) ;
#4811 = CARTESIAN_POINT ( 'NONE',  ( -2.004818491430602600, 10.87441548268901500, 1.497738939982606400 ) ) ;
#4814 = CARTESIAN_POINT ( 'NONE',  ( -0.9394762954625460700, 11.76585797317322200, 9.955815512387692600 ) ) ;
#4813 = CARTESIAN_POINT ( 'NONE',  ( -2.266473035225548700, 11.35928984095055900, 1.059611074736813000 ) ) ;
#4816 = CARTESIAN_POINT ( 'NONE',  ( -2.027978746590330900, 10.32536183709901700, 9.792207518400337200 ) ) ;
#4815 = CARTESIAN_POINT ( 'NONE',  ( -2.435528474825278300, 11.62521430883663100, 0.5742748700717487100 ) ) ;
#4818 = CARTESIAN_POINT ( 'NONE',  ( -1.923675602802947100, 9.299814416703620500, 9.813236333096705600 ) ) ;
#4817 = CARTESIAN_POINT ( 'NONE',  ( -2.460316710568953200, 11.66188118671673000, -0.4583170848968820000 ) ) ;
#4820 = CARTESIAN_POINT ( 'NONE',  ( -1.744063333799741500, 11.05101937445493100, 9.846753680713453200 ) ) ;
#4819 = CARTESIAN_POINT ( 'NONE',  ( 4.218717850584449800, 4.500000000000000000, 8.790046626563489300 ) ) ;
#4822 = CARTESIAN_POINT ( 'NONE',  ( -1.428928688044881500, 11.42728950834242100, 9.897410630669615000 ) ) ;
#4821 = CARTESIAN_POINT ( 'NONE',  ( -1.277494330215373000, 4.250000000000002700, 4.001000904307269400 ) ) ;
#4824 = CARTESIAN_POINT ( 'NONE',  ( -1.976659091219697500, 9.454540608500783700, 9.802699558174975200 ) ) ;
#4823 = CARTESIAN_POINT ( 'NONE',  ( 3.662455649664202500, -4.500000000000000000, -1.479499447192450700 ) ) ;
#4826 = CARTESIAN_POINT ( 'NONE',  ( -2.055532345714035500, 9.969713183144149200, 9.786459348529662700 ) ) ;
#4825 = CARTESIAN_POINT ( 'NONE',  ( 3.980102097228901200E-016, 4.500000000000000000, -3.250000000000002700 ) ) ;
#4828 = CARTESIAN_POINT ( 'NONE',  ( -1.885034932462328600, 10.79214400456356400, 9.820733909069570400 ) ) ;
#4827 = CARTESIAN_POINT ( 'NONE',  ( 0.0000000000000000000, -4.249999999999999100, 4.200000000000000200 ) ) ;
#4830 = CARTESIAN_POINT ( 'NONE',  ( -1.367163228415696500, 11.48237522093439000, 9.906110431480462000 ) ) ;
#4829 = CARTESIAN_POINT ( 'NONE',  ( 4.949747468305860200, -4.999999999999999100, -3.949747468305804700 ) ) ;
#4832 = CARTESIAN_POINT ( 'NONE',  ( -1.795689924261842500, 10.96653935385204400, 9.837467131081579600 ) ) ;
#4831 = CARTESIAN_POINT ( 'NONE',  ( 3.662455649664200700, -4.500000000000000000, 1.479499447192454300 ) ) ;
#4834 = CARTESIAN_POINT ( 'NONE',  ( -1.544928689491654100, 11.31093424948442600, 9.880032520408217800 ) ) ;
#4833 = CARTESIAN_POINT ( 'NONE',  ( -8.790046626563489300, 4.500000000000000000, -4.218717850584449800 ) ) ;
#4836 = CARTESIAN_POINT ( 'NONE',  ( -1.328923885258959800, 11.51445931689581700, 9.911313151798228900 ) ) ;
#4835 = CARTESIAN_POINT ( 'NONE',  ( -1.277494330215373000, -4.249999999999999100, 4.001000904307268500 ) ) ;
#4838 = CARTESIAN_POINT ( 'NONE',  ( -1.168788744965582500, 11.63321223912524400, 9.931501280587845300 ) ) ;
#4837 = CARTESIAN_POINT ( 'NONE',  ( -1.479499447192454100, 4.500000000000000000, 3.662455649664205100 ) ) ;
#4840 = CARTESIAN_POINT ( 'NONE',  ( -1.085303902530201600, 11.68701383944199700, 9.941089154109679500 ) ) ;
#4839 = CARTESIAN_POINT ( 'NONE',  ( 1.479499447192448300, 4.500000000000000000, 3.662455649664207300 ) ) ;
#4842 = CARTESIAN_POINT ( 'NONE',  ( -1.608586523648367000, 11.23620749482061500, 9.869797943968722000 ) ) ;
#4841 = CARTESIAN_POINT ( 'NONE',  ( -8.790046626563484000, -4.500000000000000000, -4.218717850584451600 ) ) ;
#4844 = CARTESIAN_POINT ( 'NONE',  ( -1.725969062319179500, 11.07850919398039500, 9.849943764528767100 ) ) ;
#4843 = CARTESIAN_POINT ( 'NONE',  ( 1.479499447192451600, -4.500000000000000000, 3.662455649664200700 ) ) ;
#4846 = CARTESIAN_POINT ( 'NONE',  ( -0.8180868447441151900, 11.82133041297766100, 9.966529530198824800 ) ) ;
#4845 = CARTESIAN_POINT ( 'NONE',  ( -1.479499447192451400, -4.500000000000000000, -3.662455649664202000 ) ) ;
#4848 = CARTESIAN_POINT ( 'NONE',  ( -0.7712973777090279500, 11.84005580222048900, 9.970222975078938200 ) ) ;
#4847 = CARTESIAN_POINT ( 'NONE',  ( 3.673940397442061300E-016, -4.249999999999997300, -3.000000000000001300 ) ) ;
#4850 = CARTESIAN_POINT ( 'NONE',  ( -2.049061357969787600, 9.839677655585253600, 9.787816855359718500 ) ) ;
#4849 = CARTESIAN_POINT ( 'NONE',  ( -3.662455649664199800, -4.500000000000000000, -1.479499447192455400 ) ) ;
#4852 = CARTESIAN_POINT ( 'NONE',  ( -0.7239413404139813900, 11.85791384539734700, 9.973773656296392800 ) ) ;
#4851 = CARTESIAN_POINT ( 'NONE',  ( -1.277494330215367800, 4.250000000000002700, -4.001000904307270300 ) ) ;
#4854 = CARTESIAN_POINT ( 'NONE',  ( -1.871418304051219800, 10.82170507679943600, 9.823339946328804500 ) ) ;
#4853 = CARTESIAN_POINT ( 'NONE',  ( -4.949747468305841600, 4.500000000000000000, -5.949747468305822000 ) ) ;
#4856 = CARTESIAN_POINT ( 'NONE',  ( -2.038323963230440000, 9.741846261655689800, 9.790059304137876900 ) ) ;
#4855 = CARTESIAN_POINT ( 'NONE',  ( 0.0000000000000000000, 4.500000000000000000, -3.950000000000003700 ) ) ;
#4858 = CARTESIAN_POINT ( 'NONE',  ( -2.001130125027606800, 10.45382000275849800, 9.797728960459011200 ) ) ;
#4857 = CARTESIAN_POINT ( 'NONE',  ( -4.218717850584450700, -4.500000000000000000, 8.790046626563485800 ) ) ;
#4860 = CARTESIAN_POINT ( 'NONE',  ( -1.985651991192944200, 9.485904829794092700, 9.800880371946146100 ) ) ;
#4859 = CARTESIAN_POINT ( 'NONE',  ( -4.218717850584452500, -4.500000000000000000, -8.790046626563484000 ) ) ;
#4862 = CARTESIAN_POINT ( 'NONE',  ( -2.022607128486048700, 9.644817602476100800, 9.793319439666236200 ) ) ;
#4861 = CARTESIAN_POINT ( 'NONE',  ( 3.662455649664206000, 4.500000000000000000, 1.479499447192450100 ) ) ;
#4864 = CARTESIAN_POINT ( 'NONE',  ( -1.827517659412257700, 10.90920330943396300, 9.831604194367583800 ) ) ;
#4863 = CARTESIAN_POINT ( 'NONE',  ( 4.949747468305860200, -4.500000000000000000, -5.949747468305805100 ) ) ;
#4866 = CARTESIAN_POINT ( 'NONE',  ( -1.315950453933365300, 11.52498799646261900, 9.913044370232324100 ) ) ;
#4865 = CARTESIAN_POINT ( 'NONE',  ( 0.0000000000000000000, 4.250000000000000900, -3.000000000000001300 ) ) ;
#4868 = CARTESIAN_POINT ( 'NONE',  ( -1.276735552112305400, 11.55602232828090500, 9.918197450730506400 ) ) ;
#4867 = CARTESIAN_POINT ( 'NONE',  ( 4.949747468305841600, 4.500000000000000000, 3.949747468305822000 ) ) ;
#4870 = CARTESIAN_POINT ( 'NONE',  ( -1.946475192175884700, 9.361277782867780700, 9.808739429403013700 ) ) ;
#4869 = CARTESIAN_POINT ( 'NONE',  ( -3.662455649664199800, -4.500000000000000000, 1.479499447192454300 ) ) ;
#4872 = CARTESIAN_POINT ( 'NONE',  ( 1.971625570786541500, 10.56148921077943800, 9.803709388342371200 ) ) ;
#4871 = CARTESIAN_POINT ( 'NONE',  ( -4.949747468305860200, -4.999999999999999100, 3.949747468305804700 ) ) ;
#4874 = CARTESIAN_POINT ( 'NONE',  ( -0.5312523352429903100, 11.91786045439922900, 9.985931765906155300 ) ) ;
#4873 = CARTESIAN_POINT ( 'NONE',  ( 4.949747468305841600, 4.999999999999999100, 5.949747468305822000 ) ) ;
#4876 = CARTESIAN_POINT ( 'NONE',  ( 0.1366301304579142200, 11.98090863820285700, 9.999123265629982900 ) ) ;
#4875 = CARTESIAN_POINT ( 'NONE',  ( 3.673940397442061300E-016, 4.250000000000000900, 3.000000000000001300 ) ) ;
#4878 = CARTESIAN_POINT ( 'NONE',  ( 0.5663250792043172900, 11.90848313568642400, 9.984003697180098100 ) ) ;
#4877 = CARTESIAN_POINT ( 'NONE',  ( 4.218717850584451600, -4.500000000000000000, 8.790046626563485800 ) ) ;
#4880 = CARTESIAN_POINT ( 'NONE',  ( -0.3676867424850712700, 11.95328272702780300, 9.993292195491694200 ) ) ;
#4879 = CARTESIAN_POINT ( 'NONE',  ( -1.719999998938686300, 10.00000000000001200, 9.450969490843739600 ) ) ;
#4882 = CARTESIAN_POINT ( 'NONE',  ( -0.4334352729270004600, 11.94066749632174800, 9.990656451270343300 ) ) ;
#4881 = CARTESIAN_POINT ( 'NONE',  ( 3.980102097228901700E-016, -4.500000000000000000, 3.250000000000002700 ) ) ;
#4884 = CARTESIAN_POINT ( 'NONE',  ( 0.6311846042416440200, 11.88919840123419100, 9.980073478825840300 ) ) ;
#4883 = CARTESIAN_POINT ( 'NONE',  ( 0.0000000000000000000, -4.500000000000000000, -3.250000000000002700 ) ) ;
#4886 = CARTESIAN_POINT ( 'NONE',  ( 1.406691065694060800, 11.44774319871560300, 9.900598271566433800 ) ) ;
#4885 = CARTESIAN_POINT ( 'NONE',  ( 0.0000000000000000000, -4.249999999999997300, 3.000000000000001300 ) ) ;
#4888 = CARTESIAN_POINT ( 'NONE',  ( 1.357136736741761900, 11.49120438248988800, 9.907512589353213900 ) ) ;
#4887 = CARTESIAN_POINT ( 'NONE',  ( -4.218717850584452500, 4.500000000000000000, -8.790046626563489300 ) ) ;
#4890 = CARTESIAN_POINT ( 'NONE',  ( 1.430874963089673500, 11.42546707091169500, 9.897129143233826200 ) ) ;
#4889 = CARTESIAN_POINT ( 'NONE',  ( -4.949747468305841600, 4.999999999999999100, -3.949747468305822000 ) ) ;
#4891 = CARTESIAN_POINT ( 'NONE',  ( -4.949747468305841600, 4.999999999999999100, -5.949747468305822000 ) ) ;
#4893 = CARTESIAN_POINT ( 'NONE',  ( -0.6280982532641333800, 11.89036611865386700, 9.980307355890474200 ) ) ;
#4892 = CARTESIAN_POINT ( 'NONE',  ( 1.479499447192454700, -4.500000000000000000, -3.662455649664200200 ) ) ;
#4895 = CARTESIAN_POINT ( 'NONE',  ( 0.03548519824841039200, 11.98500467517429900, 9.999994356560193900 ) ) ;
#4894 = CARTESIAN_POINT ( 'NONE',  ( -4.949747468305860200, -4.500000000000000000, 5.949747468305805100 ) ) ;
#4897 = CARTESIAN_POINT ( 'NONE',  ( 1.501662194363704700, 11.35701118556422500, 9.886722739541207600 ) ) ;
#4896 = CARTESIAN_POINT ( 'NONE',  ( 9.085178540258281600, -4.249999999999999100, 4.178460349414656600 ) ) ;
#4899 = CARTESIAN_POINT ( 'NONE',  ( 1.630879175594045900, 11.20866640879448400, 9.866136327819836200 ) ) ;
#4898 = CARTESIAN_POINT ( 'NONE',  ( 8.790046626563485800, -4.500000000000000000, 4.218717850584447100 ) ) ;
#4901 = CARTESIAN_POINT ( 'NONE',  ( 1.746089632384051800, 11.04786910635387500, 9.846394218996463700 ) ) ;
#4900 = CARTESIAN_POINT ( 'NONE',  ( -1.479499447192448500, 4.500000000000000000, -3.662455649664206900 ) ) ;
#4903 = CARTESIAN_POINT ( 'NONE',  ( -0.5636428801132243900, 11.90922021719759400, 9.984154897599268000 ) ) ;
#4902 = CARTESIAN_POINT ( 'NONE',  ( -1.479499447192457200, -4.500000000000000000, 3.662455649664198900 ) ) ;
#4905 = CARTESIAN_POINT ( 'NONE',  ( 1.797174233538248100, 10.96395669564362600, 9.837195837785149200 ) ) ;
#4904 = CARTESIAN_POINT ( 'NONE',  ( 4.178460349414659300, -4.249999999999999100, -9.085178540258285200 ) ) ;
#4907 = CARTESIAN_POINT ( 'NONE',  ( 1.253236680352435100, 11.57373971044850300, 9.921196901196637400 ) ) ;
#4906 = CARTESIAN_POINT ( 'NONE',  ( -4.949747468305841600, 4.500000000000000000, -3.949747468305822000 ) ) ;
#4909 = CARTESIAN_POINT ( 'NONE',  ( 1.844523295101362600, 10.87837377113360100, 9.828467066500527600 ) ) ;
#4908 = CARTESIAN_POINT ( 'NONE',  ( -8.790046626563484000, -4.500000000000000000, 4.218717850584452500 ) ) ;
#4911 = CARTESIAN_POINT ( 'NONE',  ( 1.976345884165941800, 10.54579112313898800, 9.802758705219647000 ) ) ;
#4910 = CARTESIAN_POINT ( 'NONE',  ( 3.662455649664206000, 4.500000000000000000, -1.479499447192451600 ) ) ;
#4913 = CARTESIAN_POINT ( 'NONE',  ( 1.780647939132084000, 10.99215158479765200, 9.840203305757697200 ) ) ;
#4912 = CARTESIAN_POINT ( 'NONE',  ( 0.0000000000000000000, 4.250000000000002700, -4.200000000000001100 ) ) ;
#4915 = CARTESIAN_POINT ( 'NONE',  ( -0.6601625932378979400, 11.88015187871203400, 9.978236607375656300 ) ) ;
#4914 = CARTESIAN_POINT ( 'NONE',  ( -4.949747468305860200, -4.500000000000000000, 3.949747468305804700 ) ) ;
#4916 = CARTESIAN_POINT ( 'NONE',  ( 1.985397397751447900, 10.51424280136383900, 9.800929472472390100 ) ) ;
#4917 = CARTESIAN_POINT ( 'NONE',  ( 1.989736454076874700, 10.49835808032589800, 9.800049318662514600 ) ) ;
#4919 = CARTESIAN_POINT ( 'NONE',  ( 2.002117948908269900, 10.45063450037080900, 9.797530022461673500 ) ) ;
#4918 = CARTESIAN_POINT ( 'NONE',  ( 3.673940397442061300E-016, 2.000000000000000000, 3.000000000000001300 ) ) ;
#4921 = CARTESIAN_POINT ( 'NONE',  ( -0.1341521814082462500, 11.98106817571425800, 9.999157161571654100 ) ) ;
#4920 = CARTESIAN_POINT ( 'NONE',  ( 4.949747468305841600, 4.500000000000000000, 5.949747468305822000 ) ) ;
#4922 = CARTESIAN_POINT ( 'NONE',  ( 1.198866814542964600, 11.61275941513814100, 9.927913619184924000 ) ) ;
#4924 = CARTESIAN_POINT ( 'NONE',  ( 1.690446412623693100, 11.12976950377511700, 9.856102462565520000 ) ) ;
#4923 = CARTESIAN_POINT ( 'NONE',  ( 9.085178540258281600, 4.250000000000003600, 4.178460349414657500 ) ) ;
#4926 = CARTESIAN_POINT ( 'NONE',  ( 0.5337680698150183400, 11.91721128786597300, 9.985798043926591200 ) ) ;
#4925 = CARTESIAN_POINT ( 'NONE',  ( 0.0000000000000000000, -4.500000000000000000, 3.949999999999998800 ) ) ;
#4928 = CARTESIAN_POINT ( 'NONE',  ( 1.728068907452589900, 11.07537543939542100, 9.849575729427870700 ) ) ;
#4927 = CARTESIAN_POINT ( 'NONE',  ( 0.0000000000000000000, 4.500000000000000000, 3.250000000000002700 ) ) ;
#4930 = CARTESIAN_POINT ( 'NONE',  ( 1.873121015372620500, 10.81998958071968000, 9.823039202499623800 ) ) ;
#4929 = CARTESIAN_POINT ( 'NONE',  ( -4.949747468305860200, -4.999999999999999100, 5.949747468305805100 ) ) ;
#4932 = CARTESIAN_POINT ( 'NONE',  ( 1.029600275837709600, 11.71835847427712600, 9.946896885599679500 ) ) ;
#4931 = CARTESIAN_POINT ( 'NONE',  ( 4.949747468305860200, -4.999999999999999100, -5.949747468305805100 ) ) ;
#4934 = CARTESIAN_POINT ( 'NONE',  ( -0.2348985668582689600, 11.97229510629493500, 9.997296979085080100 ) ) ;
#4933 = CARTESIAN_POINT ( 'NONE',  ( 4.949747468305860200, -4.500000000000000000, -3.949747468305804700 ) ) ;
#4935 = CARTESIAN_POINT ( 'NONE',  ( 0.2704456266882034900, 11.96884377312035500, 9.996565890489657500 ) ) ;
#4937 = CARTESIAN_POINT ( 'NONE',  ( -0.3346514731738018900, 11.95881456678915800, 9.994454034471184300 ) ) ;
#4936 =( LENGTH_UNIT ( ) NAMED_UNIT ( * ) SI_UNIT ( .MILLI., .METRE. ) );
#4939 = CARTESIAN_POINT ( 'NONE',  ( 0.6149788220004112100, 11.89417662724918800, 9.981085411376703600 ) ) ;
#4938 =( NAMED_UNIT ( * ) PLANE_ANGLE_UNIT ( ) SI_UNIT ( $, .RADIAN. ) );
#4941 = CARTESIAN_POINT ( 'NONE',  ( 0.1701764928771691300, 11.97848231758616900, 9.998607774626393100 ) ) ;
#4940 = CARTESIAN_POINT ( 'NONE',  ( -3.662455649664206000, 4.500000000000000000, -1.479499447192451900 ) ) ;
#4943 = CARTESIAN_POINT ( 'NONE',  ( 0.6633815902140927100, 11.87888197852422100, 9.977985003105022300 ) ) ;
#4942 =( LENGTH_UNIT ( ) NAMED_UNIT ( * ) SI_UNIT ( .MILLI., .METRE. ) );
#4945 = CARTESIAN_POINT ( 'NONE',  ( -0.03234739071982049200, 11.98505654473933800, 10.00000539729390800 ) ) ;
#4944 = FILL_AREA_STYLE ('',( #4976 ) ) ;
#4947 = CARTESIAN_POINT ( 'NONE',  ( 0.4355924496429508000, 11.94021799502052700, 9.990562822323259000 ) ) ;
#4946 =( NAMED_UNIT ( * ) SI_UNIT ( $, .STERADIAN. ) SOLID_ANGLE_UNIT ( ) );
#4949 = CARTESIAN_POINT ( 'NONE',  ( -0.06647651297527384900, 11.98426357625701000, 9.999836516285991900 ) ) ;
#4948 = SURFACE_STYLE_USAGE ( .BOTH. , #4993 ) ;
#4951 = CARTESIAN_POINT ( 'NONE',  ( 0.06928784585021516300, 11.98417023502521400, 9.999816650951428800 ) ) ;
#4950 =( NAMED_UNIT ( * ) PLANE_ANGLE_UNIT ( ) SI_UNIT ( $, .RADIAN. ) );
#4953 = CARTESIAN_POINT ( 'NONE',  ( 0.6793852892640640500, 11.87354091158492900, 9.976907862378068300 ) ) ;
#4952 =( LENGTH_UNIT ( ) NAMED_UNIT ( * ) SI_UNIT ( .MILLI., .METRE. ) );
#4955 = CARTESIAN_POINT ( 'NONE',  ( 0.7270715074974727400, 11.85698730547581500, 9.973584142124462200 ) ) ;
#4954 =( NAMED_UNIT ( * ) SI_UNIT ( $, .STERADIAN. ) SOLID_ANGLE_UNIT ( ) );
#4957 = CARTESIAN_POINT ( 'NONE',  ( 0.8515290554783238000, 11.80784785929167000, 9.963872961039653500 ) ) ;
#4956 = DIRECTION ( 'NONE',  ( 0.0000000000000000000, 0.0000000000000000000, 1.000000000000000000 ) ) ;
#4959 = CARTESIAN_POINT ( 'NONE',  ( 0.9120360900667725500, 11.78010354073065700, 9.958498915724213400 ) ) ;
#4958 = CARTESIAN_POINT ( 'NONE',  ( 0.0000000000000000000, 0.0000000000000000000, 0.0000000000000000000 ) ) ;
#4961 = CARTESIAN_POINT ( 'NONE',  ( 1.000494753258325000, 11.73431763396492800, 9.949868750137072800 ) ) ;
#4960 =( NAMED_UNIT ( * ) PLANE_ANGLE_UNIT ( ) SI_UNIT ( $, .RADIAN. ) );
#4963 = CARTESIAN_POINT ( 'NONE',  ( 1.087047761007556200, 11.68503824140535700, 9.940782744968567300 ) ) ;
#4962 = CARTESIAN_POINT ( 'NONE',  ( 0.0000000000000000000, 0.0000000000000000000, 0.0000000000000000000 ) ) ;
#4965 = CARTESIAN_POINT ( 'NONE',  ( 0.7584939943559035900, 11.84522621162637500, 9.971241501195155600 ) ) ;
#4964 =( NAMED_UNIT ( * ) SI_UNIT ( $, .STERADIAN. ) SOLID_ANGLE_UNIT ( ) );
#4967 = CARTESIAN_POINT ( 'NONE',  ( 1.171302535662467100, 11.63153545200100900, 9.931205480697407500 ) ) ;
#4966 = CARTESIAN_POINT ( 'NONE',  ( 0.0000000000000000000, 0.0000000000000000000, 0.0000000000000000000 ) ) ;
#4969 = CARTESIAN_POINT ( 'NONE',  ( 1.279820262398698300, 11.55365430773683900, 9.917799473236359000 ) ) ;
#4968 = DIRECTION ( 'NONE',  ( 1.730528297822698800E-016, 1.387778780781445700E-017, 1.000000000000000400 ) ) ;
#4971 = CARTESIAN_POINT ( 'NONE',  ( 0.4684004808805147200, 11.93307887297061300, 9.989077630179544100 ) ) ;
#4970 = DIRECTION ( 'NONE',  ( 0.0000000000000000000, 0.0000000000000000000, 1.000000000000000000 ) ) ;
#4973 = CARTESIAN_POINT ( 'NONE',  ( -0.1678535494656893900, 11.97866895410047900, 9.998647378028861600 ) ) ;
#4972 =( NAMED_UNIT ( * ) SI_UNIT ( $, .STERADIAN. ) SOLID_ANGLE_UNIT ( ) );
#4975 = CARTESIAN_POINT ( 'NONE',  ( -0.2682573829509896600, 11.96832074503104900, 9.996456422814310000 ) ) ;
#4974 = FILL_AREA_STYLE_COLOUR ( '', #2717 ) ;
#4977 = CARTESIAN_POINT ( 'NONE',  ( -0.4661485338667350500, 11.93358410571972300, 9.989182539306202800 ) ) ;
#4976 = FILL_AREA_STYLE_COLOUR ( '', #2734 ) ;
#4979 = CARTESIAN_POINT ( 'NONE',  ( 0.3367992103011193700, 11.95927705423955900, 9.994544062484052900 ) ) ;
#4978 = CARTESIAN_POINT ( 'NONE',  ( 0.0000000000000000000, 0.0000000000000000000, 0.0000000000000000000 ) ) ;
#4980 = CARTESIAN_POINT ( 'NONE',  ( 1.331766150390028400, 11.51238964442482700, 9.910957835494253100 ) ) ;
#4982 = CARTESIAN_POINT ( 'NONE',  ( 1.546506437906147100, 11.30920581596470200, 9.879785854337459500 ) ) ;
#4981 = APPLICATION_CONTEXT ( 'automotive_design' ) ;
#4983 = CARTESIAN_POINT ( 'NONE',  ( 1.610226976216093900, 11.23421636761122700, 9.869530497098551800 ) ) ;
#4985 = CARTESIAN_POINT ( 'NONE',  ( 1.115389753545867400, 11.66767722876501900, 9.937640443876960100 ) ) ;
#4984 = SURFACE_SIDE_STYLE ('',( #2720 ) ) ;
#4986 = CARTESIAN_POINT ( 'NONE',  ( 1.670974875981715800, 11.15646322292567300, 9.859424749677883100 ) ) ;
#4988 = CARTESIAN_POINT ( 'NONE',  ( 1.924397353056338700, 10.70055819747207500, 9.813122699497537100 ) ) ;
#4987 = SURFACE_STYLE_USAGE ( .BOTH. , #5050 ) ;
#4989 = CARTESIAN_POINT ( 'NONE',  ( 1.947076001599801200, 10.63949880949335900, 9.808633744752334800 ) ) ;
#4991 = CARTESIAN_POINT ( 'NONE',  ( 1.714234684057133000, 9.858571320633325600, 9.452364635671905500 ) ) ;
#4990 =( LENGTH_UNIT ( ) NAMED_UNIT ( * ) SI_UNIT ( .MILLI., .METRE. ) );
#4992 = CARTESIAN_POINT ( 'NONE',  ( 1.661923682686473800, 9.553275641412875900, 9.464818885190418000 ) ) ;
#4994 = CARTESIAN_POINT ( 'NONE',  ( 1.720000000000000200, 9.999999999999998200, 9.450969495435460400 ) ) ;
#4993 = SURFACE_SIDE_STYLE ('',( #2736 ) ) ;
#4996 = CARTESIAN_POINT ( 'NONE',  ( 1.637418360711555600, 9.472696356104611600, 9.470491321088809800 ) ) ;
#4995 =( LENGTH_UNIT ( ) NAMED_UNIT ( * ) SI_UNIT ( .MILLI., .METRE. ) );
#4997 = CARTESIAN_POINT ( 'NONE',  ( 2.055497237152815100, 9.999999999999998200, 9.786466732588282400 ) ) ;
#4999 = CARTESIAN_POINT ( 'NONE',  ( 2.042346694447319400, 10.22650921698632400, 9.789220143804913100 ) ) ;
#4998 = DIRECTION ( 'NONE',  ( 1.000000000000000000, 0.0000000000000000000, 0.0000000000000000000 ) ) ;
#5001 = CARTESIAN_POINT ( 'NONE',  ( 1.566117024160431900, 9.288327376908753800, 9.486545658575298700 ) ) ;
#5000 = DIRECTION ( 'NONE',  ( -1.146568979978905400E-017, 1.000000000000000000, 0.0000000000000000000 ) ) ;
#5003 = CARTESIAN_POINT ( 'NONE',  ( 1.311423115857654400, 8.886734521061267600, 9.537868390554026000 ) ) ;
#5002 =( NAMED_UNIT ( * ) PLANE_ANGLE_UNIT ( ) SI_UNIT ( $, .RADIAN. ) );
#5005 = CARTESIAN_POINT ( 'NONE',  ( 1.717214090422882500, 9.901119585713145100, 9.451644260192267700 ) ) ;
#5004 =( NAMED_UNIT ( * ) SI_UNIT ( $, .STERADIAN. ) SOLID_ANGLE_UNIT ( ) );
#5006 = CARTESIAN_POINT ( 'NONE',  ( 0.3089119826313195800, 8.307731547385710500, 9.650652722986333000 ) ) ;
#5008 = CARTESIAN_POINT ( 'NONE',  ( 1.397764453107817500, 8.997284205418447200, 9.521519014997172900 ) ) ;
#5007 = DIRECTION ( 'NONE',  ( -1.146568979978905400E-017, 1.000000000000000000, 0.0000000000000000000 ) ) ;
#5010 = CARTESIAN_POINT ( 'NONE',  ( 1.413886932892782300, 9.020150077676127900, 9.518345323879577400 ) ) ;
#5009 = DIRECTION ( 'NONE',  ( 1.000000000000000000, 0.0000000000000000000, 0.0000000000000000000 ) ) ;
#5012 = CARTESIAN_POINT ( 'NONE',  ( 2.009518142990839100, 10.41877369776677600, 9.796013569056265500 ) ) ;
#5011 = FILL_AREA_STYLE ('',( #5048 ) ) ;
#5013 = CARTESIAN_POINT ( 'NONE',  ( 1.628584816672774500, 9.446010202965894100, 9.472521582120258200 ) ) ;
#5015 = CARTESIAN_POINT ( 'NONE',  ( 1.175707920361781500, 8.743311845212380400, 9.561497075583863700 ) ) ;
#5014 =( NAMED_UNIT ( * ) PLANE_ANGLE_UNIT ( ) SI_UNIT ( $, .RADIAN. ) );
#5017 = CARTESIAN_POINT ( 'NONE',  ( 1.696973510621067900, 9.718083246696720000, 9.456513369755885600 ) ) ;
#5016 =( NAMED_UNIT ( * ) SI_UNIT ( $, .STERADIAN. ) SOLID_ANGLE_UNIT ( ) );
#5019 = CARTESIAN_POINT ( 'NONE',  ( 2.022663607330700900, 10.35487807147247000, 9.793307765088370000 ) ) ;
#5018 = DIRECTION ( 'NONE',  ( 0.0000000000000000000, 0.0000000000000000000, 1.000000000000000000 ) ) ;
#5021 = CARTESIAN_POINT ( 'NONE',  ( 0.9096852610561188000, 8.539173852066975100, 9.600099031986317800 ) ) ;
#5020 = APPLICATION_CONTEXT ( 'automotive_design' ) ;
#5023 = CARTESIAN_POINT ( 'NONE',  ( 0.4734191024176426200, 8.346198333817350000, 9.641764221976476500 ) ) ;
#5022 =( NAMED_UNIT ( * ) PLANE_ANGLE_UNIT ( ) SI_UNIT ( $, .RADIAN. ) );
#5025 = CARTESIAN_POINT ( 'NONE',  ( 1.609574316760392900, 9.392987890677632700, 9.476848458613398300 ) ) ;
#5024 = APPLICATION_CONTEXT ( 'automotive_design' ) ;
#5027 = CARTESIAN_POINT ( 'NONE',  ( 1.444995133914659600, 9.066634480172409000, 9.512120897440151900 ) ) ;
#5026 = CARTESIAN_POINT ( 'NONE',  ( 0.0000000000000000000, 0.0000000000000000000, 0.0000000000000000000 ) ) ;
#5029 = CARTESIAN_POINT ( 'NONE',  ( 1.254961532616890400, 8.823448358714102800, 9.547983567169495700 ) ) ;
#5028 =( LENGTH_UNIT ( ) NAMED_UNIT ( * ) SI_UNIT ( .MILLI., .METRE. ) );
#5031 = CARTESIAN_POINT ( 'NONE',  ( 0.8614182781255781400, 8.510174517349025100, 9.606050157532390400 ) ) ;
#5030 = APPLICATION_PROTOCOL_DEFINITION ( 'draft international standard', 'automotive_design', 1998, #5024 ) ;
#5033 = CARTESIAN_POINT ( 'NONE',  ( 1.719306904903096000, 9.943566678520678400, 9.451137608994370600 ) ) ;
#5032 =( LENGTH_UNIT ( ) NAMED_UNIT ( * ) SI_UNIT ( .MILLI., .METRE. ) );
#5035 = CARTESIAN_POINT ( 'NONE',  ( 1.705307392242663600, 9.773896421024383900, 9.454516360101457900 ) ) ;
#5034 = APPLICATION_CONTEXT ( 'automotive_design' ) ;
#5037 = CARTESIAN_POINT ( 'NONE',  ( 1.716339544842688800, 9.886947913868782600, 9.451855879706261700 ) ) ;
#5036 = DIRECTION ( 'NONE',  ( 1.730528297822698800E-016, 1.387778780781445700E-017, 1.000000000000000400 ) ) ;
#5039 = CARTESIAN_POINT ( 'NONE',  ( 1.675604525585053400, 9.607688493272034300, 9.461594960614998900 ) ) ;
#5038 = CARTESIAN_POINT ( 'NONE',  ( 0.0000000000000000000, 0.0000000000000000000, 0.0000000000000000000 ) ) ;
#5041 = CARTESIAN_POINT ( 'NONE',  ( 1.708798799961033200, 9.801980865171968200, 9.453675999928886900 ) ) ;
#5040 = DIRECTION ( 'NONE',  ( 1.206583041216836300E-016, 1.000000000000000000, 0.0000000000000000000 ) ) ;
#5043 = CARTESIAN_POINT ( 'NONE',  ( 0.5538769367630815800, 8.370655483362041200, 9.636203285434183000 ) ) ;
#5042 = DIRECTION ( 'NONE',  ( 1.461362897974543900E-016, -1.387778780781445700E-017, -1.000000000000000400 ) ) ;
#5045 = CARTESIAN_POINT ( 'NONE',  ( 0.2809450972845751700, 8.302861035228687600, 9.651792693100253100 ) ) ;
#5044 =( NAMED_UNIT ( * ) SI_UNIT ( $, .STERADIAN. ) SOLID_ANGLE_UNIT ( ) );
#5047 = CARTESIAN_POINT ( 'NONE',  ( 0.3643510930154668100, 8.318795934426132600, 9.648076677558789200 ) ) ;
#5046 = DIRECTION ( 'NONE',  ( 1.000000000000000000, 0.0000000000000000000, 0.0000000000000000000 ) ) ;
#5049 = CARTESIAN_POINT ( 'NONE',  ( 0.6066266562949811400, 8.389548003122049700, 9.631959123572986700 ) ) ;
#5048 = FILL_AREA_STYLE_COLOUR ( '', #2709 ) ;
#5051 = CARTESIAN_POINT ( 'NONE',  ( 1.502659694788591100, 9.162621392532129100, 9.500208490737131600 ) ) ;
#5050 = SURFACE_SIDE_STYLE ('',( #2708 ) ) ;
#5053 = CARTESIAN_POINT ( 'NONE',  ( 0.2246168600845570900, 8.294491891203273700, 9.653757386788152300 ) ) ;
#5052 = FILL_AREA_STYLE ('',( #4974 ) ) ;
#5055 = CARTESIAN_POINT ( 'NONE',  ( 1.713004269781610800, 9.844375719522640000, 9.452661793495428500 ) ) ;
#5054 = SURFACE_STYLE_USAGE ( .BOTH. , #4984 ) ;
#5057 = CARTESIAN_POINT ( 'NONE',  ( 2.028405392942761200, 10.32285766271553000, 9.792119117375024800 ) ) ;
#5056 =( NAMED_UNIT ( * ) PLANE_ANGLE_UNIT ( ) SI_UNIT ( $, .RADIAN. ) );
#5058 = CARTESIAN_POINT ( 'NONE',  ( 1.488813125272759400, 9.138246472600194200, 9.503113951454764700 ) ) ;
#5059 = CARTESIAN_POINT ( 'NONE',  ( 1.293011656541284100, 8.865397681176114400, 9.541218945859755600 ) ) ;
#5061 = CARTESIAN_POINT ( 'NONE',  ( 2.052194680680876600, 10.12980260831282700, 9.787162121016184100 ) ) ;
#5060 = APPLICATION_PROTOCOL_DEFINITION ( 'draft international standard', 'automotive_design', 1998, #5096 ) ;
#5062 = CARTESIAN_POINT ( 'NONE',  ( 1.720000767777828400, 9.971827576768618000, 9.450969297995737200 ) ) ;
#5063 = CARTESIAN_POINT ( 'NONE',  ( 1.599397782396103600, 9.366654178296046900, 9.479144979479276100 ) ) ;
#5064 = CARTESIAN_POINT ( 'NONE',  ( 1.235446544476945400, 8.802974177972164000, 9.551375369066320800 ) ) ;
#5065 = CARTESIAN_POINT ( 'NONE',  ( 1.529202712940647400, 9.212136982170797200, 9.494565577941996200 ) ) ;
#5066 = CARTESIAN_POINT ( 'NONE',  ( 1.347111335095153400, 8.930195490803431100, 9.531241431099639200 ) ) ;
#5067 = CARTESIAN_POINT ( 'NONE',  ( 1.134161048174571200, 8.705703703497532000, 9.568198809566258200 ) ) ;
#5068 = CARTESIAN_POINT ( 'NONE',  ( 0.7613256569896680300, 8.456625502259523600, 9.617304225147286400 ) ) ;
#5069 = CARTESIAN_POINT ( 'NONE',  ( 0.7103467458082831600, 8.432531126536362700, 9.622510164109460400 ) ) ;
#5071 = CARTESIAN_POINT ( 'NONE',  ( 1.364376643759291900, 8.952306918040640900, 9.527967060904416000 ) ) ;
#5070 = APPLICATION_PROTOCOL_DEFINITION ( 'draft international standard', 'automotive_design', 1998, #4981 ) ;
#5073 = CARTESIAN_POINT ( 'NONE',  ( 1.459980852003446500, 9.090253011007112200, 9.509070147179182100 ) ) ;
#5072 = PRODUCT_CONTEXT ( 'NONE', #5020, 'mechanical' ) ;
#5074 = CARTESIAN_POINT ( 'NONE',  ( 0.3918437020335624500, 8.324992862116936000, 9.646639888698075500 ) ) ;
#5075 = CARTESIAN_POINT ( 'NONE',  ( 0.1964902050499446100, 8.291026510944581300, 9.654574259413836400 ) ) ;
#5077 = CARTESIAN_POINT ( 'NONE',  ( 0.1402356104756755400, 8.285493428479826500, 9.655880790385532800 ) ) ;
#5076 = APPLICATION_PROTOCOL_DEFINITION ( 'draft international standard', 'automotive_design', 1998, #5034 ) ;
#5078 = CARTESIAN_POINT ( 'NONE',  ( 0.1121202920762329900, 8.283427621929334400, 9.656370010836562700 ) ) ;
#5079 = CARTESIAN_POINT ( 'NONE',  ( 1.577676804865581200, 9.314332149683815800, 9.483992054711945800 ) ) ;
#5081 = CARTESIAN_POINT ( 'NONE',  ( 0.05591330344766277900, 8.280678795496353200, 9.657021347803098600 ) ) ;
#5080 =( REPRESENTATION_RELATIONSHIP ('NONE','NONE', #6586, #6587 ) REPRESENTATION_RELATIONSHIP_WITH_TRANSFORMATION ( #2730 )SHAPE_REPRESENTATION_RELATIONSHIP( ) );
#5082 = CARTESIAN_POINT ( 'NONE',  ( 1.692131373905193500, 9.690353624161812000, 9.457669929268407200 ) ) ;
#5083 = CARTESIAN_POINT ( 'NONE',  ( 2.055495402076995300, 10.06502690553688400, 9.786467141485443800 ) ) ;
#5084 = CARTESIAN_POINT ( 'NONE',  ( 1.541904277927103700, 9.237290180924260200, 9.491826970668944000 ) ) ;
#5086 = CARTESIAN_POINT ( 'NONE',  ( 1.047734932660080700, 8.634798236939799300, 9.581314670728369600 ) ) ;
#5085 = APPLICATION_CONTEXT ( 'automotive_design' ) ;
#5088 = CARTESIAN_POINT ( 'NONE',  ( 1.002847523599760700, 8.601487352404165100, 9.587731080895302700 ) ) ;
#5087 = APPLICATION_PROTOCOL_DEFINITION ( 'draft international standard', 'automotive_design', 1998, #5116 ) ;
#5090 = CARTESIAN_POINT ( 'NONE',  ( 0.4463772439845009000, 8.338693956292219800, 9.643483686906115800 ) ) ;
#5089 = APPLICATION_CONTEXT ( 'automotive_design' ) ;
#5091 = CARTESIAN_POINT ( 'NONE',  ( 2.038246970013620100, 10.25867323823927200, 9.790075309166180500 ) ) ;
#5092 = CARTESIAN_POINT ( 'NONE',  ( -1.681452673081684600, 9.636797915697130200, 9.460206323322960700 ) ) ;
#5093 = CARTESIAN_POINT ( 'NONE',  ( -0.4738833497332841600, 8.346330373658593900, 9.641734031948660200 ) ) ;
#5094 = CARTESIAN_POINT ( 'NONE',  ( -0.8365336658531140600, 8.496865422514471100, 9.608847479135992100 ) ) ;
#5095 = CARTESIAN_POINT ( 'NONE',  ( -0.1125413514357422600, 8.282762709255219800, 9.656525561524649200 ) ) ;
#5097 = CARTESIAN_POINT ( 'NONE',  ( -0.05641811444471795500, 8.280008383075347900, 9.657180464407801400 ) ) ;
#5096 = APPLICATION_CONTEXT ( 'automotive_design' ) ;
#5098 = CARTESIAN_POINT ( 'NONE',  ( -0.9096861783011913600, 8.539977592716407900, 9.599987399475164600 ) ) ;
#5100 = CARTESIAN_POINT ( 'NONE',  ( -1.398798831984665100, 8.997558242775664200, 9.521366222298228300 ) ) ;
#5099 =( REPRESENTATION_RELATIONSHIP ('NONE','NONE', #6586, #6589 ) REPRESENTATION_RELATIONSHIP_WITH_TRANSFORMATION ( #2731 )SHAPE_REPRESENTATION_RELATIONSHIP( ) );
#5101 = CARTESIAN_POINT ( 'NONE',  ( -1.365406868556471800, 8.952513425479345700, 9.527841684183236700 ) ) ;
#5103 = CARTESIAN_POINT ( 'NONE',  ( -1.460964669338668900, 9.090544083053743000, 9.508923605107046500 ) ) ;
#5102 = PRODUCT_CONTEXT ( 'NONE', #4981, 'mechanical' ) ;
#5104 = CARTESIAN_POINT ( 'NONE',  ( -1.489744839197714800, 9.138488215819471300, 9.502955183123356500 ) ) ;
#5106 = CARTESIAN_POINT ( 'NONE',  ( -0.3920557698869628900, 8.325040886986302600, 9.646628756611006500 ) ) ;
#5105 = PRODUCT_CONTEXT ( 'NONE', #5034, 'mechanical' ) ;
#5107 = CARTESIAN_POINT ( 'NONE',  ( -1.566225353431749400, 9.288571003636226600, 9.486521735137014100 ) ) ;
#5109 = CARTESIAN_POINT ( 'NONE',  ( -1.654029777051516700, 9.527367550210428200, 9.466645831301773800 ) ) ;
#5108 = APPLICATION_PROTOCOL_DEFINITION ( 'draft international standard', 'automotive_design', 1998, #5085 ) ;
#5111 = CARTESIAN_POINT ( 'NONE',  ( -1.661554860361973200, 9.554544181462233600, 9.464889009966253000 ) ) ;
#5110 = APPLICATION_PROTOCOL_DEFINITION ( 'draft international standard', 'automotive_design', 1998, #5089 ) ;
#5112 = CARTESIAN_POINT ( 'NONE',  ( -1.628772479003638200, 9.446556698953340700, 9.472478645155055300 ) ) ;
#5113 = CARTESIAN_POINT ( 'NONE',  ( -1.692478198518427600, 9.692239735386245100, 9.457587279700664600 ) ) ;
#5114 = CARTESIAN_POINT ( 'NONE',  ( -1.697317538330394900, 9.720149061580208600, 9.456431125920676800 ) ) ;
#5115 = CARTESIAN_POINT ( 'NONE',  ( -1.293181556078807400, 8.865856446550944600, 9.541168541751858400 ) ) ;
#5117 = CARTESIAN_POINT ( 'NONE',  ( -1.705629739309445100, 9.776313625399572200, 9.454438907333878800 ) ) ;
#5116 = APPLICATION_CONTEXT ( 'automotive_design' ) ;
#5119 = CARTESIAN_POINT ( 'NONE',  ( -1.709106410486988900, 9.804649718104141000, 9.453601917038229300 ) ) ;
#5118 = PRODUCT_CONTEXT ( 'NONE', #5024, 'mechanical' ) ;
#5120 = CARTESIAN_POINT ( 'NONE',  ( -1.637639483952559400, 9.473375988133762200, 9.470440443165241400 ) ) ;
#5121 = CARTESIAN_POINT ( 'NONE',  ( -1.714614581817566900, 9.861083073134491200, 9.452273333631279000 ) ) ;
#5122 = CARTESIAN_POINT ( 'NONE',  ( -1.716664905188907600, 9.889289838225838700, 9.451777233185236300 ) ) ;
#5123 = CARTESIAN_POINT ( 'NONE',  ( -1.719371435841475600, 9.945621509473207700, 9.451121964616310900 ) ) ;
#5124 = CARTESIAN_POINT ( 'NONE',  ( -1.720029378159314800, 9.973756923668840800, 9.450962364515316200 ) ) ;
#5125 = CARTESIAN_POINT ( 'NONE',  ( -0.3086601488821507600, 8.307861974880287500, 9.650623895451964500 ) ) ;
#5126 = CARTESIAN_POINT ( 'NONE',  ( -1.283788626493387800, 8.855234816158825200, 9.542858240081926600 ) ) ;
#5127 = CARTESIAN_POINT ( 'NONE',  ( -1.599461749562718600, 9.366810944255412600, 9.479130667593374000 ) ) ;
#5128 = CARTESIAN_POINT ( 'NONE',  ( -0.7866732140715031500, 8.470182315255641500, 9.614454845199613700 ) ) ;
#5129 = CARTESIAN_POINT ( 'NONE',  ( -1.609694227273290400, 9.393299606353609800, 9.476821387106195300 ) ) ;
#5131 = CARTESIAN_POINT ( 'NONE',  ( -1.675266305269804500, 9.609259365189757300, 9.461669259824271100 ) ) ;
#5130 =( REPRESENTATION_RELATIONSHIP ('NONE','NONE', #6586, #6588 ) REPRESENTATION_RELATIONSHIP_WITH_TRANSFORMATION ( #2727 )SHAPE_REPRESENTATION_RELATIONSHIP( ) );
#5132 = CARTESIAN_POINT ( 'NONE',  ( -1.175818741555114200, 8.744359300597127000, 9.561397024728734100 ) ) ;
#5134 = CARTESIAN_POINT ( 'NONE',  ( -0.2666598488776642500, 8.300737356285980100, 9.652291231938644200 ) ) ;
#5133 = APPLICATION_PROTOCOL_DEFINITION ( 'draft international standard', 'automotive_design', 1998, #5020 ) ;
#5135 = CARTESIAN_POINT ( 'NONE',  ( -0.6072631758198856500, 8.389789445225487100, 9.631905354443466300 ) ) ;
#5136 = CARTESIAN_POINT ( 'NONE',  ( -0.1966241526256553000, 8.291043095208944900, 9.654570361236242300 ) ) ;
#5137 = CARTESIAN_POINT ( 'NONE',  ( -0.5544919878005697400, 8.370860868598564200, 9.636156925943621900 ) ) ;
#5138 = CARTESIAN_POINT ( 'NONE',  ( -0.8612742927829113400, 8.510904062785067800, 9.605933416278777100 ) ) ;
#5139 = CARTESIAN_POINT ( 'NONE',  ( -0.3644565717875209400, 8.318816762090751400, 9.648071823154893400 ) ) ;
#5140 = CARTESIAN_POINT ( 'NONE',  ( -0.7106437654096771100, 8.433418802695017600, 9.622338713268890200 ) ) ;
#5141 = CARTESIAN_POINT ( 'NONE',  ( -0.3226671251608029800, 8.310476873751149200, 9.650013550084011600 ) ) ;
#5142 = CARTESIAN_POINT ( 'NONE',  ( -0.4467714508706128700, 8.338798311476054400, 9.643459717291174000 ) ) ;
#5143 = CARTESIAN_POINT ( 'NONE',  ( -0.9334669138802652600, 8.555068220871342900, 9.596943597068694500 ) ) ;
#5144 = CARTESIAN_POINT ( 'NONE',  ( -0.9801311712255321700, 8.586305820966337900, 9.590745048714081700 ) ) ;
#5145 = CARTESIAN_POINT ( 'NONE',  ( -1.003025406385724900, 8.602458294883122700, 9.587589122016874300 ) ) ;
#5146 = CARTESIAN_POINT ( 'NONE',  ( -1.069978124471455500, 8.653030091956415100, 9.577940996751889800 ) ) ;
#5147 = CARTESIAN_POINT ( 'NONE',  ( -1.113175894395311400, 8.688504461605376200, 9.571381509125208400 ) ) ;
#5148 = CARTESIAN_POINT ( 'NONE',  ( -1.134344429541220200, 8.706769160287935300, 9.568068112641771700 ) ) ;
#5149 = CARTESIAN_POINT ( 'NONE',  ( -1.047948889536981100, 8.635820423476678400, 9.581187104532251200 ) ) ;
#5150 = CARTESIAN_POINT ( 'NONE',  ( -1.196124531850764500, 8.763684723257986400, 9.558039316163990100 ) ) ;
#5151 = CARTESIAN_POINT ( 'NONE',  ( -0.7614887064778124200, 8.457493552156572400, 9.617156937546351300 ) ) ;
#5152 = CARTESIAN_POINT ( 'NONE',  ( -0.2806665695411218500, 8.302994472693454100, 9.651762213345843800 ) ) ;
#5153 = CARTESIAN_POINT ( 'NONE',  ( -0.2246576343019202300, 8.294500369376846600, 9.653755404955255400 ) ) ;
#5154 = CARTESIAN_POINT ( 'NONE',  ( 0.02782163424619709200, 8.279995837550803400, 9.657183463008744100 ) ) ;
#5155 = CARTESIAN_POINT ( 'NONE',  ( -0.6849790281394661000, 8.422029733088559000, 9.624819032239532400 ) ) ;
#5156 = CARTESIAN_POINT ( 'NONE',  ( -1.255294494989544200, 8.823805104692725700, 9.547925139850420400 ) ) ;
#5157 = CARTESIAN_POINT ( 'NONE',  ( -1.311645606038742500, 8.887262280329652600, 9.537810922435930600 ) ) ;
#5158 = CARTESIAN_POINT ( 'NONE',  ( -1.320733145196324500, 8.898063038878126100, 9.536140203652886200 ) ) ;
#5159 = CARTESIAN_POINT ( 'NONE',  ( -1.235864829893531700, 8.803410070129436000, 9.551302965178075900 ) ) ;
#5160 = CARTESIAN_POINT ( 'NONE',  ( -1.529442547381535600, 9.212605067697413800, 9.494514052501886100 ) ) ;
#5161 = CARTESIAN_POINT ( 'NONE',  ( -1.542095430970114500, 9.237678033257932200, 9.491785566666568000 ) ) ;
#5162 = CARTESIAN_POINT ( 'NONE',  ( -1.577696083934256400, 9.314375914678416600, 9.483987790028745500 ) ) ;
#5163 = CARTESIAN_POINT ( 'NONE',  ( -1.502598307555285800, 10.83749197419358600, 9.500221510854892400 ) ) ;
#5164 = CARTESIAN_POINT ( 'NONE',  ( -1.346033830970980700, 11.07115540740701400, 9.531443966794137500 ) ) ;
#5165 = CARTESIAN_POINT ( 'NONE',  ( -1.609639415530177900, 10.60877035110406500, 9.476860924776405100 ) ) ;
#5166 = CARTESIAN_POINT ( 'NONE',  ( -1.660833359845929100, 10.44814211851525900, 9.465057731670050600 ) ) ;
#5167 = CARTESIAN_POINT ( 'NONE',  ( -1.692107761408317100, 10.30980391444031100, 9.457675614773167500 ) ) ;
#5168 = CARTESIAN_POINT ( 'NONE',  ( -1.708783203423944500, 10.19811787978577300, 9.453679731711918800 ) ) ;
#5169 = CARTESIAN_POINT ( 'NONE',  ( -1.292766196857871000, 11.13590502886716700, 9.541327684010067100 ) ) ;
#5170 = CARTESIAN_POINT ( 'NONE',  ( -1.133435122544555600, 11.29380226011095300, 9.568189241129772400 ) ) ;
#5171 = CARTESIAN_POINT ( 'NONE',  ( -0.7103150062747520800, 11.56672962361225600, 9.622370935829696500 ) ) ;
#5172 = CARTESIAN_POINT ( 'NONE',  ( -1.541901825138098500, 10.76270998907541300, 9.491827400674129200 ) ) ;
#5173 = CARTESIAN_POINT ( 'NONE',  ( -0.5255803686268880600, 11.63797412526509900, 9.638164922330933100 ) ) ;
#5174 = CARTESIAN_POINT ( 'NONE',  ( -0.8601918743083305500, 11.49050466903497800, 9.606191976107403700 ) ) ;
#5175 = CARTESIAN_POINT ( 'NONE',  ( -0.9081611391203283600, 11.46177239990854300, 9.600291189264275700 ) ) ;
#5176 = CARTESIAN_POINT ( 'NONE',  ( -0.6057799947407411800, 11.60985471317044400, 9.631855209413769700 ) ) ;
#5177 = CARTESIAN_POINT ( 'NONE',  ( -0.2800298260951499300, 11.69728368749953000, 9.651826627968045400 ) ) ;
#5178 = CARTESIAN_POINT ( 'NONE',  ( -1.255183933908323900, 11.17730727798326600, 9.548030738567563300 ) ) ;
#5179 = CARTESIAN_POINT ( 'NONE',  ( -1.412911086523094700, 10.98126158396081700, 9.518538591681208400 ) ) ;
#5180 = CARTESIAN_POINT ( 'NONE',  ( -0.4716453694375180000, 11.65431092122493700, 9.641880563564470200 ) ) ;
#5181 = CARTESIAN_POINT ( 'NONE',  ( -0.2244725462705085000, 11.70552064955504400, 9.653760370928196700 ) ) ;
#5182 = CARTESIAN_POINT ( 'NONE',  ( -0.1965585395560466600, 11.70896437447714100, 9.654572111456346300 ) ) ;
#5183 = CARTESIAN_POINT ( 'NONE',  ( -1.674506660887132400, 10.39322828245327600, 9.461845634389927500 ) ) ;
#5184 = CARTESIAN_POINT ( 'NONE',  ( -1.195699657977445700, 11.23672513004624900, 9.558110042184557300 ) ) ;
#5185 = CARTESIAN_POINT ( 'NONE',  ( -1.683736821191554200, 10.35161458209717000, 9.459663547251953000 ) ) ;
#5186 = CARTESIAN_POINT ( 'NONE',  ( -1.565966338843971100, 10.71199522733453700, 9.486578630763116100 ) ) ;
#5187 = CARTESIAN_POINT ( 'NONE',  ( -1.444257250037008800, 10.93451217527025500, 9.512270423433571800 ) ) ;
#5188 = CARTESIAN_POINT ( 'NONE',  ( -1.628626399688184000, 10.55600174537945400, 9.472525182697234300 ) ) ;
#5189 = CARTESIAN_POINT ( 'NONE',  ( -1.529231135597672700, 10.78781114449868300, 9.494559565890309500 ) ) ;
#5190 = CARTESIAN_POINT ( 'NONE',  ( -1.459398183522126600, 10.91069265552399300, 9.509189701284277900 ) ) ;
#5191 = CARTESIAN_POINT ( 'NONE',  ( -1.363272879047623400, 11.04912899866122300, 9.528177551496895600 ) ) ;
#5192 = CARTESIAN_POINT ( 'NONE',  ( -0.9780196270784998800, 11.41515411345726400, 9.591032004856103300 ) ) ;
#5193 = CARTESIAN_POINT ( 'NONE',  ( -0.6454066031714884600, 11.59438098437114900, 9.628426251773492000 ) ) ;
#5194 = CARTESIAN_POINT ( 'NONE',  ( -0.4445415931979824800, 11.66179755824872200, 9.643596517710600200 ) ) ;
#5195 = CARTESIAN_POINT ( 'NONE',  ( -1.068347410028602300, 11.34827020380255800, 9.578184253610468000 ) ) ;
#5196 = CARTESIAN_POINT ( 'NONE',  ( -1.488627580837524200, 10.86208598059267900, 9.503153074142398200 ) ) ;
#5197 = CARTESIAN_POINT ( 'NONE',  ( -1.719938219388455400, 10.05807280584195200, 9.450984490359477500 ) ) ;
#5198 = CARTESIAN_POINT ( 'NONE',  ( -1.046122427157200500, 11.36558320212224700, 9.581453330856263100 ) ) ;
#5199 = CARTESIAN_POINT ( 'NONE',  ( -1.705311794462273100, 10.22607264928105100, 9.454515305001116600 ) ) ;
#5200 = CARTESIAN_POINT ( 'NONE',  ( -1.577360467935485800, 10.68638099792139300, 9.484061933029986200 ) ) ;
#5201 = CARTESIAN_POINT ( 'NONE',  ( -1.175336895370975700, 11.25609534995064500, 9.561476307953132200 ) ) ;
#5202 = CARTESIAN_POINT ( 'NONE',  ( -0.6845591166591151700, 11.57815571310596100, 9.624859424659144100 ) ) ;
#5203 = CARTESIAN_POINT ( 'NONE',  ( -1.101161675070218000, 11.32137941687422100, 9.573207829746103000 ) ) ;
#5204 = CARTESIAN_POINT ( 'NONE',  ( -0.7610989726946317800, 11.54269812156747000, 9.617197920981896100 ) ) ;
#5205 = CARTESIAN_POINT ( 'NONE',  ( -0.6322579710350079200, 11.59964088509695700, 9.629588407264144200 ) ) ;
#5206 = CARTESIAN_POINT ( 'NONE',  ( -0.5924508486667002800, 11.61480764411315500, 9.632959654261391300 ) ) ;
#5207 = CARTESIAN_POINT ( 'NONE',  ( -0.3900640019158341800, 11.67542186825063800, 9.646735848899266900 ) ) ;
#5208 = CARTESIAN_POINT ( 'NONE',  ( -0.7861354415797823200, 11.53008966909052000, 9.614512702162366900 ) ) ;
#5209 = CARTESIAN_POINT ( 'NONE',  ( -1.000955985957561400, 11.39902707250232400, 9.587877560400546200 ) ) ;
#5210 = CARTESIAN_POINT ( 'NONE',  ( -0.3626901831632255400, 11.68155952085177800, 9.648159232577223000 ) ) ;
#5211 = CARTESIAN_POINT ( 'NONE',  ( -0.3076730951729800800, 11.69249043062468700, 9.650704618865702900 ) ) ;
#5212 = CARTESIAN_POINT ( 'NONE',  ( -1.653261004703456200, 10.47531018195604900, 9.466824712653632900 ) ) ;
#5213 = CARTESIAN_POINT ( 'NONE',  ( -1.144015525962088600, 11.28445608068437700, 9.566511598571183900 ) ) ;
#5214 = CARTESIAN_POINT ( 'NONE',  ( -1.671209446962950200, 10.40701270798866700, 9.462622203246017000 ) ) ;
#5215 = CARTESIAN_POINT ( 'NONE',  ( -1.396711482690123900, 11.00418206471009900, 9.521724878510465100 ) ) ;
#5216 = CARTESIAN_POINT ( 'NONE',  ( -1.696973063786249200, 10.28192119254464400, 9.456513477045176000 ) ) ;
#5217 = CARTESIAN_POINT ( 'NONE',  ( -1.680767511582320400, 10.36554390177558500, 9.460366980279298200 ) ) ;
#5218 = CARTESIAN_POINT ( 'NONE',  ( -1.112017589384615800, 11.31225647262895300, 9.571535960515088700 ) ) ;
#5219 = CARTESIAN_POINT ( 'NONE',  ( -0.5524111829708502300, 11.62912363827806500, 9.636165162705635700 ) ) ;
#5220 = CARTESIAN_POINT ( 'NONE',  ( -1.717128618486753800, 10.11416310093234600, 9.451667209235155900 ) ) ;
#5221 = CARTESIAN_POINT ( 'NONE',  ( -0.05562624957548366300, 11.71933487568509400, 9.657024588869727900 ) ) ;
#5222 = CARTESIAN_POINT ( 'NONE',  ( 0.2263036259536733700, 11.70597384561503400, 9.653866085859697000 ) ) ;
#5223 = CARTESIAN_POINT ( 'NONE',  ( 0.7631740128665535100, 11.54243324149628200, 9.617104113728007800 ) ) ;
#5224 = CARTESIAN_POINT ( 'NONE',  ( 1.048684012434864600, 11.36362205192952100, 9.581080877656004800 ) ) ;
#5225 = CARTESIAN_POINT ( 'NONE',  ( 0.02969332183261799400, 11.71997702687407300, 9.657177018102590400 ) ) ;
#5226 = CARTESIAN_POINT ( 'NONE',  ( 0.3644952665684206300, 11.68117003465989600, 9.648068813394576900 ) ) ;
#5227 = CARTESIAN_POINT ( 'NONE',  ( 0.3919483872575887400, 11.67498409158816700, 9.646634536241395000 ) ) ;
#5228 = CARTESIAN_POINT ( 'NONE',  ( 1.114395941414034100, 11.31046313221631800, 9.571192825076950700 ) ) ;
#5229 = CARTESIAN_POINT ( 'NONE',  ( 1.567391134470375000, 10.71050877549611400, 9.486288196959575800 ) ) ;
#5230 = CARTESIAN_POINT ( 'NONE',  ( 1.610298173808762500, 10.60702325828843400, 9.476711649066112700 ) ) ;
#5231 = CARTESIAN_POINT ( 'NONE',  ( 1.629275224614055400, 10.55411620677034200, 9.472376583559029200 ) ) ;
#5232 = CARTESIAN_POINT ( 'NONE',  ( 0.1143294284905745900, 11.71642787176113200, 9.656335789696664000 ) ) ;
#5233 = CARTESIAN_POINT ( 'NONE',  ( 0.6346929816839594900, 11.59886106721878600, 9.629409861028783300 ) ) ;
#5234 = CARTESIAN_POINT ( 'NONE',  ( 1.649817825320540700, 10.48652204977639000, 9.467621042720720600 ) ) ;
#5235 = CARTESIAN_POINT ( 'NONE',  ( 1.653767691497368500, 10.47291989032136300, 9.466702950682055500 ) ) ;
#5236 = CARTESIAN_POINT ( 'NONE',  ( 0.1424003703129806100, 11.71432550103493300, 9.655837970628439800 ) ) ;
#5237 = CARTESIAN_POINT ( 'NONE',  ( 1.661341821535421000, 10.44558373874033400, 9.464936427240372700 ) ) ;
#5238 = CARTESIAN_POINT ( 'NONE',  ( 1.503840348609642100, 10.83525413926918400, 9.499959517968266100 ) ) ;
#5239 = CARTESIAN_POINT ( 'NONE',  ( 1.664972659244587300, 10.43181986422391300, 9.464086446646179600 ) ) ;
#5240 = CARTESIAN_POINT ( 'NONE',  ( 1.675333252645088600, 10.39046809201425600, 9.461653516335914600 ) ) ;
#5241 = CARTESIAN_POINT ( 'NONE',  ( -0.02706766568887463600, 11.72002197108069400, 9.657187680340602000 ) ) ;
#5242 = CARTESIAN_POINT ( 'NONE',  ( 0.05797871809714554000, 11.71925399689602200, 9.657005404553647300 ) ) ;
#5243 = CARTESIAN_POINT ( 'NONE',  ( 1.681525590728531100, 10.36286118044266000, 9.460189049611875200 ) ) ;
#5244 = CARTESIAN_POINT ( 'NONE',  ( 1.705565312887251700, 10.22413651353220800, 9.454454363681742600 ) ) ;
#5245 = CARTESIAN_POINT ( 'NONE',  ( 1.708995882337114100, 10.19626686751085000, 9.453628514888315200 ) ) ;
#5246 = CARTESIAN_POINT ( 'NONE',  ( 0.5551047768610772900, 11.62802328865325800, 9.635922183870496500 ) ) ;
#5247 = CARTESIAN_POINT ( 'NONE',  ( 1.490011467760239400, 10.85968459136189600, 9.502863884666075100 ) ) ;
#5248 = CARTESIAN_POINT ( 'NONE',  ( 1.692525458914132500, 10.30749657061661000, 9.457576005347800000 ) ) ;
#5249 = CARTESIAN_POINT ( 'NONE',  ( 1.003188369092704600, 11.39743204567964500, 9.587567334775950900 ) ) ;
#5250 = CARTESIAN_POINT ( 'NONE',  ( 1.697330073133138000, 10.27975136268743700, 9.456428106561992000 ) ) ;
#5251 = CARTESIAN_POINT ( 'NONE',  ( 1.717236485153448500, 10.11247202947192700, 9.451641044728930300 ) ) ;
#5252 = CARTESIAN_POINT ( 'NONE',  ( -0.1122559290537900000, 11.71656610864182500, 9.656368523626012400 ) ) ;
#5253 = CARTESIAN_POINT ( 'NONE',  ( 0.5146022844117184000, 11.64127587428695100, 9.638916304711010200 ) ) ;
#5254 = CARTESIAN_POINT ( 'NONE',  ( 0.8615494306836595200, 11.48893205978546000, 9.605899821536688400 ) ) ;
#5255 = CARTESIAN_POINT ( 'NONE',  ( 0.4466467108238638100, 11.66123506510309600, 9.643467379954939700 ) ) ;
#5256 = CARTESIAN_POINT ( 'NONE',  ( 1.070928635435635800, 11.34621834922212200, 9.577799919482551200 ) ) ;
#5257 = CARTESIAN_POINT ( 'NONE',  ( 0.8371944970300131400, 11.50276043428468300, 9.608769805347471000 ) ) ;
#5258 = CARTESIAN_POINT ( 'NONE',  ( 0.6083992575093480900, 11.60905188010931300, 9.631672192119884500 ) ) ;
#5259 = CARTESIAN_POINT ( 'NONE',  ( 0.9333363924907340800, 11.44501751436177100, 9.596960706864553700 ) ) ;
#5260 = CARTESIAN_POINT ( 'NONE',  ( 0.5684963601082159100, 11.62339533359131500, 9.634881969416111900 ) ) ;
#5261 = CARTESIAN_POINT ( 'NONE',  ( 0.7125429063833046400, 11.56647328087109500, 9.622293927348208000 ) ) ;
#5262 = CARTESIAN_POINT ( 'NONE',  ( 1.135625553274478800, 11.29210641785079800, 9.567865688013805300 ) ) ;
#5263 = CARTESIAN_POINT ( 'NONE',  ( 1.177091649291234700, 11.25444794853461300, 9.561188405162889500 ) ) ;
#5264 = CARTESIAN_POINT ( 'NONE',  ( -0.1404565765706764200, 11.71448721879858800, 9.655876216356830400 ) ) ;
#5265 = CARTESIAN_POINT ( 'NONE',  ( 1.197328262977026800, 11.23514601511872600, 9.557838204631570600 ) ) ;
#5266 = CARTESIAN_POINT ( 'NONE',  ( 1.294086425960487000, 11.13440736693040000, 9.541089474084680300 ) ) ;
#5267 = CARTESIAN_POINT ( 'NONE',  ( 1.347406529686174600, 11.06943012529528600, 9.531185688471557800 ) ) ;
#5268 = CARTESIAN_POINT ( 'NONE',  ( 1.256561637554517200, 11.17583000865058900, 9.547788550701964600 ) ) ;
#5269 = CARTESIAN_POINT ( 'NONE',  ( 1.364687887348989200, 11.04729146600037700, 9.527907877266340400 ) ) ;
#5270 = CARTESIAN_POINT ( 'NONE',  ( 0.9801231181074435700, 11.41370120235405800, 9.590746345504518500 ) ) ;
#5271 = CARTESIAN_POINT ( 'NONE',  ( 0.5281629669322111000, 11.63696231548912200, 9.637939062982111300 ) ) ;
#5272 = CARTESIAN_POINT ( 'NONE',  ( 0.4738897813263223100, 11.65367225105859300, 9.641734546560757100 ) ) ;
#5273 = CARTESIAN_POINT ( 'NONE',  ( 0.2818270106355193500, 11.69768442599660400, 9.651913569662838200 ) ) ;
#5274 = CARTESIAN_POINT ( 'NONE',  ( 0.9096203658842488800, 11.46006057359387300, 9.599995284365682800 ) ) ;
#5275 = CARTESIAN_POINT ( 'NONE',  ( 1.398239187453057300, 11.00205818189433800, 9.521426383789785700 ) ) ;
#5276 = CARTESIAN_POINT ( 'NONE',  ( 1.414532589564645900, 10.97892847128205900, 9.518217990504242100 ) ) ;
#5277 = CARTESIAN_POINT ( 'NONE',  ( 1.446014359491685900, 10.93179682353258500, 9.511915005221167600 ) ) ;
#5278 = CARTESIAN_POINT ( 'NONE',  ( 1.461093750658879300, 10.90796299507026000, 9.508842562545147800 ) ) ;
#5279 = CARTESIAN_POINT ( 'NONE',  ( 1.543461119883747100, 10.76109780810809400, 9.491529984266577500 ) ) ;
#5280 = CARTESIAN_POINT ( 'NONE',  ( 0.0000000000000000000, -4.249999999999999100, 0.0000000000000000000 ) ) ;
#5281 = DIRECTION ( 'NONE',  ( 0.0000000000000000000, 1.000000000000000000, 0.0000000000000000000 ) ) ;
#5282 = DIRECTION ( 'NONE',  ( 0.0000000000000000000, 0.0000000000000000000, 1.000000000000000000 ) ) ;
#5283 = DIRECTION ( 'NONE',  ( 0.0000000000000000000, 0.0000000000000000000, 1.000000000000000000 ) ) ;
#5284 = CARTESIAN_POINT ( 'NONE',  ( 1.719998464444343600, 10.05634484646275900, 9.450969890314906900 ) ) ;
#5285 = CARTESIAN_POINT ( 'NONE',  ( 1.294095225512592800, -4.500000000000000000, 4.829629131445345900 ) ) ;
#5286 = DIRECTION ( 'NONE',  ( 0.0000000000000000000, -1.000000000000000000, 0.0000000000000000000 ) ) ;
#5287 = PLANE ( 'NONE',  #3995 ) ;
#5288 = DIRECTION ( 'NONE',  ( 0.0000000000000000000, -0.0000000000000000000, 1.000000000000000000 ) ) ;
#5289 = DIRECTION ( 'NONE',  ( 0.0000000000000000000, -0.0000000000000000000, 1.000000000000000000 ) ) ;
#5290 = CARTESIAN_POINT ( 'NONE',  ( -1.294095225512583700, -4.500000000000000000, 4.829629131445349400 ) ) ;
#5291 = DIRECTION ( 'NONE',  ( 0.0000000000000000000, 0.0000000000000000000, 1.000000000000000000 ) ) ;
#5292 = DIRECTION ( 'NONE',  ( 1.000000000000000000, 0.0000000000000000000, 0.0000000000000000000 ) ) ;
#5293 = DIRECTION ( 'NONE',  ( 0.0000000000000000000, 1.000000000000000000, 6.123233995736746300E-017 ) ) ;
#5294 = FILL_AREA_STYLE_COLOUR ( '', #6677 ) ;
#5295 = SURFACE_SIDE_STYLE ('',( #6682 ) ) ;
#5296 = PLANE ( 'NONE',  #3974 ) ;
#5297 = SURFACE_STYLE_USAGE ( .BOTH. , #5295 ) ;
#5298 = PLANE ( 'NONE',  #3977 ) ;
#5299 = DIRECTION ( 'NONE',  ( 0.0000000000000000000, 1.000000000000000000, 0.0000000000000000000 ) ) ;
#5300 = CARTESIAN_POINT ( 'NONE',  ( 0.0000000000000000000, -4.500000000000000000, 0.0000000000000000000 ) ) ;
#5301 = DIRECTION ( 'NONE',  ( -0.0000000000000000000, 1.000000000000000000, -0.0000000000000000000 ) ) ;
#5302 = CARTESIAN_POINT ( 'NONE',  ( 0.0000000000000000000, 4.500000000000000000, 0.0000000000000000000 ) ) ;
#5303 = CARTESIAN_POINT ( 'NONE',  ( 0.0000000000000000000, 5.000000000000000000, 0.0000000000000000000 ) ) ;
#5304 = CARTESIAN_POINT ( 'NONE',  ( 0.0000000000000000000, 15.00000000000000000, 0.0000000000000000000 ) ) ;
#5305 = CARTESIAN_POINT ( 'NONE',  ( 1.720000000000000200, 9.999999999999998200, 9.450969495435460400 ) ) ;
#5306 = DIRECTION ( 'NONE',  ( 0.0000000000000000000, -0.0000000000000000000, -1.000000000000000000 ) ) ;
#5307 = DIRECTION ( 'NONE',  ( 0.0000000000000000000, -1.000000000000000000, 0.0000000000000000000 ) ) ;
#5308 = DIRECTION ( 'NONE',  ( 0.0000000000000000000, 1.000000000000000000, 6.123233995736746300E-017 ) ) ;
#5309 = DIRECTION ( 'NONE',  ( 0.0000000000000000000, -0.0000000000000000000, 1.000000000000000000 ) ) ;
#5310 = PLANE ( 'NONE',  #3975 ) ;
#5311 = FILL_AREA_STYLE ('',( #5294 ) ) ;
#5312 =( LENGTH_UNIT ( ) NAMED_UNIT ( * ) SI_UNIT ( .MILLI., .METRE. ) );
#5313 = DIRECTION ( 'NONE',  ( 0.0000000000000000000, 1.000000000000000000, 0.0000000000000000000 ) ) ;
#5314 = DIRECTION ( 'NONE',  ( 0.0000000000000000000, 1.000000000000000000, 0.0000000000000000000 ) ) ;
#5315 =( NAMED_UNIT ( * ) PLANE_ANGLE_UNIT ( ) SI_UNIT ( $, .RADIAN. ) );
#5316 = DIRECTION ( 'NONE',  ( 0.0000000000000000000, -0.0000000000000000000, 1.000000000000000000 ) ) ;
#5317 =( NAMED_UNIT ( * ) SI_UNIT ( $, .STERADIAN. ) SOLID_ANGLE_UNIT ( ) );
#5318 = DIRECTION ( 'NONE',  ( -0.0000000000000000000, -0.0000000000000000000, 1.000000000000000000 ) ) ;
#5319 = CARTESIAN_POINT ( 'NONE',  ( 0.0000000000000000000, -4.500000000000000000, -5.510910596163088600E-016 ) ) ;
#5320 = CARTESIAN_POINT ( 'NONE',  ( 2.588190451025183900, -4.500000000000000000, 9.659258262890691800 ) ) ;
#5321 = CARTESIAN_POINT ( 'NONE',  ( 0.0000000000000000000, 5.000000000000000900, 0.0000000000000000000 ) ) ;
#5322 = CARTESIAN_POINT ( 'NONE',  ( 0.0000000000000000000, -4.500000000000000000, -5.510910596163088600E-016 ) ) ;
#5323 = PLANE ( 'NONE',  #3991 ) ;
#5324 = PLANE ( 'NONE',  #3985 ) ;
#5325 = DIRECTION ( 'NONE',  ( -0.0000000000000000000, 1.000000000000000000, -0.0000000000000000000 ) ) ;
#5326 = CARTESIAN_POINT ( 'NONE',  ( 0.0000000000000000000, 9.999999999999994700, 0.0000000000000000000 ) ) ;
#5327 = DIRECTION ( 'NONE',  ( 0.0000000000000000000, 0.0000000000000000000, 1.000000000000000000 ) ) ;
#5328 = DIRECTION ( 'NONE',  ( 0.0000000000000000000, -0.0000000000000000000, -1.000000000000000000 ) ) ;
#5329 = DIRECTION ( 'NONE',  ( 0.0000000000000000000, 1.000000000000000000, 0.0000000000000000000 ) ) ;
#5330 = DIRECTION ( 'NONE',  ( 0.0000000000000000000, 0.0000000000000000000, 1.000000000000000000 ) ) ;
#5331 = CARTESIAN_POINT ( 'NONE',  ( 0.0000000000000000000, -4.500000000000000000, 0.0000000000000000000 ) ) ;
#5332 = DIRECTION ( 'NONE',  ( 0.0000000000000000000, 1.000000000000000000, 0.0000000000000000000 ) ) ;
#5333 = CARTESIAN_POINT ( 'NONE',  ( 0.0000000000000000000, 9.999999999999994700, 0.0000000000000000000 ) ) ;
#5334 = CARTESIAN_POINT ( 'NONE',  ( 0.0000000000000000000, 15.00000000000000000, 0.0000000000000000000 ) ) ;
#5335 =( LENGTH_UNIT ( ) NAMED_UNIT ( * ) SI_UNIT ( .MILLI., .METRE. ) );
#5336 = DIRECTION ( 'NONE',  ( 0.0000000000000000000, 0.0000000000000000000, 1.000000000000000000 ) ) ;
#5337 = DIRECTION ( 'NONE',  ( 0.0000000000000000000, 0.0000000000000000000, -1.000000000000000000 ) ) ;
#5338 = CARTESIAN_POINT ( 'NONE',  ( 0.0000000000000000000, -4.500000000000000900, 0.0000000000000000000 ) ) ;
#5339 = CARTESIAN_POINT ( 'NONE',  ( -2.588190451025129200, -4.500000000000000000, -9.659258262890709500 ) ) ;
#5340 = DIRECTION ( 'NONE',  ( 0.0000000000000000000, 0.0000000000000000000, 1.000000000000000000 ) ) ;
#5341 = DIRECTION ( 'NONE',  ( 0.0000000000000000000, 1.000000000000000000, 0.0000000000000000000 ) ) ;
#5342 = DIRECTION ( 'NONE',  ( 0.0000000000000000000, 0.0000000000000000000, 1.000000000000000000 ) ) ;
#5343 = CARTESIAN_POINT ( 'NONE',  ( 0.0000000000000000000, 15.00000000000000000, 0.0000000000000000000 ) ) ;
#5344 = CARTESIAN_POINT ( 'NONE',  ( 0.0000000000000000000, -4.500000000000000000, -5.510910596163088600E-016 ) ) ;
#5345 = DIRECTION ( 'NONE',  ( 0.0000000000000000000, 0.0000000000000000000, 1.000000000000000000 ) ) ;
#5346 = DIRECTION ( 'NONE',  ( 0.0000000000000000000, -1.000000000000000000, 0.0000000000000000000 ) ) ;
#5347 = DIRECTION ( 'NONE',  ( 0.0000000000000000000, 0.0000000000000000000, -1.000000000000000000 ) ) ;
#5348 = DIRECTION ( 'NONE',  ( 0.0000000000000000000, 0.0000000000000000000, -1.000000000000000000 ) ) ;
#5349 = SURFACE_SIDE_STYLE ('',( #6666 ) ) ;
#5350 = DIRECTION ( 'NONE',  ( 1.000000000000000000, 0.0000000000000000000, 0.0000000000000000000 ) ) ;
#5351 = DIRECTION ( 'NONE',  ( 0.0000000000000000000, 0.0000000000000000000, 1.000000000000000000 ) ) ;
#5352 = DIRECTION ( 'NONE',  ( -0.0000000000000000000, -1.000000000000000000, -0.0000000000000000000 ) ) ;
#5353 = DIRECTION ( 'NONE',  ( 0.0000000000000000000, 1.000000000000000000, 0.0000000000000000000 ) ) ;
#5354 = FILL_AREA_STYLE ('',( #5367 ) ) ;
#5355 = CARTESIAN_POINT ( 'NONE',  ( 0.0000000000000000000, 4.250000000000002700, -1.530808498934169000E-017 ) ) ;
#5356 = DIRECTION ( 'NONE',  ( -0.0000000000000000000, 1.000000000000000000, -0.0000000000000000000 ) ) ;
#5357 = DIRECTION ( 'NONE',  ( 0.0000000000000000000, 0.0000000000000000000, 1.000000000000000000 ) ) ;
#5358 = DIRECTION ( 'NONE',  ( -0.0000000000000000000, -1.000000000000000000, -6.123233995736754900E-017 ) ) ;
#5359 = DIRECTION ( 'NONE',  ( 0.0000000000000000000, 1.000000000000000000, 6.123233995736746300E-017 ) ) ;
#5360 = CARTESIAN_POINT ( 'NONE',  ( 0.0000000000000000000, -4.500000000000000900, 0.0000000000000000000 ) ) ;
#5361 = DIRECTION ( 'NONE',  ( -0.0000000000000000000, 1.000000000000000000, 6.123233995736766000E-017 ) ) ;
#5362 = SURFACE_STYLE_USAGE ( .BOTH. , #5349 ) ;
#5363 =( NAMED_UNIT ( * ) PLANE_ANGLE_UNIT ( ) SI_UNIT ( $, .RADIAN. ) );
#5364 =( NAMED_UNIT ( * ) SI_UNIT ( $, .STERADIAN. ) SOLID_ANGLE_UNIT ( ) );
#5365 = CARTESIAN_POINT ( 'NONE',  ( 0.0000000000000000000, -4.500000000000000900, 0.0000000000000000000 ) ) ;
#5366 = CARTESIAN_POINT ( 'NONE',  ( -2.588190451025167400, -4.500000000000000000, 9.659258262890698900 ) ) ;
#5367 = FILL_AREA_STYLE_COLOUR ( '', #6662 ) ;
#5368 = DIRECTION ( 'NONE',  ( 0.0000000000000000000, 0.0000000000000000000, -1.000000000000000000 ) ) ;
#5369 = DIRECTION ( 'NONE',  ( 0.0000000000000000000, 0.0000000000000000000, 1.000000000000000000 ) ) ;
#5370 = DIRECTION ( 'NONE',  ( 0.0000000000000000000, 1.000000000000000000, 0.0000000000000000000 ) ) ;
#5371 = DIRECTION ( 'NONE',  ( -0.0000000000000000000, -0.0000000000000000000, 1.000000000000000000 ) ) ;
#5372 = CARTESIAN_POINT ( 'NONE',  ( 0.0000000000000000000, 15.00000000000000000, 0.0000000000000000000 ) ) ;
#5373 = CARTESIAN_POINT ( 'NONE',  ( 0.0000000000000000000, -4.500000000000000000, -5.510910596163088600E-016 ) ) ;
#5374 = DIRECTION ( 'NONE',  ( -0.0000000000000000000, 1.000000000000000000, -0.0000000000000000000 ) ) ;
#5375 = DIRECTION ( 'NONE',  ( 0.0000000000000000000, 0.0000000000000000000, 1.000000000000000000 ) ) ;
#5376 = DIRECTION ( 'NONE',  ( 0.0000000000000000000, -1.000000000000000000, 0.0000000000000000000 ) ) ;
#5377 = DIRECTION ( 'NONE',  ( 0.0000000000000000000, 0.0000000000000000000, 1.000000000000000000 ) ) ;
#5378 = FILL_AREA_STYLE_COLOUR ( '', #6628 ) ;
#5379 = FILL_AREA_STYLE ('',( #5408 ) ) ;
#5380 = CARTESIAN_POINT ( 'NONE',  ( -2.588190451025179900, -4.500000000000000000, 9.659258262890691800 ) ) ;
#5381 = DIRECTION ( 'NONE',  ( 0.0000000000000000000, 0.0000000000000000000, 1.000000000000000000 ) ) ;
#5382 = DIRECTION ( 'NONE',  ( 0.0000000000000000000, 0.0000000000000000000, 1.000000000000000000 ) ) ;
#5383 =( NAMED_UNIT ( * ) PLANE_ANGLE_UNIT ( ) SI_UNIT ( $, .RADIAN. ) );
#5384 = CARTESIAN_POINT ( 'NONE',  ( 0.0000000000000000000, 15.00000000000000000, 0.0000000000000000000 ) ) ;
#5385 = DIRECTION ( 'NONE',  ( -1.000000000000000000, -0.0000000000000000000, -0.0000000000000000000 ) ) ;
#5386 = DIRECTION ( 'NONE',  ( 0.0000000000000000000, 0.0000000000000000000, -1.000000000000000000 ) ) ;
#5387 = DIRECTION ( 'NONE',  ( -0.0000000000000000000, 1.000000000000000000, -0.0000000000000000000 ) ) ;
#5388 = CARTESIAN_POINT ( 'NONE',  ( 2.588190451025185600, -4.500000000000000000, 9.659258262890691800 ) ) ;
#5389 = DIRECTION ( 'NONE',  ( -0.0000000000000000000, 1.000000000000000000, -0.0000000000000000000 ) ) ;
#5390 = CARTESIAN_POINT ( 'NONE',  ( 0.0000000000000000000, 9.999999999999994700, 0.0000000000000000000 ) ) ;
#5391 = DIRECTION ( 'NONE',  ( 0.0000000000000000000, -1.000000000000000000, 0.0000000000000000000 ) ) ;
#5392 = DIRECTION ( 'NONE',  ( 0.0000000000000000000, 0.0000000000000000000, 1.000000000000000000 ) ) ;
#5393 = DIRECTION ( 'NONE',  ( 0.0000000000000000000, 0.0000000000000000000, -1.000000000000000000 ) ) ;
#5394 = DIRECTION ( 'NONE',  ( -0.0000000000000000000, 1.000000000000000000, -0.0000000000000000000 ) ) ;
#5395 =( NAMED_UNIT ( * ) SI_UNIT ( $, .STERADIAN. ) SOLID_ANGLE_UNIT ( ) );
#5396 = DIRECTION ( 'NONE',  ( 1.000000000000000000, 0.0000000000000000000, 0.0000000000000000000 ) ) ;
#5397 = SURFACE_SIDE_STYLE ('',( #6656 ) ) ;
#5398 = SURFACE_SIDE_STYLE ('',( #6658 ) ) ;
#5399 = SURFACE_STYLE_USAGE ( .BOTH. , #5397 ) ;
#5400 = CARTESIAN_POINT ( 'NONE',  ( 0.0000000000000000000, 9.999999999999998200, 0.0000000000000000000 ) ) ;
#5401 = CARTESIAN_POINT ( 'NONE',  ( 0.0000000000000000000, -4.500000000000000900, 0.0000000000000000000 ) ) ;
#5402 =( LENGTH_UNIT ( ) NAMED_UNIT ( * ) SI_UNIT ( .MILLI., .METRE. ) );
#5403 =( NAMED_UNIT ( * ) SI_UNIT ( $, .STERADIAN. ) SOLID_ANGLE_UNIT ( ) );
#5404 = CARTESIAN_POINT ( 'NONE',  ( -4.949747468305841600, 4.999999999999999100, -4.949747468305822000 ) ) ;
#5405 =( LENGTH_UNIT ( ) NAMED_UNIT ( * ) SI_UNIT ( .MILLI., .METRE. ) );
#5406 = DIRECTION ( 'NONE',  ( 0.0000000000000000000, 0.0000000000000000000, -1.000000000000000000 ) ) ;
#5407 = DIRECTION ( 'NONE',  ( 0.0000000000000000000, 0.0000000000000000000, 1.000000000000000000 ) ) ;
#5408 = FILL_AREA_STYLE_COLOUR ( '', #6670 ) ;
#5409 = DIRECTION ( 'NONE',  ( -0.0000000000000000000, 1.000000000000000000, -0.0000000000000000000 ) ) ;
#5410 = CARTESIAN_POINT ( 'NONE',  ( 0.0000000000000000000, 5.000000000000000900, 0.0000000000000000000 ) ) ;
#5411 = DIRECTION ( 'NONE',  ( -0.0000000000000000000, -1.000000000000000000, -0.0000000000000000000 ) ) ;
#5412 = DIRECTION ( 'NONE',  ( -0.0000000000000000000, 1.000000000000000000, -0.0000000000000000000 ) ) ;
#5413 = DIRECTION ( 'NONE',  ( 0.0000000000000000000, 1.000000000000000000, 0.0000000000000000000 ) ) ;
#5414 = CARTESIAN_POINT ( 'NONE',  ( 0.0000000000000000000, -4.249999999999999100, 0.0000000000000000000 ) ) ;
#5415 = SURFACE_STYLE_USAGE ( .BOTH. , #5398 ) ;
#5416 = DIRECTION ( 'NONE',  ( 0.0000000000000000000, 0.0000000000000000000, 1.000000000000000000 ) ) ;
#5417 = DIRECTION ( 'NONE',  ( 0.0000000000000000000, 0.0000000000000000000, 1.000000000000000000 ) ) ;
#5418 = CARTESIAN_POINT ( 'NONE',  ( 0.0000000000000000000, 4.500000000000000900, 0.0000000000000000000 ) ) ;
#5419 = FILL_AREA_STYLE ('',( #5378 ) ) ;
#5420 = DIRECTION ( 'NONE',  ( 0.0000000000000000000, 0.0000000000000000000, -1.000000000000000000 ) ) ;
#5421 = CARTESIAN_POINT ( 'NONE',  ( 0.0000000000000000000, -4.500000000000000000, 0.0000000000000000000 ) ) ;
#5422 = DIRECTION ( 'NONE',  ( -0.0000000000000000000, -1.000000000000000000, -6.123233995736766000E-017 ) ) ;
#5423 =( NAMED_UNIT ( * ) PLANE_ANGLE_UNIT ( ) SI_UNIT ( $, .RADIAN. ) );
#5424 = CARTESIAN_POINT ( 'NONE',  ( 9.590058970950753500, 11.06925399596036600, -1.347329211013024400 ) ) ;
#5425 = CARTESIAN_POINT ( 'NONE',  ( 9.621915121333472600, 11.25573773110506400, -1.176713736583984600 ) ) ;
#5426 =( LENGTH_UNIT ( ) NAMED_UNIT ( * ) SI_UNIT ( .MILLI., .METRE. ) );
#5427 = CARTESIAN_POINT ( 'NONE',  ( 9.628976820207165900, 11.29327754089101200, -1.135324544179830500 ) ) ;
#5428 = FILL_AREA_STYLE ('',( #5459 ) ) ;
#5429 = CARTESIAN_POINT ( 'NONE',  ( 0.0000000000000000000, -4.500000000000000000, -5.510910596163088600E-016 ) ) ;
#5430 = CARTESIAN_POINT ( 'NONE',  ( -4.949747468305860200, -4.999999999999999100, 4.949747468305805100 ) ) ;
#5431 = DIRECTION ( 'NONE',  ( -0.0000000000000000000, 1.000000000000000000, 6.123233995736766000E-017 ) ) ;
#5432 = CARTESIAN_POINT ( 'NONE',  ( 9.525867105913075500, 10.52672189663500500, -1.637610903990000600 ) ) ;
#5433 = CARTESIAN_POINT ( 'NONE',  ( 9.548376561840374400, 10.76191521039450500, -1.542294191543544400 ) ) ;
#5434 = CARTESIAN_POINT ( 'NONE',  ( 9.597099703117576700, 11.11312284374897700, -1.311547439627860400 ) ) ;
#5435 = DIRECTION ( 'NONE',  ( 1.000000000000000000, 0.0000000000000000000, 0.0000000000000000000 ) ) ;
#5436 = CARTESIAN_POINT ( 'NONE',  ( 9.586576260850074900, 11.04696884483443300, -1.364718149948498200 ) ) ;
#5437 = CARTESIAN_POINT ( 'NONE',  ( 9.528033858345722300, 10.55368403327525000, -1.628693171281447200 ) ) ;
#5438 = SURFACE_STYLE_USAGE ( .BOTH. , #5447 ) ;
#5439 = CARTESIAN_POINT ( 'NONE',  ( 9.551249839776495800, 10.78691245047243400, -1.529689829296933000 ) ) ;
#5440 = CARTESIAN_POINT ( 'NONE',  ( 9.607730003989273000, 11.17607671640486600, -1.255401492518540800 ) ) ;
#5441 = CARTESIAN_POINT ( 'NONE',  ( 9.639379974841057600, 11.34654788382108000, -1.070509562991357000 ) ) ;
#5442 = CARTESIAN_POINT ( 'NONE',  ( 9.642816202716174300, 11.36379724199577400, -1.048448612084864800 ) ) ;
#5443 = CARTESIAN_POINT ( 'NONE',  ( 9.659531316686075900, 11.44490006786688800, -0.9335216283417059300 ) ) ;
#5444 = CARTESIAN_POINT ( 'NONE',  ( 9.662776236215172800, 11.46012871936663100, -0.9095195285400345900 ) ) ;
#5445 = CARTESIAN_POINT ( 'NONE',  ( 9.669063726652613200, 11.48922912080430200, -0.8610420576868316200 ) ) ;
#5446 = CARTESIAN_POINT ( 'NONE',  ( 0.0000000000000000000, 9.999999999999998200, 0.0000000000000000000 ) ) ;
#5447 = SURFACE_SIDE_STYLE ('',( #4354 ) ) ;
#5448 =( NAMED_UNIT ( * ) PLANE_ANGLE_UNIT ( ) SI_UNIT ( $, .RADIAN. ) );
#5449 = CARTESIAN_POINT ( 'NONE',  ( 9.506002152929109900, 10.11345454150195700, -1.717176236566793100 ) ) ;
#5450 = CARTESIAN_POINT ( 'NONE',  ( 9.510930472809718600, 10.28096466906864800, -1.697824650837085800 ) ) ;
#5451 = CARTESIAN_POINT ( 'NONE',  ( 9.532646651771347700, 10.60716538483846000, -1.609520630873228200 ) ) ;
#5452 = DIRECTION ( 'NONE',  ( 0.0000000000000000000, 1.000000000000000000, 6.123233995736746300E-017 ) ) ;
#5453 = CARTESIAN_POINT ( 'NONE',  ( 9.579708860264164000, 11.00178978249346300, -1.398431189246380100 ) ) ;
#5454 = DIRECTION ( 'NONE',  ( 0.0000000000000000000, 0.0000000000000000000, 1.000000000000000000 ) ) ;
#5455 = DIRECTION ( 'NONE',  ( 0.0000000000000000000, 0.0000000000000000000, 1.000000000000000000 ) ) ;
#5456 = CARTESIAN_POINT ( 'NONE',  ( 9.505276770374994300, 10.05698835421615400, -1.719999993526891900 ) ) ;
#5457 = CARTESIAN_POINT ( 'NONE',  ( 9.576341174843760100, 10.97880682001028200, -1.414610958820477400 ) ) ;
#5458 = CARTESIAN_POINT ( 'NONE',  ( 9.584847357933124800, 11.03573318567523700, -1.373264599061436300 ) ) ;
#5459 = FILL_AREA_STYLE_COLOUR ( '', #4353 ) ;
#5460 = DIRECTION ( 'NONE',  ( -0.0000000000000000000, -0.0000000000000000000, 1.000000000000000000 ) ) ;
#5461 = DIRECTION ( 'NONE',  ( 0.0000000000000000000, 0.0000000000000000000, 1.000000000000000000 ) ) ;
#5462 = CARTESIAN_POINT ( 'NONE',  ( 9.591816182919640000, 11.08032437988912700, -1.338469212224355600 ) ) ;
#5463 = CARTESIAN_POINT ( 'NONE',  ( 9.600638601008189000, 11.13444774992496100, -1.293142540942765900 ) ) ;
#5464 = CARTESIAN_POINT ( 'NONE',  ( 9.516436284247063800, 10.39104497205436300, -1.675897780282242800 ) ) ;
#5465 = CARTESIAN_POINT ( 'NONE',  ( 9.611281456971012100, 11.19637431164252600, -1.236070940764110400 ) ) ;
#5466 = CARTESIAN_POINT ( 'NONE',  ( 9.649600775635576600, 11.39727183739560300, -1.003403609404001300 ) ) ;
#5467 = CARTESIAN_POINT ( 'NONE',  ( 9.652950575701490600, 11.41350366482820400, -0.9804083862917714100 ) ) ;
#5468 =( NAMED_UNIT ( * ) SI_UNIT ( $, .STERADIAN. ) SOLID_ANGLE_UNIT ( ) );
#5469 = CARTESIAN_POINT ( 'NONE',  ( 9.672113366288465700, 11.50313648943053100, -0.8365233620319880700 ) ) ;
#5470 = CARTESIAN_POINT ( 'NONE',  ( 9.678004319326806400, 11.52967686378572200, -0.7869430418560525700 ) ) ;
#5471 = CARTESIAN_POINT ( 'NONE',  ( 9.540174597406961600, 10.68556320846875900, -1.577718936818978300 ) ) ;
#5472 = CARTESIAN_POINT ( 'NONE',  ( 9.542838953533065500, 10.71124057230824200, -1.566308716498817600 ) ) ;
#5473 = CARTESIAN_POINT ( 'NONE',  ( 9.505276768341337500, 9.999999999999992900, -1.720000000000000000 ) ) ;
#5474 = CARTESIAN_POINT ( 'NONE',  ( 9.508828922314529900, 10.22544848204608700, -1.706088979660250100 ) ) ;
#5475 = CARTESIAN_POINT ( 'NONE',  ( 9.519842606052133500, 10.44562195440832400, -1.662227116731781500 ) ) ;
#5476 = CARTESIAN_POINT ( 'NONE',  ( 9.560149403887129100, 10.86089369569622000, -1.490097822960469600 ) ) ;
#5477 = CARTESIAN_POINT ( 'NONE',  ( 9.566456536386205300, 10.90887516774798100, -1.461330717502630700 ) ) ;
#5478 = CARTESIAN_POINT ( 'NONE',  ( 9.535077681775391100, 10.63351687575400300, -1.599328077533633400 ) ) ;
#5479 = CARTESIAN_POINT ( 'NONE',  ( 9.700911780670169900, 11.62889313846536200, 0.5530785350014954000 ) ) ;
#5480 = CARTESIAN_POINT ( 'NONE',  ( 9.629179835997543800, 11.29400470991324000, 1.133465217545045900 ) ) ;
#5481 = CARTESIAN_POINT ( 'NONE',  ( 9.719529201263551200, 11.70544127403271700, 0.2250998984733643100 ) ) ;
#5482 = CARTESIAN_POINT ( 'NONE',  ( 9.622093010132591200, 11.25622899853482300, 1.175194140674637100 ) ) ;
#5483 = CARTESIAN_POINT ( 'NONE',  ( 9.717466122108053400, 11.69711937440536600, 0.2810433951704474600 ) ) ;
#5484 = CARTESIAN_POINT ( 'NONE',  ( 9.611341970746494200, 11.19672132915066200, 1.235742490845768100 ) ) ;
#5485 = CARTESIAN_POINT ( 'NONE',  ( 9.607771751310407300, 11.17631764805626400, 1.255176080032403200 ) ) ;
#5486 = CARTESIAN_POINT ( 'NONE',  ( 9.579867775154443900, 11.00367339287043400, 1.397916305588983200 ) ) ;
#5487 = CARTESIAN_POINT ( 'NONE',  ( 9.649885740384689800, 11.39889783611884700, 1.002302788551736800 ) ) ;
#5488 = CARTESIAN_POINT ( 'NONE',  ( 9.678024443577006900, 11.52976695578200700, 0.7867697761023330100 ) ) ;
#5489 = CARTESIAN_POINT ( 'NONE',  ( 9.632694132534348700, 11.31232863068719200, 1.112195300968850300 ) ) ;
#5490 = CARTESIAN_POINT ( 'NONE',  ( 9.552871832230387400, 10.80041581194312900, 1.522477052635608800 ) ) ;
#5491 = CARTESIAN_POINT ( 'NONE',  ( 9.547055138146502500, 10.74981550404861100, 1.548023904347559200 ) ) ;
#5492 = CARTESIAN_POINT ( 'NONE',  ( 9.702879519327286300, 11.63714161653801100, -0.5281688146431379200 ) ) ;
#5493 = CARTESIAN_POINT ( 'NONE',  ( 9.535088782119384400, 10.63363394856473900, 1.599281298192596100 ) ) ;
#5494 = CARTESIAN_POINT ( 'NONE',  ( 9.680845967173752300, 11.54231157355550000, -0.7618798828802712000 ) ) ;
#5495 = CARTESIAN_POINT ( 'NONE',  ( 9.711990035667124500, 11.67483635239295300, -0.3918231143492478800 ) ) ;
#5496 = CARTESIAN_POINT ( 'NONE',  ( 9.693909178201240100, 11.59919222069227200, -0.6338527771437115800 ) ) ;
#5497 = CARTESIAN_POINT ( 'NONE',  ( 9.548486453263125300, 10.76257380510668700, 1.541778927336926900 ) ) ;
#5498 = CARTESIAN_POINT ( 'NONE',  ( 9.700767387461917600, 11.62828594219227400, -0.5548630130295935100 ) ) ;
#5499 = CARTESIAN_POINT ( 'NONE',  ( 9.722456552380187100, 11.71718693317589000, -0.1132521212549745800 ) ) ;
#5500 = CARTESIAN_POINT ( 'NONE',  ( 9.722996864755989700, 11.71933778900807400, 0.05546945248876405900 ) ) ;
#5501 = CARTESIAN_POINT ( 'NONE',  ( 9.532671592279808000, 10.60742784467152700, 1.609415639814851400 ) ) ;
#5502 = CARTESIAN_POINT ( 'NONE',  ( 9.540182120194479900, 10.68563628905382700, 1.577686759584162200 ) ) ;
#5503 = CARTESIAN_POINT ( 'NONE',  ( 9.712212373904911500, 11.67577834419976300, 0.3915760487884911200 ) ) ;
#5504 = CARTESIAN_POINT ( 'NONE',  ( 9.566703915018322800, 10.91070564481858300, 1.460186719156072700 ) ) ;
#5505 = CARTESIAN_POINT ( 'NONE',  ( 9.528111393207597100, 10.55460910301810000, 1.628372205644475600 ) ) ;
#5506 = CARTESIAN_POINT ( 'NONE',  ( 9.721789493371941800, 11.71451165564179100, 0.1402178697863891400 ) ) ;
#5507 = CARTESIAN_POINT ( 'NONE',  ( 9.716270549770060300, 11.69228249248137200, 0.3088220703820749300 ) ) ;
#5508 = CARTESIAN_POINT ( 'NONE',  ( 9.723155722926717800, 11.71997158659413600, -0.05715204806228774800 ) ) ;
#5509 = CARTESIAN_POINT ( 'NONE',  ( 9.708878059693606800, 11.66212088083303300, 0.4459791000089776100 ) ) ;
#5510 = CARTESIAN_POINT ( 'NONE',  ( 9.686303783087638000, 11.56632192894981900, -0.7112113387017008300 ) ) ;
#5511 = CARTESIAN_POINT ( 'NONE',  ( 9.689048259921412100, 11.57825412220150700, 0.6843314406337565000 ) ) ;
#5512 = CARTESIAN_POINT ( 'NONE',  ( 9.703011527923616000, 11.63769357174789800, 0.5264459891995895100 ) ) ;
#5513 = CARTESIAN_POINT ( 'NONE',  ( 9.706824730843575100, 11.65357331097587800, -0.4742259508247542200 ) ) ;
#5514 = CARTESIAN_POINT ( 'NONE',  ( 9.672123050068378800, 11.50318068792505800, 0.8364457334750001700 ) ) ;
#5515 = CARTESIAN_POINT ( 'NONE',  ( 9.669083780899709900, 11.48932008317876800, 0.8608781799687423900 ) ) ;
#5516 = CARTESIAN_POINT ( 'NONE',  ( 9.662851820794975000, 11.46048037776211400, 0.9089458905628174900 ) ) ;
#5517 = CARTESIAN_POINT ( 'NONE',  ( 9.618515151602563800, 11.23674762011394700, 1.195682785193977700 ) ) ;
#5518 = CARTESIAN_POINT ( 'NONE',  ( 9.597152979897778400, 11.11344305422691100, 1.311269674230574500 ) ) ;
#5519 = CARTESIAN_POINT ( 'NONE',  ( 9.643109346774624100, 11.36561015129676000, 1.047209308713759100 ) ) ;
#5520 = CARTESIAN_POINT ( 'NONE',  ( 9.560365768557128200, 10.86260772083018200, 1.489122168983362500 ) ) ;
#5521 = CARTESIAN_POINT ( 'NONE',  ( 9.542858196308534600, 10.71143099013080200, 1.566226833578961800 ) ) ;
#5522 = CARTESIAN_POINT ( 'NONE',  ( 9.551394729841080200, 10.78787191371804600, 1.529005674841809700 ) ) ;
#5523 = CARTESIAN_POINT ( 'NONE',  ( 9.525968374870032600, 10.52799646000443400, 1.637194410736162000 ) ) ;
#5524 = CARTESIAN_POINT ( 'NONE',  ( 9.586693704197456300, 11.04854625449976000, 1.364582776043717000 ) ) ;
#5525 = CARTESIAN_POINT ( 'NONE',  ( 9.714240283028631900, 11.68402567827936500, -0.3502294099441251600 ) ) ;
#5526 = CARTESIAN_POINT ( 'NONE',  ( 9.680886053341012600, 11.54249034938875300, 0.7615311652355778400 ) ) ;
#5527 = CARTESIAN_POINT ( 'NONE',  ( 9.719700647987668400, 11.70613474936937100, -0.2250800495704141400 ) ) ;
#5528 = CARTESIAN_POINT ( 'NONE',  ( 9.659659099842883700, 11.44550122102626900, 0.9325811124478348100 ) ) ;
#5529 = CARTESIAN_POINT ( 'NONE',  ( 9.600676203879558600, 11.13467258489054100, 1.292945609217234700 ) ) ;
#5530 = CARTESIAN_POINT ( 'NONE',  ( 9.722308273631144400, 11.71658598913916700, 0.1119455730087314900 ) ) ;
#5531 = CARTESIAN_POINT ( 'NONE',  ( 9.686409800746934800, 11.56678583767160400, 0.7102030473786903300 ) ) ;
#5532 = CARTESIAN_POINT ( 'NONE',  ( 9.711184256992472900, 11.67153447563372400, -0.4056781789657705200 ) ) ;
#5533 = CARTESIAN_POINT ( 'NONE',  ( 9.688919964455031700, 11.57769755908629600, -0.6856059479168416000 ) ) ;
#5534 = CARTESIAN_POINT ( 'NONE',  ( 9.717642986282491800, 11.69786382249656300, -0.2808101848557588200 ) ) ;
#5535 = CARTESIAN_POINT ( 'NONE',  ( 9.694061412740049700, 11.59984402284589100, 0.6322141075514298200 ) ) ;
#5536 = CARTESIAN_POINT ( 'NONE',  ( 9.696436737395927700, 11.60996836098419600, 0.6059625287159650100 ) ) ;
#5537 = CARTESIAN_POINT ( 'NONE',  ( 9.713517638252891800, 11.68108022734368500, -0.3641027483176409500 ) ) ;
#5538 = CARTESIAN_POINT ( 'NONE',  ( 9.696282223732746200, 11.60931125575119100, -0.6077049995481912400 ) ) ;
#5539 = CARTESIAN_POINT ( 'NONE',  ( 9.708657581254620100, 11.66114836287164600, -0.4469794767606061200 ) ) ;
#5540 = CARTESIAN_POINT ( 'NONE',  ( 9.723166349731903000, 11.72001388064001600, 0.02727891782281900400 ) ) ;
#5541 = CARTESIAN_POINT ( 'NONE',  ( 9.720397268909376700, 11.70892857796015600, 0.1969126197208239400 ) ) ;
#5542 = CARTESIAN_POINT ( 'NONE',  ( 9.521959058623913600, 9.525813005548611700, 1.653581518321522800 ) ) ;
#5543 = CARTESIAN_POINT ( 'NONE',  ( 9.535062533857534100, 9.366646249397604200, 1.599391670403357300 ) ) ;
#5544 = CARTESIAN_POINT ( 'NONE',  ( 9.506702389685495200, 9.858814750430168400, 1.714429735127901900 ) ) ;
#5545 = CARTESIAN_POINT ( 'NONE',  ( 9.548401638823659000, 9.237854742614770100, 1.542185547361288200 ) ) ;
#5546 = CARTESIAN_POINT ( 'NONE',  ( 9.560410482070109200, 9.138125628948046100, 1.488744946935045300 ) ) ;
#5547 = CARTESIAN_POINT ( 'NONE',  ( 9.586654066644982200, 8.951711191947655500, 1.364778134215958600 ) ) ;
#5548 = CARTESIAN_POINT ( 'NONE',  ( 9.618420199626809700, 8.763774324774138000, 1.196221318065082900 ) ) ;
#5549 = CARTESIAN_POINT ( 'NONE',  ( 9.566727520364372200, 9.089974349514914600, 1.459808989094797800 ) ) ;
#5550 = CARTESIAN_POINT ( 'NONE',  ( 9.607702991587997200, 8.824079490738952800, 1.255547098039262200 ) ) ;
#5551 = CARTESIAN_POINT ( 'NONE',  ( 9.622013723077579100, 8.744198887338066900, 1.175653496877249800 ) ) ;
#5552 = CARTESIAN_POINT ( 'NONE',  ( 9.649784404251637000, 8.601833804418367500, 1.002154642175382400 ) ) ;
#5553 = CARTESIAN_POINT ( 'NONE',  ( 9.643024386325034700, 8.635164600005367700, 1.047094533216194700 ) ) ;
#5554 = CARTESIAN_POINT ( 'NONE',  ( 9.659628970854409900, 8.554640879863461200, 0.9328017328105039400 ) ) ;
#5555 = CARTESIAN_POINT ( 'NONE',  ( 9.569958559793773700, 9.066315072390461100, 1.444788945803406700 ) ) ;
#5556 = CARTESIAN_POINT ( 'NONE',  ( 9.505277190569504600, 10.02835799884860900, 1.719998352283063500 ) ) ;
#5557 = CARTESIAN_POINT ( 'NONE',  ( 9.511146505054458800, 9.717857604898203000, 1.696938243593763200 ) ) ;
#5558 = CARTESIAN_POINT ( 'NONE',  ( 9.611268456405486700, 8.803696944201256300, 1.236144602749459600 ) ) ;
#5559 = CARTESIAN_POINT ( 'NONE',  ( 9.525952831673667000, 9.472202110379756200, 1.637258236527075100 ) ) ;
#5560 = CARTESIAN_POINT ( 'NONE',  ( 9.520117790058781900, 10.44734628649725600, 1.661044677206113800 ) ) ;
#5561 = CARTESIAN_POINT ( 'NONE',  ( 9.669054590925615100, 8.510813725606174900, 0.8611094932923099000 ) ) ;
#5562 = CARTESIAN_POINT ( 'NONE',  ( 9.677991778857103700, 8.470379015349701400, 0.7870528275596608800 ) ) ;
#5563 = CARTESIAN_POINT ( 'NONE',  ( 9.680850587738770900, 8.457666930569210700, 0.7618481121574804900 ) ) ;
#5564 = CARTESIAN_POINT ( 'NONE',  ( 9.551323761756302500, 9.212444906855228800, 1.529365405679666400 ) ) ;
#5565 = CARTESIAN_POINT ( 'NONE',  ( 9.653109921971893200, 8.585729525687700200, 0.9792962203687791700 ) ) ;
#5566 = CARTESIAN_POINT ( 'NONE',  ( 9.542820041369502300, 9.288933061528759100, 1.566390626062803800 ) ) ;
#5567 = CARTESIAN_POINT ( 'NONE',  ( 9.579831730290374400, 8.996568969087476800, 1.398090737401976000 ) ) ;
#5568 = CARTESIAN_POINT ( 'NONE',  ( 9.684990833859400200, 8.439454673152669200, 0.7233946454960017400 ) ) ;
#5569 = CARTESIAN_POINT ( 'NONE',  ( 9.511155570333791300, 10.28235398278785000, 1.696902358891523500 ) ) ;
#5570 = CARTESIAN_POINT ( 'NONE',  ( 9.662822518979490700, 8.539656508443032500, 0.9091656716948479700 ) ) ;
#5571 = CARTESIAN_POINT ( 'NONE',  ( 9.686344805414632800, 8.433533122064764200, 0.7104803973235578300 ) ) ;
#5572 = CARTESIAN_POINT ( 'NONE',  ( 9.688984636221068300, 8.422047179067307700, 0.6845911984633319400 ) ) ;
#5573 = CARTESIAN_POINT ( 'NONE',  ( 9.632635057402632500, 8.687977110355229000, 1.112556963204630200 ) ) ;
#5574 = CARTESIAN_POINT ( 'NONE',  ( 9.520106278155095600, 9.552826711891048800, 1.661091254062561500 ) ) ;
#5575 = CARTESIAN_POINT ( 'NONE',  ( 9.532648679855489200, 9.392826994899175800, 1.609511395717927900 ) ) ;
#5576 = CARTESIAN_POINT ( 'NONE',  ( 9.540147600431190300, 9.314704091698583700, 1.577834018318312400 ) ) ;
#5577 = CARTESIAN_POINT ( 'NONE',  ( 9.629113117725347900, 8.706345792234929000, 1.133865407385390200 ) ) ;
#5578 = CARTESIAN_POINT ( 'NONE',  ( 9.639589869012372200, 8.652391103945804600, 1.069176009571779100 ) ) ;
#5579 = CARTESIAN_POINT ( 'NONE',  ( 9.672093132434653700, 8.496955292230334000, 0.8366893927511333000 ) ) ;
#5580 = CARTESIAN_POINT ( 'NONE',  ( 9.696547647312469200, 8.389447802307236300, 0.6063820108253524800 ) ) ;
#5581 = CARTESIAN_POINT ( 'NONE',  ( 9.506170837120748700, 10.11314188769227100, 1.716507966042737800 ) ) ;
#5582 = CARTESIAN_POINT ( 'NONE',  ( 9.506167155746670300, 9.887078779246845500, 1.716522359156765500 ) ) ;
#5583 = CARTESIAN_POINT ( 'NONE',  ( 9.516704364699093000, 9.607273664023219700, 1.674799724590767500 ) ) ;
#5584 = CARTESIAN_POINT ( 'NONE',  ( 9.701042830419103400, 8.370504105532717200, 0.5534359584741332900 ) ) ;
#5585 = CARTESIAN_POINT ( 'NONE',  ( 9.515165046079269800, 10.36547285802197600, 1.680959219766829000 ) ) ;
#5586 = CARTESIAN_POINT ( 'NONE',  ( 9.708873277925746900, 8.337898697232596100, 0.4460578589939316900 ) ) ;
#5587 = CARTESIAN_POINT ( 'NONE',  ( 9.521971577750269600, 10.47436505142417000, 1.653530646208969200 ) ) ;
#5588 = CARTESIAN_POINT ( 'NONE',  ( 9.557323761818818000, 9.162624718387933200, 1.502663828544947000 ) ) ;
#5589 = CARTESIAN_POINT ( 'NONE',  ( 9.516714528819637300, 10.39290018651241000, 1.674758953794188900 ) ) ;
#5590 = CARTESIAN_POINT ( 'NONE',  ( 9.509021721632970900, 9.774010336247378900, 1.705325974653314900 ) ) ;
#5591 = CARTESIAN_POINT ( 'NONE',  ( 9.505276347606356400, 9.971842222641690500, 1.720001641890097900 ) ) ;
#5592 = CARTESIAN_POINT ( 'NONE',  ( 9.515155222203068400, 9.634706902017219600, 1.680998483078017600 ) ) ;
#5593 = CARTESIAN_POINT ( 'NONE',  ( 9.528093833390118000, 9.445604923218798600, 1.628444686620579300 ) ) ;
#5594 = CARTESIAN_POINT ( 'NONE',  ( 9.690273457107615200, 8.416469593159458600, 0.6715902985214069500 ) ) ;
#5595 = CARTESIAN_POINT ( 'NONE',  ( 9.597101478475867300, 8.886870801472609200, 1.311535492744098500 ) ) ;
#5596 = CARTESIAN_POINT ( 'NONE',  ( 9.600619674927394000, 8.865665732852066900, 1.293241411837448900 ) ) ;
#5597 = CARTESIAN_POINT ( 'NONE',  ( 9.508127228879049000, 9.802339942686348500, 1.708841194553685900 ) ) ;
#5598 = CARTESIAN_POINT ( 'NONE',  ( 9.506707115307937900, 10.14141385484877800, 1.714411240433753000 ) ) ;
#5599 = CARTESIAN_POINT ( 'NONE',  ( 9.512385645093406300, 10.31020426053070700, 1.692030615892972300 ) ) ;
#5600 = CARTESIAN_POINT ( 'NONE',  ( 9.509031167131874800, 10.22626710780998100, 1.705288785973667200 ) ) ;
#5601 = CARTESIAN_POINT ( 'NONE',  ( 9.508135098610260600, 10.19793018183725600, 1.708810286836373700 ) ) ;
#5602 = CARTESIAN_POINT ( 'NONE',  ( 9.505456069521917700, 10.05661792864231100, 1.719300760408436500 ) ) ;
#5603 = CARTESIAN_POINT ( 'NONE',  ( 9.505454383686796400, 9.943586376232906000, 1.719307338373556600 ) ) ;
#5604 = CARTESIAN_POINT ( 'NONE',  ( 9.512376214967130000, 9.689998954861797700, 1.692068047583142000 ) ) ;
#5605 = CARTESIAN_POINT ( 'NONE',  ( 9.657953887238472000, 8.562627517880248000, -0.9447544738599883400 ) ) ;
#5606 = CARTESIAN_POINT ( 'NONE',  ( 9.576404762459858900, 9.020753605150497700, -1.414307270448428100 ) ) ;
#5607 = CARTESIAN_POINT ( 'NONE',  ( 9.680978621059845000, 8.456926537074974000, -0.7618861913094178200 ) ) ;
#5608 = CARTESIAN_POINT ( 'NONE',  ( 9.716270809173131800, 8.307716444997819100, 0.3088178618971729200 ) ) ;
#5609 = CARTESIAN_POINT ( 'NONE',  ( 9.672161115788528100, 8.496646675828445800, -0.8361334158174899000 ) ) ;
#5610 = CARTESIAN_POINT ( 'NONE',  ( 9.569802283754251300, 9.067444293658262200, -1.445520123972570800 ) ) ;
#5611 = CARTESIAN_POINT ( 'NONE',  ( 9.560280619177834900, 9.139145183354765200, -1.489333077046513600 ) ) ;
#5612 = CARTESIAN_POINT ( 'NONE',  ( 9.590149287134574200, 8.930012495628679000, -1.346968937922038200 ) ) ;
#5613 = CARTESIAN_POINT ( 'NONE',  ( 9.621963425043404100, 8.744002320718362100, -1.176433952701768200 ) ) ;
#5614 = CARTESIAN_POINT ( 'NONE',  ( 9.579779061465588400, 8.997735959181715900, -1.398091805246874700 ) ) ;
#5615 = CARTESIAN_POINT ( 'NONE',  ( 9.557217420579217300, 9.163487728703641400, -1.503140236234102900 ) ) ;
#5616 = CARTESIAN_POINT ( 'NONE',  ( 9.529212227656296700, 9.432647120489518100, -1.623795741256635700 ) ) ;
#5617 = CARTESIAN_POINT ( 'NONE',  ( 9.723166361109264200, 8.279986073831903300, 0.02726795131735887000 ) ) ;
#5618 = CARTESIAN_POINT ( 'NONE',  ( 9.524883376164458700, 9.486528595689474500, -1.641630202188892700 ) ) ;
#5619 = CARTESIAN_POINT ( 'NONE',  ( 9.717466935621191100, 8.302877334665653900, 0.2810241602241320100 ) ) ;
#5620 = CARTESIAN_POINT ( 'NONE',  ( 9.717645555878421600, 8.302125832900493700, -0.2807440261898211400 ) ) ;
#5621 = CARTESIAN_POINT ( 'NONE',  ( 9.721790435352256000, 8.285484575114869800, 0.1401701964476233500 ) ) ;
#5622 = CARTESIAN_POINT ( 'NONE',  ( 9.525927970534480600, 9.473026970330288100, -1.637345477459308100 ) ) ;
#5623 = CARTESIAN_POINT ( 'NONE',  ( 9.722996984428437600, 8.280661733781132100, 0.05545038900277094600 ) ) ;
#5624 = CARTESIAN_POINT ( 'NONE',  ( 9.708663141296463900, 8.338828691323307400, -0.4468945327173521900 ) ) ;
#5625 = CARTESIAN_POINT ( 'NONE',  ( 9.700776396607778900, 8.371676199614759300, -0.5547510998959980200 ) ) ;
#5626 = CARTESIAN_POINT ( 'NONE',  ( 9.510935792341458100, 9.718902368141659300, -1.697803686851012200 ) ) ;
#5627 = CARTESIAN_POINT ( 'NONE',  ( 9.516447260894375800, 9.608762253613704700, -1.675853844547315500 ) ) ;
#5628 = CARTESIAN_POINT ( 'NONE',  ( 9.664411722223793100, 8.532300506362675600, -0.8969158337820076800 ) ) ;
#5629 = CARTESIAN_POINT ( 'NONE',  ( 9.535101253994463700, 9.366232954171730200, -1.599228849037858300 ) ) ;
#5630 = CARTESIAN_POINT ( 'NONE',  ( 9.508832198745645700, 9.774447325631237900, -1.706076102401340200 ) ) ;
#5631 = CARTESIAN_POINT ( 'NONE',  ( 9.693923741886475700, 8.400745513994406700, -0.6336944797584689300 ) ) ;
#5632 = CARTESIAN_POINT ( 'NONE',  ( 9.669115929899270200, 8.510531831847600900, -0.8606269696769315300 ) ) ;
#5633 = CARTESIAN_POINT ( 'NONE',  ( 9.712210299933151000, 8.324230105552221200, 0.3916161780481560700 ) ) ;
#5634 = CARTESIAN_POINT ( 'NONE',  ( 9.706830859537516800, 8.346401302402981100, -0.4741370007650849700 ) ) ;
#5635 = CARTESIAN_POINT ( 'NONE',  ( 9.719530552265951000, 8.294553285840345700, 0.2250604352042751000 ) ) ;
#5636 = CARTESIAN_POINT ( 'NONE',  ( 9.662819375570144600, 8.539721020367334600, -0.9089475594203686400 ) ) ;
#5637 = CARTESIAN_POINT ( 'NONE',  ( 9.659590063929329100, 8.554886230742955200, -0.9328702857258770500 ) ) ;
#5638 = CARTESIAN_POINT ( 'NONE',  ( 9.723155698994716500, 8.280028509161400800, -0.05713944557439318300 ) ) ;
#5639 = CARTESIAN_POINT ( 'NONE',  ( 9.642867210371404600, 8.635947986899481100, -1.048117874068726900 ) ) ;
#5640 = CARTESIAN_POINT ( 'NONE',  ( 9.611339027246490500, 8.803299499598162800, -1.235754601949588400 ) ) ;
#5641 = CARTESIAN_POINT ( 'NONE',  ( 9.607791687212390700, 8.823568153234871800, -1.255067769018006500 ) ) ;
#5642 = CARTESIAN_POINT ( 'NONE',  ( 9.600710488654339500, 8.865123404310780900, -1.292765287490857300 ) ) ;
#5643 = CARTESIAN_POINT ( 'NONE',  ( 9.566573043546698700, 9.091123469031664700, -1.460523013896550100 ) ) ;
#5644 = CARTESIAN_POINT ( 'NONE',  ( 9.586645117431210400, 8.952402139736507900, -1.364455241681670600 ) ) ;
#5645 = CARTESIAN_POINT ( 'NONE',  ( 9.548403845109911400, 9.237843266483558600, -1.542174966525910100 ) ) ;
#5646 = CARTESIAN_POINT ( 'NONE',  ( 9.532669654555176600, 9.392581455362613200, -1.609424361665432700 ) ) ;
#5647 = CARTESIAN_POINT ( 'NONE',  ( 9.528091278126268500, 9.446097840627807300, -1.628432963542722200 ) ) ;
#5648 = CARTESIAN_POINT ( 'NONE',  ( 9.519856431769254000, 9.554161244138150300, -1.662171557502277300 ) ) ;
#5649 = CARTESIAN_POINT ( 'NONE',  ( 9.542863620932646300, 9.288525626618422800, -1.566202642578643100 ) ) ;
#5650 = CARTESIAN_POINT ( 'NONE',  ( 9.713522119190455900, 8.318901493536584400, -0.3640181249231947400 ) ) ;
#5651 = CARTESIAN_POINT ( 'NONE',  ( 9.629023075504859400, 8.706479214590658000, -1.135048421928468400 ) ) ;
#5652 = CARTESIAN_POINT ( 'NONE',  ( 9.711189650994709800, 8.328443397520111100, -0.4055870146185880900 ) ) ;
#5653 = CARTESIAN_POINT ( 'NONE',  ( 9.597175399075693400, 8.886418192580253000, -1.311155412179807700 ) ) ;
#5654 = CARTESIAN_POINT ( 'NONE',  ( 9.551279040695412400, 9.212836772026022900, -1.529561178852661300 ) ) ;
#5655 = CARTESIAN_POINT ( 'NONE',  ( 9.696294619488957900, 8.390636049281743800, -0.6075647032979633000 ) ) ;
#5656 = CARTESIAN_POINT ( 'NONE',  ( 9.540198577422895500, 9.314201478604722700, -1.577616553841863600 ) ) ;
#5657 = CARTESIAN_POINT ( 'NONE',  ( 9.639429062477587400, 8.653203987402108100, -1.070197639313504600 ) ) ;
#5658 = CARTESIAN_POINT ( 'NONE',  ( 9.719702338158819900, 8.293858460038675800, -0.2250250697925043600 ) ) ;
#5659 = CARTESIAN_POINT ( 'NONE',  ( 9.720398938563603200, 8.291064718129703700, 0.1968539249678040200 ) ) ;
#5660 = CARTESIAN_POINT ( 'NONE',  ( 9.711995313594659500, 8.325142038805672900, -0.3917306343786208800 ) ) ;
#5661 = CARTESIAN_POINT ( 'NONE',  ( 9.649657409293526600, 8.602451888931758700, -1.003019555308237300 ) ) ;
#5662 = CARTESIAN_POINT ( 'NONE',  ( 9.653009516629850900, 8.586211754119524600, -0.9800002273303883800 ) ) ;
#5663 = CARTESIAN_POINT ( 'NONE',  ( 9.714244529757513300, 8.315957024493332700, -0.3501462209715874900 ) ) ;
#5664 = CARTESIAN_POINT ( 'NONE',  ( 9.722308822171616100, 8.283411817714860300, 0.1119098227285226800 ) ) ;
#5665 = CARTESIAN_POINT ( 'NONE',  ( 9.722456891016175700, 8.282811721239777800, -0.1132247672392074800 ) ) ;
#5666 = CARTESIAN_POINT ( 'NONE',  ( 9.702887319389196500, 8.362825757707723200, -0.5280672988129753200 ) ) ;
#5667 = CARTESIAN_POINT ( 'NONE',  ( 9.686448218017544000, 8.432950332249941300, -0.7112597841960860400 ) ) ;
#5668 = CARTESIAN_POINT ( 'NONE',  ( 9.811801707827552100, 10.81584157598840400, -1.930991708608018800 ) ) ;
#5669 = CARTESIAN_POINT ( 'NONE',  ( 9.832345235446991800, 11.02449031800340200, -1.823751033217950300 ) ) ;
#5670 = CARTESIAN_POINT ( 'NONE',  ( 9.797086854546917000, 10.62681546639628700, -2.004294303461247500 ) ) ;
#5671 = CARTESIAN_POINT ( 'NONE',  ( 9.913831653065457800, 11.60243393185308700, -1.310211243511971500 ) ) ;
#5672 = CARTESIAN_POINT ( 'NONE',  ( 9.937894050976915100, 11.73759866462897800, -1.113173346305023500 ) ) ;
#5673 = CARTESIAN_POINT ( 'NONE',  ( 9.944360558353874800, 11.77222904892816000, -1.053841109056251600 ) ) ;
#5674 = CARTESIAN_POINT ( 'NONE',  ( 9.964782141417353900, 11.87750924661336100, -0.8391224633894688300 ) ) ;
#5675 = CARTESIAN_POINT ( 'NONE',  ( 9.985081726109989100, 11.97681830292900100, -0.5470642732365915700 ) ) ;
#5676 = CARTESIAN_POINT ( 'NONE',  ( 9.884933116376240400, 11.42372270248068000, -1.512844070109995200 ) ) ;
#5677 = CARTESIAN_POINT ( 'NONE',  ( 9.506002767556728000, 9.886495527110318100, -1.717173852085327200 ) ) ;
#5678 = CARTESIAN_POINT ( 'NONE',  ( 9.927788635019972200, 11.68211339717984400, -1.199935185411341100 ) ) ;
#5679 = CARTESIAN_POINT ( 'NONE',  ( 9.962091472337190700, 11.86397189235664800, -0.8704612501323978300 ) ) ;
#5680 = CARTESIAN_POINT ( 'NONE',  ( 9.972354018369602000, 11.91513053053189500, -0.7437784310132993200 ) ) ;
#5681 = CARTESIAN_POINT ( 'NONE',  ( 9.895869541604822600, 11.49436702103823500, -1.440195978968273200 ) ) ;
#5682 = CARTESIAN_POINT ( 'NONE',  ( 9.779563561107652300, 10.26829071721688200, -2.088105553523720300 ) ) ;
#5683 = CARTESIAN_POINT ( 'NONE',  ( 9.806559673209855900, 10.75390481861592600, -1.957439430427395200 ) ) ;
#5684 = CARTESIAN_POINT ( 'NONE',  ( 9.934556742350881800, 11.71947609491343900, -1.142549843363661200 ) ) ;
#5685 = CARTESIAN_POINT ( 'NONE',  ( 9.838831944132829600, 11.08158976455047700, -1.788542580797847000 ) ) ;
#5686 = CARTESIAN_POINT ( 'NONE',  ( 9.979139151652086400, 11.94824952689016900, -0.6464330103545097300 ) ) ;
#5687 = CARTESIAN_POINT ( 'NONE',  ( 9.987680341163278200, 11.98917810068288700, -0.4965150519937537900 ) ) ;
#5688 = CARTESIAN_POINT ( 'NONE',  ( 9.988509061905789500, 11.99310743689245300, -0.4795576495867030500 ) ) ;
#5689 = CARTESIAN_POINT ( 'NONE',  ( 9.990080158273775300, 12.00053784260434900, -0.4456303158155317500 ) ) ;
#5690 = CARTESIAN_POINT ( 'NONE',  ( 9.870347580728195100, 11.32465086208639300, -1.605220785695656400 ) ) ;
#5691 = CARTESIAN_POINT ( 'NONE',  ( 9.969913407669968900, 11.90308856356521600, -0.7757810523656772900 ) ) ;
#5692 = CARTESIAN_POINT ( 'NONE',  ( 9.863106385381772900, 11.27244556653590400, -1.649014583343390900 ) ) ;
#5693 = CARTESIAN_POINT ( 'NONE',  ( 9.903132300620566000, 11.53904056419191300, -1.389539182314974300 ) ) ;
#5694 = CARTESIAN_POINT ( 'NONE',  ( 9.996439210181682400, 12.03035350435902600, -0.2754785401561712400 ) ) ;
#5695 = CARTESIAN_POINT ( 'NONE',  ( 9.976966883332233100, 11.93771099853068000, -0.6791044035597724200 ) ) ;
#5696 = CARTESIAN_POINT ( 'NONE',  ( 9.990823378135532500, 12.00404302098019100, -0.4286505479065844100 ) ) ;
#5697 = CARTESIAN_POINT ( 'NONE',  ( 9.999273580470044100, 12.04350594740625800, -0.1386108146540113200 ) ) ;
#5698 = CARTESIAN_POINT ( 'NONE',  ( 9.953555706888545600, 11.82036312317772800, -0.9631503137273759200 ) ) ;
#5699 = CARTESIAN_POINT ( 'NONE',  ( 9.823192283637906600, 10.93645033138826300, -1.872208229350488300 ) ) ;
#5700 = CARTESIAN_POINT ( 'NONE',  ( 9.852461587147308500, 11.19216105074251300, -1.711558990943084200 ) ) ;
#5701 = CARTESIAN_POINT ( 'NONE',  ( 9.859524515829504000, 11.24592554242852700, -1.670297142690505100 ) ) ;
#5702 = CARTESIAN_POINT ( 'NONE',  ( 9.947497027092683900, 11.78877925086110200, -1.023832343292716100 ) ) ;
#5703 = CARTESIAN_POINT ( 'NONE',  ( 9.956478261912359100, 11.83539882142319800, -0.9324751718853431200 ) ) ;
#5704 = CARTESIAN_POINT ( 'NONE',  ( 9.983196690924346600, 11.96780375518123100, -0.5804116041705567100 ) ) ;
#5705 = CARTESIAN_POINT ( 'NONE',  ( 9.999992657746117800, 12.04681977172666800, -0.06994917051535860800 ) ) ;
#5706 = CARTESIAN_POINT ( 'NONE',  ( 9.775910272573861800, 10.06781791692347400, -2.105131432980542600 ) ) ;
#5707 = CARTESIAN_POINT ( 'NONE',  ( 9.790890825593072200, 10.53030400856427000, -2.034422421719272100 ) ) ;
#5708 = CARTESIAN_POINT ( 'NONE',  ( 9.820237197955496100, 10.90670283693632200, -1.887634880081682700 ) ) ;
#5709 = CARTESIAN_POINT ( 'NONE',  ( 10.00000358711687200, 12.04687010295889100, 0.03338703929178795500 ) ) ;
#5710 = CARTESIAN_POINT ( 'NONE',  ( 9.999829276577886000, 12.04606553285404600, 0.06788981886267223000 ) ) ;
#5711 = CARTESIAN_POINT ( 'NONE',  ( 9.999121079939993000, 12.04279080528097600, 0.1370117124480054200 ) ) ;
#5712 = CARTESIAN_POINT ( 'NONE',  ( 9.505276768341337500, 9.999999999999992900, -1.720000000000000000 ) ) ;
#5713 = CARTESIAN_POINT ( 'NONE',  ( 9.873987237844776400, 11.35002816478803000, -1.582694779365057400 ) ) ;
#5714 = CARTESIAN_POINT ( 'NONE',  ( 9.804059427108285300, 10.72254572347691100, -1.969914235368242400 ) ) ;
#5715 = CARTESIAN_POINT ( 'NONE',  ( 9.994322962891891000, 12.02051084370798300, -0.3436874122544125200 ) ) ;
#5716 = CARTESIAN_POINT ( 'NONE',  ( 9.505276766307678900, 9.943011645783832000, -1.720000006473108000 ) ) ;
#5717 = CARTESIAN_POINT ( 'NONE',  ( 9.781724946785294300, 10.33435670931234500, -2.077990728847581600 ) ) ;
#5718 = CARTESIAN_POINT ( 'NONE',  ( 9.814541923294413600, 10.84639843890526800, -1.917026584454770900 ) ) ;
#5719 = CARTESIAN_POINT ( 'NONE',  ( 9.848998017249094500, 11.16481060938058400, -1.731361631429646700 ) ) ;
#5720 = CARTESIAN_POINT ( 'NONE',  ( 9.917365716953844100, 11.62296120546435100, -1.283210545041297800 ) ) ;
#5721 = CARTESIAN_POINT ( 'NONE',  ( 9.924343459706642900, 11.66279701685156500, -1.228079352367437600 ) ) ;
#5722 = CARTESIAN_POINT ( 'NONE',  ( 9.799315298586392900, 10.65890124896846900, -1.993379768865528100 ) ) ;
#5723 = CARTESIAN_POINT ( 'NONE',  ( 9.775910270482302900, 9.999999999999992900, -2.105131440903070100 ) ) ;
#5724 = CARTESIAN_POINT ( 'NONE',  ( 9.857746387722942300, 11.23255475799543200, -1.680757258234501600 ) ) ;
#5725 = CARTESIAN_POINT ( 'NONE',  ( 9.776656308163712300, 10.13501443892798900, -2.101675398353839000 ) ) ;
#5726 = CARTESIAN_POINT ( 'NONE',  ( 9.864913628553399100, 11.28561966829584100, -1.638170710078058300 ) ) ;
#5727 = CARTESIAN_POINT ( 'NONE',  ( 9.881280546700951500, 11.39956793180031800, -1.536502995847344400 ) ) ;
#5728 = CARTESIAN_POINT ( 'NONE',  ( 9.787387519258501800, 10.46535569928926400, -2.051154133146166900 ) ) ;
#5729 = CARTESIAN_POINT ( 'NONE',  ( 9.874025911342178200, 11.35029572540154200, 1.582453751942315600 ) ) ;
#5730 = CARTESIAN_POINT ( 'NONE',  ( 9.799395041014836500, 10.66000211078190900, 1.992986934648183000 ) ) ;
#5731 = CARTESIAN_POINT ( 'NONE',  ( 9.906955451975704800, 11.56171195456348900, 1.361230986333785700 ) ) ;
#5732 = CARTESIAN_POINT ( 'NONE',  ( 9.797191006825549700, 10.62833223651025900, 2.003784551692712900 ) ) ;
#5733 = CARTESIAN_POINT ( 'NONE',  ( 9.903341096660753400, 11.53990591798237400, 1.387263527107040800 ) ) ;
#5734 = CARTESIAN_POINT ( 'NONE',  ( 9.791173844617805600, 10.53235601747598300, 2.032975217867022600 ) ) ;
#5735 = CARTESIAN_POINT ( 'NONE',  ( 9.787673685988892200, 10.46756346229017600, 2.049760307887258400 ) ) ;
#5736 = CARTESIAN_POINT ( 'NONE',  ( 9.776829795118589000, 10.13464237115544900, 2.100857492951830000 ) ) ;
#5737 = CARTESIAN_POINT ( 'NONE',  ( 9.811809444803298400, 10.81592854416138000, 1.930952326451801100 ) ) ;
#5738 = CARTESIAN_POINT ( 'NONE',  ( 9.824860457334992200, 10.95251975221943900, 1.863380413695964400 ) ) ;
#5739 = CARTESIAN_POINT ( 'NONE',  ( 9.804085077720962700, 10.72285805885489300, 1.969785735381029500 ) ) ;
#5740 = CARTESIAN_POINT ( 'NONE',  ( 9.775909837768189400, 9.966491367721369300, 2.105133450434737400 ) ) ;
#5741 = CARTESIAN_POINT ( 'NONE',  ( 9.777376482006673100, 9.831985154552821600, 2.098313917812167300 ) ) ;
#5742 = CARTESIAN_POINT ( 'NONE',  ( 9.988737730540652400, 11.99422843648932400, 0.4792552626790861900 ) ) ;
#5743 = CARTESIAN_POINT ( 'NONE',  ( 9.779761849793287000, 9.731065259693995300, 2.087171701297336300 ) ) ;
#5744 = CARTESIAN_POINT ( 'NONE',  ( 9.781947129883390000, 9.664241760016192700, 2.076905842941867400 ) ) ;
#5745 = CARTESIAN_POINT ( 'NONE',  ( 9.972512931333804800, 11.91591250623051200, 0.7416457972145920100 ) ) ;
#5746 = CARTESIAN_POINT ( 'NONE',  ( 9.996262882039724600, 12.02952824710389000, 0.2755028335002182000 ) ) ;
#5747 = CARTESIAN_POINT ( 'NONE',  ( 9.775910704732121200, 10.03374690208975500, 2.105129424239857700 ) ) ;
#5748 = CARTESIAN_POINT ( 'NONE',  ( 9.992911450473902900, 12.01386888711145000, 0.3779715407015669100 ) ) ;
#5749 = CARTESIAN_POINT ( 'NONE',  ( 9.953576404114837600, 11.82047033546001000, 0.9629382514100549600 ) ) ;
#5750 = CARTESIAN_POINT ( 'NONE',  ( 9.937971787594985800, 11.73801714907499700, 1.112471262967104300 ) ) ;
#5751 = CARTESIAN_POINT ( 'NONE',  ( 9.778841889111140200, 9.764778373931230600, 2.091474026840274700 ) ) ;
#5752 = CARTESIAN_POINT ( 'NONE',  ( 9.776826008928708200, 9.865620229376714800, 2.100875108880243300 ) ) ;
#5753 = CARTESIAN_POINT ( 'NONE',  ( 9.892372768199702900, 11.47176819734434300, 1.463412456080463600 ) ) ;
#5754 = CARTESIAN_POINT ( 'NONE',  ( 9.778849982908727900, 10.23554308266727600, 2.091436198463830100 ) ) ;
#5755 = CARTESIAN_POINT ( 'NONE',  ( 9.783211852001214100, 9.631089098569789900, 2.070945143671365500 ) ) ;
#5756 = CARTESIAN_POINT ( 'NONE',  ( 9.924636537949989900, 11.66473200598844300, 1.226732042723650600 ) ) ;
#5757 = CARTESIAN_POINT ( 'NONE',  ( 9.896052495240010000, 11.49495164458447900, 1.438336124825144900 ) ) ;
#5758 = CARTESIAN_POINT ( 'NONE',  ( 9.947506986588424000, 11.78883184844653100, 1.023737332643857500 ) ) ;
#5759 = CARTESIAN_POINT ( 'NONE',  ( 9.884995353095245500, 11.42413566412629300, 1.512442075778663900 ) ) ;
#5760 = CARTESIAN_POINT ( 'NONE',  ( 9.998587529009533600, 12.04032228379569400, 0.1716145617812746300 ) ) ;
#5761 = CARTESIAN_POINT ( 'NONE',  ( 9.852625026650070300, 11.19440260577325200, 1.710928817817377200 ) ) ;
#5762 = CARTESIAN_POINT ( 'NONE',  ( 9.881323482648573600, 11.39985464797141800, 1.536227110433533200 ) ) ;
#5763 = CARTESIAN_POINT ( 'NONE',  ( 9.985308481993936200, 11.97797562960048400, 0.5458398984974787100 ) ) ;
#5764 = CARTESIAN_POINT ( 'NONE',  ( 9.823341299001185700, 10.93759212254171900, 1.871370883388780100 ) ) ;
#5765 = CARTESIAN_POINT ( 'NONE',  ( 9.820350218198303300, 10.90748658516154500, 1.887004241196966300 ) ) ;
#5766 = CARTESIAN_POINT ( 'NONE',  ( 9.818878150788815900, 10.89230380943269500, 1.894647553669507100 ) ) ;
#5768 = CARTESIAN_POINT ( 'NONE',  ( 9.793080413208514300, 10.56450918947664300, 2.023778692925161300 ) ) ;
#5767 = DIRECTION ( 'NONE',  ( 0.0000000000000000000, 0.0000000000000000000, 1.000000000000000000 ) ) ;
#5769 = CARTESIAN_POINT ( 'NONE',  ( 9.783221550621309600, 10.36915273407822400, 2.070899330515632900 ) ) ;
#5770 = CARTESIAN_POINT ( 'NONE',  ( 9.806571089601977300, 10.75404413890796100, 1.957382176554372400 ) ) ;
#5772 = CARTESIAN_POINT ( 'NONE',  ( 9.777381342176676400, 10.16828689285104700, 2.098291281903945600 ) ) ;
#5771 = CARTESIAN_POINT ( 'NONE',  ( -9.659258262890688200, 4.500000000000000000, -2.588190451025176300 ) ) ;
#5774 = CARTESIAN_POINT ( 'NONE',  ( 9.776092942878090500, 9.932866030217473600, 2.104283682898575100 ) ) ;
#5773 = DIRECTION ( 'NONE',  ( 0.0000000000000000000, 1.000000000000000000, 0.0000000000000000000 ) ) ;
#5776 = CARTESIAN_POINT ( 'NONE',  ( 9.776094676712174800, 10.06737709894891700, 2.104275632037418700 ) ) ;
#5775 = CARTESIAN_POINT ( 'NONE',  ( 8.987023473681253100, 4.333611410657236500, 4.191776784957406600 ) ) ;
#5777 = CARTESIAN_POINT ( 'NONE',  ( 9.786069982915405400, 9.565289833126247000, 2.057396952812733400 ) ) ;
#5778 = CARTESIAN_POINT ( 'NONE',  ( 9.781956453268655600, 10.33601003592211300, 2.076861923165722200 ) ) ;
#5780 = CARTESIAN_POINT ( 'NONE',  ( 9.964914089702288500, 11.87817157405952400, 0.8375625765561660600 ) ) ;
#5779 = DIRECTION ( 'NONE',  ( -0.0000000000000000000, -1.000000000000000000, -0.0000000000000000000 ) ) ;
#5782 = CARTESIAN_POINT ( 'NONE',  ( 9.832567760435202000, 11.02653006131247400, 1.822556917018044500 ) ) ;
#5781 = DIRECTION ( 'NONE',  ( -0.0000000000000000000, -1.000000000000000000, -0.0000000000000000000 ) ) ;
#5784 = CARTESIAN_POINT ( 'NONE',  ( 9.956519489409862100, 11.83561157023432400, 0.9320483716075330700 ) ) ;
#5783 = CARTESIAN_POINT ( 'NONE',  ( 9.659258262890688200, -4.500000000000000000, 2.588190451025178500 ) ) ;
#5785 = CARTESIAN_POINT ( 'NONE',  ( 9.814561713948684500, 10.84662504204630700, 1.916926366833246400 ) ) ;
#5787 = CARTESIAN_POINT ( 'NONE',  ( 9.786080086496248500, 10.43492408692061300, 2.057348897911070100 ) ) ;
#5786 = CARTESIAN_POINT ( 'NONE',  ( 1.479499447192451900, 4.500000000000000000, -3.662455649664205600 ) ) ;
#5788 = CARTESIAN_POINT ( 'NONE',  ( 9.934688163739819400, 11.72019148590135600, 1.141398733143315300 ) ) ;
#5790 = CARTESIAN_POINT ( 'NONE',  ( 9.779771564223700900, 10.26926490737757000, 2.087126185565514100 ) ) ;
#5789 = CARTESIAN_POINT ( 'NONE',  ( 8.790046626563491100, 4.500000000000000000, 4.218717850584447100 ) ) ;
#5792 = CARTESIAN_POINT ( 'NONE',  ( 9.839086366110102200, 11.08376808929043600, 1.787142425630869400 ) ) ;
#5791 = DIRECTION ( 'NONE',  ( 0.0000000000000000000, 1.000000000000000000, 0.0000000000000000000 ) ) ;
#5794 = CARTESIAN_POINT ( 'NONE',  ( 9.977115387692698800, 11.93843358101214300, 0.6769203565815518100 ) ) ;
#5793 = CARTESIAN_POINT ( 'NONE',  ( 0.0000000000000000000, 4.250000000000000900, 0.0000000000000000000 ) ) ;
#5796 = CARTESIAN_POINT ( 'NONE',  ( 9.997155665240162700, 12.03367824742036900, 0.2410040388865599700 ) ) ;
#5795 = CARTESIAN_POINT ( 'NONE',  ( 1.412619205980627100, 4.418762379582879900, -3.777088541010631000 ) ) ;
#5797 = CARTESIAN_POINT ( 'NONE',  ( 9.962200508523048700, 11.86452395818810300, 0.8692271886407354500 ) ) ;
#5799 = CARTESIAN_POINT ( 'NONE',  ( 9.859645303014732000, 11.24780270907242000, 1.670131456723648300 ) ) ;
#5798 = CARTESIAN_POINT ( 'NONE',  ( -4.218717850584452500, 4.500000000000000000, -8.790046626563489300 ) ) ;
#5801 = CARTESIAN_POINT ( 'NONE',  ( 9.870402374400754300, 11.32503192253100400, 1.604880824840339900 ) ) ;
#5800 = DIRECTION ( 'NONE',  ( 0.0000000000000000000, 0.0000000000000000000, 1.000000000000000000 ) ) ;
#5802 = CARTESIAN_POINT ( 'NONE',  ( 9.970069976618745500, 11.90386422843415200, 0.7737754623191873700 ) ) ;
#5803 = CARTESIAN_POINT ( 'NONE',  ( 9.994141063054694700, 12.01962492728840100, 0.3439728415299125300 ) ) ;
#5805 = CARTESIAN_POINT ( 'NONE',  ( 9.979274918786936500, 11.94890637078554500, 0.6443244208144285300 ) ) ;
#5804 = CARTESIAN_POINT ( 'NONE',  ( 1.277494330215373000, 4.250000000000002700, -4.001000904307271200 ) ) ;
#5806 = CARTESIAN_POINT ( 'NONE',  ( 9.944381183583958600, 11.77233729698770800, 1.053640536883502000 ) ) ;
#5807 = CARTESIAN_POINT ( 'NONE',  ( 9.917667207387157900, 11.62511862401150300, 1.281693744755727500 ) ) ;
#5808 = CARTESIAN_POINT ( 'NONE',  ( 9.892275112758673200, 8.528852933333031000, 1.464071573800753900 ) ) ;
#5810 = CARTESIAN_POINT ( 'NONE',  ( 9.914047523327328200, 8.396303430534889100, 1.308579089307470000 ) ) ;
#5809 = DIRECTION ( 'NONE',  ( 0.0000000000000000000, 1.000000000000000000, 0.0000000000000000000 ) ) ;
#5812 = CARTESIAN_POINT ( 'NONE',  ( 9.839110643545785400, 8.917041125150378300, 1.786680116660685600 ) ) ;
#5811 = CARTESIAN_POINT ( 'NONE',  ( 0.0000000000000000000, -4.500000000000000000, 0.0000000000000000000 ) ) ;
#5814 = CARTESIAN_POINT ( 'NONE',  ( 9.927952518184989500, 8.316974075645148900, 1.198573990381312200 ) ) ;
#5813 = CARTESIAN_POINT ( 'NONE',  ( -9.659258262890695300, 4.500000000000000000, 2.588190451025184700 ) ) ;
#5816 = CARTESIAN_POINT ( 'NONE',  ( 9.944351162515186400, 8.227821939635028100, 1.053923644412650100 ) ) ;
#5815 = CARTESIAN_POINT ( 'NONE',  ( -9.659258262890688200, -4.500000000000000000, -2.588190451025176800 ) ) ;
#5818 = CARTESIAN_POINT ( 'NONE',  ( 9.960741140920465100, 8.142902444108518300, 0.8853725653573082400 ) ) ;
#5817 = DIRECTION ( 'NONE',  ( 0.0000000000000000000, 0.0000000000000000000, 1.000000000000000000 ) ) ;
#5820 = CARTESIAN_POINT ( 'NONE',  ( 9.977250168679971100, 8.060849120567134200, 0.6773578120398564600 ) ) ;
#5819 = DIRECTION ( 'NONE',  ( 0.0000000000000000000, 1.000000000000000000, 0.0000000000000000000 ) ) ;
#5822 = CARTESIAN_POINT ( 'NONE',  ( 9.985303564079931200, 8.022047668907646300, 0.5459362926928521500 ) ) ;
#5821 = DIRECTION ( 'NONE',  ( 0.0000000000000000000, 1.000000000000000000, 0.0000000000000000000 ) ) ;
#5824 = CARTESIAN_POINT ( 'NONE',  ( 9.947476217142154900, 8.211329972174688400, 1.024035550552613300 ) ) ;
#5823 = DIRECTION ( 'NONE',  ( 0.0000000000000000000, 0.0000000000000000000, 1.000000000000000000 ) ) ;
#5826 = CARTESIAN_POINT ( 'NONE',  ( 9.966174170607798600, 8.115549482842885400, 0.8219685190812535700 ) ) ;
#5825 = CARTESIAN_POINT ( 'NONE',  ( 0.0000000000000000000, 4.500000000000000000, 0.0000000000000000000 ) ) ;
#5828 = CARTESIAN_POINT ( 'NONE',  ( 9.997157382432655800, 7.966313774717712600, 0.2409322015784272400 ) ) ;
#5827 = DIRECTION ( 'NONE',  ( 0.0000000000000000000, 0.0000000000000000000, 1.000000000000000000 ) ) ;
#5830 = CARTESIAN_POINT ( 'NONE',  ( 9.999121644098472900, 7.957206584806995900, 0.1369679571928400200 ) ) ;
#5829 = DIRECTION ( 'NONE',  ( 0.0000000000000000000, 0.0000000000000000000, 1.000000000000000000 ) ) ;
#5832 = CARTESIAN_POINT ( 'NONE',  ( 9.996264271507760300, 7.970465278975580300, 0.2754545338673554100 ) ) ;
#5831 = CARTESIAN_POINT ( 'NONE',  ( 9.085178540258281600, 4.250000000000003600, 4.178460349414657500 ) ) ;
#5833 = CARTESIAN_POINT ( 'NONE',  ( 9.999273928747646400, 7.956492451306465000, -0.1385773357013206600 ) ) ;
#5835 = CARTESIAN_POINT ( 'NONE',  ( 9.953542809367562000, 8.179703374734284400, 0.9632846819462215200 ) ) ;
#5834 = CARTESIAN_POINT ( 'NONE',  ( 2.588190451025178100, -4.249999999999999100, -9.659258262890691800 ) ) ;
#5836 = CARTESIAN_POINT ( 'NONE',  ( 9.820262988928737600, 9.093023399977559200, 1.887501908986213900 ) ) ;
#5837 = CARTESIAN_POINT ( 'NONE',  ( 9.859604536904944500, 8.752503660220440900, 1.670370558253078600 ) ) ;
#5839 = CARTESIAN_POINT ( 'NONE',  ( 9.972626999068293000, 8.083392709900499200, 0.7421592070924623000 ) ) ;
#5838 = CARTESIAN_POINT ( 'NONE',  ( 8.888652636735182400, 4.416954607233578600, 4.205192687343669400 ) ) ;
#5841 = CARTESIAN_POINT ( 'NONE',  ( 9.895970950730127700, 8.505557552934529800, 1.438898337141806500 ) ) ;
#5840 = CARTESIAN_POINT ( 'NONE',  ( -4.191776784957410100, 4.333611410657237400, -8.987023473681253100 ) ) ;
#5843 = CARTESIAN_POINT ( 'NONE',  ( 10.00000359881817100, 7.953129842861277300, 0.03337361723630043200 ) ) ;
#5842 = DIRECTION ( 'NONE',  ( 0.0000000000000000000, 1.000000000000000000, 0.0000000000000000000 ) ) ;
#5844 = CARTESIAN_POINT ( 'NONE',  ( 9.996440948475260800, 7.969638414625000800, -0.2754112496567034900 ) ) ;
#5846 = CARTESIAN_POINT ( 'NONE',  ( 9.994325605649104100, 7.979476845892473400, -0.3436064397627576800 ) ) ;
#5845 = DIRECTION ( 'NONE',  ( 0.0000000000000000000, 0.0000000000000000000, 1.000000000000000000 ) ) ;
#5848 = CARTESIAN_POINT ( 'NONE',  ( 9.990827745776963200, 7.995936394780392800, -0.4285487317890540000 ) ) ;
#5847 = CARTESIAN_POINT ( 'NONE',  ( -4.205192687343674700, 4.416954607233578600, -8.888652636735180600 ) ) ;
#5849 = CARTESIAN_POINT ( 'NONE',  ( 9.934657176921138700, 8.279977618584332800, 1.141668753411777100 ) ) ;
#5851 = CARTESIAN_POINT ( 'NONE',  ( 9.998588497809835800, 7.959673230687309700, 0.1715562137322412000 ) ) ;
#5850 = DIRECTION ( 'NONE',  ( 0.0000000000000000000, 0.0000000000000000000, 1.000000000000000000 ) ) ;
#5853 = CARTESIAN_POINT ( 'NONE',  ( 9.924532316582404000, 8.336138669044396800, 1.226550724354863900 ) ) ;
#5852 = CARTESIAN_POINT ( 'NONE',  ( 0.0000000000000000000, -4.500000000000000000, 0.0000000000000000000 ) ) ;
#5854 = CARTESIAN_POINT ( 'NONE',  ( 9.956483014033747000, 8.164575597815511900, 0.9324362872647326000 ) ) ;
#5856 = CARTESIAN_POINT ( 'NONE',  ( 9.987685888743124400, 8.010795567680839100, -0.4964034747067944700 ) ) ;
#5855 = DIRECTION ( 'NONE',  ( -0.0000000000000000000, -1.000000000000000000, -0.0000000000000000000 ) ) ;
#5857 = CARTESIAN_POINT ( 'NONE',  ( 9.797175021084504100, 9.371904068433162000, 2.003862668948058500 ) ) ;
#5858 = CARTESIAN_POINT ( 'NONE',  ( 9.999829399657635100, 7.953933899250246900, 0.06786648680235873900 ) ) ;
#5859 = CARTESIAN_POINT ( 'NONE',  ( 9.990084766792241700, 7.999440404673706000, -0.4455267440897894300 ) ) ;
#5860 = CARTESIAN_POINT ( 'NONE',  ( 9.985087444456921100, 8.023154390848150200, -0.5469603090644279400 ) ) ;
#5862 = CARTESIAN_POINT ( 'NONE',  ( 9.992911717262682500, 7.986129848455679100, 0.3779663898794833900 ) ) ;
#5861 = CARTESIAN_POINT ( 'NONE',  ( -4.178460349414659300, 4.250000000000003600, -9.085178540258283400 ) ) ;
#5863 = CARTESIAN_POINT ( 'NONE',  ( 9.884919745659622900, 8.576362094193331800, 1.512934226017756300 ) ) ;
#5864 = CARTESIAN_POINT ( 'NONE',  ( 9.906894694861417600, 8.438651886802029300, 1.361673629673079600 ) ) ;
#5866 = CARTESIAN_POINT ( 'NONE',  ( 9.917579827950250500, 8.375803354174420800, 1.281553269459961400 ) ) ;
#5865 = DIRECTION ( 'NONE',  ( 0.0000000000000000000, 0.0000000000000000000, 1.000000000000000000 ) ) ;
#5867 = CARTESIAN_POINT ( 'NONE',  ( 9.988735597518925100, 8.005781618978801400, 0.4793043774270018300 ) ) ;
#5869 = CARTESIAN_POINT ( 'NONE',  ( 9.994141899730113500, 7.980371156403586000, 0.3439492996169750700 ) ) ;
#5868 = CARTESIAN_POINT ( 'NONE',  ( 1.345235878690878900, 4.335272736193803500, -3.889857481262125800 ) ) ;
#5870 = DIRECTION ( 'NONE',  ( -0.0000000000000000000, -1.000000000000000000, -0.0000000000000000000 ) ) ;
#5872 = CARTESIAN_POINT ( 'NONE',  ( 9.999992633132722000, 7.953180342225399700, -0.06993374615868075400 ) ) ;
#5871 = CARTESIAN_POINT ( 'NONE',  ( 8.987023473681247800, -4.333611410657233900, -4.191776784957411000 ) ) ;
#5874 = CARTESIAN_POINT ( 'NONE',  ( 9.811773942195984000, 9.184476519538151300, 1.931132558423435300 ) ) ;
#5873 = DIRECTION ( 'NONE',  ( 0.0000000000000000000, 1.000000000000000000, 0.0000000000000000000 ) ) ;
#5876 = CARTESIAN_POINT ( 'NONE',  ( 9.832613747027680900, 8.974342647771948100, 1.822095229813106300 ) ) ;
#5875 = CARTESIAN_POINT ( 'NONE',  ( -3.889857481262125800, 4.335272736193803500, -1.345235878690873800 ) ) ;
#5878 = CARTESIAN_POINT ( 'NONE',  ( 9.881252765204683500, 8.600617959567275200, 1.536681204428524300 ) ) ;
#5877 = CARTESIAN_POINT ( 'NONE',  ( 1.277494330215367800, -4.500000000000000000, 4.001000904307271200 ) ) ;
#5879 = CARTESIAN_POINT ( 'NONE',  ( 9.983202994113991500, 8.032166033948730200, -0.5803027369802782300 ) ) ;
#5881 = CARTESIAN_POINT ( 'NONE',  ( 9.791162004948089900, 9.467849855995657600, 2.033032223916399600 ) ) ;
#5880 = DIRECTION ( 'NONE',  ( 0.0000000000000000000, 0.0000000000000000000, 1.000000000000000000 ) ) ;
#5883 = CARTESIAN_POINT ( 'NONE',  ( 9.979147173796747000, 8.051711647445836600, -0.6463087637464718400 ) ) ;
#5882 = CARTESIAN_POINT ( 'NONE',  ( 3.662455649664206000, 4.500000000000000000, 1.479499447192450100 ) ) ;
#5884 = CARTESIAN_POINT ( 'NONE',  ( 9.976976148985798400, 8.062243949040260200, -0.6789674315503706500 ) ) ;
#5885 = CARTESIAN_POINT ( 'NONE',  ( 9.937941651500487700, 8.262145749773656800, 1.112740256089870900 ) ) ;
#5886 = CARTESIAN_POINT ( 'NONE',  ( 9.787663232476298000, 9.532643425263334100, 2.049810207820832000 ) ) ;
#5888 = CARTESIAN_POINT ( 'NONE',  ( 9.852587955519407400, 8.805885812507312900, 1.711142307290633100 ) ) ;
#5887 = CARTESIAN_POINT ( 'NONE',  ( -3.662455649664206000, 4.500000000000000000, -1.479499447192451900 ) ) ;
#5890 = CARTESIAN_POINT ( 'NONE',  ( 9.823268310318580300, 9.062784903810909400, 1.871811162863948000 ) ) ;
#5889 = CARTESIAN_POINT ( 'NONE',  ( 1.277494330215367800, 4.250000000000002700, 4.001000904307272100 ) ) ;
#5891 = CARTESIAN_POINT ( 'NONE',  ( 9.873967772902078700, 8.650106883252053800, 1.582815788800515200 ) ) ;
#5893 = CARTESIAN_POINT ( 'NONE',  ( 9.903272478791091500, 8.460511190493436500, 1.387753324906621600 ) ) ;
#5892 = DIRECTION ( 'NONE',  ( 0.0000000000000000000, 0.0000000000000000000, 1.000000000000000000 ) ) ;
#5895 = CARTESIAN_POINT ( 'NONE',  ( 9.988514490106071600, 8.006866847960719000, -0.4794444620902914000 ) ) ;
#5894 = CARTESIAN_POINT ( 'NONE',  ( 2.588190451025183900, -4.249999999999999100, 9.659258262890691800 ) ) ;
#5896 = CARTESIAN_POINT ( 'NONE',  ( 9.962133662648694700, 8.135855613834978700, 0.8695666410180805700 ) ) ;
#5897 = CARTESIAN_POINT ( 'NONE',  ( 9.964848654512886500, 8.122186983837059100, 0.8378804977038976100 ) ) ;
#5899 = CARTESIAN_POINT ( 'NONE',  ( 9.842433676878942000, 8.888885848295654300, 1.768296880976823600 ) ) ;
#5898 = CARTESIAN_POINT ( 'NONE',  ( -4.001000904307271200, 4.250000000000002700, -1.277494330215367800 ) ) ;
#5901 = CARTESIAN_POINT ( 'NONE',  ( 9.806544094001656800, 9.246289305396464500, 1.957517262607323200 ) ) ;
#5900 = DIRECTION ( 'NONE',  ( 0.0000000000000000000, 0.0000000000000000000, 1.000000000000000000 ) ) ;
#5902 = CARTESIAN_POINT ( 'NONE',  ( 9.793067537638561900, 9.435702703868116700, 2.023840955997021400 ) ) ;
#5904 = CARTESIAN_POINT ( 'NONE',  ( 9.799376981235596400, 9.340252587107741500, 1.993075645102637500 ) ) ;
#5903 = CARTESIAN_POINT ( 'NONE',  ( 3.777088541010631400, 4.418762379582879900, 1.412619205980624800 ) ) ;
#5906 = CARTESIAN_POINT ( 'NONE',  ( 9.804061512935879500, 9.277445208173466200, 1.969902932335809300 ) ) ;
#5905 = DIRECTION ( 'NONE',  ( 0.0000000000000000000, 1.000000000000000000, 0.0000000000000000000 ) ) ;
#5908 = CARTESIAN_POINT ( 'NONE',  ( 9.814522472665162300, 9.153808190770439200, 1.917126834686581700 ) ) ;
#5907 = DIRECTION ( 'NONE',  ( -0.0000000000000000000, -1.000000000000000000, -6.123233995736754900E-017 ) ) ;
#5910 = CARTESIAN_POINT ( 'NONE',  ( 9.829439141917077900, 9.003497327445302300, 1.839130738707847900 ) ) ;
#5909 = DIRECTION ( 'NONE',  ( 0.0000000000000000000, 1.000000000000000000, 0.0000000000000000000 ) ) ;
#5912 = CARTESIAN_POINT ( 'NONE',  ( 9.870349406634355600, 8.675341575529234500, 1.605206163741732500 ) ) ;
#5911 = CARTESIAN_POINT ( 'NONE',  ( 4.001000904307272100, -4.500000000000000000, 1.277494330215370500 ) ) ;
#5913 = DIRECTION ( 'NONE',  ( 4.440892098500626200E-015, 0.0000000000000000000, 1.000000000000000000 ) ) ;
#5915 = CARTESIAN_POINT ( 'NONE',  ( 9.947546136112839200, 8.210962709041659500, -1.023355082806063800 ) ) ;
#5914 = CARTESIAN_POINT ( 'NONE',  ( 1.345235878690924400, 4.335272736193855000, 3.889857481262194200 ) ) ;
#5917 = CARTESIAN_POINT ( 'NONE',  ( 9.934617162241110600, 8.280269593774546500, -1.141752656259169600 ) ) ;
#5916 = CARTESIAN_POINT ( 'NONE',  ( 1.412619205980578700, 4.418762379582838100, 3.777088541010575000 ) ) ;
#5918 = CARTESIAN_POINT ( 'NONE',  ( -3.777088541010632300, 4.418762379582879000, -1.412619205980626600 ) ) ;
#5920 = CARTESIAN_POINT ( 'NONE',  ( 9.924401705833705700, 8.336874208871032400, -1.227609303325575100 ) ) ;
#5919 = DIRECTION ( 'NONE',  ( -0.0000000000000000000, 1.000000000000000000, 6.123233995736766000E-017 ) ) ;
#5921 = CARTESIAN_POINT ( 'NONE',  ( 9.881343986164004900, 8.600009452007304500, -1.536094547106905600 ) ) ;
#5923 = CARTESIAN_POINT ( 'NONE',  ( 9.859595332889895800, 8.753325909614517300, -1.669975365679594600 ) ) ;
#5922 = CARTESIAN_POINT ( 'NONE',  ( -9.659258262890688200, -4.249999999999999100, -2.588190451025176800 ) ) ;
#5925 = CARTESIAN_POINT ( 'NONE',  ( 9.852533787111871900, 8.807274567076117200, -1.711143614240877600 ) ) ;
#5924 = DIRECTION ( 'NONE',  ( 0.0000000000000000000, 1.000000000000000000, 0.0000000000000000000 ) ) ;
#5926 = CARTESIAN_POINT ( 'NONE',  ( 4.001000904307271200, -4.500000000000000000, -1.277494330215370100 ) ) ;
#5927 = CARTESIAN_POINT ( 'NONE',  ( 9.849063415326861900, 8.834666282866335200, -1.730989943092322800 ) ) ;
#5929 = CARTESIAN_POINT ( 'NONE',  ( 9.823222315963141300, 9.063251235572005600, -1.872050772318320200 ) ) ;
#5928 = DIRECTION ( 'NONE',  ( 0.0000000000000000000, 0.0000000000000000000, 1.000000000000000000 ) ) ;
#5931 = CARTESIAN_POINT ( 'NONE',  ( 9.939576102416182800, 8.253391878130434700, -1.097747512522164500 ) ) ;
#5930 = CARTESIAN_POINT ( 'NONE',  ( 4.001000904307272100, 4.250000000000002700, 1.277494330215371000 ) ) ;
#5933 = CARTESIAN_POINT ( 'NONE',  ( 9.820265258032172500, 9.093009743024206100, -1.887488958957750200 ) ) ;
#5932 = CARTESIAN_POINT ( 'NONE',  ( 9.085178540258279900, -4.249999999999999100, -4.178460349414660200 ) ) ;
#5935 = CARTESIAN_POINT ( 'NONE',  ( 9.972366767056820800, 8.084806760815640200, -0.7436067205206284800 ) ) ;
#5934 = CARTESIAN_POINT ( 'NONE',  ( -9.659258262890695300, -4.249999999999999100, 2.588190451025184300 ) ) ;
#5937 = CARTESIAN_POINT ( 'NONE',  ( 9.927849254109851500, 8.317547942502237400, -1.199435634096076800 ) ) ;
#5936 = CARTESIAN_POINT ( 'NONE',  ( 3.889857481262127600, 4.335272736193804400, 1.345235878690876900 ) ) ;
#5939 = CARTESIAN_POINT ( 'NONE',  ( 9.956614692709523600, 8.163694506491699700, -0.9324828928585107100 ) ) ;
#5938 = CARTESIAN_POINT ( 'NONE',  ( 9.085178540258279900, 4.250000000000002700, -4.178460349414659300 ) ) ;
#5941 = CARTESIAN_POINT ( 'NONE',  ( 9.814567293022275200, 9.153323330533670100, -1.916896759138245500 ) ) ;
#5940 = CARTESIAN_POINT ( 'NONE',  ( 9.659258262890695300, -4.249999999999999100, -2.588190451025186100 ) ) ;
#5943 = CARTESIAN_POINT ( 'NONE',  ( 9.944414247927312500, 8.227486477280381300, -1.053333077183952200 ) ) ;
#5942 = CARTESIAN_POINT ( 'NONE',  ( 8.987023473681249500, 4.333611410657236500, -4.191776784957410100 ) ) ;
#5944 = CARTESIAN_POINT ( 'NONE',  ( 9.895919220614228400, 8.505323632533262000, -1.439853547661807300 ) ) ;
#5945 = CARTESIAN_POINT ( 'NONE',  ( 9.874061172270408800, 8.649461495392317900, -1.582233053723896400 ) ) ;
#5947 = CARTESIAN_POINT ( 'NONE',  ( 9.806583916575315000, 9.245797471201951700, -1.957317983319086800 ) ) ;
#5946 = DIRECTION ( 'NONE',  ( -0.0000000000000000000, 1.000000000000000000, 6.123233995736766000E-017 ) ) ;
#5949 = CARTESIAN_POINT ( 'NONE',  ( 9.804083084825588700, 9.277153008475457000, -1.969796410172815600 ) ) ;
#5948 = DIRECTION ( 'NONE',  ( -0.0000000000000000000, 1.000000000000000000, 6.123233995736766000E-017 ) ) ;
#5950 = DIRECTION ( 'NONE',  ( -0.0000000000000000000, 1.000000000000000000, 6.123233995736766000E-017 ) ) ;
#5951 = CARTESIAN_POINT ( 'NONE',  ( 9.838951768476157200, 8.918408613174770800, -1.787554021346590800 ) ) ;
#5952 = CARTESIAN_POINT ( 'NONE',  ( 9.800527218336483800, 9.324832398174885700, -1.987385737513871500 ) ) ;
#5953 = CARTESIAN_POINT ( 'NONE',  ( 9.863199273040947900, 8.726681535603587400, -1.648573640197480000 ) ) ;
#5955 = CARTESIAN_POINT ( 'NONE',  ( 9.842272951360174100, 8.890229656783741800, -1.769191779902769000 ) ) ;
#5954 = CARTESIAN_POINT ( 'NONE',  ( 0.0000000000000000000, 4.250000000000002700, -1.530808498934169000E-017 ) ) ;
#5957 = CARTESIAN_POINT ( 'NONE',  ( 9.884992325788132900, 8.575889122733716600, -1.512456898723701000 ) ) ;
#5956 = CARTESIAN_POINT ( 'NONE',  ( 8.888652636735178800, 4.416954607233579500, -4.205192687343672900 ) ) ;
#5958 = CARTESIAN_POINT ( 'NONE',  ( -9.659258262890688200, 4.250000000000002700, -2.588190451025176300 ) ) ;
#5960 = CARTESIAN_POINT ( 'NONE',  ( 9.969928386011300600, 8.096837338772234100, -0.7755873100387911100 ) ) ;
#5959 = DIRECTION ( 'NONE',  ( -2.653106492670411000E-015, 0.0000000000000000000, 1.000000000000000000 ) ) ;
#5962 = CARTESIAN_POINT ( 'NONE',  ( 9.937938418592228400, 8.262222520973375900, -1.112473305504613400 ) ) ;
#5961 = CARTESIAN_POINT ( 'NONE',  ( 1.277494330215373000, -4.500000000000000000, -4.001000904307272100 ) ) ;
#5963 = CARTESIAN_POINT ( 'NONE',  ( 8.790046626563489300, 4.500000000000000000, -4.218717850584452500 ) ) ;
#5965 = CARTESIAN_POINT ( 'NONE',  ( 9.832480186689219100, 8.975555949278957600, -1.822815050271823400 ) ) ;
#5964 = CARTESIAN_POINT ( 'NONE',  ( 8.790046626563487600, -4.500000000000000000, -4.218717850584449800 ) ) ;
#5966 = CARTESIAN_POINT ( 'NONE',  ( 8.888652636735175200, -4.416954607233576800, -4.205192687343672000 ) ) ;
#5967 = CARTESIAN_POINT ( 'NONE',  ( 9.829329772937933600, 9.004524336607309100, -1.839713820571438300 ) ) ;
#5968 = CARTESIAN_POINT ( 'NONE',  ( 9.811826370600641700, 9.183878394298139000, -1.930866400687010000 ) ) ;
#5970 = CARTESIAN_POINT ( 'NONE',  ( 9.799374353218471600, 9.340839174180700900, -1.993061297067873400 ) ) ;
#5969 = CARTESIAN_POINT ( 'NONE',  ( -4.949747468305860200, -4.999999999999999100, 4.949747468305805100 ) ) ;
#5971 = CARTESIAN_POINT ( 'NONE',  ( 9.797149452100892800, 9.372885677471847600, -2.003969444313982200 ) ) ;
#5972 = CARTESIAN_POINT ( 'NONE',  ( 9.796075116121132400, 9.388953032275473700, -2.009213577304295800 ) ) ;
#5973 = CARTESIAN_POINT ( 'NONE',  ( -3.777088541010632700, 4.418762379582879900, 1.412619205980624600 ) ) ;
#5974 = CARTESIAN_POINT ( 'NONE',  ( 9.659258262890695300, 4.250000000000002700, -2.588190451025185600 ) ) ;
#5976 = CARTESIAN_POINT ( 'NONE',  ( 9.917418176895077800, 8.376735608983901600, -1.282805750275909400 ) ) ;
#5975 = CARTESIAN_POINT ( 'NONE',  ( 0.0000000000000000000, 2.000000000000000000, 0.0000000000000000000 ) ) ;
#5977 = CARTESIAN_POINT ( 'NONE',  ( 0.0000000000000000000, 4.250000000000004400, -1.530808498934159200E-017 ) ) ;
#5978 = CARTESIAN_POINT ( 'NONE',  ( 3.777088541010629600, -4.418762379582878100, -1.412619205980626200 ) ) ;
#5979 = CARTESIAN_POINT ( 'NONE',  ( -4.001000904307271200, 4.250000000000002700, 1.277494330215369400 ) ) ;
#5980 = CARTESIAN_POINT ( 'NONE',  ( -8.790046626563489300, 4.500000000000000000, 4.218717850584448900 ) ) ;
#5982 = CARTESIAN_POINT ( 'NONE',  ( 9.932934400454541900, 8.289481966638586400, -1.156297876079392100 ) ) ;
#5981 = DIRECTION ( 'NONE',  ( -0.0000000000000000000, -1.000000000000000000, -0.0000000000000000000 ) ) ;
#5984 = CARTESIAN_POINT ( 'NONE',  ( 9.962240019607246900, 8.135162075799014400, -0.8705205432326813500 ) ) ;
#5983 = CARTESIAN_POINT ( 'NONE',  ( 1.479499447192448300, 4.500000000000000000, 3.662455649664207300 ) ) ;
#5985 = CARTESIAN_POINT ( 'NONE',  ( 9.913882138321364200, 8.397270787172351100, -1.309829475871620500 ) ) ;
#5987 = CARTESIAN_POINT ( 'NONE',  ( 9.903179872895508500, 8.460669967253274100, -1.389201232528415100 ) ) ;
#5986 = DIRECTION ( 'NONE',  ( 0.0000000000000000000, 0.0000000000000000000, 1.000000000000000000 ) ) ;
#5988 = CARTESIAN_POINT ( 'NONE',  ( 9.870425431895764500, 8.674802956846811200, -1.604740977959168800 ) ) ;
#5989 = DIRECTION ( 'NONE',  ( -0.0000000000000000000, -1.000000000000000000, -0.0000000000000000000 ) ) ;
#5990 = CARTESIAN_POINT ( 'NONE',  ( -9.085178540258279900, 4.250000000000002700, -4.178460349414661900 ) ) ;
#5991 = DIRECTION ( 'NONE',  ( 0.0000000000000000000, 1.000000000000000000, 0.0000000000000000000 ) ) ;
#5992 = DIRECTION ( 'NONE',  ( 0.0000000000000000000, 0.0000000000000000000, -1.000000000000000000 ) ) ;
#5994 = CARTESIAN_POINT ( 'NONE',  ( 9.776656940290957100, 9.864926141165046400, -2.101672479954474600 ) ) ;
#5993 = CARTESIAN_POINT ( 'NONE',  ( -3.662455649664206900, 4.500000000000000000, 1.479499447192448500 ) ) ;
#5996 = CARTESIAN_POINT ( 'NONE',  ( 0.0000000000000000000, 9.999999999999998200, 0.0000000000000000000 ) ) ;
#5995 = DIRECTION ( 'NONE',  ( -1.776356839400250500E-015, 0.0000000000000000000, 1.000000000000000000 ) ) ;
#5998 = CARTESIAN_POINT ( 'NONE',  ( 0.0000000000000000000, -4.500000000000000000, -5.510910596163088600E-016 ) ) ;
#5997 = CARTESIAN_POINT ( 'NONE',  ( 2.588190451025183900, 4.250000000000005300, 9.659258262890691800 ) ) ;
#5999 = FILL_AREA_STYLE ('',( #6059 ) ) ;
#6000 =( LENGTH_UNIT ( ) NAMED_UNIT ( * ) SI_UNIT ( .MILLI., .METRE. ) );
#6002 =( NAMED_UNIT ( * ) SI_UNIT ( $, .STERADIAN. ) SOLID_ANGLE_UNIT ( ) );
#6001 = DIRECTION ( 'NONE',  ( 0.0000000000000000000, 0.0000000000000000000, 1.000000000000000000 ) ) ;
#6004 = DIRECTION ( 'NONE',  ( -0.0000000000000000000, 1.000000000000000000, 6.123233995736766000E-017 ) ) ;
#6003 = DIRECTION ( 'NONE',  ( 0.0000000000000000000, 0.0000000000000000000, 1.000000000000000000 ) ) ;
#6005 = DIRECTION ( 'NONE',  ( 0.0000000000000000000, 0.0000000000000000000, 1.000000000000000000 ) ) ;
#6006 = CARTESIAN_POINT ( 'NONE',  ( 9.787398808432071100, 9.534414893250081800, -2.051100359601409900 ) ) ;
#6008 = CARTESIAN_POINT ( 'NONE',  ( 9.779566930825062300, 9.731585290673168100, -2.088089792871046700 ) ) ;
#6007 = CARTESIAN_POINT ( 'NONE',  ( 3.889857481262124900, -4.335272736193800800, -1.345235878690876500 ) ) ;
#6010 = DIRECTION ( 'NONE',  ( 0.0000000000000000000, 0.0000000000000000000, 1.000000000000000000 ) ) ;
#6009 = CARTESIAN_POINT ( 'NONE',  ( 3.662455649664202500, -4.500000000000000000, -1.479499447192450700 ) ) ;
#6012 = DIRECTION ( 'NONE',  ( 0.0000000000000000000, 1.000000000000000000, 0.0000000000000000000 ) ) ;
#6011 = DIRECTION ( 'NONE',  ( 0.0000000000000000000, 1.000000000000000000, 0.0000000000000000000 ) ) ;
#6013 = DIRECTION ( 'NONE',  ( 0.0000000000000000000, 1.000000000000000000, 6.123233995736746300E-017 ) ) ;
#6015 = DIRECTION ( 'NONE',  ( -0.0000000000000000000, 1.000000000000000000, 6.123233995736766000E-017 ) ) ;
#6014 = DIRECTION ( 'NONE',  ( 0.0000000000000000000, -1.000000000000000000, -6.123233995736766000E-017 ) ) ;
#6016 = DIRECTION ( 'NONE',  ( 0.0000000000000000000, -1.020425574104004100E-016, 1.000000000000000000 ) ) ;
#6017 = CARTESIAN_POINT ( 'NONE',  ( -9.085178540258281600, 4.250000000000003600, 4.178460349414659300 ) ) ;
#6019 =( NAMED_UNIT ( * ) PLANE_ANGLE_UNIT ( ) SI_UNIT ( $, .RADIAN. ) );
#6018 = CARTESIAN_POINT ( 'NONE',  ( -3.889857481262126300, 4.335272736193803500, 1.345235878690875100 ) ) ;
#6021 = CARTESIAN_POINT ( 'NONE',  ( -4.949747468305860200, -4.999999999999999100, 4.949747468305805100 ) ) ;
#6020 = CARTESIAN_POINT ( 'NONE',  ( -4.205192687343670200, 4.416954607233578600, 8.888652636735178800 ) ) ;
#6022 = DIRECTION ( 'NONE',  ( -1.000000000000000000, -0.0000000000000000000, -0.0000000000000000000 ) ) ;
#6024 = DIRECTION ( 'NONE',  ( -0.0000000000000000000, -1.000000000000000000, -0.0000000000000000000 ) ) ;
#6023 = CARTESIAN_POINT ( 'NONE',  ( -4.178460349414656600, 4.250000000000002700, 9.085178540258278100 ) ) ;
#6025 = DIRECTION ( 'NONE',  ( 1.785744754682007400E-015, 0.0000000000000000000, 1.000000000000000000 ) ) ;
#6027 = DIRECTION ( 'NONE',  ( 0.0000000000000000000, -1.000000000000000000, -6.123233995736766000E-017 ) ) ;
#6026 = CARTESIAN_POINT ( 'NONE',  ( -8.888652636735178800, 4.416954607233580400, -4.205192687343671100 ) ) ;
#6028 = DIRECTION ( 'NONE',  ( 0.0000000000000000000, 0.0000000000000000000, 1.000000000000000000 ) ) ;
#6030 = DIRECTION ( 'NONE',  ( 0.0000000000000000000, -1.000000000000000000, 0.0000000000000000000 ) ) ;
#6029 = CARTESIAN_POINT ( 'NONE',  ( -8.987023473681251300, 4.333611410657237400, 4.191776784957409200 ) ) ;
#6031 = CARTESIAN_POINT ( 'NONE',  ( -4.218717850584449800, 4.500000000000000000, 8.790046626563489300 ) ) ;
#6032 = CARTESIAN_POINT ( 'NONE',  ( 0.0000000000000000000, 4.500000000000000000, 0.0000000000000000000 ) ) ;
#6034 = DIRECTION ( 'NONE',  ( 0.0000000000000000000, 0.0000000000000000000, 1.000000000000000000 ) ) ;
#6033 = DIRECTION ( 'NONE',  ( -0.0000000000000000000, -1.000000000000000000, -6.123233995736754900E-017 ) ) ;
#6036 = DIRECTION ( 'NONE',  ( -0.0000000000000000000, 1.000000000000000000, 6.123233995736766000E-017 ) ) ;
#6035 = CARTESIAN_POINT ( 'NONE',  ( 4.001000904307271200, -4.249999999999999100, -1.277494330215370100 ) ) ;
#6038 = DIRECTION ( 'NONE',  ( 0.0000000000000000000, 0.0000000000000000000, -1.000000000000000000 ) ) ;
#6037 = CARTESIAN_POINT ( 'NONE',  ( -4.191776784957405700, 4.333611410657236500, 8.987023473681249500 ) ) ;
#6040 = CARTESIAN_POINT ( 'NONE',  ( 9.775910270482302900, 9.999999999999992900, -2.105131440903070100 ) ) ;
#6039 = CARTESIAN_POINT ( 'NONE',  ( -8.790046626563489300, 4.500000000000000000, -4.218717850584449800 ) ) ;
#6041 = CARTESIAN_POINT ( 'NONE',  ( -9.085178540258281600, -4.249999999999999100, 4.178460349414658400 ) ) ;
#6042 = CARTESIAN_POINT ( 'NONE',  ( 0.0000000000000000000, -4.249999999999999100, -5.357829746269668600E-016 ) ) ;
#6044 = DIRECTION ( 'NONE',  ( 0.0000000000000000000, 1.000000000000000000, 0.0000000000000000000 ) ) ;
#6043 = CARTESIAN_POINT ( 'NONE',  ( 9.659258262890688200, -4.249999999999999100, 2.588190451025178500 ) ) ;
#6046 = CARTESIAN_POINT ( 'NONE',  ( 2.588190451025183900, -4.500000000000000900, 9.659258262890691800 ) ) ;
#6045 = CARTESIAN_POINT ( 'NONE',  ( -8.987023473681249500, 4.333611410657236500, -4.191776784957411900 ) ) ;
#6048 = DIRECTION ( 'NONE',  ( 0.0000000000000000000, -1.020425574104004100E-016, 1.000000000000000000 ) ) ;
#6047 = CARTESIAN_POINT ( 'NONE',  ( -8.888652636735178800, 4.416954607233578600, 4.205192687343671100 ) ) ;
#6050 = DIRECTION ( 'NONE',  ( 0.0000000000000000000, 6.123233995736766000E-017, -1.000000000000000000 ) ) ;
#6049 = CARTESIAN_POINT ( 'NONE',  ( 4.178460349414659300, 4.250000000000002700, -9.085178540258285200 ) ) ;
#6051 = DIRECTION ( 'NONE',  ( 0.0000000000000000000, 0.0000000000000000000, -1.000000000000000000 ) ) ;
#6053 = CARTESIAN_POINT ( 'NONE',  ( 9.781730417774324900, 9.665485060825625800, -2.077965070739320500 ) ) ;
#6052 = CARTESIAN_POINT ( 'NONE',  ( 0.0000000000000000000, -4.249999999999997300, 0.0000000000000000000 ) ) ;
#6055 = DIRECTION ( 'NONE',  ( 0.0000000000000000000, 1.000000000000000000, 6.123233995736746300E-017 ) ) ;
#6054 = CARTESIAN_POINT ( 'NONE',  ( -4.001000904307271200, -4.500000000000000000, 1.277494330215369000 ) ) ;
#6056 = CARTESIAN_POINT ( 'NONE',  ( 4.205192687343669400, 4.416954607233578600, -8.888652636735182400 ) ) ;
#6058 = DIRECTION ( 'NONE',  ( 0.0000000000000000000, -1.000000000000000000, 0.0000000000000000000 ) ) ;
#6057 = CARTESIAN_POINT ( 'NONE',  ( 3.662455649664206000, 4.500000000000000000, -1.479499447192451600 ) ) ;
#6059 = FILL_AREA_STYLE_COLOUR ( '', #4358 ) ;
#6061 = DIRECTION ( 'NONE',  ( 0.0000000000000000000, 0.0000000000000000000, 1.000000000000000000 ) ) ;
#6060 = CARTESIAN_POINT ( 'NONE',  ( -4.218717850584452500, -4.500000000000000000, -8.790046626563484000 ) ) ;
#6063 = CARTESIAN_POINT ( 'NONE',  ( -9.659258262890695300, 4.250000000000002700, 2.588190451025184700 ) ) ;
#6062 = DIRECTION ( 'NONE',  ( -0.0000000000000000000, -1.000000000000000000, -0.0000000000000000000 ) ) ;
#6065 = CARTESIAN_POINT ( 'NONE',  ( -4.949747468305860200, -4.999999999999999100, 4.949747468305805100 ) ) ;
#6064 = CARTESIAN_POINT ( 'NONE',  ( 3.662455649664200700, -4.500000000000000000, 1.479499447192454300 ) ) ;
#6066 = DIRECTION ( 'NONE',  ( -0.0000000000000000000, -1.000000000000000000, -0.0000000000000000000 ) ) ;
#6067 = CARTESIAN_POINT ( 'NONE',  ( 9.790905044955106700, 9.469437990949318300, -2.034354422020312900 ) ) ;
#6068 = CARTESIAN_POINT ( 'NONE',  ( 9.659258262890688200, -4.500000000000000000, 2.588190451025178500 ) ) ;
#6070 = DIRECTION ( 'NONE',  ( 0.0000000000000000000, 0.0000000000000000000, -1.000000000000000000 ) ) ;
#6069 = CARTESIAN_POINT ( 'NONE',  ( 4.191776784957411000, 4.333611410657237400, 8.987023473681251300 ) ) ;
#6072 = CARTESIAN_POINT ( 'NONE',  ( 0.0000000000000000000, 4.500000000000000000, 0.0000000000000000000 ) ) ;
#6071 = DIRECTION ( 'NONE',  ( 0.0000000000000000000, 1.000000000000000000, 6.123233995736746300E-017 ) ) ;
#6073 = SURFACE_SIDE_STYLE ('',( #4359 ) ) ;
#6075 = CARTESIAN_POINT ( 'NONE',  ( 9.775910268390745700, 9.932182083076512000, -2.105131448825598100 ) ) ;
#6074 = CARTESIAN_POINT ( 'NONE',  ( 9.085178540258281600, -4.249999999999999100, 4.178460349414656600 ) ) ;
#6076 = CARTESIAN_POINT ( 'NONE',  ( -8.790046626563484000, -4.500000000000000000, 4.218717850584452500 ) ) ;
#6077 = SURFACE_STYLE_USAGE ( .BOTH. , #6073 ) ;
#6079 = CARTESIAN_POINT ( 'NONE',  ( 0.0000000000000000000, -4.500000000000000000, -5.510910596163088600E-016 ) ) ;
#6078 = DIRECTION ( 'NONE',  ( -0.0000000000000000000, -1.000000000000000000, -0.0000000000000000000 ) ) ;
#6081 = DIRECTION ( 'NONE',  ( 0.0000000000000000000, 0.0000000000000000000, 1.000000000000000000 ) ) ;
#6080 = CARTESIAN_POINT ( 'NONE',  ( 4.191776784957410100, 4.333611410657237400, -8.987023473681254900 ) ) ;
#6082 = DIRECTION ( 'NONE',  ( -0.0000000000000000000, 1.000000000000000000, 6.123233995736766000E-017 ) ) ;
#6084 = CARTESIAN_POINT ( 'NONE',  ( 9.659258262890688200, -4.500000000000000000, 2.588190451025178500 ) ) ;
#6083 = CARTESIAN_POINT ( 'NONE',  ( -8.987023473681249500, -4.333611410657234800, 4.191776784957409200 ) ) ;
#6086 = PLANE ( 'NONE',  #4072 ) ;
#6085 = CARTESIAN_POINT ( 'NONE',  ( 4.218717850584447100, 4.500000000000000000, -8.790046626563491100 ) ) ;
#6087 = CARTESIAN_POINT ( 'NONE',  ( 0.0000000000000000000, -4.500000000000000000, 0.0000000000000000000 ) ) ;
#6089 = DIRECTION ( 'NONE',  ( -0.0000000000000000000, 1.000000000000000000, -0.0000000000000000000 ) ) ;
#6088 = DIRECTION ( 'NONE',  ( -0.0000000000000000000, 1.000000000000000000, 6.123233995736766000E-017 ) ) ;
#6090 = CARTESIAN_POINT ( 'NONE',  ( 8.790046626563485800, -4.500000000000000000, 4.218717850584447100 ) ) ;
#6092 = SURFACE_STYLE_USAGE ( .BOTH. , #6126 ) ;
#6091 = CARTESIAN_POINT ( 'NONE',  ( -4.191776784957410100, -4.333611410657234800, -8.987023473681251300 ) ) ;
#6094 = CARTESIAN_POINT ( 'NONE',  ( 0.0000000000000000000, -4.500000000000000000, -5.510910596163088600E-016 ) ) ;
#6093 = CARTESIAN_POINT ( 'NONE',  ( 8.888652636735177000, -4.416954607233577700, 4.205192687343669400 ) ) ;
#6095 = CARTESIAN_POINT ( 'NONE',  ( 3.889857481262125800, 4.335272736193803500, -1.345235878690875600 ) ) ;
#6096 = DIRECTION ( 'NONE',  ( 0.0000000000000000000, -6.123233995736766000E-017, 1.000000000000000000 ) ) ;
#6097 = DIRECTION ( 'NONE',  ( -0.0000000000000000000, 1.000000000000000000, 6.123233995736766000E-017 ) ) ;
#6099 = DIRECTION ( 'NONE',  ( 0.0000000000000000000, -1.020425574104004100E-016, 1.000000000000000000 ) ) ;
#6098 = CARTESIAN_POINT ( 'NONE',  ( -2.588190451025182100, 4.250000000000001800, -9.659258262890691800 ) ) ;
#6100 = CARTESIAN_POINT ( 'NONE',  ( 3.777088541010631900, 4.418762379582879900, -1.412619205980625700 ) ) ;
#6102 =( NAMED_UNIT ( * ) PLANE_ANGLE_UNIT ( ) SI_UNIT ( $, .RADIAN. ) );
#6101 = DIRECTION ( 'NONE',  ( 0.0000000000000000000, 0.0000000000000000000, 1.000000000000000000 ) ) ;
#6104 =( NAMED_UNIT ( * ) SI_UNIT ( $, .STERADIAN. ) SOLID_ANGLE_UNIT ( ) );
#6103 = CARTESIAN_POINT ( 'NONE',  ( -4.205192687343672900, -4.416954607233577700, -8.888652636735177000 ) ) ;
#6106 = DIRECTION ( 'NONE',  ( 0.0000000000000000000, 1.000000000000000000, 0.0000000000000000000 ) ) ;
#6105 = CARTESIAN_POINT ( 'NONE',  ( 4.178460349414661000, 4.250000000000003600, 9.085178540258281600 ) ) ;
#6108 = CARTESIAN_POINT ( 'NONE',  ( 0.0000000000000000000, -4.500000000000000000, 0.0000000000000000000 ) ) ;
#6107 = CARTESIAN_POINT ( 'NONE',  ( 4.218717850584449800, 4.500000000000000000, 8.790046626563489300 ) ) ;
#6110 = DIRECTION ( 'NONE',  ( 0.0000000000000000000, 0.0000000000000000000, 1.000000000000000000 ) ) ;
#6109 = CARTESIAN_POINT ( 'NONE',  ( -4.178460349414659300, -4.249999999999999100, -9.085178540258283400 ) ) ;
#6112 = CARTESIAN_POINT ( 'NONE',  ( 0.0000000000000000000, -4.500000000000000000, 0.0000000000000000000 ) ) ;
#6111 = CARTESIAN_POINT ( 'NONE',  ( 3.777088541010628700, -4.418762379582878100, 1.412619205980627500 ) ) ;
#6114 = CARTESIAN_POINT ( 'NONE',  ( -2.588190451025179900, -4.500000000000000900, 9.659258262890691800 ) ) ;
#6113 = CARTESIAN_POINT ( 'NONE',  ( 0.0000000000000000000, -4.249999999999999100, -5.357829746269669600E-016 ) ) ;
#6116 = DIRECTION ( 'NONE',  ( 1.000000000000000000, 0.0000000000000000000, 0.0000000000000000000 ) ) ;
#6115 = CARTESIAN_POINT ( 'NONE',  ( 9.659258262890688200, 4.250000000000002700, 2.588190451025179000 ) ) ;
#6117 = DIRECTION ( 'NONE',  ( 0.0000000000000000000, 0.0000000000000000000, 1.000000000000000000 ) ) ;
#6118 = CARTESIAN_POINT ( 'NONE',  ( 3.889857481262125800, -4.335272736193800800, 1.345235878690877400 ) ) ;
#6120 = CARTESIAN_POINT ( 'NONE',  ( 0.0000000000000000000, 4.500000000000000900, 0.0000000000000000000 ) ) ;
#6119 = CARTESIAN_POINT ( 'NONE',  ( 8.987023473681249500, -4.333611410657234800, 4.191776784957407500 ) ) ;
#6122 = DIRECTION ( 'NONE',  ( 0.0000000000000000000, -1.020425574104004000E-016, 1.000000000000000000 ) ) ;
#6121 = CARTESIAN_POINT ( 'NONE',  ( 4.001000904307271200, 4.250000000000002700, -1.277494330215369600 ) ) ;
#6124 = CARTESIAN_POINT ( 'NONE',  ( 4.949747468305841600, 4.999999999999999100, 4.949747468305822000 ) ) ;
#6123 = DIRECTION ( 'NONE',  ( -0.0000000000000000000, -1.000000000000000000, -6.123233995736754900E-017 ) ) ;
#6126 = SURFACE_SIDE_STYLE ('',( #4346 ) ) ;
#6125 = DIRECTION ( 'NONE',  ( 0.0000000000000000000, 0.0000000000000000000, 1.000000000000000000 ) ) ;
#6128 =( LENGTH_UNIT ( ) NAMED_UNIT ( * ) SI_UNIT ( .MILLI., .METRE. ) );
#6127 = CARTESIAN_POINT ( 'NONE',  ( 4.001000904307272100, -4.249999999999999100, 1.277494330215370500 ) ) ;
#6130 = DIRECTION ( 'NONE',  ( 0.0000000000000000000, 1.000000000000000000, 6.123233995736766000E-017 ) ) ;
#6129 = CARTESIAN_POINT ( 'NONE',  ( 0.0000000000000000000, 4.250000000000002700, -1.530808498934169000E-017 ) ) ;
#6132 = DIRECTION ( 'NONE',  ( -0.0000000000000000000, 1.000000000000000000, 6.123233995736766000E-017 ) ) ;
#6131 = DIRECTION ( 'NONE',  ( 0.0000000000000000000, 0.0000000000000000000, 1.000000000000000000 ) ) ;
#6133 = DIRECTION ( 'NONE',  ( 0.0000000000000000000, 0.0000000000000000000, 1.000000000000000000 ) ) ;
#6134 = CARTESIAN_POINT ( 'NONE',  ( 0.0000000000000000000, 4.500000000000000000, 0.0000000000000000000 ) ) ;
#6135 = CARTESIAN_POINT ( 'NONE',  ( 4.205192687343672000, 4.416954607233578600, 8.888652636735180600 ) ) ;
#6136 = DIRECTION ( 'NONE',  ( -0.0000000000000000000, 1.000000000000000000, 6.123233995736766000E-017 ) ) ;
#6137 = DIRECTION ( 'NONE',  ( 0.0000000000000000000, -1.000000000000000000, 0.0000000000000000000 ) ) ;
#6138 = DIRECTION ( 'NONE',  ( -0.0000000000000000000, 1.000000000000000000, 6.123233995736766000E-017 ) ) ;
#6139 = CARTESIAN_POINT ( 'NONE',  ( -2.588190451025182100, -4.499999999999999100, -9.659258262890691800 ) ) ;
#6141 = PLANE ( 'NONE',  #4103 ) ;
#6140 = CARTESIAN_POINT ( 'NONE',  ( -8.888652636735175200, -4.416954607233577700, 4.205192687343672900 ) ) ;
#6143 = FILL_AREA_STYLE ('',( #6174 ) ) ;
#6142 = DIRECTION ( 'NONE',  ( 0.0000000000000000000, 0.0000000000000000000, 1.000000000000000000 ) ) ;
#6144 = CARTESIAN_POINT ( 'NONE',  ( -2.588190451025182100, -4.249999999999999100, -9.659258262890691800 ) ) ;
#6145 = CARTESIAN_POINT ( 'NONE',  ( 0.0000000000000000000, -2.000000000000000000, 0.0000000000000000000 ) ) ;
#6147 = DIRECTION ( 'NONE',  ( 0.0000000000000000000, -0.0000000000000000000, 1.000000000000000000 ) ) ;
#6146 = DIRECTION ( 'NONE',  ( 0.0000000000000000000, 0.0000000000000000000, 1.000000000000000000 ) ) ;
#6148 = DIRECTION ( 'NONE',  ( 0.0000000000000000000, 0.0000000000000000000, 1.000000000000000000 ) ) ;
#6150 = CARTESIAN_POINT ( 'NONE',  ( -9.659258262890695300, -4.500000000000000000, 2.588190451025184300 ) ) ;
#6149 = CARTESIAN_POINT ( 'NONE',  ( 0.0000000000000000000, -4.249999999999996400, -10.00000000000000200 ) ) ;
#6152 = DIRECTION ( 'NONE',  ( -0.0000000000000000000, 1.000000000000000000, 6.123233995736766000E-017 ) ) ;
#6151 = DIRECTION ( 'NONE',  ( -0.0000000000000000000, -1.000000000000000000, -0.0000000000000000000 ) ) ;
#6154 = DIRECTION ( 'NONE',  ( 0.0000000000000000000, -1.020425574104004100E-016, 1.000000000000000000 ) ) ;
#6153 = CARTESIAN_POINT ( 'NONE',  ( -1.814276715388256400, 9.999999999999998200, -1.720000000000000000 ) ) ;
#6155 = CARTESIAN_POINT ( 'NONE',  ( -9.085178540258256800, 5.000000000000000000, -4.178460349414708100 ) ) ;
#6156 = CARTESIAN_POINT ( 'NONE',  ( 1.277494330215348800, -4.500000000000000000, -4.001000904307275600 ) ) ;
#6158 = PLANE ( 'NONE',  #4108 ) ;
#6157 = CARTESIAN_POINT ( 'NONE',  ( -1.277494330215367800, -4.500000000000000000, -4.001000904307271200 ) ) ;
#6159 = CARTESIAN_POINT ( 'NONE',  ( 2.588190451025178100, -4.499999999999999100, -9.659258262890691800 ) ) ;
#6161 = DIRECTION ( 'NONE',  ( 0.0000000000000000000, -1.000000000000000000, 0.0000000000000000000 ) ) ;
#6160 = DIRECTION ( 'NONE',  ( 0.0000000000000000000, -1.000000000000000000, -6.123233995736766000E-017 ) ) ;
#6163 = CARTESIAN_POINT ( 'NONE',  ( 0.0000000000000000000, -4.500000000000000000, -5.510910596163088600E-016 ) ) ;
#6162 = CARTESIAN_POINT ( 'NONE',  ( 4.949747468305860200, -4.999999999999999100, -4.949747468305805100 ) ) ;
#6165 = DIRECTION ( 'NONE',  ( 0.0000000000000000000, 1.000000000000000000, 0.0000000000000000000 ) ) ;
#6164 = DIRECTION ( 'NONE',  ( -0.0000000000000000000, 1.000000000000000000, 6.123233995736766000E-017 ) ) ;
#6166 = CARTESIAN_POINT ( 'NONE',  ( -1.719998991902361500, 10.00186221772654500, 9.450969739796702700 ) ) ;
#6167 = DIRECTION ( 'NONE',  ( 0.0000000000000000000, 0.0000000000000000000, -1.000000000000000000 ) ) ;
#6169 = DIRECTION ( 'NONE',  ( 0.0000000000000000000, -1.020425574104004100E-016, 1.000000000000000000 ) ) ;
#6168 = CARTESIAN_POINT ( 'NONE',  ( 4.001000904307253400, 5.000000000000000000, -1.277494330215418000 ) ) ;
#6171 = DIRECTION ( 'NONE',  ( 0.0000000000000000000, 0.0000000000000000000, 1.000000000000000000 ) ) ;
#6170 = CARTESIAN_POINT ( 'NONE',  ( -1.412619205980628600, 4.418762379582879000, 3.777088541010630500 ) ) ;
#6173 = CARTESIAN_POINT ( 'NONE',  ( 0.0000000000000000000, 9.999999999999994700, 0.0000000000000000000 ) ) ;
#6172 = CARTESIAN_POINT ( 'NONE',  ( -9.085178540258279900, 4.250000000000002700, -4.178460349414661900 ) ) ;
#6174 = FILL_AREA_STYLE_COLOUR ( '', #4342 ) ;
#6175 = DIRECTION ( 'NONE',  ( 0.0000000000000000000, 1.000000000000000000, 0.0000000000000000000 ) ) ;
#6177 = DIRECTION ( 'NONE',  ( 0.0000000000000000000, 0.0000000000000000000, -1.000000000000000000 ) ) ;
#6176 = CARTESIAN_POINT ( 'NONE',  ( 9.085178540258279900, -4.249999999999999100, -4.178460349414660200 ) ) ;
#6179 = DIRECTION ( 'NONE',  ( 0.0000000000000000000, 0.0000000000000000000, -1.000000000000000000 ) ) ;
#6178 = CARTESIAN_POINT ( 'NONE',  ( -1.277494330215373000, 5.000000000000000000, 4.001000904307269400 ) ) ;
#6181 = DIRECTION ( 'NONE',  ( 0.0000000000000000000, 0.0000000000000000000, 1.000000000000000000 ) ) ;
#6180 = CARTESIAN_POINT ( 'NONE',  ( -4.178460349414656600, 4.250000000000002700, 9.085178540258278100 ) ) ;
#6183 = DIRECTION ( 'NONE',  ( -0.0000000000000000000, 1.000000000000000000, 6.123233995736766000E-017 ) ) ;
#6182 = CARTESIAN_POINT ( 'NONE',  ( -2.588190451025179900, -4.249999999999999100, 9.659258262890691800 ) ) ;
#6184 = CARTESIAN_POINT ( 'NONE',  ( 1.277494330215373000, 4.250000000000002700, -4.001000904307271200 ) ) ;
#6186 = PLANE ( 'NONE',  #4123 ) ;
#6185 = CARTESIAN_POINT ( 'NONE',  ( -1.277494330215373000, 4.250000000000002700, 4.001000904307269400 ) ) ;
#6187 = CARTESIAN_POINT ( 'NONE',  ( -2.588190451025182100, -4.500000000000000000, -9.659258262890691800 ) ) ;
#6189 = DIRECTION ( 'NONE',  ( -0.0000000000000000000, 1.000000000000000000, 6.123233995736766000E-017 ) ) ;
#6188 = DIRECTION ( 'NONE',  ( 0.0000000000000000000, 0.0000000000000000000, 1.000000000000000000 ) ) ;
#6191 = CARTESIAN_POINT ( 'NONE',  ( 0.0000000000000000000, 15.00000000000000000, 0.0000000000000000000 ) ) ;
#6190 = CARTESIAN_POINT ( 'NONE',  ( 4.218717850584451600, -4.500000000000000000, 8.790046626563485800 ) ) ;
#6192 = CARTESIAN_POINT ( 'NONE',  ( 9.659258262890691800, -4.500000000000000000, 2.588190451025167400 ) ) ;
#6193 = CARTESIAN_POINT ( 'NONE',  ( -2.588190451025179900, 4.250000000000003600, 9.659258262890691800 ) ) ;
#6195 = CARTESIAN_POINT ( 'NONE',  ( -9.659258262890691800, -4.500000000000000000, -2.588190451025179900 ) ) ;
#6194 = CARTESIAN_POINT ( 'NONE',  ( 9.085178540258255000, 5.000000000000000000, -4.178460349414715200 ) ) ;
#6196 = CARTESIAN_POINT ( 'NONE',  ( -3.971267992750618300, -4.500000000000000000, -8.904579188808114100 ) ) ;
#6198 = CARTESIAN_POINT ( 'NONE',  ( 0.0000000000000000000, 2.000000000000000000, 0.0000000000000000000 ) ) ;
#6197 = CARTESIAN_POINT ( 'NONE',  ( 0.0000000000000000000, 4.250000000000002700, -1.530808498934169000E-017 ) ) ;
#6199 = CARTESIAN_POINT ( 'NONE',  ( 9.659258262890688200, 4.250000000000002700, 2.588190451025179000 ) ) ;
#6201 = DIRECTION ( 'NONE',  ( 0.0000000000000000000, 0.0000000000000000000, 1.000000000000000000 ) ) ;
#6200 = DIRECTION ( 'NONE',  ( 0.0000000000000000000, 0.0000000000000000000, 1.000000000000000000 ) ) ;
#6202 = CARTESIAN_POINT ( 'NONE',  ( 1.277494330215373000, -4.249999999999999100, -4.001000904307272100 ) ) ;
#6204 = DIRECTION ( 'NONE',  ( -0.0000000000000000000, 1.000000000000000000, -0.0000000000000000000 ) ) ;
#6203 = CARTESIAN_POINT ( 'NONE',  ( -4.178460349414659300, 4.250000000000003600, -9.085178540258283400 ) ) ;
#6205 = CARTESIAN_POINT ( 'NONE',  ( 3.971267992750581800, -4.500000000000000000, 8.904579188808131800 ) ) ;
#6207 = CARTESIAN_POINT ( 'NONE',  ( 0.0000000000000000000, -4.500000000000000000, 0.0000000000000000000 ) ) ;
#6206 = CARTESIAN_POINT ( 'NONE',  ( -4.001000904307260500, 5.000000000000000000, -1.277494330215395600 ) ) ;
#6209 = DIRECTION ( 'NONE',  ( 0.0000000000000000000, 0.0000000000000000000, 1.000000000000000000 ) ) ;
#6208 = CARTESIAN_POINT ( 'NONE',  ( 8.790046626563487600, -4.500000000000000000, -4.218717850584449800 ) ) ;
#6211 = CARTESIAN_POINT ( 'NONE',  ( 4.829629131445345900, -4.500000000000000000, 1.294095225512583700 ) ) ;
#6210 = CARTESIAN_POINT ( 'NONE',  ( 4.178460349414618400, 5.000000000000000000, -9.085178540258303000 ) ) ;
#6213 = DIRECTION ( 'NONE',  ( -0.0000000000000000000, 1.000000000000000000, -0.0000000000000000000 ) ) ;
#6212 = CARTESIAN_POINT ( 'NONE',  ( 1.277494330215367800, 4.250000000000002700, 4.001000904307272100 ) ) ;
#6215 = DIRECTION ( 'NONE',  ( -0.0000000000000000000, -1.000000000000000000, -0.0000000000000000000 ) ) ;
#6214 = DIRECTION ( 'NONE',  ( -0.0000000000000000000, -1.000000000000000000, -0.0000000000000000000 ) ) ;
#6217 = DIRECTION ( 'NONE',  ( -0.0000000000000000000, -1.000000000000000000, -0.0000000000000000000 ) ) ;
#6216 = CARTESIAN_POINT ( 'NONE',  ( 4.191776784957411900, -4.333611410657233900, 8.987023473681249500 ) ) ;
#6218 = DIRECTION ( 'NONE',  ( 0.0000000000000000000, 1.000000000000000000, 6.123233995736766000E-017 ) ) ;
#6220 = DIRECTION ( 'NONE',  ( 0.0000000000000000000, 1.000000000000000000, 0.0000000000000000000 ) ) ;
#6219 = CARTESIAN_POINT ( 'NONE',  ( -9.085178540258281600, 4.250000000000003600, 4.178460349414659300 ) ) ;
#6221 = CARTESIAN_POINT ( 'NONE',  ( 2.588190451025178100, 4.250000000000001800, -9.659258262890691800 ) ) ;
#6222 = DIRECTION ( 'NONE',  ( 0.0000000000000000000, 0.0000000000000000000, 1.000000000000000000 ) ) ;
#6224 = DIRECTION ( 'NONE',  ( 0.0000000000000000000, 0.0000000000000000000, 1.000000000000000000 ) ) ;
#6223 = DIRECTION ( 'NONE',  ( 0.0000000000000000000, 0.0000000000000000000, -1.000000000000000000 ) ) ;
#6225 = CARTESIAN_POINT ( 'NONE',  ( 0.0000000000000000000, -4.500000000000000000, 0.0000000000000000000 ) ) ;
#6227 = CARTESIAN_POINT ( 'NONE',  ( 9.659258262890695300, -4.500000000000000000, -2.588190451025186100 ) ) ;
#6226 = DIRECTION ( 'NONE',  ( 0.0000000000000000000, 0.0000000000000000000, 1.000000000000000000 ) ) ;
#6229 = DIRECTION ( 'NONE',  ( -0.0000000000000000000, 1.000000000000000000, -0.0000000000000000000 ) ) ;
#6228 = DIRECTION ( 'NONE',  ( 0.0000000000000000000, 1.000000000000000000, 0.0000000000000000000 ) ) ;
#6230 = CARTESIAN_POINT ( 'NONE',  ( 4.178460349414661000, -4.249999999999999100, 9.085178540258281600 ) ) ;
#6232 = DIRECTION ( 'NONE',  ( 0.0000000000000000000, -0.0000000000000000000, -1.000000000000000000 ) ) ;
#6231 = CARTESIAN_POINT ( 'NONE',  ( -1.479499447192454100, 4.500000000000000000, 3.662455649664205100 ) ) ;
#6233 = CARTESIAN_POINT ( 'NONE',  ( -4.949747468305841600, 4.999999999999999100, -4.949747468305822000 ) ) ;
#6235 = DIRECTION ( 'NONE',  ( 0.0000000000000000000, 0.0000000000000000000, -1.000000000000000000 ) ) ;
#6234 = DIRECTION ( 'NONE',  ( -0.0000000000000000000, -1.000000000000000000, -6.123233995736754900E-017 ) ) ;
#6237 = DIRECTION ( 'NONE',  ( -0.0000000000000000000, 1.000000000000000000, 6.123233995736766000E-017 ) ) ;
#6236 = DIRECTION ( 'NONE',  ( 0.0000000000000000000, 0.0000000000000000000, 1.000000000000000000 ) ) ;
#6239 = CARTESIAN_POINT ( 'NONE',  ( 0.0000000000000000000, -4.500000000000000000, -5.510910596163088600E-016 ) ) ;
#6238 = CARTESIAN_POINT ( 'NONE',  ( 4.205192687343672000, -4.416954607233576800, 8.888652636735177000 ) ) ;
#6241 = CARTESIAN_POINT ( 'NONE',  ( 4.949747468305841600, 4.999999999999999100, 4.949747468305822000 ) ) ;
#6240 = CARTESIAN_POINT ( 'NONE',  ( -1.345235878690878700, 4.335272736193803500, 3.889857481262124500 ) ) ;
#6242 = DIRECTION ( 'NONE',  ( -0.0000000000000000000, 1.000000000000000000, -0.0000000000000000000 ) ) ;
#6243 = DIRECTION ( 'NONE',  ( -0.0000000000000000000, 1.000000000000000000, 6.123233995736766000E-017 ) ) ;
#6244 = DIRECTION ( 'NONE',  ( 0.0000000000000000000, 0.0000000000000000000, 1.000000000000000000 ) ) ;
#6246 = DIRECTION ( 'NONE',  ( 0.0000000000000000000, 0.0000000000000000000, 1.000000000000000000 ) ) ;
#6245 = CARTESIAN_POINT ( 'NONE',  ( 0.0000000000000000000, 15.00000000000000000, -9.000000000000001800 ) ) ;
#6248 = DIRECTION ( 'NONE',  ( 0.0000000000000000000, -1.020425574104004000E-016, 1.000000000000000000 ) ) ;
#6247 = CARTESIAN_POINT ( 'NONE',  ( 2.055497237152815500, 9.999999999999998200, 9.786466732588282400 ) ) ;
#6250 = CARTESIAN_POINT ( 'NONE',  ( 9.659258262890675800, -4.500000000000000000, -2.588190451025223800 ) ) ;
#6249 = CARTESIAN_POINT ( 'NONE',  ( 4.218717850584446300, -4.500000000000000000, -8.790046626563487600 ) ) ;
#6251 = CARTESIAN_POINT ( 'NONE',  ( -4.001000904307265800, 5.000000000000000000, 1.277494330215381200 ) ) ;
#6253 = DIRECTION ( 'NONE',  ( 0.0000000000000000000, 1.000000000000000000, 0.0000000000000000000 ) ) ;
#6252 = CARTESIAN_POINT ( 'NONE',  ( 4.001000904307271200, -4.249999999999999100, -1.277494330215370100 ) ) ;
#6255 = PLANE ( 'NONE',  #4092 ) ;
#6254 = CARTESIAN_POINT ( 'NONE',  ( -4.001000904307271200, -4.249999999999999100, -1.277494330215368300 ) ) ;
#6256 = CARTESIAN_POINT ( 'NONE',  ( 1.277494330215348800, 5.000000000000000000, -4.001000904307275600 ) ) ;
#6257 = CARTESIAN_POINT ( 'NONE',  ( 4.001000904307272100, -4.249999999999999100, 1.277494330215370500 ) ) ;
#6258 = CARTESIAN_POINT ( 'NONE',  ( 9.085178540258278100, -4.249999999999990200, 4.178460349414652200 ) ) ;
#6259 = CARTESIAN_POINT ( 'NONE',  ( 1.720000000000000000, 9.999999999999998200, 1.814276715388256600 ) ) ;
#6261 = DIRECTION ( 'NONE',  ( -0.0000000000000000000, -1.000000000000000000, -6.123233995736766000E-017 ) ) ;
#6260 = CARTESIAN_POINT ( 'NONE',  ( 9.085178540258279900, 4.250000000000002700, -4.178460349414659300 ) ) ;
#6263 = DIRECTION ( 'NONE',  ( 0.0000000000000000000, 0.0000000000000000000, -1.000000000000000000 ) ) ;
#6262 = CARTESIAN_POINT ( 'NONE',  ( 3.061616997868383100E-016, 15.00000000000000000, -2.500000000000000000 ) ) ;
#6265 = DIRECTION ( 'NONE',  ( 0.0000000000000000000, -1.000000000000000000, 0.0000000000000000000 ) ) ;
#6264 = CARTESIAN_POINT ( 'NONE',  ( -4.001000904307271200, 4.250000000000002700, -1.277494330215367800 ) ) ;
#6267 = DIRECTION ( 'NONE',  ( 0.0000000000000000000, 1.000000000000000000, 0.0000000000000000000 ) ) ;
#6266 = CARTESIAN_POINT ( 'NONE',  ( -4.001000904307260500, -4.500000000000000000, -1.277494330215395600 ) ) ;
#6269 = CARTESIAN_POINT ( 'NONE',  ( -9.659258262890688200, -4.500000000000000000, -2.588190451025176800 ) ) ;
#6268 = CARTESIAN_POINT ( 'NONE',  ( -9.085178540258281600, -4.249999999999999100, 4.178460349414658400 ) ) ;
#6271 = DIRECTION ( 'NONE',  ( 0.0000000000000000000, -1.020425574104004100E-016, 1.000000000000000000 ) ) ;
#6270 = CARTESIAN_POINT ( 'NONE',  ( -9.085178540258279900, -4.249999999999999100, -4.178460349414662800 ) ) ;
#6273 = DIRECTION ( 'NONE',  ( 0.0000000000000000000, 0.0000000000000000000, 1.000000000000000000 ) ) ;
#6272 = CARTESIAN_POINT ( 'NONE',  ( -2.055496032419142200, 10.00214916294556600, 9.786466985624034700 ) ) ;
#6274 = CARTESIAN_POINT ( 'NONE',  ( 4.001000904307268500, 5.000000000000000000, 1.277494330215371200 ) ) ;
#6276 = CARTESIAN_POINT ( 'NONE',  ( -9.659258262890688200, -4.500000000000000000, -2.588190451025176800 ) ) ;
#6275 = CARTESIAN_POINT ( 'NONE',  ( -4.001000904307271200, -4.249999999999999100, 1.277494330215369000 ) ) ;
#6278 = DIRECTION ( 'NONE',  ( 0.0000000000000000000, 0.0000000000000000000, 1.000000000000000000 ) ) ;
#6277 = CARTESIAN_POINT ( 'NONE',  ( 0.0000000000000000000, -4.500000000000000000, 4.200000000000000200 ) ) ;
#6280 = DIRECTION ( 'NONE',  ( -0.0000000000000000000, -1.000000000000000000, -0.0000000000000000000 ) ) ;
#6279 = CARTESIAN_POINT ( 'NONE',  ( 5.497734334928552500E-013, 11.98503121076350600, 10.00000000395297500 ) ) ;
#6282 = DIRECTION ( 'NONE',  ( 0.0000000000000000000, 0.0000000000000000000, -1.000000000000000000 ) ) ;
#6281 = CARTESIAN_POINT ( 'NONE',  ( 1.224646799147353500E-015, 5.000000000000000000, 10.00000000000000200 ) ) ;
#6283 = CARTESIAN_POINT ( 'NONE',  ( 4.178460349414661000, 4.250000000000003600, 9.085178540258281600 ) ) ;
#6285 = DIRECTION ( 'NONE',  ( 0.0000000000000000000, -0.0000000000000000000, 1.000000000000000000 ) ) ;
#6284 = CARTESIAN_POINT ( 'NONE',  ( 5.458192698192529900E-013, 11.98503121076352300, 10.00000000395297100 ) ) ;
#6286 = CARTESIAN_POINT ( 'NONE',  ( -1.511966430583540500E-013, 8.014968815698878800, 9.999999999996580500 ) ) ;
#6287 = CARTESIAN_POINT ( 'NONE',  ( 3.673940397442060400E-016, 15.00000000000000000, -3.000000000000000400 ) ) ;
#6289 = DIRECTION ( 'NONE',  ( 0.0000000000000000000, 0.0000000000000000000, 1.000000000000000000 ) ) ;
#6288 = CARTESIAN_POINT ( 'NONE',  ( 4.178460349414668200, 5.000000000000000000, 9.085178540258276300 ) ) ;
#6291 = CARTESIAN_POINT ( 'NONE',  ( 0.0000000000000000000, -4.500000000000000000, 0.0000000000000000000 ) ) ;
#6290 = CARTESIAN_POINT ( 'NONE',  ( -9.850969495435462500, 9.999999999999998200, -1.720000000000000000 ) ) ;
#6293 = CARTESIAN_POINT ( 'NONE',  ( 2.588190451025183900, 4.250000000000003600, 9.659258262890691800 ) ) ;
#6292 = CARTESIAN_POINT ( 'NONE',  ( 9.505276769087929600, 10.00010011074515000, 1.719999997086580700 ) ) ;
#6294 = CARTESIAN_POINT ( 'NONE',  ( 3.971267992750530800, -4.500000000000000000, -8.904579188808154900 ) ) ;
#6295 = CARTESIAN_POINT ( 'NONE',  ( -4.178460349414666400, -4.249999999999996400, 9.085178540258276300 ) ) ;
#6297 = DIRECTION ( 'NONE',  ( 0.0000000000000000000, 0.0000000000000000000, 1.000000000000000000 ) ) ;
#6296 = CARTESIAN_POINT ( 'NONE',  ( 4.178460349414618400, -4.249999999999996400, -9.085178540258303000 ) ) ;
#6299 = CARTESIAN_POINT ( 'NONE',  ( 9.659258262890695300, 4.250000000000002700, -2.588190451025185600 ) ) ;
#6298 = CARTESIAN_POINT ( 'NONE',  ( 2.457966639317955800, 9.999999999999994700, 1.720000000000000000 ) ) ;
#6301 = DIRECTION ( 'NONE',  ( 0.0000000000000000000, 0.0000000000000000000, 1.000000000000000000 ) ) ;
#6300 = CARTESIAN_POINT ( 'NONE',  ( 0.0000000000000000000, 5.000000000000000900, 2.500000000000000000 ) ) ;
#6302 = CARTESIAN_POINT ( 'NONE',  ( 4.178460349414661000, -4.249999999999999100, 9.085178540258281600 ) ) ;
#6304 = DIRECTION ( 'NONE',  ( -0.0000000000000000000, 1.000000000000000000, -0.0000000000000000000 ) ) ;
#6303 = CARTESIAN_POINT ( 'NONE',  ( 0.0000000000000000000, 5.000000000000000000, -10.00000000000000200 ) ) ;
#6305 = CARTESIAN_POINT ( 'NONE',  ( 1.163414459189985300E-015, 15.00000000000000000, 8.999999999999994700 ) ) ;
#6307 = DIRECTION ( 'NONE',  ( 0.0000000000000000000, 0.0000000000000000000, 1.000000000000000000 ) ) ;
#6306 = CARTESIAN_POINT ( 'NONE',  ( -1.556562868781201200E-013, 8.014968815698884100, 9.999999999996580500 ) ) ;
#6309 = CARTESIAN_POINT ( 'NONE',  ( -9.659258262890688200, 4.250000000000002700, -2.588190451025176300 ) ) ;
#6308 = CARTESIAN_POINT ( 'NONE',  ( 8.904579188808105200, -4.500000000000000000, -3.971267992750621800 ) ) ;
#6310 = CARTESIAN_POINT ( 'NONE',  ( -9.085178540258267400, -4.249999999999992900, 4.178460349414676100 ) ) ;
#6312 = CARTESIAN_POINT ( 'NONE',  ( -2.588190451025182100, 4.250000000000001800, -9.659258262890691800 ) ) ;
#6311 = CARTESIAN_POINT ( 'NONE',  ( -1.277494330215414500, -4.500000000000000000, -4.001000904307258700 ) ) ;
#6314 = CARTESIAN_POINT ( 'NONE',  ( 0.0000000000000000000, -4.249999999999999100, 0.0000000000000000000 ) ) ;
#6313 = CARTESIAN_POINT ( 'NONE',  ( -2.010258662395773600E-020, 11.71999999999999700, 2.500000000000000000 ) ) ;
#6315 = CARTESIAN_POINT ( 'NONE',  ( -4.178460349414668200, 5.000000000000000000, 9.085178540258276300 ) ) ;
#6317 = DIRECTION ( 'NONE',  ( -0.0000000000000000000, -1.000000000000000000, -0.0000000000000000000 ) ) ;
#6316 = CARTESIAN_POINT ( 'NONE',  ( 0.0000000000000000000, 8.279999999999995800, 3.000000000000000400 ) ) ;
#6318 = CARTESIAN_POINT ( 'NONE',  ( -1.277494330215373000, -4.500000000000000000, 4.001000904307269400 ) ) ;
#6320 = CARTESIAN_POINT ( 'NONE',  ( 0.0000000000000000000, 4.250000000000002700, -1.530808498934169000E-017 ) ) ;
#6319 = CARTESIAN_POINT ( 'NONE',  ( 2.457966639317955300, 9.999999999999994700, -1.720000000000000000 ) ) ;
#6321 = CARTESIAN_POINT ( 'NONE',  ( 9.775910271250152700, 10.00011913490556200, 2.105131437337297100 ) ) ;
#6323 = DIRECTION ( 'NONE',  ( -0.0000000000000000000, 1.000000000000000000, -0.0000000000000000000 ) ) ;
#6322 = CARTESIAN_POINT ( 'NONE',  ( 0.0000000000000000000, -4.500000000000000000, 9.750000000000005300 ) ) ;
#6325 = DIRECTION ( 'NONE',  ( -0.0000000000000000000, -1.000000000000000000, -6.123233995736754900E-017 ) ) ;
#6324 = CARTESIAN_POINT ( 'NONE',  ( -9.085178540258255000, -4.249999999999990200, -4.178460349414704600 ) ) ;
#6327 = DIRECTION ( 'NONE',  ( 0.0000000000000000000, 0.0000000000000000000, -1.000000000000000000 ) ) ;
#6326 = CARTESIAN_POINT ( 'NONE',  ( -1.277494330215367800, -4.249999999999999100, -4.001000904307271200 ) ) ;
#6329 = DIRECTION ( 'NONE',  ( 0.0000000000000000000, 0.0000000000000000000, -1.000000000000000000 ) ) ;
#6328 = CARTESIAN_POINT ( 'NONE',  ( 1.224646799147353500E-015, 13.99999999999998400, 10.00000000000000200 ) ) ;
#6331 = CARTESIAN_POINT ( 'NONE',  ( 0.0000000000000000000, 4.250000000000002700, 0.0000000000000000000 ) ) ;
#6330 = CARTESIAN_POINT ( 'NONE',  ( 4.001000904307271200, 4.250000000000002700, -1.277494330215369600 ) ) ;
#6333 = CARTESIAN_POINT ( 'NONE',  ( 0.0000000000000000000, 4.500000000000000000, 0.0000000000000000000 ) ) ;
#6332 = CARTESIAN_POINT ( 'NONE',  ( 9.775910270482302900, 9.999999999999991100, -2.105131440903069700 ) ) ;
#6335 = DIRECTION ( 'NONE',  ( 0.0000000000000000000, 0.0000000000000000000, -1.000000000000000000 ) ) ;
#6334 = CARTESIAN_POINT ( 'NONE',  ( -3.751391181822358800E-014, 11.71999999999999400, 3.000000000000000400 ) ) ;
#6337 = DIRECTION ( 'NONE',  ( 0.0000000000000000000, 0.0000000000000000000, -1.000000000000000000 ) ) ;
#6336 = CARTESIAN_POINT ( 'NONE',  ( -4.178460349414656600, -4.249999999999999100, 9.085178540258278100 ) ) ;
#6339 = DIRECTION ( 'NONE',  ( 0.0000000000000000000, 0.0000000000000000000, 1.000000000000000000 ) ) ;
#6338 = CARTESIAN_POINT ( 'NONE',  ( 1.224646799147353500E-015, 13.99999999999999500, 10.00000000000000200 ) ) ;
#6341 = DIRECTION ( 'NONE',  ( 0.0000000000000000000, -1.000000000000000000, 0.0000000000000000000 ) ) ;
#6340 = CARTESIAN_POINT ( 'NONE',  ( 9.085178540258256800, -4.249999999999985800, -4.178460349414717000 ) ) ;
#6343 = CARTESIAN_POINT ( 'NONE',  ( 2.588190451025178100, 4.250000000000001800, -9.659258262890691800 ) ) ;
#6342 = CARTESIAN_POINT ( 'NONE',  ( -8.904579188808106900, -4.500000000000000000, -3.971267992750616500 ) ) ;
#6345 = DIRECTION ( 'NONE',  ( 0.0000000000000000000, 1.000000000000000000, 0.0000000000000000000 ) ) ;
#6344 = CARTESIAN_POINT ( 'NONE',  ( 0.0000000000000000000, 15.00000000000000000, 3.000000000000000400 ) ) ;
#6347 = CARTESIAN_POINT ( 'NONE',  ( 0.0000000000000000000, 4.250000000000002700, -1.530808498934169000E-017 ) ) ;
#6346 = CARTESIAN_POINT ( 'NONE',  ( 9.085178540258278100, 5.000000000000000000, 4.178460349414652200 ) ) ;
#6349 = CARTESIAN_POINT ( 'NONE',  ( -9.659258262890691800, -4.500000000000000000, 2.588190451025167400 ) ) ;
#6348 = CARTESIAN_POINT ( 'NONE',  ( -1.719998991902361500, 10.00186221772654300, 9.450969739796706300 ) ) ;
#6350 = DIRECTION ( 'NONE',  ( 0.0000000000000000000, 0.0000000000000000000, -1.000000000000000000 ) ) ;
#6351 = DIRECTION ( 'NONE',  ( 0.0000000000000000000, 1.000000000000000000, 0.0000000000000000000 ) ) ;
#6352 = DIRECTION ( 'NONE',  ( -0.0000000000000000000, -1.000000000000000000, -0.0000000000000000000 ) ) ;
#6353 = DIRECTION ( 'NONE',  ( -0.0000000000000000000, 1.000000000000000000, -0.0000000000000000000 ) ) ;
#6354 = DIRECTION ( 'NONE',  ( 0.0000000000000000000, 0.0000000000000000000, -1.000000000000000000 ) ) ;
#6355 = DIRECTION ( 'NONE',  ( -0.0000000000000000000, 1.000000000000000000, 6.123233995736766000E-017 ) ) ;
#6356 = DIRECTION ( 'NONE',  ( -0.0000000000000000000, -1.000000000000000000, -0.0000000000000000000 ) ) ;
#6357 = DIRECTION ( 'NONE',  ( 0.0000000000000000000, -1.000000000000000000, 0.0000000000000000000 ) ) ;
#6358 = DIRECTION ( 'NONE',  ( -0.0000000000000000000, -1.000000000000000000, -6.123233995736754900E-017 ) ) ;
#6359 = CARTESIAN_POINT ( 'NONE',  ( -9.659258262890695300, -4.500000000000000000, 2.588190451025184300 ) ) ;
#6360 = DIRECTION ( 'NONE',  ( 0.0000000000000000000, 0.0000000000000000000, -1.000000000000000000 ) ) ;
#6361 = DIRECTION ( 'NONE',  ( 0.0000000000000000000, 0.0000000000000000000, 1.000000000000000000 ) ) ;
#6362 = DIRECTION ( 'NONE',  ( -0.0000000000000000000, -1.000000000000000000, -0.0000000000000000000 ) ) ;
#6363 = DIRECTION ( 'NONE',  ( 0.0000000000000000000, 0.0000000000000000000, 1.000000000000000000 ) ) ;
#6364 = DIRECTION ( 'NONE',  ( -0.0000000000000000000, -1.000000000000000000, -0.0000000000000000000 ) ) ;
#6365 = CARTESIAN_POINT ( 'NONE',  ( 4.949747468305860200, -4.999999999999999100, -4.949747468305805100 ) ) ;
#6366 = DIRECTION ( 'NONE',  ( 0.0000000000000000000, 1.000000000000000000, 0.0000000000000000000 ) ) ;
#6367 = DIRECTION ( 'NONE',  ( 0.0000000000000000000, 0.0000000000000000000, -1.000000000000000000 ) ) ;
#6368 = DIRECTION ( 'NONE',  ( 0.0000000000000000000, 0.0000000000000000000, -1.000000000000000000 ) ) ;
#6369 = CARTESIAN_POINT ( 'NONE',  ( 0.0000000000000000000, -4.500000000000000900, 0.0000000000000000000 ) ) ;
#6370 = CARTESIAN_POINT ( 'NONE',  ( 0.0000000000000000000, 4.250000000000000900, 0.0000000000000000000 ) ) ;
#6371 = CARTESIAN_POINT ( 'NONE',  ( -1.405169868987810700, 8.550880261939502300, 9.900814296858012400 ) ) ;
#6372 = CARTESIAN_POINT ( 'NONE',  ( -1.171312159593852300, 8.368472653528082000, 9.931204137872578400 ) ) ;
#6373 = CARTESIAN_POINT ( 'NONE',  ( 0.1675894824902431400, 8.021308711157701100, 9.998652114429692300 ) ) ;
#6374 = CARTESIAN_POINT ( 'NONE',  ( 0.7249531488368159400, 8.141396836703295400, 9.973881259274264700 ) ) ;
#6375 = CARTESIAN_POINT ( 'NONE',  ( -0.2684785736125450700, 8.031703512663975500, 9.996451280555716000 ) ) ;
#6376 = CARTESIAN_POINT ( 'NONE',  ( -0.3354124175889450800, 8.041506454523862100, 9.994387333212905800 ) ) ;
#6377 = CARTESIAN_POINT ( 'NONE',  ( -1.198672064895311300, 8.387114028232213400, 9.927936179844817100 ) ) ;
#6378 = CARTESIAN_POINT ( 'NONE',  ( -1.115545733985148200, 8.332421717230127800, 9.937622726705399100 ) ) ;
#6379 = CARTESIAN_POINT ( 'NONE',  ( -1.252358166930588500, 8.425616857163786800, 9.921306898990092500 ) ) ;
#6380 = CARTESIAN_POINT ( 'NONE',  ( -1.429436436342995900, 8.573183498396817400, 9.897337393966461500 ) ) ;
#6381 = CARTESIAN_POINT ( 'NONE',  ( 0.2684298461173005300, 8.031693728106382900, 9.996453332741138500 ) ) ;
#6382 = CARTESIAN_POINT ( 'NONE',  ( -1.355605721454454100, 8.507497935845412600, 9.907722199794596600 ) ) ;
#6383 = CARTESIAN_POINT ( 'NONE',  ( -1.476928339151441200, 8.619030040548645700, 9.890361911202026200 ) ) ;
#6384 = CARTESIAN_POINT ( 'NONE',  ( -1.534199985375213700, 8.678840352867188900, 9.881617409248095300 ) ) ;
#6385 = CARTESIAN_POINT ( 'NONE',  ( -1.578350773817862200, 8.728267886490229400, 9.874660891183737000 ) ) ;
#6386 = CARTESIAN_POINT ( 'NONE',  ( -1.631738398784373400, 8.791108418824340000, 9.866067784967414800 ) ) ;
#6387 = CARTESIAN_POINT ( 'NONE',  ( -0.9997050226429125000, 8.265250571894023700, 9.949949181244994300 ) ) ;
#6388 = CARTESIAN_POINT ( 'NONE',  ( -1.671643682835135300, 8.843094097426670100, 9.859362452530971800 ) ) ;
#6389 = CARTESIAN_POINT ( 'NONE',  ( -1.567490650776899800, 8.715802861737794100, 9.876390918330393700 ) ) ;
#6390 = CARTESIAN_POINT ( 'NONE',  ( -1.545425067242419500, 8.691098647982118000, 9.879867728804912400 ) ) ;
#6391 = CARTESIAN_POINT ( 'NONE',  ( -1.745935372909385400, 8.950407930573760500, 9.846478138464801700 ) ) ;
#6392 = CARTESIAN_POINT ( 'NONE',  ( -1.780329302926190600, 9.005739674078656200, 9.840297845192610600 ) ) ;
#6393 = CARTESIAN_POINT ( 'NONE',  ( -1.827770308445913600, 9.091277036025699600, 9.831557065312498600 ) ) ;
#6394 = CARTESIAN_POINT ( 'NONE',  ( -1.842891219642469400, 9.120213442198563700, 9.828731721746393600 ) ) ;
#6395 = CARTESIAN_POINT ( 'NONE',  ( 0.4354201540970314400, 8.059742730313516300, 9.990570965655145100 ) ) ;
#6396 = CARTESIAN_POINT ( 'NONE',  ( -0.9401189639922528100, 8.234455920669743600, 9.955755601577315900 ) ) ;
#6397 = CARTESIAN_POINT ( 'NONE',  ( -1.871727841126542600, 9.178948403512587000, 9.823281030981295500 ) ) ;
#6398 = CARTESIAN_POINT ( 'NONE',  ( -0.2349769781854186600, 8.027713514379360800, 9.997295166734421200 ) ) ;
#6399 = CARTESIAN_POINT ( 'NONE',  ( -1.500147887362875500, 8.642567703160356300, 9.886864177428401800 ) ) ;
#6400 = CARTESIAN_POINT ( 'NONE',  ( -1.885436012554461800, 9.208729539109661700, 9.820657134087310800 ) ) ;
#6401 = CARTESIAN_POINT ( 'NONE',  ( -0.3856054559814840500, 8.050141803048285600, 9.992576594658869400 ) ) ;
#6402 = CARTESIAN_POINT ( 'NONE',  ( 0.6619142518824427900, 8.119593208245129600, 9.978276083411989500 ) ) ;
#6403 = CARTESIAN_POINT ( 'NONE',  ( 0.5334460417081422500, 8.082706796585196000, 9.985814929753523500 ) ) ;
#6404 = CARTESIAN_POINT ( 'NONE',  ( 0.06681955857952394400, 8.015752201488030700, 9.999833160165684000 ) ) ;
#6405 = CARTESIAN_POINT ( 'NONE',  ( 0.1339900875531637200, 8.018924588813822800, 9.999158701576250900 ) ) ;
#6406 = CARTESIAN_POINT ( 'NONE',  ( 0.3357452739884078700, 8.041352455960350200, 9.994418894959320500 ) ) ;
#6407 = CARTESIAN_POINT ( 'NONE',  ( -0.06742283625858774800, 8.014978486624864100, 9.999997925204796800 ) ) ;
#6408 = CARTESIAN_POINT ( 'NONE',  ( 0.3691672830360949200, 8.046973455108089400, 9.993238457375492000 ) ) ;
#6409 = CARTESIAN_POINT ( 'NONE',  ( 0.2348169032603064900, 8.027694374680564200, 9.997299203292289600 ) ) ;
#6410 = CARTESIAN_POINT ( 'NONE',  ( -0.3186735945507407400, 8.038901543788835400, 9.994935131283986300 ) ) ;
#6411 = CARTESIAN_POINT ( 'NONE',  ( -0.3688663274688276400, 8.047123979901414300, 9.993208606500804300 ) ) ;
#6412 = CARTESIAN_POINT ( 'NONE',  ( -0.4355462071925878000, 8.059766767269222100, 9.990565938926172500 ) ) ;
#6413 = CARTESIAN_POINT ( 'NONE',  ( -0.5339171412228310700, 8.082827231640171900, 9.985790109248137400 ) ) ;
#6414 = CARTESIAN_POINT ( 'NONE',  ( -0.5663173930873303100, 8.091519893468010600, 9.984003164299917200 ) ) ;
#6415 = CARTESIAN_POINT ( 'NONE',  ( -0.6626492726430177600, 8.119830240861450200, 9.978228078219267200 ) ) ;
#6416 = CARTESIAN_POINT ( 'NONE',  ( -0.4685288091933081400, 8.066949954499946800, 9.989071645379725700 ) ) ;
#6417 = CARTESIAN_POINT ( 'NONE',  ( -0.7257138256532209600, 8.141675482113306800, 9.973825581409967000 ) ) ;
#6418 = CARTESIAN_POINT ( 'NONE',  ( -0.1344932772923521900, 8.018157221142070400, 9.999319774113283500 ) ) ;
#6419 = CARTESIAN_POINT ( 'NONE',  ( 0.4682753761196172300, 8.066894529579309700, 9.989083172641535700 ) ) ;
#6420 = CARTESIAN_POINT ( 'NONE',  ( 0.5657625912997210600, 8.091367507884891500, 9.984034426034813900 ) ) ;
#6421 = CARTESIAN_POINT ( 'NONE',  ( 0.03324842577051077100, 8.014964007986790800, 10.00000103025220700 ) ) ;
#6422 = CARTESIAN_POINT ( 'NONE',  ( -0.8185886627021619100, 8.178883608231590300, 9.966487703900366300 ) ) ;
#6423 = CARTESIAN_POINT ( 'NONE',  ( -0.9100220536559312500, 8.219811972709631900, 9.958553614720077700 ) ) ;
#6424 = CARTESIAN_POINT ( 'NONE',  ( -1.029271470492199700, 8.281452396764610300, 9.946931672911777200 ) ) ;
#6425 = CARTESIAN_POINT ( 'NONE',  ( -0.8492594746508553800, 8.192027595657995300, 9.963919336802751700 ) ) ;
#6426 = CARTESIAN_POINT ( 'NONE',  ( -1.087126410566059000, 8.315005805871344100, 9.940774580174636600 ) ) ;
#6427 = CARTESIAN_POINT ( 'NONE',  ( -1.278684348061059000, 8.445478327321074700, 9.917945558566946900 ) ) ;
#6428 = CARTESIAN_POINT ( 'NONE',  ( -1.330308125229458800, 8.486418868096800200, 9.911153217583057900 ) ) ;
#6429 = LINE ( 'NONE', #4523, #6440 ) ;
#6430 = LINE ( 'NONE', #3331, #6432 ) ;
#6431 = VECTOR ( 'NONE', #3281, 1000.000000000000000 ) ;
#6432 = VECTOR ( 'NONE', #3334, 1000.000000000000000 ) ;
#6433 = CIRCLE ( 'NONE', #4142, 4.200000000000001100 ) ;
#6434 = CIRCLE ( 'NONE', #4211, 3.950000000000003700 ) ;
#6435 = CIRCLE ( 'NONE', #4129, 3.950000000000003700 ) ;
#6436 = CIRCLE ( 'NONE', #4141, 1.000000000000000000 ) ;
#6437 = CIRCLE ( 'NONE', #4131, 4.200000000000000200 ) ;
#6438 = LINE ( 'NONE', #6753, #6439 ) ;
#6439 = VECTOR ( 'NONE', #6748, 1000.000000000000000 ) ;
#6440 = VECTOR ( 'NONE', #4521, 1000.000000000000000 ) ;
#6441 = CIRCLE ( 'NONE', #4188, 3.000000000000001300 ) ;
#6442 = CIRCLE ( 'NONE', #4174, 4.200000000000001100 ) ;
#6443 = CIRCLE ( 'NONE', #4181, 3.950000000000003700 ) ;
#6444 = CIRCLE ( 'NONE', #4140, 4.200000000000000200 ) ;
#6445 = LINE ( 'NONE', #3299, #6450 ) ;
#6446 = CIRCLE ( 'NONE', #4156, 1.000000000000000000 ) ;
#6447 = CIRCLE ( 'NONE', #4243, 3.250000000000002700 ) ;
#6448 = CIRCLE ( 'NONE', #4175, 1.000000000000000000 ) ;
#6449 = CIRCLE ( 'NONE', #4139, 8.499999999999998200 ) ;
#6450 = VECTOR ( 'NONE', #3306, 1000.000000000000000 ) ;
#6451 = CIRCLE ( 'NONE', #4248, 9.750000000000005300 ) ;
#6452 = LINE ( 'NONE', #4520, #6453 ) ;
#6453 = VECTOR ( 'NONE', #4510, 1000.000000000000000 ) ;
#6454 = LINE ( 'NONE', #3256, #6431 ) ;
#6455 = CIRCLE ( 'NONE', #4213, 8.250000000000001800 ) ;
#6456 = VERTEX_POINT ( 'NONE', #6180 ) ;
#6457 = VERTEX_POINT ( 'NONE', #6153 ) ;
#6458 = VERTEX_POINT ( 'NONE', #6166 ) ;
#6459 = VERTEX_POINT ( 'NONE', #6149 ) ;
#6460 = VERTEX_POINT ( 'NONE', #6168 ) ;
#6461 = VERTEX_POINT ( 'NONE', #6206 ) ;
#6462 = VERTEX_POINT ( 'NONE', #6155 ) ;
#6463 = VERTEX_POINT ( 'NONE', #6202 ) ;
#6464 = VERTEX_POINT ( 'NONE', #6172 ) ;
#6465 = VERTEX_POINT ( 'NONE', #6203 ) ;
#6466 = VERTEX_POINT ( 'NONE', #6176 ) ;
#6467 = VERTEX_POINT ( 'NONE', #6208 ) ;
#6468 = VERTEX_POINT ( 'NONE', #6184 ) ;
#6469 = VERTEX_POINT ( 'NONE', #6219 ) ;
#6470 = VERTEX_POINT ( 'NONE', #6194 ) ;
#6471 = VERTEX_POINT ( 'NONE', #6196 ) ;
#6472 = VERTEX_POINT ( 'NONE', #6178 ) ;
#6473 = VERTEX_POINT ( 'NONE', #6205 ) ;
#6474 = VERTEX_POINT ( 'NONE', #6210 ) ;
#6475 = VERTEX_POINT ( 'NONE', #6212 ) ;
#6476 = VERTEX_POINT ( 'NONE', #6340 ) ;
#6477 = VERTEX_POINT ( 'NONE', #6156 ) ;
#6478 = VERTEX_POINT ( 'NONE', #6284 ) ;
#6479 = VERTEX_POINT ( 'NONE', #6311 ) ;
#6480 = VERTEX_POINT ( 'NONE', #6326 ) ;
#6481 = VERTEX_POINT ( 'NONE', #6346 ) ;
#6482 = VERTEX_POINT ( 'NONE', #6328 ) ;
#6483 = VERTEX_POINT ( 'NONE', #6302 ) ;
#6484 = VERTEX_POINT ( 'NONE', #6256 ) ;
#6485 = VERTEX_POINT ( 'NONE', #6303 ) ;
#6486 = VERTEX_POINT ( 'NONE', #6318 ) ;
#6487 = VERTEX_POINT ( 'NONE', #6262 ) ;
#6488 = VERTEX_POINT ( 'NONE', #6305 ) ;
#6489 = VERTEX_POINT ( 'NONE', #6268 ) ;
#6490 = VERTEX_POINT ( 'NONE', #6258 ) ;
#6491 = VERTEX_POINT ( 'NONE', #6324 ) ;
#6492 = VERTEX_POINT ( 'NONE', #6294 ) ;
#6493 = VERTEX_POINT ( 'NONE', #6247 ) ;
#6494 = VERTEX_POINT ( 'NONE', #6300 ) ;
#6495 = VERTEX_POINT ( 'NONE', #6249 ) ;
#6496 = VERTEX_POINT ( 'NONE', #6259 ) ;
#6497 = VERTEX_POINT ( 'NONE', #6306 ) ;
#6498 = VERTEX_POINT ( 'NONE', #6313 ) ;
#6499 = VERTEX_POINT ( 'NONE', #6254 ) ;
#6500 = VERTEX_POINT ( 'NONE', #6281 ) ;
#6501 = VERTEX_POINT ( 'NONE', #6330 ) ;
#6502 = VERTEX_POINT ( 'NONE', #6260 ) ;
#6503 = VERTEX_POINT ( 'NONE', #6264 ) ;
#6504 = VERTEX_POINT ( 'NONE', #6275 ) ;
#6505 = VERTEX_POINT ( 'NONE', #6274 ) ;
#6506 = VERTEX_POINT ( 'NONE', #6290 ) ;
#6507 = VERTEX_POINT ( 'NONE', #6257 ) ;
#6508 = VERTEX_POINT ( 'NONE', #6336 ) ;
#6509 = VERTEX_POINT ( 'NONE', #6252 ) ;
#6510 = VERTEX_POINT ( 'NONE', #6270 ) ;
#6511 = VERTEX_POINT ( 'NONE', #6283 ) ;
#6512 = VERTEX_POINT ( 'NONE', #6251 ) ;
#6513 = VERTEX_POINT ( 'NONE', #6266 ) ;
#6514 = VERTEX_POINT ( 'NONE', #6348 ) ;
#6515 = VERTEX_POINT ( 'NONE', #6287 ) ;
#6516 = VERTEX_POINT ( 'NONE', #6319 ) ;
#6517 = VERTEX_POINT ( 'NONE', #6272 ) ;
#6518 = VERTEX_POINT ( 'NONE', #6298 ) ;
#6519 = VERTEX_POINT ( 'NONE', #6288 ) ;
#6520 = VERTEX_POINT ( 'NONE', #6321 ) ;
#6521 = EDGE_LOOP ( 'NONE', ( #2472, #2475, #2455, #2479 ) ) ;
#6522 = VERTEX_POINT ( 'NONE', #6277 ) ;
#6523 = VERTEX_POINT ( 'NONE', #6332 ) ;
#6524 = VERTEX_POINT ( 'NONE', #6342 ) ;
#6525 = VERTEX_POINT ( 'NONE', #6308 ) ;
#6526 = VERTEX_POINT ( 'NONE', #6245 ) ;
#6527 = EDGE_LOOP ( 'NONE', ( #7999, #8025, #8015, #8017 ) ) ;
#6528 = VERTEX_POINT ( 'NONE', #6279 ) ;
#6529 = VERTEX_POINT ( 'NONE', #6310 ) ;
#6530 = VERTEX_POINT ( 'NONE', #6338 ) ;
#6531 = VERTEX_POINT ( 'NONE', #6295 ) ;
#6532 = VERTEX_POINT ( 'NONE', #6286 ) ;
#6533 = VERTEX_POINT ( 'NONE', #6292 ) ;
#6534 = VERTEX_POINT ( 'NONE', #6315 ) ;
#6535 = VERTEX_POINT ( 'NONE', #6296 ) ;
#6536 = VERTEX_POINT ( 'NONE', #6316 ) ;
#6537 = VERTEX_POINT ( 'NONE', #6322 ) ;
#6538 = VERTEX_POINT ( 'NONE', #6334 ) ;
#6539 = VERTEX_POINT ( 'NONE', #6344 ) ;
#6540 = VERTEX_POINT ( 'NONE', #4664 ) ;
#6541 = VERTEX_POINT ( 'NONE', #4682 ) ;
#6542 = EDGE_LOOP ( 'NONE', ( #7983, #7990, #2480, #7984 ) ) ;
#6543 = VERTEX_POINT ( 'NONE', #4713 ) ;
#6544 = VERTEX_POINT ( 'NONE', #4677 ) ;
#6545 = VERTEX_POINT ( 'NONE', #4702 ) ;
#6546 = VERTEX_POINT ( 'NONE', #4694 ) ;
#6547 = VERTEX_POINT ( 'NONE', #4717 ) ;
#6548 = VERTEX_POINT ( 'NONE', #4711 ) ;
#6549 = VERTEX_POINT ( 'NONE', #4700 ) ;
#6550 = VERTEX_POINT ( 'NONE', #4714 ) ;
#6551 = VERTEX_POINT ( 'NONE', #4718 ) ;
#6552 = VERTEX_POINT ( 'NONE', #4663 ) ;
#6553 = VERTEX_POINT ( 'NONE', #4680 ) ;
#6554 = VERTEX_POINT ( 'NONE', #4704 ) ;
#6555 = EDGE_LOOP ( 'NONE', ( #2476, #2470, #2478, #2440 ) ) ;
#6556 = VERTEX_POINT ( 'NONE', #4709 ) ;
#6557 = VERTEX_POINT ( 'NONE', #4710 ) ;
#6558 = EDGE_LOOP ( 'NONE', ( #7998, #7993, #7986, #7994 ) ) ;
#6559 = EDGE_LOOP ( 'NONE', ( #8030, #8011, #7987, #8036 ) ) ;
#6560 = VERTEX_POINT ( 'NONE', #4712 ) ;
#6561 = EDGE_LOOP ( 'NONE', ( #8019, #8009, #8032, #8020 ) ) ;
#6562 = VERTEX_POINT ( 'NONE', #4683 ) ;
#6563 = VERTEX_POINT ( 'NONE', #4670 ) ;
#6564 = VERTEX_POINT ( 'NONE', #4673 ) ;
#6565 = VERTEX_POINT ( 'NONE', #4697 ) ;
#6566 = VERTEX_POINT ( 'NONE', #4684 ) ;
#6567 = VERTEX_POINT ( 'NONE', #4715 ) ;
#6568 = VERTEX_POINT ( 'NONE', #4665 ) ;
#6569 = VERTEX_POINT ( 'NONE', #4705 ) ;
#6570 = VERTEX_POINT ( 'NONE', #4698 ) ;
#6571 = VERTEX_POINT ( 'NONE', #4706 ) ;
#6572 = VERTEX_POINT ( 'NONE', #4699 ) ;
#6573 = VERTEX_POINT ( 'NONE', #4678 ) ;
#6574 = VERTEX_POINT ( 'NONE', #4666 ) ;
#6575 = VERTEX_POINT ( 'NONE', #4685 ) ;
#6576 = VERTEX_POINT ( 'NONE', #4716 ) ;
#6577 = VERTEX_POINT ( 'NONE', #4708 ) ;
#6578 = VERTEX_POINT ( 'NONE', #4668 ) ;
#6579 = VERTEX_POINT ( 'NONE', #4707 ) ;
#6580 = VERTEX_POINT ( 'NONE', #4679 ) ;
#6581 = VERTEX_POINT ( 'NONE', #4688 ) ;
#6582 = VERTEX_POINT ( 'NONE', #4701 ) ;
#6583 = VERTEX_POINT ( 'NONE', #4703 ) ;
#6584 = VERTEX_POINT ( 'NONE', #4719 ) ;
#6585 = VERTEX_POINT ( 'NONE', #4720 ) ;
#6586 = SHAPE_REPRESENTATION ( 'CXHJ-D-D20-d5-e6-EC-EE', ( #4279, #4275, #4277, #4299 ), #4254 ) ;
#6587 = SHAPE_REPRESENTATION ( '���ڻ�^1745913842610', ( #4267 ), #4274 ) ;
#6588 = SHAPE_REPRESENTATION ( '����2^1745913842610_CXHJ-D', ( #4267 ), #4272 ) ;
#6589 = SHAPE_REPRESENTATION ( '����1^1745913842610_CXHJ-D', ( #4267 ), #4290 ) ;
#6590 = DIRECTION ( 'NONE',  ( -0.0000000000000000000, -1.000000000000000000, -0.0000000000000000000 ) ) ;
#6591 = CARTESIAN_POINT ( 'NONE',  ( -3.889857481262124100, -4.335272736193800800, 1.345235878690875800 ) ) ;
#6592 = DIRECTION ( 'NONE',  ( 2.664535259100375700E-015, 0.0000000000000000000, 1.000000000000000000 ) ) ;
#6593 = CARTESIAN_POINT ( 'NONE',  ( 0.0000000000000000000, 4.500000000000000000, 0.0000000000000000000 ) ) ;
#6594 = DIRECTION ( 'NONE',  ( 0.0000000000000000000, 0.0000000000000000000, 1.000000000000000000 ) ) ;
#6595 = CARTESIAN_POINT ( 'NONE',  ( 4.178460349414659300, -4.500000000000000000, -9.085178540258285200 ) ) ;
#6596 = CARTESIAN_POINT ( 'NONE',  ( 0.0000000000000000000, -4.249999999999999100, 0.0000000000000000000 ) ) ;
#6597 = CARTESIAN_POINT ( 'NONE',  ( -3.777088541010627900, -4.418762379582878100, 1.412619205980628400 ) ) ;
#6598 = CARTESIAN_POINT ( 'NONE',  ( -4.001000904307271200, -4.249999999999999100, 1.277494330215369000 ) ) ;
#6599 = DIRECTION ( 'NONE',  ( -0.0000000000000000000, 1.000000000000000000, 6.123233995736766000E-017 ) ) ;
#6600 = DIRECTION ( 'NONE',  ( -0.0000000000000000000, -1.000000000000000000, -0.0000000000000000000 ) ) ;
#6601 = CARTESIAN_POINT ( 'NONE',  ( 0.0000000000000000000, -4.500000000000000000, 0.0000000000000000000 ) ) ;
#6602 = CARTESIAN_POINT ( 'NONE',  ( -8.888652636735177000, -4.416954607233578600, -4.205192687343671100 ) ) ;
#6603 = CARTESIAN_POINT ( 'NONE',  ( 1.277494330215367800, -4.249999999999999100, 4.001000904307271200 ) ) ;
#6604 = CARTESIAN_POINT ( 'NONE',  ( 1.412619205980624000, -4.418762379582878100, 3.777088541010628700 ) ) ;
#6605 = CARTESIAN_POINT ( 'NONE',  ( 0.0000000000000000000, -4.249999999999999100, -5.357829746269668600E-016 ) ) ;
#6606 = CARTESIAN_POINT ( 'NONE',  ( 1.479499447192451600, -4.500000000000000000, 3.662455649664200700 ) ) ;
#6607 = DIRECTION ( 'NONE',  ( 0.0000000000000000000, 1.000000000000000000, 6.123233995736746300E-017 ) ) ;
#6608 = CARTESIAN_POINT ( 'NONE',  ( 1.345235878690874500, -4.335272736193800800, 3.889857481262124500 ) ) ;
#6609 = CARTESIAN_POINT ( 'NONE',  ( 0.0000000000000000000, 4.500000000000000000, 0.0000000000000000000 ) ) ;
#6610 = CARTESIAN_POINT ( 'NONE',  ( 9.659258262890695300, -4.500000000000000000, -2.588190451025186100 ) ) ;
#6611 = CARTESIAN_POINT ( 'NONE',  ( -9.085178540258279900, -4.249999999999999100, -4.178460349414662800 ) ) ;
#6612 = DIRECTION ( 'NONE',  ( -0.0000000000000000000, -1.000000000000000000, -0.0000000000000000000 ) ) ;
#6613 = CARTESIAN_POINT ( 'NONE',  ( 0.0000000000000000000, -4.249999999999999100, -5.357829746269669600E-016 ) ) ;
#6614 = DIRECTION ( 'NONE',  ( 8.410780489584519700E-016, 0.0000000000000000000, 1.000000000000000000 ) ) ;
#6615 = DIRECTION ( 'NONE',  ( 0.0000000000000000000, 1.000000000000000000, 6.123233995736746300E-017 ) ) ;
#6616 = DIRECTION ( 'NONE',  ( -0.0000000000000000000, 1.000000000000000000, -0.0000000000000000000 ) ) ;
#6617 = CARTESIAN_POINT ( 'NONE',  ( -1.277494330215367800, -4.249999999999999100, -4.001000904307271200 ) ) ;
#6618 = DIRECTION ( 'NONE',  ( -0.0000000000000000000, 1.000000000000000000, -0.0000000000000000000 ) ) ;
#6619 = DIRECTION ( 'NONE',  ( 0.0000000000000000000, 0.0000000000000000000, 1.000000000000000000 ) ) ;
#6620 = CARTESIAN_POINT ( 'NONE',  ( -1.345235878690874500, -4.335272736193800800, -3.889857481262124500 ) ) ;
#6621 = DIRECTION ( 'NONE',  ( 0.0000000000000000000, 0.0000000000000000000, 1.000000000000000000 ) ) ;
#6622 = DIRECTION ( 'NONE',  ( 0.0000000000000000000, 0.0000000000000000000, 1.000000000000000000 ) ) ;
#6623 = CARTESIAN_POINT ( 'NONE',  ( -3.662455649664199800, -4.500000000000000000, 1.479499447192454300 ) ) ;
#6624 = CARTESIAN_POINT ( 'NONE',  ( -8.987023473681249500, -4.333611410657233900, -4.191776784957413700 ) ) ;
#6625 = CARTESIAN_POINT ( 'NONE',  ( 0.0000000000000000000, -4.249999999999999100, 0.0000000000000000000 ) ) ;
#6626 = CARTESIAN_POINT ( 'NONE',  ( -8.790046626563484000, -4.500000000000000000, -4.218717850584451600 ) ) ;
#6627 = DIRECTION ( 'NONE',  ( 0.0000000000000000000, 0.0000000000000000000, 1.000000000000000000 ) ) ;
#6628 = COLOUR_RGB ( '',1.000000000000000000, 1.000000000000000000, 1.000000000000000000 ) ;
#6629 = PRESENTATION_STYLE_ASSIGNMENT (( #5415 ) ) ;
#6630 = FACE_BOUND ( 'NONE', #4502, .T. ) ;
#6631 = CYLINDRICAL_SURFACE ( 'NONE', #4065, 1.720000000000000000 ) ;
#6632 = CYLINDRICAL_SURFACE ( 'NONE', #4047, 4.200000000000000200 ) ;
#6633 = CYLINDRICAL_SURFACE ( 'NONE', #4066, 1.000000000000000000 ) ;
#6634 = CYLINDRICAL_SURFACE ( 'NONE', #4044, 10.00000000000000200 ) ;
#6635 = FACE_OUTER_BOUND ( 'NONE', #809, .T. ) ;
#6636 = CYLINDRICAL_SURFACE ( 'NONE', #4067, 3.000000000000001300 ) ;
#6637 = FACE_OUTER_BOUND ( 'NONE', #788, .T. ) ;
#6638 = VECTOR ( 'NONE', #6768, 1000.000000000000000 ) ;
#6639 = FACE_OUTER_BOUND ( 'NONE', #725, .T. ) ;
#6640 = FACE_OUTER_BOUND ( 'NONE', #795, .T. ) ;
#6641 = PRESENTATION_STYLE_ASSIGNMENT (( #5399 ) ) ;
#6642 = FACE_OUTER_BOUND ( 'NONE', #791, .T. ) ;
#6643 = CONICAL_SURFACE ( 'NONE', #4041, 8.250000000000000000, 0.7853981633974517200 ) ;
#6644 = FACE_BOUND ( 'NONE', #803, .T. ) ;
#6645 = CYLINDRICAL_SURFACE ( 'NONE', #4060, 2.500000000000000000 ) ;
#6646 = CIRCLE ( 'NONE', #4200, 4.200000000000001100 ) ;
#6647 = FACE_OUTER_BOUND ( 'NONE', #6561, .T. ) ;
#6648 = CIRCLE ( 'NONE', #4231, 3.250000000000002700 ) ;
#6649 = CYLINDRICAL_SURFACE ( 'NONE', #4070, 8.500000000000000000 ) ;
#6650 = CONICAL_SURFACE ( 'NONE', #4036, 10.00000000000000200, 0.7853981633974517200 ) ;
#6651 = FACE_OUTER_BOUND ( 'NONE', #829, .T. ) ;
#6652 = LINE ( 'NONE', #6760, #6638 ) ;
#6653 = FACE_OUTER_BOUND ( 'NONE', #793, .T. ) ;
#6654 = CYLINDRICAL_SURFACE ( 'NONE', #4069, 1.720000000000000000 ) ;
#6655 = CONICAL_SURFACE ( 'NONE', #4052, 3.949999999999999700, 0.7853981633974517200 ) ;
#6656 = SURFACE_STYLE_FILL_AREA ( #5379 ) ;
#6657 = FACE_OUTER_BOUND ( 'NONE', #6527, .T. ) ;
#6658 = SURFACE_STYLE_FILL_AREA ( #5419 ) ;
#6659 = FACE_OUTER_BOUND ( 'NONE', #839, .T. ) ;
#6660 = CONICAL_SURFACE ( 'NONE', #4040, 9.749999999999998200, 0.7853981633974344000 ) ;
#6661 = CONICAL_SURFACE ( 'NONE', #4046, 9.000000000000001800, 0.7853981633974466100 ) ;
#6662 = COLOUR_RGB ( '',1.000000000000000000, 1.000000000000000000, 1.000000000000000000 ) ;
#6663 = CYLINDRICAL_SURFACE ( 'NONE', #4003, 1.720000000000000000 ) ;
#6664 = FACE_OUTER_BOUND ( 'NONE', #846, .T. ) ;
#6665 = FACE_OUTER_BOUND ( 'NONE', #810, .T. ) ;
#6666 = SURFACE_STYLE_FILL_AREA ( #5354 ) ;
#6667 = FACE_OUTER_BOUND ( 'NONE', #836, .T. ) ;
#6668 = CYLINDRICAL_SURFACE ( 'NONE', #4050, 1.720000000000000000 ) ;
#6669 = FACE_BOUND ( 'NONE', #782, .T. ) ;
#6670 = COLOUR_RGB ( '',1.000000000000000000, 1.000000000000000000, 1.000000000000000000 ) ;
#6671 = PRESENTATION_STYLE_ASSIGNMENT (( #5362 ) ) ;
#6672 = FACE_OUTER_BOUND ( 'NONE', #802, .T. ) ;
#6673 = FACE_OUTER_BOUND ( 'NONE', #834, .T. ) ;
#6674 = FACE_OUTER_BOUND ( 'NONE', #837, .T. ) ;
#6675 = FACE_OUTER_BOUND ( 'NONE', #6559, .T. ) ;
#6676 = FACE_OUTER_BOUND ( 'NONE', #785, .T. ) ;
#6677 = COLOUR_RGB ( '',1.000000000000000000, 1.000000000000000000, 1.000000000000000000 ) ;
#6678 = CONICAL_SURFACE ( 'NONE', #3986, 10.00000000000000200, 0.7853981633974517200 ) ;
#6679 = FACE_OUTER_BOUND ( 'NONE', #727, .T. ) ;
#6680 = CYLINDRICAL_SURFACE ( 'NONE', #4064, 2.500000000000000000 ) ;
#6681 = CONICAL_SURFACE ( 'NONE', #3980, 8.250000000000000000, 0.7853981633974517200 ) ;
#6682 = SURFACE_STYLE_FILL_AREA ( #5311 ) ;
#6683 = CONICAL_SURFACE ( 'NONE', #3987, 3.949999999999999700, 0.7853981633974517200 ) ;
#6684 = PRESENTATION_STYLE_ASSIGNMENT (( #5297 ) ) ;
#6685 = FACE_OUTER_BOUND ( 'NONE', #749, .T. ) ;
#6686 = FACE_OUTER_BOUND ( 'NONE', #812, .T. ) ;
#6687 = CONICAL_SURFACE ( 'NONE', #4000, 3.949999999999999700, 0.7853981633974517200 ) ;
#6688 = FACE_OUTER_BOUND ( 'NONE', #794, .T. ) ;
#6689 = CONICAL_SURFACE ( 'NONE', #4002, 9.750000000000005300, 0.7853981633974344000 ) ;
#6690 = FACE_OUTER_BOUND ( 'NONE', #823, .T. ) ;
#6691 = CONICAL_SURFACE ( 'NONE', #4063, 4.200000000000001100, 0.7853981633974500600 ) ;
#6692 = CONICAL_SURFACE ( 'NONE', #4024, 9.749999999999998200, 0.7853981633974344000 ) ;
#6693 = CYLINDRICAL_SURFACE ( 'NONE', #4049, 10.00000000000000200 ) ;
#6694 = CYLINDRICAL_SURFACE ( 'NONE', #4018, 8.500000000000000000 ) ;
#6695 = CYLINDRICAL_SURFACE ( 'NONE', #4051, 4.200000000000001100 ) ;
#6696 = FACE_OUTER_BOUND ( 'NONE', #790, .T. ) ;
#6697 = FACE_OUTER_BOUND ( 'NONE', #820, .T. ) ;
#6698 = FACE_OUTER_BOUND ( 'NONE', #747, .T. ) ;
#6699 = CYLINDRICAL_SURFACE ( 'NONE', #4035, 10.00000000000000200 ) ;
#6700 = CONICAL_SURFACE ( 'NONE', #4028, 8.999999999999994700, 0.7853981633974447300 ) ;
#6701 = FACE_OUTER_BOUND ( 'NONE', #835, .T. ) ;
#6702 = FACE_OUTER_BOUND ( 'NONE', #778, .T. ) ;
#6703 = FACE_OUTER_BOUND ( 'NONE', #729, .T. ) ;
#6704 = CYLINDRICAL_SURFACE ( 'NONE', #4043, 8.500000000000000000 ) ;
#6705 = CIRCLE ( 'NONE', #4176, 8.499999999999955600 ) ;
#6706 = LINE ( 'NONE', #3211, #6707 ) ;
#6707 = VECTOR ( 'NONE', #3222, 1000.000000000000000 ) ;
#6708 = VECTOR ( 'NONE', #6747, 1000.000000000000000 ) ;
#6709 = CIRCLE ( 'NONE', #4171, 8.500000000000000000 ) ;
#6710 = CIRCLE ( 'NONE', #4151, 8.500000000000000000 ) ;
#6711 = CIRCLE ( 'NONE', #4184, 4.200000000000000200 ) ;
#6712 = VECTOR ( 'NONE', #3282, 1000.000000000000000 ) ;
#6713 = CIRCLE ( 'NONE', #4214, 3.000000000000001300 ) ;
#6714 = VECTOR ( 'NONE', #3273, 1000.000000000000000 ) ;
#6715 = CIRCLE ( 'NONE', #4145, 8.500000000000000000 ) ;
#6716 = VECTOR ( 'NONE', #3238, 1000.000000000000000 ) ;
#6717 = LINE ( 'NONE', #3212, #6726 ) ;
#6718 = LINE ( 'NONE', #3232, #6719 ) ;
#6719 = VECTOR ( 'NONE', #3249, 1000.000000000000000 ) ;
#6720 = LINE ( 'NONE', #3227, #6716 ) ;
#6721 = CIRCLE ( 'NONE', #4172, 10.00000000000000200 ) ;
#6722 = LINE ( 'NONE', #3218, #6725 ) ;
#6723 = LINE ( 'NONE', #3263, #6712 ) ;
#6724 = CIRCLE ( 'NONE', #4182, 9.750000000000005300 ) ;
#6725 = VECTOR ( 'NONE', #3223, 1000.000000000000000 ) ;
#6726 = VECTOR ( 'NONE', #3214, 1000.000000000000000 ) ;
#6727 = CIRCLE ( 'NONE', #4133, 9.000000000000001800 ) ;
#6728 = CIRCLE ( 'NONE', #4138, 3.000000000000000400 ) ;
#6729 = LINE ( 'NONE', #3265, #6714 ) ;
#6730 = CIRCLE ( 'NONE', #4155, 3.949999999999999700 ) ;
#6731 = CIRCLE ( 'NONE', #4180, 4.200000000000000200 ) ;
#6732 = LINE ( 'NONE', #3302, #6735 ) ;
#6733 = VECTOR ( 'NONE', #3068, 1000.000000000000000 ) ;
#6734 = CIRCLE ( 'NONE', #4173, 1.000000000000000000 ) ;
#6735 = VECTOR ( 'NONE', #3309, 1000.000000000000100 ) ;
#6736 = CARTESIAN_POINT ( 'NONE',  ( 4.949747468305841600, 4.999999999999999100, 4.949747468305822000 ) ) ;
#6737 = CARTESIAN_POINT ( 'NONE',  ( 4.039205825515819200, -4.416454182136770400, -8.965758091466861800 ) ) ;
#6738 = DIRECTION ( 'NONE',  ( 0.0000000000000000000, 0.0000000000000000000, 1.000000000000000000 ) ) ;
#6739 = CARTESIAN_POINT ( 'NONE',  ( -1.277494330215373000, -4.249999999999999100, 4.001000904307268500 ) ) ;
#6740 = CARTESIAN_POINT ( 'NONE',  ( -1.479499447192457200, -4.500000000000000000, 3.662455649664198900 ) ) ;
#6741 = CARTESIAN_POINT ( 'NONE',  ( -1.277494330215373000, -4.500000000000000000, 4.001000904307268500 ) ) ;
#6742 = CARTESIAN_POINT ( 'NONE',  ( -3.777088541010628300, -4.418762379582878100, -1.412619205980628800 ) ) ;
#6743 = CARTESIAN_POINT ( 'NONE',  ( 0.0000000000000000000, -4.249999999999999100, 0.0000000000000000000 ) ) ;
#6744 = DIRECTION ( 'NONE',  ( -0.0000000000000000000, -1.000000000000000000, -0.0000000000000000000 ) ) ;
#6745 = DIRECTION ( 'NONE',  ( -0.0000000000000000000, 1.000000000000000000, -0.0000000000000000000 ) ) ;
#6746 = DIRECTION ( 'NONE',  ( 0.0000000000000000000, 1.000000000000000000, 0.0000000000000000000 ) ) ;
#6747 = DIRECTION ( 'NONE',  ( -0.0000000000000000000, 1.000000000000000000, 6.123233995736766000E-017 ) ) ;
#6748 = DIRECTION ( 'NONE',  ( -0.0000000000000000000, 1.000000000000000000, 6.123233995736766000E-017 ) ) ;
#6749 = DIRECTION ( 'NONE',  ( 0.0000000000000000000, 0.0000000000000000000, 1.000000000000000000 ) ) ;
#6750 = CARTESIAN_POINT ( 'NONE',  ( 4.949747468305860200, -4.999999999999999100, -3.949747468305804700 ) ) ;
#6751 = CARTESIAN_POINT ( 'NONE',  ( 0.0000000000000000000, -4.249999999999996400, 0.0000000000000000000 ) ) ;
#6752 = CARTESIAN_POINT ( 'NONE',  ( 4.178460349414618400, -4.249999999999996400, -9.085178540258303000 ) ) ;
#6753 = CARTESIAN_POINT ( 'NONE',  ( -4.001000904307271200, -4.500000000000000000, -1.277494330215368300 ) ) ;
#6754 = DIRECTION ( 'NONE',  ( 0.0000000000000000000, 0.0000000000000000000, 1.000000000000000000 ) ) ;
#6755 = CARTESIAN_POINT ( 'NONE',  ( 3.971267992750530800, -4.500000000000000000, -8.904579188808154900 ) ) ;
#6756 = CARTESIAN_POINT ( 'NONE',  ( 4.949747468305841600, 4.500000000000000000, 4.949747468305822000 ) ) ;
#6757 = DIRECTION ( 'NONE',  ( 0.0000000000000000000, 1.000000000000000000, 6.123233995736766000E-017 ) ) ;
#6758 = CARTESIAN_POINT ( 'NONE',  ( -1.412619205980631500, -4.418762379582878100, 3.777088541010627000 ) ) ;
#6759 = DIRECTION ( 'NONE',  ( 0.0000000000000000000, 0.0000000000000000000, 1.000000000000000000 ) ) ;
#6760 = CARTESIAN_POINT ( 'NONE',  ( 0.0000000000000000000, 4.250000000000002700, -4.200000000000001100 ) ) ;
#6761 = DIRECTION ( 'NONE',  ( 0.0000000000000000000, 1.000000000000000000, 0.0000000000000000000 ) ) ;
#6762 = DIRECTION ( 'NONE',  ( 0.0000000000000000000, 0.0000000000000000000, -1.000000000000000000 ) ) ;
#6763 = CARTESIAN_POINT ( 'NONE',  ( 0.0000000000000000000, 4.500000000000000000, 0.0000000000000000000 ) ) ;
#6764 = DIRECTION ( 'NONE',  ( 0.0000000000000000000, 0.0000000000000000000, 1.000000000000000000 ) ) ;
#6765 = DIRECTION ( 'NONE',  ( 0.0000000000000000000, 1.000000000000000000, 6.123233995736746300E-017 ) ) ;
#6766 = CARTESIAN_POINT ( 'NONE',  ( 4.108279147407926300, -4.333113010179414600, -9.025974339751785500 ) ) ;
#6767 = DIRECTION ( 'NONE',  ( -0.0000000000000000000, 1.000000000000000000, -0.0000000000000000000 ) ) ;
#6768 = DIRECTION ( 'NONE',  ( 0.0000000000000000000, -0.7071067811865463500, -0.7071067811865487900 ) ) ;
#6769 = DIRECTION ( 'NONE',  ( -0.0000000000000000000, -1.000000000000000000, -6.123233995736766000E-017 ) ) ;
#6770 = CARTESIAN_POINT ( 'NONE',  ( 0.0000000000000000000, -4.500000000000000000, 4.200000000000000200 ) ) ;
#6771 = DIRECTION ( 'NONE',  ( -0.0000000000000000000, 1.000000000000000000, 6.123233995736766000E-017 ) ) ;
#6772 = DIRECTION ( 'NONE',  ( 0.0000000000000000000, 1.000000000000000000, 6.123233995736766000E-017 ) ) ;
#6773 = CARTESIAN_POINT ( 'NONE',  ( 1.277494330215348800, -4.500000000000000000, -4.001000904307275600 ) ) ;
#6774 = CARTESIAN_POINT ( 'NONE',  ( -4.949747468305841600, 4.999999999999999100, -3.949747468305822000 ) ) ;
#6775 = CARTESIAN_POINT ( 'NONE',  ( -1.345235878690879600, -4.335272736193800800, 3.889857481262121800 ) ) ;
#6776 = DIRECTION ( 'NONE',  ( -0.0000000000000000000, 1.000000000000000000, 6.123233995736766000E-017 ) ) ;
#6777 = CARTESIAN_POINT ( 'NONE',  ( 0.0000000000000000000, 4.250000000000000900, 0.0000000000000000000 ) ) ;
#6778 = DIRECTION ( 'NONE',  ( 0.0000000000000000000, 0.0000000000000000000, 1.000000000000000000 ) ) ;
#6779 = CARTESIAN_POINT ( 'NONE',  ( 0.0000000000000000000, -4.249999999999999100, -5.357829746269668600E-016 ) ) ;
#6780 = CARTESIAN_POINT ( 'NONE',  ( 0.0000000000000000000, 13.99999999999999500, 0.0000000000000000000 ) ) ;
#6781 = DIRECTION ( 'NONE',  ( 0.0000000000000000000, 1.000000000000000000, 6.123233995736766000E-017 ) ) ;
#6782 = DIRECTION ( 'NONE',  ( 0.0000000000000000000, 0.0000000000000000000, 1.000000000000000000 ) ) ;
#6783 = DIRECTION ( 'NONE',  ( 0.0000000000000000000, 0.0000000000000000000, 1.000000000000000000 ) ) ;
#6784 = DIRECTION ( 'NONE',  ( 0.0000000000000000000, -1.000000000000000000, 0.0000000000000000000 ) ) ;
#6785 = CARTESIAN_POINT ( 'NONE',  ( 2.457966639317955300, 9.999999999999994700, -1.720000000000000000 ) ) ;
#6786 = CARTESIAN_POINT ( 'NONE',  ( 2.497214124449814500, 10.45471480802570100, -1.662732305740516100 ) ) ;
#6787 = CARTESIAN_POINT ( 'NONE',  ( 4.949747468305841600, 4.500000000000000000, 4.949747468305822000 ) ) ;
#6788 = CARTESIAN_POINT ( 'NONE',  ( 2.457966639317955300, 10.11633577970660600, -1.720000000000000000 ) ) ;
#6789 = CARTESIAN_POINT ( 'NONE',  ( -4.949747468305841600, 4.999999999999999100, -4.949747468305822000 ) ) ;
#6790 = CARTESIAN_POINT ( 'NONE',  ( 2.466295950168417400, 10.23087418024399600, -1.708256827906064100 ) ) ;
#6791 = PRODUCT_DEFINITION_CONTEXT ( 'detailed design', #5096, 'design' ) ;
#6792 = PRODUCT_DEFINITION_CONTEXT ( 'detailed design', #5085, 'design' ) ;
#6793 = PRODUCT_DEFINITION_SHAPE ( 'NONE', 'NONE',  #8126 ) ;
#6794 = PRODUCT_DEFINITION_SHAPE ( 'NONE', 'NONE',  #4308 ) ;
#6795 = PRODUCT_DEFINITION_SHAPE ( 'NONE', 'NONE',  #8124 ) ;
#6796 = PRODUCT_DEFINITION_CONTEXT ( 'detailed design', #5089, 'design' ) ;
#6797 = PRODUCT_DEFINITION_SHAPE ( 'NONE', 'NONE',  #4295 ) ;
#6798 = PRODUCT_DEFINITION_SHAPE ( 'NONE', 'NONE',  #4300 ) ;
#6799 = PRODUCT_DEFINITION_SHAPE ( 'NONE', 'NONE',  #4304 ) ;
#6800 = PRODUCT_DEFINITION_CONTEXT ( 'detailed design', #5116, 'design' ) ;
#6801 = PRODUCT_DEFINITION_SHAPE ( 'NONE', 'NONE',  #8125 ) ;
#6802 = CONICAL_SURFACE ( 'NONE', #4087, 4.200000000000001100, 0.7853981633974500600 ) ;
#6803 = CONICAL_SURFACE ( 'NONE', #4085, 8.500000000000000000, 0.7853981633974517200 ) ;
#6804 = FACE_OUTER_BOUND ( 'NONE', #728, .T. ) ;
#6805 = FACE_OUTER_BOUND ( 'NONE', #767, .T. ) ;
#6806 = LINE ( 'NONE', #1497, #6839 ) ;
#6807 = FACE_OUTER_BOUND ( 'NONE', #752, .T. ) ;
#6808 = FACE_OUTER_BOUND ( 'NONE', #4496, .T. ) ;
#6809 = FACE_OUTER_BOUND ( 'NONE', #798, .T. ) ;
#6810 = CONICAL_SURFACE ( 'NONE', #4107, 9.750000000000005300, 0.7853981633974344000 ) ;
#6811 = LINE ( 'NONE', #1189, #6850 ) ;
#6812 = LINE ( 'NONE', #1193, #6819 ) ;
#6813 = CIRCLE ( 'NONE', #4114, 8.500000000000000000 ) ;
#6814 = FACE_OUTER_BOUND ( 'NONE', #4499, .T. ) ;
#6815 = FACE_OUTER_BOUND ( 'NONE', #731, .T. ) ;
#6816 = CIRCLE ( 'NONE', #4147, 10.00000000000000200 ) ;
#6817 = CIRCLE ( 'NONE', #4146, 2.500000000000000000 ) ;
#6818 = VECTOR ( 'NONE', #1195, 1000.000000000000000 ) ;
#6819 = VECTOR ( 'NONE', #1194, 1000.000000000000000 ) ;
#6820 = CIRCLE ( 'NONE', #4160, 10.00000000000000200 ) ;
#6821 = VECTOR ( 'NONE', #1668, 1000.000000000000000 ) ;
#6822 = CIRCLE ( 'NONE', #4143, 8.500000000000000000 ) ;
#6823 = LINE ( 'NONE', #1683, #6821 ) ;
#6824 = LINE ( 'NONE', #6773, #4383 ) ;
#6825 = VECTOR ( 'NONE', #1217, 1000.000000000000000 ) ;
#6826 = FACE_OUTER_BOUND ( 'NONE', #826, .T. ) ;
#6827 = VECTOR ( 'NONE', #1757, 1000.000000000000000 ) ;
#6828 = CONICAL_SURFACE ( 'NONE', #4105, 4.200000000000001100, 0.7853981633974500600 ) ;
#6829 = CYLINDRICAL_SURFACE ( 'NONE', #4115, 1.000000000000000000 ) ;
#6830 = CIRCLE ( 'NONE', #4152, 10.00000000000000200 ) ;
#6831 = LINE ( 'NONE', #1216, #6825 ) ;
#6832 = CONICAL_SURFACE ( 'NONE', #4093, 8.500000000000000000, 0.7853981633974517200 ) ;
#6833 = CIRCLE ( 'NONE', #4116, 8.999999999999994700 ) ;
#6834 = CONICAL_SURFACE ( 'NONE', #4096, 3.250000000000002700, 0.7853981633974473900 ) ;
#6835 = CONICAL_SURFACE ( 'NONE', #4100, 9.750000000000005300, 0.7853981633974344000 ) ;
#6836 = FACE_OUTER_BOUND ( 'NONE', #737, .T. ) ;
#6837 = FACE_OUTER_BOUND ( 'NONE', #4500, .T. ) ;
#6838 = CONICAL_SURFACE ( 'NONE', #4113, 9.000000000000001800, 0.7853981633974466100 ) ;
#6839 = VECTOR ( 'NONE', #1492, 1000.000000000000000 ) ;
#6840 = LINE ( 'NONE', #1741, #6841 ) ;
#6841 = VECTOR ( 'NONE', #1760, 1000.000000000000000 ) ;
#6842 = CIRCLE ( 'NONE', #4158, 8.500000000000000000 ) ;
#6843 = CIRCLE ( 'NONE', #4130, 10.00000000000000200 ) ;
#6844 = FACE_OUTER_BOUND ( 'NONE', #742, .T. ) ;
#6845 = FACE_OUTER_BOUND ( 'NONE', #842, .T. ) ;
#6846 = CIRCLE ( 'NONE', #4157, 8.500000000000000000 ) ;
#6847 = CIRCLE ( 'NONE', #4170, 2.500000000000000000 ) ;
#6848 = LINE ( 'NONE', #1230, #6864 ) ;
#6849 = LINE ( 'NONE', #1753, #6827 ) ;
#6850 = VECTOR ( 'NONE', #1192, 1000.000000000000000 ) ;
#6851 = CONICAL_SURFACE ( 'NONE', #4089, 8.500000000000000000, 0.7853981633974517200 ) ;
#6852 = CIRCLE ( 'NONE', #4159, 8.499999999999955600 ) ;
#6853 = FACE_OUTER_BOUND ( 'NONE', #796, .T. ) ;
#6854 = FACE_OUTER_BOUND ( 'NONE', #6542, .T. ) ;
#6855 = LINE ( 'NONE', #1703, #6856 ) ;
#6856 = VECTOR ( 'NONE', #1704, 1000.000000000000100 ) ;
#6857 = CIRCLE ( 'NONE', #4153, 2.500000000000000000 ) ;
#6858 = CONICAL_SURFACE ( 'NONE', #4088, 9.750000000000003600, 0.7853981633974517200 ) ;
#6859 = CIRCLE ( 'NONE', #4177, 8.999999999999994700 ) ;
#6860 = CONICAL_SURFACE ( 'NONE', #4086, 8.500000000000000000, 0.7853981633974517200 ) ;
#6861 = LINE ( 'NONE', #1219, #6818 ) ;
#6862 = VECTOR ( 'NONE', #1202, 1000.000000000000000 ) ;
#6863 = CIRCLE ( 'NONE', #4135, 9.749999999999998200 ) ;
#6864 = VECTOR ( 'NONE', #1201, 1000.000000000000000 ) ;
#6865 = VECTOR ( 'NONE', #6769, 1000.000000000000000 ) ;
#6866 = LINE ( 'NONE', #1221, #6862 ) ;
#6867 = LINE ( 'NONE', #6774, #6865 ) ;
#6868 = CARTESIAN_POINT ( 'NONE',  ( 2.051122786302482600, 9.869527955314318000, 9.787384582358367200 ) ) ;
#6869 = CARTESIAN_POINT ( 'NONE',  ( -4.949747468305841600, 4.999999999999999100, -4.949747468305822000 ) ) ;
#6870 = CARTESIAN_POINT ( 'NONE',  ( 1.842662780949407600, 9.119765826512916000, 9.828774595537522500 ) ) ;
#6871 = CARTESIAN_POINT ( 'NONE',  ( 1.827483692730288000, 9.090736824182952700, 9.831610419839357500 ) ) ;
#6872 = CARTESIAN_POINT ( 'NONE',  ( 2.052167917711684300, 9.885883310313881000, 9.787165450624353700 ) ) ;
#6873 = CARTESIAN_POINT ( 'NONE',  ( 0.0000000000000000000, 5.000000000000000900, 0.0000000000000000000 ) ) ;
#6874 = CARTESIAN_POINT ( 'NONE',  ( 1.946250925081352900, 9.360647078461212800, 9.808783890575139000 ) ) ;
#6875 = DIRECTION ( 'NONE',  ( 0.0000000000000000000, 1.000000000000000000, 0.0000000000000000000 ) ) ;
#6876 = CARTESIAN_POINT ( 'NONE',  ( 1.795763285476067900, 9.033591481314374500, 9.837453648766416600 ) ) ;
#6877 = CARTESIAN_POINT ( 'NONE',  ( 1.726850875267935000, 8.922814147191569800, 9.849788930555282800 ) ) ;
#6878 = CARTESIAN_POINT ( 'NONE',  ( 1.689674816399751700, 8.869167060726990600, 9.856234316111582000 ) ) ;
#6879 = CARTESIAN_POINT ( 'NONE',  ( 2.002442135407263000, 9.547238037012242300, 9.797469388088170900 ) ) ;
#6880 = CARTESIAN_POINT ( 'NONE',  ( 2.022192653466221100, 9.642640864334206100, 9.793405023187094800 ) ) ;
#6881 = CARTESIAN_POINT ( 'NONE',  ( 1.653767691497368500, 10.47291989032136300, 9.466702950682055500 ) ) ;
#6882 = CARTESIAN_POINT ( 'NONE',  ( 1.871598381523280400, 9.178667236854600700, 9.823305803670782800 ) ) ;
#6883 = DIRECTION ( 'NONE',  ( -0.0000000000000000000, -1.000000000000000000, -6.123233995736766000E-017 ) ) ;
#6884 = CARTESIAN_POINT ( 'NONE',  ( 1.681525590728531100, 10.36286118044266000, 9.460189049611875200 ) ) ;
#6885 = CARTESIAN_POINT ( 'NONE',  ( 1.670407541600894600, 8.842777834229055500, 9.859520669173756200 ) ) ;
#6886 = CARTESIAN_POINT ( 'NONE',  ( 1.649817825320540700, 10.48652204977639000, 9.467621042720720600 ) ) ;
#6887 = CARTESIAN_POINT ( 'NONE',  ( 1.717236485153448500, 10.11247202947192700, 9.451641044728930300 ) ) ;
#6888 = DIRECTION ( 'NONE',  ( 0.0000000000000000000, 0.0000000000000000000, -1.000000000000000000 ) ) ;
#6889 = CARTESIAN_POINT ( 'NONE',  ( 0.0000000000000000000, 15.00000000000000000, 0.0000000000000000000 ) ) ;
#6890 = DIRECTION ( 'NONE',  ( -0.0000000000000000000, -1.000000000000000000, -0.0000000000000000000 ) ) ;
#6891 = CARTESIAN_POINT ( 'NONE',  ( 2.055497237152815100, 9.999999999999998200, 9.786466732588282400 ) ) ;
#6892 = CARTESIAN_POINT ( 'NONE',  ( 2.027979280583206600, 9.674643286175728100, 9.792207407302411700 ) ) ;
#6893 = CARTESIAN_POINT ( 'NONE',  ( 0.0000000000000000000, -4.249999999999999100, 0.0000000000000000000 ) ) ;
#6894 = CARTESIAN_POINT ( 'NONE',  ( 1.911370769083543300, 9.269063250589505600, 9.815642410004487700 ) ) ;
#6895 = CARTESIAN_POINT ( 'NONE',  ( 1.779215852113380500, 9.005460681154907800, 9.840462249595114800 ) ) ;
#6896 = CARTESIAN_POINT ( 'NONE',  ( 1.719998464444343600, 10.05634484646275900, 9.450969890314906900 ) ) ;
#6897 = DIRECTION ( 'NONE',  ( 0.0000000000000000000, -0.0000000000000000000, 1.000000000000000000 ) ) ;
#6898 = CARTESIAN_POINT ( 'NONE',  ( 0.0000000000000000000, 5.000000000000000000, 0.0000000000000000000 ) ) ;
#6899 = CARTESIAN_POINT ( 'NONE',  ( 1.744759655575053700, 8.950072007846156200, 9.846629882591701100 ) ) ;
#6900 = CARTESIAN_POINT ( 'NONE',  ( 1.661341821535421000, 10.44558373874033400, 9.464936427240372700 ) ) ;
#6901 = DIRECTION ( 'NONE',  ( 0.0000000000000000000, 1.000000000000000000, 6.123233995736766000E-017 ) ) ;
#6902 = CARTESIAN_POINT ( 'NONE',  ( 2.047136944050637300, 9.820395900938603300, 9.788219105048426600 ) ) ;
#6903 = DIRECTION ( 'NONE',  ( 0.0000000000000000000, 0.0000000000000000000, -1.000000000000000000 ) ) ;
#6904 = DIRECTION ( 'NONE',  ( 0.0000000000000000000, 0.0000000000000000000, 1.000000000000000000 ) ) ;
#6905 = DIRECTION ( 'NONE',  ( -0.0000000000000000000, 1.000000000000000000, -0.0000000000000000000 ) ) ;
#6906 = DIRECTION ( 'NONE',  ( -0.0000000000000000000, 1.000000000000000000, -0.0000000000000000000 ) ) ;
#6907 = CARTESIAN_POINT ( 'NONE',  ( 2.055498154690724700, 9.967486547231555200, 9.786466528139701600 ) ) ;
#6908 = CARTESIAN_POINT ( 'NONE',  ( 2.048607358669168700, 9.836778872415052900, 9.787911398505137600 ) ) ;
#6909 = CARTESIAN_POINT ( 'NONE',  ( 2.042111169866224000, 9.771468512505462600, 9.789269314503226100 ) ) ;
#6910 = CARTESIAN_POINT ( 'NONE',  ( 1.697330073133138000, 10.27975136268743700, 9.456428106561992000 ) ) ;
#6911 = CARTESIAN_POINT ( 'NONE',  ( 1.956807509596319100, 9.391445244898523700, 9.806681557893604400 ) ) ;
#6912 = CARTESIAN_POINT ( 'NONE',  ( 1.708995882337114100, 10.19626686751085000, 9.453628514888315200 ) ) ;
#6913 = CARTESIAN_POINT ( 'NONE',  ( 1.986092754721709300, 9.484440823073187600, 9.800807757831087500 ) ) ;
#6914 = CARTESIAN_POINT ( 'NONE',  ( 2.037938740262254200, 9.739056595333773100, 9.790139506378906700 ) ) ;
#6915 = CARTESIAN_POINT ( 'NONE',  ( 1.923532302961112900, 9.299454669413707500, 9.813264365607532000 ) ) ;
#6916 = DIRECTION ( 'NONE',  ( 0.0000000000000000000, 0.0000000000000000000, 1.000000000000000000 ) ) ;
#6917 = CARTESIAN_POINT ( 'NONE',  ( 1.885412972977393000, 9.208679030458720000, 9.820661550161283100 ) ) ;
#6918 = CARTESIAN_POINT ( 'NONE',  ( 1.675333252645088600, 10.39046809201425600, 9.461653516335914600 ) ) ;
#6919 = CARTESIAN_POINT ( 'NONE',  ( 1.705565312887251700, 10.22413651353220800, 9.454454363681742600 ) ) ;
#6920 = PLANE ( 'NONE',  #3972 ) ;
#6921 = DIRECTION ( 'NONE',  ( 0.0000000000000000000, 0.0000000000000000000, 1.000000000000000000 ) ) ;
#6922 = CARTESIAN_POINT ( 'NONE',  ( 1.692525458914132500, 10.30749657061661000, 9.457576005347800000 ) ) ;
#6923 = CARTESIAN_POINT ( 'NONE',  ( 1.629275224614055400, 10.55411620677034200, 9.472376583559029200 ) ) ;
#6924 = CARTESIAN_POINT ( 'NONE',  ( 1.664972659244587300, 10.43181986422391300, 9.464086446646179600 ) ) ;
#6925 = CARTESIAN_POINT ( 'NONE',  ( 1.720000000000000200, 9.999999999999998200, 9.450969495435460400 ) ) ;
#6926 = CARTESIAN_POINT ( 'NONE',  ( 2.054668949329143200, 9.934870986518511400, 9.786640813961875900 ) ) ;
#6927 = CARTESIAN_POINT ( 'NONE',  ( 1.567224762432406500, 8.715193781151979700, 9.876450426492622700 ) ) ;
#6928 = CARTESIAN_POINT ( 'NONE',  ( 1.609874201991472500, 8.765351560458249500, 9.869588218518099900 ) ) ;
#6929 = CARTESIAN_POINT ( 'NONE',  ( 1.630507221908752200, 8.790870091086764800, 9.866197612400787500 ) ) ;
#6930 = CARTESIAN_POINT ( 'NONE',  ( 1.545222027690112500, 8.690569192414043800, 9.879919922193678900 ) ) ;
#6931 = EDGE_CURVE ( 'NONE', #6585, #6478, #1136, .T. ) ;
#6932 = EDGE_CURVE ( 'NONE', #8046, #8103, #2723, .T. ) ;
#6933 = EDGE_CURVE ( 'NONE', #6496, #6570, #2716, .T. ) ;
#6934 = EDGE_CURVE ( 'NONE', #6581, #6457, #1141, .T. ) ;
#6935 = EDGE_CURVE ( 'NONE', #6498, #6577, #2711, .T. ) ;
#6936 = EDGE_CURVE ( 'NONE', #6578, #6580, #1138, .T. ) ;
#6937 = CARTESIAN_POINT ( 'NONE',  ( 1.499749978504120000, 8.642155986943020500, 9.886924678842007100 ) ) ;
#6938 = CARTESIAN_POINT ( 'NONE',  ( 1.476428464431726500, 8.618526982684306500, 9.890436885334969100 ) ) ;
#6939 = CARTESIAN_POINT ( 'NONE',  ( 1.355386570353962000, 8.506268305055353800, 9.907857536291492900 ) ) ;
#6940 = CARTESIAN_POINT ( 'NONE',  ( 1.252102476367235300, 8.424437164050090100, 9.921438993621745100 ) ) ;
#6941 = CARTESIAN_POINT ( 'NONE',  ( 1.405037431396447300, 8.549671406353832400, 9.900917899389591900 ) ) ;
#6942 = EDGE_CURVE ( 'NONE', #6585, #6458, #1145, .T. ) ;
#6943 = CARTESIAN_POINT ( 'NONE',  ( 1.198459484909295800, 8.385993475265221900, 9.928083178080543200 ) ) ;
#6944 = SURFACE_SIDE_STYLE ('',( #4433 ) ) ;
#6945 = SURFACE_STYLE_USAGE ( .BOTH. , #6975 ) ;
#6946 =( LENGTH_UNIT ( ) NAMED_UNIT ( * ) SI_UNIT ( .MILLI., .METRE. ) );
#6947 =( NAMED_UNIT ( * ) PLANE_ANGLE_UNIT ( ) SI_UNIT ( $, .RADIAN. ) );
#6948 =( LENGTH_UNIT ( ) NAMED_UNIT ( * ) SI_UNIT ( .MILLI., .METRE. ) );
#6949 = DIRECTION ( 'NONE',  ( 0.0000000000000000000, 0.0000000000000000000, -1.000000000000000000 ) ) ;
#6950 = CARTESIAN_POINT ( 'NONE',  ( 9.659258262890695300, -4.500000000000000000, -2.588190451025186100 ) ) ;
#6951 = FILL_AREA_STYLE_COLOUR ( '', #4429 ) ;
#6952 =( NAMED_UNIT ( * ) PLANE_ANGLE_UNIT ( ) SI_UNIT ( $, .RADIAN. ) );
#6953 =( LENGTH_UNIT ( ) NAMED_UNIT ( * ) SI_UNIT ( .MILLI., .METRE. ) );
#6954 = DIRECTION ( 'NONE',  ( 0.0000000000000000000, 0.0000000000000000000, 1.000000000000000000 ) ) ;
#6955 = DIRECTION ( 'NONE',  ( -0.0000000000000000000, -1.000000000000000000, -6.123233995736766000E-017 ) ) ;
#6956 = CARTESIAN_POINT ( 'NONE',  ( 1.087125314407182200, 8.314078218513520500, 9.940890175495974600 ) ) ;
#6957 = PLANE ( 'NONE',  #3988 ) ;
#6958 = FILL_AREA_STYLE ('',( #6959 ) ) ;
#6959 = FILL_AREA_STYLE_COLOUR ( '', #4495 ) ;
#6960 = SURFACE_SIDE_STYLE ('',( #4451 ) ) ;
#6961 =( NAMED_UNIT ( * ) PLANE_ANGLE_UNIT ( ) SI_UNIT ( $, .RADIAN. ) );
#6962 = DIRECTION ( 'NONE',  ( 0.0000000000000000000, 1.000000000000000000, 0.0000000000000000000 ) ) ;
#6963 = CARTESIAN_POINT ( 'NONE',  ( 0.0000000000000000000, 4.250000000000002700, -1.530808498934169000E-017 ) ) ;
#6964 = DIRECTION ( 'NONE',  ( 0.0000000000000000000, 0.0000000000000000000, -1.000000000000000000 ) ) ;
#6965 = SURFACE_STYLE_USAGE ( .BOTH. , #6944 ) ;
#6966 =( NAMED_UNIT ( * ) SI_UNIT ( $, .STERADIAN. ) SOLID_ANGLE_UNIT ( ) );
#6967 = CARTESIAN_POINT ( 'NONE',  ( 1.029443541115469700, 8.280610437203671700, 9.947052558329563300 ) ) ;
#6968 = CARTESIAN_POINT ( 'NONE',  ( 4.949747468305860200, -4.999999999999999100, -4.949747468305805100 ) ) ;
#6969 = FILL_AREA_STYLE ('',( #6951 ) ) ;
#6970 = FILL_AREA_STYLE_COLOUR ( '', #4432 ) ;
#6971 =( NAMED_UNIT ( * ) SI_UNIT ( $, .STERADIAN. ) SOLID_ANGLE_UNIT ( ) );
#6972 = SURFACE_STYLE_USAGE ( .BOTH. , #6960 ) ;
#6973 = FILL_AREA_STYLE ('',( #6970 ) ) ;
#6974 = CARTESIAN_POINT ( 'NONE',  ( 4.949747468305841600, 4.999999999999999100, 4.949747468305822000 ) ) ;
#6975 = SURFACE_SIDE_STYLE ('',( #4494 ) ) ;
#6976 =( NAMED_UNIT ( * ) SI_UNIT ( $, .STERADIAN. ) SOLID_ANGLE_UNIT ( ) );
#6977 = DIRECTION ( 'NONE',  ( -0.0000000000000000000, -1.000000000000000000, -6.123233995736754900E-017 ) ) ;
#6978 = DIRECTION ( 'NONE',  ( 0.0000000000000000000, 6.123233995736766000E-017, -1.000000000000000000 ) ) ;
#6979 = CARTESIAN_POINT ( 'NONE',  ( 1.827483692730290000, 9.090736824182950900, 9.831610419839353900 ) ) ;
#6980 = DIRECTION ( 'NONE',  ( 0.0000000000000000000, -1.000000000000000000, 0.0000000000000000000 ) ) ;
#6981 = CARTESIAN_POINT ( 'NONE',  ( 1.986092754721704000, 9.484440823073187600, 9.800807757831085700 ) ) ;
#6982 = CARTESIAN_POINT ( 'NONE',  ( 2.042111169866231100, 9.771468512505457200, 9.789269314503222600 ) ) ;
#6983 = DIRECTION ( 'NONE',  ( 0.0000000000000000000, 1.000000000000000000, 0.0000000000000000000 ) ) ;
#6984 = CARTESIAN_POINT ( 'NONE',  ( 0.0000000000000000000, 4.250000000000000900, 0.0000000000000000000 ) ) ;
#6985 = CARTESIAN_POINT ( 'NONE',  ( 2.051122786302475900, 9.869527955314314500, 9.787384582358370700 ) ) ;
#6986 = CARTESIAN_POINT ( 'NONE',  ( 1.923532302961111800, 9.299454669413702100, 9.813264365607532000 ) ) ;
#6987 = CARTESIAN_POINT ( 'NONE',  ( 1.871598381523278800, 9.178667236854599000, 9.823305803670782800 ) ) ;
#6988 = CARTESIAN_POINT ( 'NONE',  ( 1.630507221908749700, 8.790870091086763000, 9.866197612400784000 ) ) ;
#6989 = DIRECTION ( 'NONE',  ( 0.0000000000000000000, 0.0000000000000000000, 1.000000000000000000 ) ) ;
#6990 = CARTESIAN_POINT ( 'NONE',  ( 1.609874201991477800, 8.765351560458247700, 9.869588218518103400 ) ) ;
#6991 = CARTESIAN_POINT ( 'NONE',  ( 2.055497237152815500, 9.999999999999994700, 9.786466732588284100 ) ) ;
#6992 = CARTESIAN_POINT ( 'NONE',  ( 1.567224762432401200, 8.715193781151976200, 9.876450426492619200 ) ) ;
#6993 = CARTESIAN_POINT ( 'NONE',  ( 1.405037431396434200, 8.549671406353825300, 9.900917899389595400 ) ) ;
#6994 = CARTESIAN_POINT ( 'NONE',  ( 1.726850875267932100, 8.922814147191566300, 9.849788930555286400 ) ) ;
#6995 = CARTESIAN_POINT ( 'NONE',  ( 2.055498154690722900, 9.967486547231553500, 9.786466528139705200 ) ) ;
#6996 = CARTESIAN_POINT ( 'NONE',  ( 0.8489045194346944700, 8.191003139343667500, 9.964096873927287500 ) ) ;
#6997 = CARTESIAN_POINT ( 'NONE',  ( 0.7249531488368170500, 8.141396836703291800, 9.973881259274262900 ) ) ;
#6998 = DIRECTION ( 'NONE',  ( -0.0000000000000000000, 1.000000000000000000, -0.0000000000000000000 ) ) ;
#6999 = CARTESIAN_POINT ( 'NONE',  ( 2.022192653466215800, 9.642640864334202500, 9.793405023187094800 ) ) ;
#7000 = CARTESIAN_POINT ( 'NONE',  ( 2.037938740262247500, 9.739056595333767800, 9.790139506378906700 ) ) ;
#7001 = CARTESIAN_POINT ( 'NONE',  ( 1.885412972977393600, 9.208679030458712900, 9.820661550161283100 ) ) ;
#7002 = CARTESIAN_POINT ( 'NONE',  ( 0.0000000000000000000, 15.00000000000000000, 0.0000000000000000000 ) ) ;
#7003 = CARTESIAN_POINT ( 'NONE',  ( 1.946250925081345300, 9.360647078461214600, 9.808783890575139000 ) ) ;
#7004 = CARTESIAN_POINT ( 'NONE',  ( 1.842662780949400900, 9.119765826512910700, 9.828774595537522500 ) ) ;
#7005 = CARTESIAN_POINT ( 'NONE',  ( 1.779215852113376300, 9.005460681154904300, 9.840462249595118400 ) ) ;
#7006 = DIRECTION ( 'NONE',  ( 0.0000000000000000000, 0.0000000000000000000, 1.000000000000000000 ) ) ;
#7007 = CARTESIAN_POINT ( 'NONE',  ( 1.744759655575049100, 8.950072007846152600, 9.846629882591701100 ) ) ;
#7008 = CARTESIAN_POINT ( 'NONE',  ( 1.670407541600896600, 8.842777834229050200, 9.859520669173759800 ) ) ;
#7009 = DIRECTION ( 'NONE',  ( 0.0000000000000000000, -1.000000000000000000, -6.123233995736766000E-017 ) ) ;
#7010 = CARTESIAN_POINT ( 'NONE',  ( 0.9098272003007422700, 8.218810166827200400, 9.958706130840944600 ) ) ;
#7011 = CARTESIAN_POINT ( 'NONE',  ( 1.795763285476065500, 9.033591481314369200, 9.837453648766416600 ) ) ;
#7012 = CARTESIAN_POINT ( 'NONE',  ( 2.054668949329133900, 9.934870986518507900, 9.786640813961877700 ) ) ;
#7013 = CARTESIAN_POINT ( 'NONE',  ( 1.545222027690115000, 8.690569192414040200, 9.879919922193678900 ) ) ;
#7014 = CARTESIAN_POINT ( 'NONE',  ( 1.198459484909297300, 8.385993475265220100, 9.928083178080539600 ) ) ;
#7015 = DIRECTION ( 'NONE',  ( 0.0000000000000000000, 0.0000000000000000000, -1.000000000000000000 ) ) ;
#7016 = CARTESIAN_POINT ( 'NONE',  ( 2.048607358669165500, 9.836778872415049300, 9.787911398505137600 ) ) ;
#7017 = CARTESIAN_POINT ( 'NONE',  ( 1.911370769083542200, 9.269063250589505600, 9.815642410004487700 ) ) ;
#7018 = CARTESIAN_POINT ( 'NONE',  ( 1.499749978504108600, 8.642155986943016900, 9.886924678842010600 ) ) ;
#7019 = CARTESIAN_POINT ( 'NONE',  ( 1.252102476367238100, 8.424437164050088400, 9.921438993621741500 ) ) ;
#7020 = CARTESIAN_POINT ( 'NONE',  ( 1.087125314407180000, 8.314078218513515100, 9.940890175495974600 ) ) ;
#7021 = CARTESIAN_POINT ( 'NONE',  ( 0.9098272003007363800, 8.218810166827195100, 9.958706130840942800 ) ) ;
#7022 = CARTESIAN_POINT ( 'NONE',  ( 0.5657625912997196200, 8.091367507884891500, 9.984034426034812200 ) ) ;
#7023 = CARTESIAN_POINT ( 'NONE',  ( 0.6619142518824325800, 8.119593208245126100, 9.978276083411993000 ) ) ;
#7024 = CARTESIAN_POINT ( 'NONE',  ( 0.0000000000000000000, 5.000000000000000900, 0.0000000000000000000 ) ) ;
#7025 = CARTESIAN_POINT ( 'NONE',  ( 1.029443541115466500, 8.280610437203673500, 9.947052558329565000 ) ) ;
#7026 = CARTESIAN_POINT ( 'NONE',  ( 0.5334460417081397000, 8.082706796585196000, 9.985814929753525200 ) ) ;
#7027 = CARTESIAN_POINT ( 'NONE',  ( 1.956807509596314900, 9.391445244898520200, 9.806681557893606200 ) ) ;
#7028 = CARTESIAN_POINT ( 'NONE',  ( 0.4682753761196109000, 8.066894529579306200, 9.989083172641533900 ) ) ;
#7029 = CARTESIAN_POINT ( 'NONE',  ( 1.476428464431726000, 8.618526982684304700, 9.890436885334969100 ) ) ;
#7030 = CARTESIAN_POINT ( 'NONE',  ( 2.002442135407259900, 9.547238037012233400, 9.797469388088170900 ) ) ;
#7031 = CARTESIAN_POINT ( 'NONE',  ( 1.689674816399754600, 8.869167060726987000, 9.856234316111578400 ) ) ;
#7032 = CARTESIAN_POINT ( 'NONE',  ( 2.047136944050633700, 9.820395900938601500, 9.788219105048426600 ) ) ;
#7033 = CARTESIAN_POINT ( 'NONE',  ( 2.027979280583204000, 9.674643286175722800, 9.792207407302411700 ) ) ;
#7034 = CARTESIAN_POINT ( 'NONE',  ( 1.355386570353959200, 8.506268305055352000, 9.907857536291496500 ) ) ;
#7035 = CARTESIAN_POINT ( 'NONE',  ( 0.4354201540970312800, 8.059742730313516300, 9.990570965655148700 ) ) ;
#7036 = CARTESIAN_POINT ( 'NONE',  ( 2.052167917711681600, 9.885883310313877500, 9.787165450624355500 ) ) ;
#7037 = CARTESIAN_POINT ( 'NONE',  ( -0.3856054559814812200, 8.050141803048283900, 9.992576594658869400 ) ) ;
#7038 = CARTESIAN_POINT ( 'NONE',  ( -1.842891219642464700, 9.120213442198561900, 9.828731721746393600 ) ) ;
#7039 = CARTESIAN_POINT ( 'NONE',  ( -1.330308125229456900, 8.486418868096798500, 9.911153217583056100 ) ) ;
#7040 = CARTESIAN_POINT ( 'NONE',  ( -1.545425067242411900, 8.691098647982116200, 9.879867728804910600 ) ) ;
#7041 = CARTESIAN_POINT ( 'NONE',  ( -0.4685288091933046400, 8.066949954499941500, 9.989071645379725700 ) ) ;
#7042 = CARTESIAN_POINT ( 'NONE',  ( -1.578350773817857300, 8.728267886490227700, 9.874660891183737000 ) ) ;
#7043 = CARTESIAN_POINT ( 'NONE',  ( -1.911447213463818300, 9.269244172286125400, 9.815627590065091100 ) ) ;
#7044 = CARTESIAN_POINT ( 'NONE',  ( -1.923675602802945400, 9.299814416703615200, 9.813236333096712700 ) ) ;
#7045 = CARTESIAN_POINT ( 'NONE',  ( -1.957071764370253100, 9.392229600000293400, 9.806628873869293300 ) ) ;
#7046 = CARTESIAN_POINT ( 'NONE',  ( -1.976659091219697100, 9.454540608500783700, 9.802699558174973400 ) ) ;
#7047 = CARTESIAN_POINT ( 'NONE',  ( -1.985651991192936000, 9.485904829794089100, 9.800880371946146100 ) ) ;
#7048 = CARTESIAN_POINT ( 'NONE',  ( -0.5663173930873249800, 8.091519893468007000, 9.984003164299917200 ) ) ;
#7049 = CARTESIAN_POINT ( 'NONE',  ( 0.3357452739884070300, 8.041352455960350200, 9.994418894959318700 ) ) ;
#7050 = CARTESIAN_POINT ( 'NONE',  ( -1.252358166930590500, 8.425616857163783300, 9.921306898990092500 ) ) ;
#7051 = CARTESIAN_POINT ( 'NONE',  ( -1.885436012554464700, 9.208729539109658200, 9.820657134087314300 ) ) ;
#7052 = CARTESIAN_POINT ( 'NONE',  ( -2.002037943010050600, 9.549050961286079400, 9.797546324823578300 ) ) ;
#7053 = CARTESIAN_POINT ( 'NONE',  ( -0.6626492726430278600, 8.119830240861450200, 9.978228078219265400 ) ) ;
#7054 = CARTESIAN_POINT ( 'NONE',  ( -2.009431002280582100, 9.580832869213049100, 9.796031455961832900 ) ) ;
#7055 = CARTESIAN_POINT ( 'NONE',  ( 0.1339900875531677700, 8.018924588813822800, 9.999158701576250900 ) ) ;
#7056 = CARTESIAN_POINT ( 'NONE',  ( -0.7257138256532070800, 8.141675482113308600, 9.973825581409970600 ) ) ;
#7057 = CARTESIAN_POINT ( 'NONE',  ( -2.022607128486045200, 9.644817602476097200, 9.793319439666234400 ) ) ;
#7058 = CARTESIAN_POINT ( 'NONE',  ( -0.4355462071925931300, 8.059766767269215000, 9.990565938926172500 ) ) ;
#7059 = CARTESIAN_POINT ( 'NONE',  ( -0.5339171412228351800, 8.082827231640173700, 9.985790109248137400 ) ) ;
#7060 = CARTESIAN_POINT ( 'NONE',  ( 0.06681955857951955800, 8.015752201488027100, 9.999833160165684000 ) ) ;
#7061 = CARTESIAN_POINT ( 'NONE',  ( -1.946475192175877400, 9.361277782867778900, 9.808739429403006600 ) ) ;
#7062 = CARTESIAN_POINT ( 'NONE',  ( -2.028390413144770800, 9.677027418136185900, 9.792122243917065200 ) ) ;
#7063 = CARTESIAN_POINT ( 'NONE',  ( -1.115545733985141600, 8.332421717230127800, 9.937622726705400900 ) ) ;
#7064 = CARTESIAN_POINT ( 'NONE',  ( -2.038323963230439500, 9.741846261655684500, 9.790059304137880500 ) ) ;
#7065 = CARTESIAN_POINT ( 'NONE',  ( -2.042478781834922200, 9.774548603381299800, 9.789192601765433800 ) ) ;
#7066 = CARTESIAN_POINT ( 'NONE',  ( -1.534199985375210600, 8.678840352867185400, 9.881617409248097100 ) ) ;
#7067 = CARTESIAN_POINT ( 'NONE',  ( -0.2349769781854186000, 8.027713514379359000, 9.997295166734421200 ) ) ;
#7068 = CARTESIAN_POINT ( 'NONE',  ( -0.8185886627021621300, 8.178883608231586800, 9.966487703900366300 ) ) ;
#7069 = CARTESIAN_POINT ( 'NONE',  ( -0.3688663274688225900, 8.047123979901408900, 9.993208606500806100 ) ) ;
#7070 = CARTESIAN_POINT ( 'NONE',  ( -1.029271470492197500, 8.281452396764606800, 9.946931672911777200 ) ) ;
#7071 = CARTESIAN_POINT ( 'NONE',  ( -1.405169868987804500, 8.550880261939500600, 9.900814296858012400 ) ) ;
#7072 = CARTESIAN_POINT ( 'NONE',  ( -0.9401189639922485900, 8.234455920669740100, 9.955755601577317600 ) ) ;
#7073 = CARTESIAN_POINT ( 'NONE',  ( -1.567490650776898000, 8.715802861737788700, 9.876390918330395500 ) ) ;
#7074 = CARTESIAN_POINT ( 'NONE',  ( -0.1344932772923525500, 8.018157221142066900, 9.999319774113283500 ) ) ;
#7075 = CARTESIAN_POINT ( 'NONE',  ( 0.2684298461173013100, 8.031693728106379400, 9.996453332741136700 ) ) ;
#7076 = CARTESIAN_POINT ( 'NONE',  ( 0.03324842577050959200, 8.014964007986789000, 10.00000103025220500 ) ) ;
#7077 = CARTESIAN_POINT ( 'NONE',  ( 0.3691672830360951400, 8.046973455108085800, 9.993238457375488400 ) ) ;
#7078 = CARTESIAN_POINT ( 'NONE',  ( -1.171312159593849800, 8.368472653528078500, 9.931204137872576600 ) ) ;
#7079 = CARTESIAN_POINT ( 'NONE',  ( -1.198672064895310000, 8.387114028232211600, 9.927936179844817100 ) ) ;
#7080 = CARTESIAN_POINT ( 'NONE',  ( -1.278684348061061000, 8.445478327321073000, 9.917945558566948700 ) ) ;
#7081 = CARTESIAN_POINT ( 'NONE',  ( -1.355605721454450800, 8.507497935845407300, 9.907722199794596600 ) ) ;
#7082 = CARTESIAN_POINT ( 'NONE',  ( -0.06742283625858508400, 8.014978486624864100, 9.999997925204796800 ) ) ;
#7083 = CARTESIAN_POINT ( 'NONE',  ( -0.3354124175889413000, 8.041506454523863900, 9.994387333212904100 ) ) ;
#7084 = CARTESIAN_POINT ( 'NONE',  ( -0.9100220536559271400, 8.219811972709626600, 9.958553614720075900 ) ) ;
#7085 = CARTESIAN_POINT ( 'NONE',  ( -0.3186735945507410100, 8.038901543788831800, 9.994935131283984500 ) ) ;
#7086 = CARTESIAN_POINT ( 'NONE',  ( -1.476928339151434300, 8.619030040548638600, 9.890361911202026200 ) ) ;
#7087 = CARTESIAN_POINT ( 'NONE',  ( -1.631738398784373200, 8.791108418824332900, 9.866067784967423600 ) ) ;
#7088 = CARTESIAN_POINT ( 'NONE',  ( -1.671643682835132600, 8.843094097426664700, 9.859362452530973500 ) ) ;
#7089 = CARTESIAN_POINT ( 'NONE',  ( -1.500147887362868400, 8.642567703160352700, 9.886864177428401800 ) ) ;
#7090 = CARTESIAN_POINT ( 'NONE',  ( -1.087126410566060700, 8.315005805871344100, 9.940774580174636600 ) ) ;
#7091 = CARTESIAN_POINT ( 'NONE',  ( -0.9997050226429166100, 8.265250571894020100, 9.949949181244992500 ) ) ;
#7092 = CARTESIAN_POINT ( 'NONE',  ( -1.429436436342993200, 8.573183498396817400, 9.897337393966461500 ) ) ;
#7093 = CARTESIAN_POINT ( 'NONE',  ( -1.745935372909379200, 8.950407930573758700, 9.846478138464803500 ) ) ;
#7094 = CARTESIAN_POINT ( 'NONE',  ( -1.780329302926187100, 9.005739674078659700, 9.840297845192612400 ) ) ;
#7095 = CARTESIAN_POINT ( 'NONE',  ( -0.8492594746508513900, 8.192027595657997100, 9.963919336802753400 ) ) ;
#7096 = CARTESIAN_POINT ( 'NONE',  ( 0.2348169032603103800, 8.027694374680562500, 9.997299203292287800 ) ) ;
#7097 = CARTESIAN_POINT ( 'NONE',  ( -0.2684785736125445700, 8.031703512663977300, 9.996451280555714200 ) ) ;
#7098 = CARTESIAN_POINT ( 'NONE',  ( 0.1675894824902395600, 8.021308711157699300, 9.998652114429694000 ) ) ;
#7099 = CARTESIAN_POINT ( 'NONE',  ( -1.827770308445908700, 9.091277036025696000, 9.831557065312502200 ) ) ;
#7100 = CARTESIAN_POINT ( 'NONE',  ( -1.871727841126538800, 9.178948403512581700, 9.823281030981295500 ) ) ;
#7101 = CARTESIAN_POINT ( 'NONE',  ( -1.315950453933365700, 11.52498799646261100, 9.913044370232324100 ) ) ;
#7102 = CARTESIAN_POINT ( 'NONE',  ( -0.9394762954625448500, 11.76585797317321700, 9.955815512387692600 ) ) ;
#7103 = CARTESIAN_POINT ( 'NONE',  ( -1.428928688044882800, 11.42728950834241400, 9.897410630669615000 ) ) ;
#7104 = CARTESIAN_POINT ( 'NONE',  ( -1.608586523648368500, 11.23620749482060800, 9.869797943968722000 ) ) ;
#7105 = CARTESIAN_POINT ( 'NONE',  ( -1.744063333799740700, 11.05101937445492100, 9.846753680713455000 ) ) ;
#7106 = CARTESIAN_POINT ( 'NONE',  ( -2.027978746590338500, 10.32536183709901300, 9.792207518400337200 ) ) ;
#7107 = CARTESIAN_POINT ( 'NONE',  ( -2.037944001163549700, 10.26090770907997100, 9.790138413823857600 ) ) ;
#7108 = CARTESIAN_POINT ( 'NONE',  ( -1.827517659412258600, 10.90920330943395700, 9.831604194367585600 ) ) ;
#7109 = CARTESIAN_POINT ( 'NONE',  ( -0.9095562997521173800, 11.78040923561605200, 9.958596053014764100 ) ) ;
#7110 = CARTESIAN_POINT ( 'NONE',  ( -1.946300619135500100, 10.64167488678005200, 9.808787618967972600 ) ) ;
#7111 = CARTESIAN_POINT ( 'NONE',  ( -1.354519048187377000, 11.49316153352281800, 9.907847628187814900 ) ) ;
#7112 = CARTESIAN_POINT ( 'NONE',  ( -0.7239413404139865000, 11.85791384539734100, 9.973773656296392800 ) ) ;
#7113 = CARTESIAN_POINT ( 'NONE',  ( -2.051511610309877400, 9.872230741877732600, 9.787303143987204000 ) ) ;
#7114 = CARTESIAN_POINT ( 'NONE',  ( -1.975740364802619300, 10.54854972979214800, 9.802884789584284800 ) ) ;
#7115 = CARTESIAN_POINT ( 'NONE',  ( -1.923610099671549100, 10.70257449615128400, 9.813277274303198200 ) ) ;
#7116 = CARTESIAN_POINT ( 'NONE',  ( -2.052065773916119400, 10.13175425342346800, 9.787189214328670100 ) ) ;
#7117 = CARTESIAN_POINT ( 'NONE',  ( -0.8488665888988046200, 11.80814370134727700, 9.963952703222942000 ) ) ;
#7118 = CARTESIAN_POINT ( 'NONE',  ( -1.168788744965578700, 11.63321223912524100, 9.931501280587847100 ) ) ;
#7119 = CARTESIAN_POINT ( 'NONE',  ( -1.885034932462328100, 10.79214400456355700, 9.820733909069570400 ) ) ;
#7120 = CARTESIAN_POINT ( 'NONE',  ( -0.4334352729269975200, 11.94066749632174200, 9.990656451270341500 ) ) ;
#7121 = CARTESIAN_POINT ( 'NONE',  ( -0.3676867424850742100, 11.95328272702779800, 9.993292195491696000 ) ) ;
#7122 = CARTESIAN_POINT ( 'NONE',  ( -2.049061357969783200, 9.839677655585244800, 9.787816855359720200 ) ) ;
#7123 = CARTESIAN_POINT ( 'NONE',  ( -2.042092531122650100, 10.22864544785577200, 9.789273178759748000 ) ) ;
#7124 = CARTESIAN_POINT ( 'NONE',  ( -1.669149182423934000, 11.15891437038458600, 9.859733840576462100 ) ) ;
#7125 = CARTESIAN_POINT ( 'NONE',  ( -1.725969062319178300, 11.07850919398038600, 9.849943764528767100 ) ) ;
#7126 = CARTESIAN_POINT ( 'NONE',  ( -1.367163228415695400, 11.48237522093438700, 9.906110431480463800 ) ) ;
#7127 = CARTESIAN_POINT ( 'NONE',  ( -2.055423405829354300, 10.06702112254840900, 9.786482259812775200 ) ) ;
#7128 = CARTESIAN_POINT ( 'NONE',  ( -1.500015760620447800, 11.35871608422626300, 9.886973524763918800 ) ) ;
#7129 = CARTESIAN_POINT ( 'NONE',  ( -2.055532345714036400, 9.969713183144145700, 9.786459348529664500 ) ) ;
#7130 = CARTESIAN_POINT ( 'NONE',  ( -1.328923885258957300, 11.51445931689581000, 9.911313151798232500 ) ) ;
#7131 = CARTESIAN_POINT ( 'NONE',  ( -1.984789757287496400, 10.51719539650606600, 9.801055083052993700 ) ) ;
#7132 = CARTESIAN_POINT ( 'NONE',  ( -2.022164435197454600, 10.35754094906077900, 9.793410910519964900 ) ) ;
#7133 = CARTESIAN_POINT ( 'NONE',  ( -2.001130125027599700, 10.45382000275849400, 9.797728960459014800 ) ) ;
#7134 = CARTESIAN_POINT ( 'NONE',  ( -1.250175441130930900, 11.57600305015620500, 9.921582576005501900 ) ) ;
#7135 = CARTESIAN_POINT ( 'NONE',  ( -2.012160688402146600, 10.40579413469889400, 9.795469412039802000 ) ) ;
#7136 = CARTESIAN_POINT ( 'NONE',  ( -1.196198990492636700, 11.61460021629453500, 9.928234857419390400 ) ) ;
#7137 = CARTESIAN_POINT ( 'NONE',  ( -1.276735552112305600, 11.55602232828090500, 9.918197450730506400 ) ) ;
#7138 = CARTESIAN_POINT ( 'NONE',  ( -1.871418304051220000, 10.82170507679942200, 9.823339946328804500 ) ) ;
#7139 = CARTESIAN_POINT ( 'NONE',  ( -1.027977919221622300, 11.72017340358383900, 9.947199411281188100 ) ) ;
#7140 = CARTESIAN_POINT ( 'NONE',  ( -0.8180868447440998700, 11.82133041297765400, 9.966529530198831900 ) ) ;
#7141 = CARTESIAN_POINT ( 'NONE',  ( -2.054746067448616200, 9.937242442057057100, 9.786624614228557600 ) ) ;
#7142 = CARTESIAN_POINT ( 'NONE',  ( -1.795689924261841600, 10.96653935385203500, 9.837467131081577800 ) ) ;
#7143 = CARTESIAN_POINT ( 'NONE',  ( -1.404594035557424700, 11.44964444475645300, 9.900896394534697700 ) ) ;
#7144 = CARTESIAN_POINT ( 'NONE',  ( -0.7712973777090282900, 11.84005580222048500, 9.970222975078936400 ) ) ;
#7145 = CARTESIAN_POINT ( 'NONE',  ( -0.6601625932379033800, 11.88015187871202500, 9.978236607375654500 ) ) ;
#7146 = CARTESIAN_POINT ( 'NONE',  ( -0.6280982532641342700, 11.89036611865386200, 9.980307355890476000 ) ) ;
#7147 = CARTESIAN_POINT ( 'NONE',  ( -1.997189767986070400, 10.46972844147872000, 9.798533096508688100 ) ) ;
#7148 = CARTESIAN_POINT ( 'NONE',  ( -0.5636428801132248300, 11.90922021719758900, 9.984154897599266200 ) ) ;
#7149 = CARTESIAN_POINT ( 'NONE',  ( -0.4661485338667290500, 11.93358410571971400, 9.989182539306202800 ) ) ;
#7150 = CARTESIAN_POINT ( 'NONE',  ( -0.3346514731738057200, 11.95881456678915500, 9.994454034471184300 ) ) ;
#7151 = CARTESIAN_POINT ( 'NONE',  ( -0.5312523352429868700, 11.91786045439922700, 9.985931765906155300 ) ) ;
#7152 = CARTESIAN_POINT ( 'NONE',  ( -0.2682573829509862800, 11.96832074503104300, 9.996456422814310000 ) ) ;
#7153 = CARTESIAN_POINT ( 'NONE',  ( -2.008612195554461400, 10.42186979399642500, 9.796197816033068100 ) ) ;
#7154 = CARTESIAN_POINT ( 'NONE',  ( -1.544928689491649900, 11.31093424948441700, 9.880032520408217800 ) ) ;
#7155 = CARTESIAN_POINT ( 'NONE',  ( -0.2348985668582670200, 11.97229510629493100, 9.997296979085080100 ) ) ;
#7156 = CARTESIAN_POINT ( 'NONE',  ( -0.7555840189710937300, 11.84612619000398200, 9.971426385591794200 ) ) ;
#7157 = CARTESIAN_POINT ( 'NONE',  ( -1.629188160678922700, 11.21078708300440100, 9.866415575138038500 ) ) ;
#7158 = CARTESIAN_POINT ( 'NONE',  ( -1.085303902530210500, 11.68701383944199200, 9.941089154109681300 ) ) ;
#7159 = CARTESIAN_POINT ( 'NONE',  ( -1.778994116023843800, 10.99492299905233100, 9.840502761087737600 ) ) ;
#7160 = CARTESIAN_POINT ( 'NONE',  ( -1.688508624820234100, 11.13246212088725600, 9.856434444671100100 ) ) ;
#7161 = CARTESIAN_POINT ( 'NONE',  ( -0.7080122573157486800, 11.86362996306841400, 9.974917307512758000 ) ) ;
#7162 = CARTESIAN_POINT ( 'NONE',  ( -0.1678535494656901200, 11.97866895410047200, 9.998647378028861600 ) ) ;
#7163 = CARTESIAN_POINT ( 'NONE',  ( -0.1341521814082536100, 11.98106817571425400, 9.999157161571654100 ) ) ;
#7164 = CARTESIAN_POINT ( 'NONE',  ( -1.842659849728043500, 10.88023436968132000, 9.828775040807306200 ) ) ;
#7165 = CARTESIAN_POINT ( 'NONE',  ( 0.6793852892640601700, 11.87354091158492300, 9.976907862378070000 ) ) ;
#7166 = CARTESIAN_POINT ( 'NONE',  ( 1.989736454076873600, 10.49835808032589300, 9.800049318662516400 ) ) ;
#7167 = CARTESIAN_POINT ( 'NONE',  ( 1.610226976216088800, 11.23421636761122100, 9.869530497098553600 ) ) ;
#7168 = CARTESIAN_POINT ( 'NONE',  ( 1.797174233538245700, 10.96395669564362200, 9.837195837785149200 ) ) ;
#7169 = CARTESIAN_POINT ( 'NONE',  ( 0.7584939943559010400, 11.84522621162637200, 9.971241501195157400 ) ) ;
#7170 = CARTESIAN_POINT ( 'NONE',  ( 1.873121015372612100, 10.81998958071967300, 9.823039202499625600 ) ) ;
#7171 = CARTESIAN_POINT ( 'NONE',  ( 2.022663607330696900, 10.35487807147246500, 9.793307765088371800 ) ) ;
#7172 = CARTESIAN_POINT ( 'NONE',  ( 2.028405392942756300, 10.32285766271552200, 9.792119117375023100 ) ) ;
#7173 = CARTESIAN_POINT ( 'NONE',  ( 2.042346694447315400, 10.22650921698632100, 9.789220143804914900 ) ) ;
#7174 = CARTESIAN_POINT ( 'NONE',  ( 2.052194680680873100, 10.12980260831282400, 9.787162121016187700 ) ) ;
#7175 = CARTESIAN_POINT ( 'NONE',  ( 2.055495402077000200, 10.06502690553688100, 9.786467141485445600 ) ) ;
#7176 = CARTESIAN_POINT ( 'NONE',  ( 0.9120360900667773300, 11.78010354073065400, 9.958498915724213400 ) ) ;
#7177 = CARTESIAN_POINT ( 'NONE',  ( -0.03234739071982416900, 11.98505654473933500, 10.00000539729390800 ) ) ;
#7178 = CARTESIAN_POINT ( 'NONE',  ( 1.501662194363709400, 11.35701118556421800, 9.886722739541209400 ) ) ;
#7179 = CARTESIAN_POINT ( 'NONE',  ( 2.009518142990842200, 10.41877369776677400, 9.796013569056260200 ) ) ;
#7180 = CARTESIAN_POINT ( 'NONE',  ( 2.055497237152815500, 9.999999999999994700, 9.786466732588284100 ) ) ;
#7181 = CARTESIAN_POINT ( 'NONE',  ( 1.000494753258322600, 11.73431763396492600, 9.949868750137072800 ) ) ;
#7182 = CARTESIAN_POINT ( 'NONE',  ( 1.720000000000000200, 9.999999999999994700, 9.450969495435465700 ) ) ;
#7183 = CARTESIAN_POINT ( 'NONE',  ( 0.1701764928771676300, 11.97848231758616300, 9.998607774626393100 ) ) ;
#7184 = CARTESIAN_POINT ( 'NONE',  ( 1.029600275837705000, 11.71835847427712300, 9.946896885599681300 ) ) ;
#7185 = CARTESIAN_POINT ( 'NONE',  ( 1.717214090422882500, 9.901119585713138000, 9.451644260192269400 ) ) ;
#7186 = CARTESIAN_POINT ( 'NONE',  ( 0.7270715074974674100, 11.85698730547581000, 9.973584142124469300 ) ) ;
#7187 = CARTESIAN_POINT ( 'NONE',  ( 0.2704456266882047100, 11.96884377312035100, 9.996565890489657500 ) ) ;
#7188 = CARTESIAN_POINT ( 'NONE',  ( 0.8515290554783289100, 11.80784785929166100, 9.963872961039649900 ) ) ;
#7189 = CARTESIAN_POINT ( 'NONE',  ( 2.038246970013616500, 10.25867323823927200, 9.790075309166185800 ) ) ;
#7190 = CARTESIAN_POINT ( 'NONE',  ( 1.357136736741755700, 11.49120438248988700, 9.907512589353212100 ) ) ;
#7191 = CARTESIAN_POINT ( 'NONE',  ( 1.720000767777828200, 9.971827576768614400, 9.450969297995738900 ) ) ;
#7192 = CARTESIAN_POINT ( 'NONE',  ( 1.719306904903096000, 9.943566678520680200, 9.451137608994383000 ) ) ;
#7193 = CARTESIAN_POINT ( 'NONE',  ( 1.780647939132089500, 10.99215158479765000, 9.840203305757699000 ) ) ;
#7194 = CARTESIAN_POINT ( 'NONE',  ( 0.5337680698150122400, 11.91721128786596800, 9.985798043926593000 ) ) ;
#7195 = CARTESIAN_POINT ( 'NONE',  ( 1.087047761007552000, 11.68503824140535300, 9.940782744968565500 ) ) ;
#7196 = CARTESIAN_POINT ( 'NONE',  ( 0.6633815902140921500, 11.87888197852421600, 9.977985003105020600 ) ) ;
#7197 = CARTESIAN_POINT ( 'NONE',  ( 1.279820262398701200, 11.55365430773683000, 9.917799473236359000 ) ) ;
#7198 = CARTESIAN_POINT ( 'NONE',  ( 1.670974875981710700, 11.15646322292566900, 9.859424749677884800 ) ) ;
#7199 = CARTESIAN_POINT ( 'NONE',  ( 1.198866814542960200, 11.61275941513813600, 9.927913619184920400 ) ) ;
#7200 = CARTESIAN_POINT ( 'NONE',  ( 1.844523295101367500, 10.87837377113359800, 9.828467066500527600 ) ) ;
#7201 = CARTESIAN_POINT ( 'NONE',  ( 0.4684004808805202200, 11.93307887297060800, 9.989077630179542300 ) ) ;
#7202 = CARTESIAN_POINT ( 'NONE',  ( 0.03548519824841407700, 11.98500467517429200, 9.999994356560193900 ) ) ;
#7203 = CARTESIAN_POINT ( 'NONE',  ( 0.3367992103011268100, 11.95927705423955700, 9.994544062484052900 ) ) ;
#7204 = CARTESIAN_POINT ( 'NONE',  ( -0.06647651297527598600, 11.98426357625700300, 9.999836516285991900 ) ) ;
#7205 = CARTESIAN_POINT ( 'NONE',  ( 1.406691065694057700, 11.44774319871559800, 9.900598271566435600 ) ) ;
#7206 = CARTESIAN_POINT ( 'NONE',  ( 1.430874963089671100, 11.42546707091169200, 9.897129143233826200 ) ) ;
#7207 = CARTESIAN_POINT ( 'NONE',  ( 1.546506437906143900, 11.30920581596470100, 9.879785854337457700 ) ) ;
#7208 = CARTESIAN_POINT ( 'NONE',  ( 1.630879175594041500, 11.20866640879448000, 9.866136327819834400 ) ) ;
#7209 = CARTESIAN_POINT ( 'NONE',  ( 0.4355924496429474100, 11.94021799502052300, 9.990562822323259000 ) ) ;
#7210 = CARTESIAN_POINT ( 'NONE',  ( 0.6311846042416353600, 11.88919840123418900, 9.980073478825842100 ) ) ;
#7211 = CARTESIAN_POINT ( 'NONE',  ( 1.171302535662464500, 11.63153545200100300, 9.931205480697405700 ) ) ;
#7212 = CARTESIAN_POINT ( 'NONE',  ( 0.6149788220004063200, 11.89417662724918400, 9.981085411376703600 ) ) ;
#7213 = CARTESIAN_POINT ( 'NONE',  ( 1.728068907452589200, 11.07537543939541900, 9.849575729427872500 ) ) ;
#7214 = CARTESIAN_POINT ( 'NONE',  ( 1.924397353056337200, 10.70055819747207500, 9.813122699497538900 ) ) ;
#7215 = CARTESIAN_POINT ( 'NONE',  ( 1.947076001599803000, 10.63949880949335200, 9.808633744752333100 ) ) ;
#7216 = CARTESIAN_POINT ( 'NONE',  ( 1.746089632384046500, 11.04786910635387200, 9.846394218996465500 ) ) ;
#7217 = CARTESIAN_POINT ( 'NONE',  ( 1.331766150390025500, 11.51238964442482700, 9.910957835494253100 ) ) ;
#7218 = CARTESIAN_POINT ( 'NONE',  ( 1.253236680352430600, 11.57373971044849800, 9.921196901196637400 ) ) ;
#7219 = CARTESIAN_POINT ( 'NONE',  ( 1.690446412623685300, 11.12976950377511200, 9.856102462565520000 ) ) ;
#7220 = CARTESIAN_POINT ( 'NONE',  ( 1.971625570786541100, 10.56148921077943500, 9.803709388342371200 ) ) ;
#7221 = CARTESIAN_POINT ( 'NONE',  ( 1.976345884165940000, 10.54579112313898800, 9.802758705219652300 ) ) ;
#7222 = CARTESIAN_POINT ( 'NONE',  ( 1.115389753545861200, 11.66767722876501700, 9.937640443876958300 ) ) ;
#7223 = CARTESIAN_POINT ( 'NONE',  ( 0.06928784585021613400, 11.98417023502520700, 9.999816650951430600 ) ) ;
#7224 = CARTESIAN_POINT ( 'NONE',  ( 0.5663250792043276200, 11.90848313568641500, 9.984003697180099800 ) ) ;
#7225 = CARTESIAN_POINT ( 'NONE',  ( 0.1366301304579138100, 11.98090863820285400, 9.999123265629981100 ) ) ;
#7226 = CARTESIAN_POINT ( 'NONE',  ( 1.985397397751449600, 10.51424280136383300, 9.800929472472388300 ) ) ;
#7227 = CARTESIAN_POINT ( 'NONE',  ( 2.002117948908271200, 10.45063450037080900, 9.797530022461662800 ) ) ;
#7228 = CARTESIAN_POINT ( 'NONE',  ( 1.397764453107817300, 8.997284205418441900, 9.521519014997178200 ) ) ;
#7229 = CARTESIAN_POINT ( 'NONE',  ( 1.235446544476945800, 8.802974177972162200, 9.551375369066322600 ) ) ;
#7230 = CARTESIAN_POINT ( 'NONE',  ( 1.347111335095155300, 8.930195490803427600, 9.531241431099646300 ) ) ;
#7231 = CARTESIAN_POINT ( 'NONE',  ( 1.002847523599760000, 8.601487352404159700, 9.587731080895306200 ) ) ;
#7232 = CARTESIAN_POINT ( 'NONE',  ( 0.7103467458082828300, 8.432531126536357400, 9.622510164109463900 ) ) ;
#7233 = CARTESIAN_POINT ( 'NONE',  ( 1.637418360711555300, 9.472696356104604500, 9.470491321088813300 ) ) ;
#7234 = CARTESIAN_POINT ( 'NONE',  ( 0.4734191024176414600, 8.346198333817344700, 9.641764221976480100 ) ) ;
#7235 = CARTESIAN_POINT ( 'NONE',  ( 0.3643510930154672500, 8.318795934426127300, 9.648076677558796300 ) ) ;
#7236 = CARTESIAN_POINT ( 'NONE',  ( 0.3089119826313190300, 8.307731547385708700, 9.650652722986333000 ) ) ;
#7237 = CARTESIAN_POINT ( 'NONE',  ( 0.1964902050499434400, 8.291026510944577800, 9.654574259413838200 ) ) ;
#7238 = CARTESIAN_POINT ( 'NONE',  ( 0.05591330344766115600, 8.280678795496351400, 9.657021347803102200 ) ) ;
#7239 = CARTESIAN_POINT ( 'NONE',  ( -0.05641811444471862100, 8.280008383075344400, 9.657180464407806800 ) ) ;
#7240 = CARTESIAN_POINT ( 'NONE',  ( -0.1125413514357448400, 8.282762709255214500, 9.656525561524652800 ) ) ;
#7241 = CARTESIAN_POINT ( 'NONE',  ( -0.2806665695411227900, 8.302994472693450600, 9.651762213345845600 ) ) ;
#7242 = CARTESIAN_POINT ( 'NONE',  ( 0.2809450972845738400, 8.302861035228684000, 9.651792693100256700 ) ) ;
#7243 = CARTESIAN_POINT ( 'NONE',  ( 1.444995133914656300, 9.066634480172398400, 9.512120897440157200 ) ) ;
#7244 = CARTESIAN_POINT ( 'NONE',  ( 1.714234684057133400, 9.858571320633320300, 9.452364635671910900 ) ) ;
#7245 = CARTESIAN_POINT ( 'NONE',  ( 1.692131373905193100, 9.690353624161806700, 9.457669929268410800 ) ) ;
#7246 = CARTESIAN_POINT ( 'NONE',  ( 1.254961532616888400, 8.823448358714095700, 9.547983567169497500 ) ) ;
#7247 = CARTESIAN_POINT ( 'NONE',  ( 0.9096852610561173600, 8.539173852066969800, 9.600099031986321300 ) ) ;
#7248 = CARTESIAN_POINT ( 'NONE',  ( 0.02782163424619755300, 8.279995837550801600, 9.657183463008747600 ) ) ;
#7249 = CARTESIAN_POINT ( 'NONE',  ( 1.675604525585055300, 9.607688493272034300, 9.461594960615002500 ) ) ;
#7250 = CARTESIAN_POINT ( 'NONE',  ( -0.3086601488821498200, 8.307861974880284000, 9.650623895451969900 ) ) ;
#7251 = CARTESIAN_POINT ( 'NONE',  ( 1.705307392242662900, 9.773896421024376800, 9.454516360101463200 ) ) ;
#7252 = CARTESIAN_POINT ( 'NONE',  ( 0.4463772439844986300, 8.338693956292216200, 9.643483686906119300 ) ) ;
#7253 = CARTESIAN_POINT ( 'NONE',  ( 0.5538769367630780300, 8.370655483362041200, 9.636203285434184800 ) ) ;
#7254 = CARTESIAN_POINT ( 'NONE',  ( 0.2246168600845554200, 8.294491891203270100, 9.653757386788155900 ) ) ;
#7255 = CARTESIAN_POINT ( 'NONE',  ( -0.3226671251608005900, 8.310476873751145600, 9.650013550084015200 ) ) ;
#7256 = CARTESIAN_POINT ( 'NONE',  ( 1.566117024160432300, 9.288327376908750200, 9.486545658575304100 ) ) ;
#7257 = CARTESIAN_POINT ( 'NONE',  ( 1.708798799961033500, 9.801980865171964700, 9.453675999928890400 ) ) ;
#7258 = CARTESIAN_POINT ( 'NONE',  ( -0.3644565717875165600, 8.318816762090744300, 9.648071823154895200 ) ) ;
#7259 = CARTESIAN_POINT ( 'NONE',  ( -0.3920557698869623900, 8.325040886986297300, 9.646628756611008300 ) ) ;
#7260 = CARTESIAN_POINT ( 'NONE',  ( -0.2246576343019197900, 8.294500369376846600, 9.653755404955260700 ) ) ;
#7261 = CARTESIAN_POINT ( 'NONE',  ( 1.047734932660079100, 8.634798236939794000, 9.581314670728373200 ) ) ;
#7262 = CARTESIAN_POINT ( 'NONE',  ( 0.7613256569896667000, 8.456625502259521800, 9.617304225147288200 ) ) ;
#7263 = CARTESIAN_POINT ( 'NONE',  ( 0.6066266562949799200, 8.389548003122044400, 9.631959123572990200 ) ) ;
#7264 = CARTESIAN_POINT ( 'NONE',  ( -0.1966241526256541400, 8.291043095208941300, 9.654570361236245900 ) ) ;
#7265 = CARTESIAN_POINT ( 'NONE',  ( -0.2666598488776643600, 8.300737356285974800, 9.652291231938647800 ) ) ;
#7266 = CARTESIAN_POINT ( 'NONE',  ( -0.4467714508706137600, 8.338798311476052700, 9.643459717291179300 ) ) ;
#7267 = CARTESIAN_POINT ( 'NONE',  ( -0.4738833497332839400, 8.346330373658590300, 9.641734031948663700 ) ) ;
#7268 = CARTESIAN_POINT ( 'NONE',  ( 1.488813125272760100, 9.138246472600190600, 9.503113951454771800 ) ) ;
#7269 = CARTESIAN_POINT ( 'NONE',  ( 1.364376643759291500, 8.952306918040635600, 9.527967060904417800 ) ) ;
#7270 = CARTESIAN_POINT ( 'NONE',  ( 1.134161048174572300, 8.705703703497530200, 9.568198809566261800 ) ) ;
#7271 = CARTESIAN_POINT ( 'NONE',  ( 1.716339544842688400, 9.886947913868780800, 9.451855879706267100 ) ) ;
#7272 = CARTESIAN_POINT ( 'NONE',  ( 1.599397782396104800, 9.366654178296043300, 9.479144979479283300 ) ) ;
#7273 = CARTESIAN_POINT ( 'NONE',  ( 1.628584816672776500, 9.446010202965897700, 9.472521582120261700 ) ) ;
#7274 = CARTESIAN_POINT ( 'NONE',  ( -0.5544919878005694100, 8.370860868598560600, 9.636156925943623700 ) ) ;
#7275 = CARTESIAN_POINT ( 'NONE',  ( 1.713004269781610800, 9.844375719522636500, 9.452661793495432000 ) ) ;
#7276 = CARTESIAN_POINT ( 'NONE',  ( 1.609574316760392600, 9.392987890677629200, 9.476848458613401900 ) ) ;
#7277 = CARTESIAN_POINT ( 'NONE',  ( 1.293011656541285000, 8.865397681176110800, 9.541218945859759200 ) ) ;
#7278 = CARTESIAN_POINT ( 'NONE',  ( 1.413886932892781400, 9.020150077676124300, 9.518345323879579200 ) ) ;
#7279 = CARTESIAN_POINT ( 'NONE',  ( 1.175707920361779500, 8.743311845212375000, 9.561497075583869100 ) ) ;
#7280 = CARTESIAN_POINT ( 'NONE',  ( 0.8614182781255787000, 8.510174517349019800, 9.606050157532395800 ) ) ;
#7281 = CARTESIAN_POINT ( 'NONE',  ( 0.3918437020335610000, 8.324992862116932500, 9.646639888698079100 ) ) ;
#7282 = CARTESIAN_POINT ( 'NONE',  ( 0.1402356104756739000, 8.285493428479823000, 9.655880790385538100 ) ) ;
#7283 = CARTESIAN_POINT ( 'NONE',  ( 0.1121202920762374400, 8.283427621929329000, 9.656370010836566200 ) ) ;
#7284 = CARTESIAN_POINT ( 'NONE',  ( 1.311423115857652800, 8.886734521061264000, 9.537868390554026000 ) ) ;
#7285 = CARTESIAN_POINT ( 'NONE',  ( 1.502659694788590800, 9.162621392532122000, 9.500208490737135100 ) ) ;
#7286 = CARTESIAN_POINT ( 'NONE',  ( 1.577676804865580000, 9.314332149683812300, 9.483992054711945800 ) ) ;
#7287 = CARTESIAN_POINT ( 'NONE',  ( 1.661923682686474100, 9.553275641412877700, 9.464818885190421600 ) ) ;
#7288 = CARTESIAN_POINT ( 'NONE',  ( 1.541904277927103300, 9.237290180924256700, 9.491826970668945800 ) ) ;
#7289 = CARTESIAN_POINT ( 'NONE',  ( 1.529202712940647800, 9.212136982170797200, 9.494565577941996200 ) ) ;
#7290 = CARTESIAN_POINT ( 'NONE',  ( 1.696973510621066800, 9.718083246696712900, 9.456513369755887400 ) ) ;
#7291 = CARTESIAN_POINT ( 'NONE',  ( 1.459980852003444300, 9.090253011007105100, 9.509070147179185600 ) ) ;
#7292 = CARTESIAN_POINT ( 'NONE',  ( -1.529442547381535000, 9.212605067697408500, 9.494514052501891400 ) ) ;
#7293 = CARTESIAN_POINT ( 'NONE',  ( -1.599461749562718800, 9.366810944255409100, 9.479130667593372200 ) ) ;
#7294 = CARTESIAN_POINT ( 'NONE',  ( -1.609694227273289700, 9.393299606353599200, 9.476821387106200600 ) ) ;
#7295 = CARTESIAN_POINT ( 'NONE',  ( -0.9801311712255315100, 8.586305820966334300, 9.590745048714085300 ) ) ;
#7296 = CARTESIAN_POINT ( 'NONE',  ( -1.628772479003638200, 9.446556698953342500, 9.472478645155057100 ) ) ;
#7297 = CARTESIAN_POINT ( 'NONE',  ( -1.681452673081684600, 9.636797915697128400, 9.460206323322964300 ) ) ;
#7298 = CARTESIAN_POINT ( 'NONE',  ( -1.692478198518426300, 9.692239735386236200, 9.457587279700668100 ) ) ;
#7299 = CARTESIAN_POINT ( 'NONE',  ( -1.716664905188907600, 9.889289838225829900, 9.451777233185238100 ) ) ;
#7300 = CARTESIAN_POINT ( 'NONE',  ( -1.720029378159315000, 9.973756923668837300, 9.450962364515323300 ) ) ;
#7301 = CARTESIAN_POINT ( 'NONE',  ( -1.705311794462273300, 10.22607264928104700, 9.454515305001121900 ) ) ;
#7302 = CARTESIAN_POINT ( 'NONE',  ( -1.696973063786249500, 10.28192119254464000, 9.456513477045177800 ) ) ;
#7303 = CARTESIAN_POINT ( 'NONE',  ( -0.9096861783011909200, 8.539977592716404300, 9.599987399475169900 ) ) ;
#7304 = CARTESIAN_POINT ( 'NONE',  ( -1.175818741555112500, 8.744359300597121600, 9.561397024728739400 ) ) ;
#7305 = CARTESIAN_POINT ( 'NONE',  ( -1.719938219388454900, 10.05807280584195600, 9.450984490359475700 ) ) ;
#7306 = CARTESIAN_POINT ( 'NONE',  ( -0.7866732140715027000, 8.470182315255636100, 9.614454845199617200 ) ) ;
#7307 = CARTESIAN_POINT ( 'NONE',  ( -1.003025406385724200, 8.602458294883119200, 9.587589122016879600 ) ) ;
#7308 = CARTESIAN_POINT ( 'NONE',  ( -1.293181556078806200, 8.865856446550941100, 9.541168541751865500 ) ) ;
#7309 = CARTESIAN_POINT ( 'NONE',  ( -1.113175894395311600, 8.688504461605376200, 9.571381509125210100 ) ) ;
#7310 = CARTESIAN_POINT ( 'NONE',  ( -1.714614581817566900, 9.861083073134487600, 9.452273333631282500 ) ) ;
#7311 = CARTESIAN_POINT ( 'NONE',  ( -1.717128618486754200, 10.11416310093234100, 9.451667209235163000 ) ) ;
#7312 = CARTESIAN_POINT ( 'NONE',  ( -1.460964669338670900, 9.090544083053741200, 9.508923605107048300 ) ) ;
#7313 = CARTESIAN_POINT ( 'NONE',  ( -1.542095430970113800, 9.237678033257926900, 9.491785566666575100 ) ) ;
#7314 = CARTESIAN_POINT ( 'NONE',  ( -1.692107761408315500, 10.30980391444031100, 9.457675614773169300 ) ) ;
#7315 = CARTESIAN_POINT ( 'NONE',  ( -0.8612742927829113400, 8.510904062785064300, 9.605933416278778800 ) ) ;
#7316 = CARTESIAN_POINT ( 'NONE',  ( -0.7614887064778137500, 8.457493552156565300, 9.617156937546354800 ) ) ;
#7317 = CARTESIAN_POINT ( 'NONE',  ( -1.255294494989545500, 8.823805104692720400, 9.547925139850416800 ) ) ;
#7318 = CARTESIAN_POINT ( 'NONE',  ( -1.654029777051516900, 9.527367550210424700, 9.466645831301779200 ) ) ;
#7319 = CARTESIAN_POINT ( 'NONE',  ( -1.577696083934256000, 9.314375914678413100, 9.483987790028754400 ) ) ;
#7320 = CARTESIAN_POINT ( 'NONE',  ( -1.637639483952558300, 9.473375988133755100, 9.470440443165246700 ) ) ;
#7321 = CARTESIAN_POINT ( 'NONE',  ( -0.9334669138802652600, 8.555068220871339300, 9.596943597068696300 ) ) ;
#7322 = CARTESIAN_POINT ( 'NONE',  ( -1.489744839197715700, 9.138488215819471300, 9.502955183123356500 ) ) ;
#7323 = CARTESIAN_POINT ( 'NONE',  ( -1.047948889536983100, 8.635820423476674900, 9.581187104532253000 ) ) ;
#7324 = CARTESIAN_POINT ( 'NONE',  ( -1.196124531850765600, 8.763684723257984600, 9.558039316163990100 ) ) ;
#7325 = CARTESIAN_POINT ( 'NONE',  ( -1.661554860361973400, 9.554544181462228300, 9.464889009966253000 ) ) ;
#7326 = CARTESIAN_POINT ( 'NONE',  ( -1.675266305269804200, 9.609259365189755500, 9.461669259824278200 ) ) ;
#7327 = CARTESIAN_POINT ( 'NONE',  ( -1.705629739309445900, 9.776313625399566800, 9.454438907333882400 ) ) ;
#7328 = CARTESIAN_POINT ( 'NONE',  ( -1.683736821191554400, 10.35161458209716500, 9.459663547251954800 ) ) ;
#7329 = CARTESIAN_POINT ( 'NONE',  ( -1.680767511582320400, 10.36554390177558300, 9.460366980279300000 ) ) ;
#7330 = CARTESIAN_POINT ( 'NONE',  ( -1.719371435841475600, 9.945621509473209400, 9.451121964616316300 ) ) ;
#7331 = CARTESIAN_POINT ( 'NONE',  ( -1.674506660887132800, 10.39322828245327000, 9.461845634389932900 ) ) ;
#7332 = CARTESIAN_POINT ( 'NONE',  ( -1.671209446962950600, 10.40701270798866000, 9.462622203246020500 ) ) ;
#7333 = CARTESIAN_POINT ( 'NONE',  ( -1.708783203423944100, 10.19811787978576900, 9.453679731711920600 ) ) ;
#7334 = CARTESIAN_POINT ( 'NONE',  ( -1.660833359845928400, 10.44814211851525700, 9.465057731670055900 ) ) ;
#7335 = CARTESIAN_POINT ( 'NONE',  ( -1.653261004703456400, 10.47531018195604300, 9.466824712653634700 ) ) ;
#7336 = CARTESIAN_POINT ( 'NONE',  ( -1.577360467935486700, 10.68638099792138800, 9.484061933029989800 ) ) ;
#7337 = CARTESIAN_POINT ( 'NONE',  ( -1.628626399688186900, 10.55600174537944400, 9.472525182697232500 ) ) ;
#7338 = CARTESIAN_POINT ( 'NONE',  ( -1.320733145196323600, 8.898063038878120800, 9.536140203652889700 ) ) ;
#7339 = CARTESIAN_POINT ( 'NONE',  ( -1.609639415530185200, 10.60877035110404000, 9.476860924776405100 ) ) ;
#7340 = CARTESIAN_POINT ( 'NONE',  ( -0.8365336658531156200, 8.496865422514465700, 9.608847479135995700 ) ) ;
#7341 = CARTESIAN_POINT ( 'NONE',  ( -1.398798831984663100, 8.997558242775658900, 9.521366222298233600 ) ) ;
#7342 = CARTESIAN_POINT ( 'NONE',  ( -1.565966338843973300, 10.71199522733452400, 9.486578630763119700 ) ) ;
#7343 = CARTESIAN_POINT ( 'NONE',  ( -1.566225353431747800, 9.288571003636223000, 9.486521735137014100 ) ) ;
#7344 = CARTESIAN_POINT ( 'NONE',  ( -1.541901825138098000, 10.76270998907541500, 9.491827400674132800 ) ) ;
#7345 = CARTESIAN_POINT ( 'NONE',  ( -1.709106410486988400, 9.804649718104126800, 9.453601917038236400 ) ) ;
#7346 = CARTESIAN_POINT ( 'NONE',  ( -1.283788626493387500, 8.855234816158821700, 9.542858240081932000 ) ) ;
#7347 = CARTESIAN_POINT ( 'NONE',  ( -1.069978124471455200, 8.653030091956408000, 9.577940996751895100 ) ) ;
#7348 = CARTESIAN_POINT ( 'NONE',  ( -1.365406868556475300, 8.952513425479349300, 9.527841684183250900 ) ) ;
#7349 = CARTESIAN_POINT ( 'NONE',  ( -1.697317538330394000, 9.720149061580206900, 9.456431125920683900 ) ) ;
#7350 = CARTESIAN_POINT ( 'NONE',  ( -0.6849790281394649800, 8.422029733088555400, 9.624819032239535900 ) ) ;
#7351 = CARTESIAN_POINT ( 'NONE',  ( -0.6072631758198763200, 8.389789445225483500, 9.631905354443471600 ) ) ;
#7352 = CARTESIAN_POINT ( 'NONE',  ( -0.7106437654096757800, 8.433418802695021200, 9.622338713268893800 ) ) ;
#7353 = CARTESIAN_POINT ( 'NONE',  ( -1.134344429541220400, 8.706769160287933600, 9.568068112641773500 ) ) ;
#7354 = CARTESIAN_POINT ( 'NONE',  ( -1.235864829893528900, 8.803410070129428900, 9.551302965178083000 ) ) ;
#7355 = CARTESIAN_POINT ( 'NONE',  ( -1.311645606038741100, 8.887262280329645500, 9.537810922435930600 ) ) ;
#7356 = CARTESIAN_POINT ( 'NONE',  ( -1.000955985957561400, 11.39902707250232100, 9.587877560400549700 ) ) ;
#7357 = CARTESIAN_POINT ( 'NONE',  ( -0.8601918743083290000, 11.49050466903497600, 9.606191976107410800 ) ) ;
#7358 = CARTESIAN_POINT ( 'NONE',  ( -0.7610989726946324500, 11.54269812156746300, 9.617197920981897900 ) ) ;
#7359 = CARTESIAN_POINT ( 'NONE',  ( -0.6322579710350093600, 11.59964088509695300, 9.629588407264147800 ) ) ;
#7360 = CARTESIAN_POINT ( 'NONE',  ( -0.5255803686268897300, 11.63797412526509900, 9.638164922330936700 ) ) ;
#7361 = CARTESIAN_POINT ( 'NONE',  ( -1.292766196857872300, 11.13590502886716200, 9.541327684010070700 ) ) ;
#7362 = CARTESIAN_POINT ( 'NONE',  ( -0.3626901831632253200, 11.68155952085177400, 9.648159232577228300 ) ) ;
#7363 = CARTESIAN_POINT ( 'NONE',  ( -0.2244725462705080800, 11.70552064955504300, 9.653760370928200300 ) ) ;
#7364 = CARTESIAN_POINT ( 'NONE',  ( -0.1122559290537924900, 11.71656610864182100, 9.656368523626015900 ) ) ;
#7365 = CARTESIAN_POINT ( 'NONE',  ( -0.05562624957548474600, 11.71933487568509100, 9.657024588869731500 ) ) ;
#7366 = CARTESIAN_POINT ( 'NONE',  ( 0.05797871809714536700, 11.71925399689601700, 9.657005404553654400 ) ) ;
#7367 = CARTESIAN_POINT ( 'NONE',  ( 0.2263036259536730100, 11.70597384561503100, 9.653866085859700500 ) ) ;
#7368 = CARTESIAN_POINT ( 'NONE',  ( 0.3644952665684203000, 11.68117003465989100, 9.648068813394582200 ) ) ;
#7369 = CARTESIAN_POINT ( 'NONE',  ( 0.3919483872575884600, 11.67498409158816300, 9.646634536241400300 ) ) ;
#7370 = CARTESIAN_POINT ( 'NONE',  ( -0.02706766568887625200, 11.72002197108069100, 9.657187680340603800 ) ) ;
#7371 = CARTESIAN_POINT ( 'NONE',  ( -0.9780196270784996500, 11.41515411345725900, 9.591032004856108600 ) ) ;
#7372 = CARTESIAN_POINT ( 'NONE',  ( -1.502598307555286700, 10.83749197419357900, 9.500221510854896000 ) ) ;
#7373 = CARTESIAN_POINT ( 'NONE',  ( -1.396711482690125500, 11.00418206471009500, 9.521724878510468700 ) ) ;
#7374 = CARTESIAN_POINT ( 'NONE',  ( -0.6454066031714867900, 11.59438098437114400, 9.628426251773495500 ) ) ;
#7375 = CARTESIAN_POINT ( 'NONE',  ( -0.4716453694375163400, 11.65431092122493000, 9.641880563564473800 ) ) ;
#7376 = CARTESIAN_POINT ( 'NONE',  ( 0.2818270106355191300, 11.69768442599660600, 9.651913569662840000 ) ) ;
#7377 = CARTESIAN_POINT ( 'NONE',  ( -1.363272879047625200, 11.04912899866121600, 9.528177551496902700 ) ) ;
#7378 = CARTESIAN_POINT ( 'NONE',  ( 0.5281629669322087700, 11.63696231548912200, 9.637939062982114900 ) ) ;
#7379 = CARTESIAN_POINT ( 'NONE',  ( -1.444257250037009200, 10.93451217527025000, 9.512270423433573500 ) ) ;
#7380 = CARTESIAN_POINT ( 'NONE',  ( -0.1965585395560450200, 11.70896437447713700, 9.654572111456349900 ) ) ;
#7381 = CARTESIAN_POINT ( 'NONE',  ( -0.2800298260951508100, 11.69728368749952500, 9.651826627968048900 ) ) ;
#7382 = CARTESIAN_POINT ( 'NONE',  ( 0.02969332183261884400, 11.71997702687406900, 9.657177018102595800 ) ) ;
#7383 = CARTESIAN_POINT ( 'NONE',  ( 0.5551047768610758400, 11.62802328865325500, 9.635922183870500000 ) ) ;
#7384 = CARTESIAN_POINT ( 'NONE',  ( -1.133435122544554900, 11.29380226011094900, 9.568189241129776000 ) ) ;
#7385 = CARTESIAN_POINT ( 'NONE',  ( -1.459398183522125700, 10.91069265552399000, 9.509189701284279600 ) ) ;
#7386 = CARTESIAN_POINT ( 'NONE',  ( 0.5684963601082141400, 11.62339533359131100, 9.634881969416117200 ) ) ;
#7387 = CARTESIAN_POINT ( 'NONE',  ( 0.6083992575093495300, 11.60905188010930200, 9.631672192119891600 ) ) ;
#7388 = CARTESIAN_POINT ( 'NONE',  ( 0.4738897813263253700, 11.65367225105858600, 9.641734546560762500 ) ) ;
#7389 = CARTESIAN_POINT ( 'NONE',  ( -0.5524111829708491200, 11.62912363827806100, 9.636165162705637500 ) ) ;
#7390 = CARTESIAN_POINT ( 'NONE',  ( -0.3900640019158322400, 11.67542186825063200, 9.646735848899270500 ) ) ;
#7391 = CARTESIAN_POINT ( 'NONE',  ( -0.3076730951729795800, 11.69249043062468400, 9.650704618865704600 ) ) ;
#7392 = CARTESIAN_POINT ( 'NONE',  ( 0.4466467108238620900, 11.66123506510309200, 9.643467379954941500 ) ) ;
#7393 = CARTESIAN_POINT ( 'NONE',  ( 0.5146022844117167400, 11.64127587428694900, 9.638916304711013800 ) ) ;
#7394 = CARTESIAN_POINT ( 'NONE',  ( 0.6346929816839572700, 11.59886106721878300, 9.629409861028786800 ) ) ;
#7395 = CARTESIAN_POINT ( 'NONE',  ( 0.7125429063833085300, 11.56647328087109200, 9.622293927348211500 ) ) ;
#7396 = CARTESIAN_POINT ( 'NONE',  ( -1.046122427157197800, 11.36558320212224300, 9.581453330856266600 ) ) ;
#7397 = CARTESIAN_POINT ( 'NONE',  ( -0.7861354415797831000, 11.53008966909051700, 9.614512702162368600 ) ) ;
#7398 = CARTESIAN_POINT ( 'NONE',  ( -0.5924508486666989500, 11.61480764411315300, 9.632959654261394900 ) ) ;
#7399 = CARTESIAN_POINT ( 'NONE',  ( -1.529231135597674900, 10.78781114449867600, 9.494559565890313000 ) ) ;
#7400 = CARTESIAN_POINT ( 'NONE',  ( -1.175336895370972900, 11.25609534995064300, 9.561476307953132200 ) ) ;
#7401 = CARTESIAN_POINT ( 'NONE',  ( -1.255183933908332600, 11.17730727798324400, 9.548030738567565100 ) ) ;
#7402 = CARTESIAN_POINT ( 'NONE',  ( 0.7631740128665538400, 11.54243324149627400, 9.617104113728014900 ) ) ;
#7403 = CARTESIAN_POINT ( 'NONE',  ( -1.488627580837526200, 10.86208598059267200, 9.503153074142401700 ) ) ;
#7404 = CARTESIAN_POINT ( 'NONE',  ( -1.195699657977446600, 11.23672513004624700, 9.558110042184560800 ) ) ;
#7405 = CARTESIAN_POINT ( 'NONE',  ( -0.6845591166591152900, 11.57815571310595900, 9.624859424659153000 ) ) ;
#7406 = CARTESIAN_POINT ( 'NONE',  ( -0.9081611391203315800, 11.46177239990854900, 9.600291189264281000 ) ) ;
#7407 = CARTESIAN_POINT ( 'NONE',  ( -0.6057799947407397400, 11.60985471317044000, 9.631855209413773300 ) ) ;
#7408 = CARTESIAN_POINT ( 'NONE',  ( -0.4445415931979803700, 11.66179755824872000, 9.643596517710603800 ) ) ;
#7409 = CARTESIAN_POINT ( 'NONE',  ( -0.1404565765706770600, 11.71448721879858500, 9.655876216356833900 ) ) ;
#7410 = CARTESIAN_POINT ( 'NONE',  ( 0.1143294284905745100, 11.71642787176113000, 9.656335789696664000 ) ) ;
#7411 = CARTESIAN_POINT ( 'NONE',  ( 0.1424003703129794500, 11.71432550103493000, 9.655837970628443400 ) ) ;
#7412 = CARTESIAN_POINT ( 'NONE',  ( -0.7103150062747516400, 11.56672962361225600, 9.622370935829701800 ) ) ;
#7413 = CARTESIAN_POINT ( 'NONE',  ( -1.068347410028603200, 11.34827020380255500, 9.578184253610473300 ) ) ;
#7414 = CARTESIAN_POINT ( 'NONE',  ( -1.144015525962090100, 11.28445608068437300, 9.566511598571189300 ) ) ;
#7415 = CARTESIAN_POINT ( 'NONE',  ( -1.346033830970981600, 11.07115540740700900, 9.531443966794141100 ) ) ;
#7416 = CARTESIAN_POINT ( 'NONE',  ( -1.112017589384617100, 11.31225647262894900, 9.571535960515092300 ) ) ;
#7417 = CARTESIAN_POINT ( 'NONE',  ( -1.412911086523094700, 10.98126158396081600, 9.518538591681215500 ) ) ;
#7418 = CARTESIAN_POINT ( 'NONE',  ( -1.101161675070217800, 11.32137941687421500, 9.573207829746104700 ) ) ;
#7419 = CARTESIAN_POINT ( 'NONE',  ( 1.661341821535421000, 10.44558373874032500, 9.464936427240376200 ) ) ;
#7420 = CARTESIAN_POINT ( 'NONE',  ( 1.692525458914131600, 10.30749657061661200, 9.457576005347803500 ) ) ;
#7421 = CARTESIAN_POINT ( 'NONE',  ( 1.697330073133137600, 10.27975136268743300, 9.456428106561997300 ) ) ;
#7422 = CARTESIAN_POINT ( 'NONE',  ( 1.177091649291233100, 11.25444794853461300, 9.561188405162893000 ) ) ;
#7423 = CARTESIAN_POINT ( 'NONE',  ( 1.705565312887252100, 10.22413651353220300, 9.454454363681748000 ) ) ;
#7424 = PLANE ( 'NONE',  #4009 ) ;
#7425 = CARTESIAN_POINT ( 'NONE',  ( -4.949747468305841600, 4.999999999999999100, -4.949747468305822000 ) ) ;
#7426 = CARTESIAN_POINT ( 'NONE',  ( 2.588190451025178100, -4.500000000000000000, -9.659258262890691800 ) ) ;
#7427 = DIRECTION ( 'NONE',  ( 0.0000000000000000000, 1.000000000000000000, 0.0000000000000000000 ) ) ;
#7428 = DIRECTION ( 'NONE',  ( 0.0000000000000000000, -0.0000000000000000000, 1.000000000000000000 ) ) ;
#7429 = DIRECTION ( 'NONE',  ( 0.0000000000000000000, 1.000000000000000000, 0.0000000000000000000 ) ) ;
#7430 = CARTESIAN_POINT ( 'NONE',  ( 1.114395941414029000, 11.31046313221632400, 9.571192825076956000 ) ) ;
#7431 = CARTESIAN_POINT ( 'NONE',  ( 1.398239187453058600, 11.00205818189433600, 9.521426383789789200 ) ) ;
#7432 = DIRECTION ( 'NONE',  ( 0.0000000000000000000, 0.0000000000000000000, 1.000000000000000000 ) ) ;
#7433 = CARTESIAN_POINT ( 'NONE',  ( 1.003188369092704600, 11.39743204567964000, 9.587567334775952700 ) ) ;
#7434 = CARTESIAN_POINT ( 'NONE',  ( 1.197328262977025900, 11.23514601511872300, 9.557838204631572400 ) ) ;
#7435 = CARTESIAN_POINT ( 'NONE',  ( 1.503840348609641200, 10.83525413926918000, 9.499959517968269700 ) ) ;
#7436 = CARTESIAN_POINT ( 'NONE',  ( 1.347406529686174800, 11.06943012529528200, 9.531185688471563100 ) ) ;
#7437 = DIRECTION ( 'NONE',  ( 0.0000000000000000000, -6.123233995736766000E-017, 1.000000000000000000 ) ) ;
#7438 = CARTESIAN_POINT ( 'NONE',  ( 1.649817825320540400, 10.48652204977638600, 9.467621042720724100 ) ) ;
#7439 = CARTESIAN_POINT ( 'NONE',  ( 1.664972659244586800, 10.43181986422390900, 9.464086446646183100 ) ) ;
#7440 = CARTESIAN_POINT ( 'NONE',  ( 0.0000000000000000000, -4.500000000000000000, 0.0000000000000000000 ) ) ;
#7441 = CARTESIAN_POINT ( 'NONE',  ( 1.070928635435637300, 11.34621834922211300, 9.577799919482552900 ) ) ;
#7442 = CARTESIAN_POINT ( 'NONE',  ( 0.9801231181074429000, 11.41370120235405800, 9.590746345504520300 ) ) ;
#7443 = CARTESIAN_POINT ( 'NONE',  ( 1.461093750658879000, 10.90796299507025500, 9.508842562545151400 ) ) ;
#7444 = CARTESIAN_POINT ( 'NONE',  ( 1.717236485153448700, 10.11247202947192000, 9.451641044728932100 ) ) ;
#7445 = CARTESIAN_POINT ( 'NONE',  ( 1.681525590728530300, 10.36286118044265500, 9.460189049611877000 ) ) ;
#7446 = CARTESIAN_POINT ( 'NONE',  ( 1.708995882337113900, 10.19626686751084900, 9.453628514888318800 ) ) ;
#7447 = CARTESIAN_POINT ( 'NONE',  ( 1.135625553274477500, 11.29210641785079600, 9.567865688013808900 ) ) ;
#7448 = CARTESIAN_POINT ( 'NONE',  ( 1.653767691497368500, 10.47291989032136400, 9.466702950682062600 ) ) ;
#7449 = CARTESIAN_POINT ( 'NONE',  ( 1.256561637554523000, 11.17583000865058000, 9.547788550701973500 ) ) ;
#7450 = CARTESIAN_POINT ( 'NONE',  ( 1.414532589564644300, 10.97892847128205900, 9.518217990504247400 ) ) ;
#7451 = CARTESIAN_POINT ( 'NONE',  ( 1.719998464444344000, 10.05634484646275500, 9.450969890314917500 ) ) ;
#7452 = CARTESIAN_POINT ( 'NONE',  ( 1.720000000000000200, 9.999999999999994700, 9.450969495435465700 ) ) ;
#7453 = DIRECTION ( 'NONE',  ( -0.0000000000000000000, 1.000000000000000000, -0.0000000000000000000 ) ) ;
#7454 = PLANE ( 'NONE',  #3984 ) ;
#7455 = DIRECTION ( 'NONE',  ( 0.0000000000000000000, 0.0000000000000000000, 1.000000000000000000 ) ) ;
#7456 = CARTESIAN_POINT ( 'NONE',  ( 0.0000000000000000000, -4.500000000000000000, 0.0000000000000000000 ) ) ;
#7457 = CARTESIAN_POINT ( 'NONE',  ( 0.0000000000000000000, 15.00000000000000000, 0.0000000000000000000 ) ) ;
#7458 = DIRECTION ( 'NONE',  ( 0.0000000000000000000, 1.000000000000000000, 6.123233995736766000E-017 ) ) ;
#7459 = DIRECTION ( 'NONE',  ( -0.0000000000000000000, 1.000000000000000000, -0.0000000000000000000 ) ) ;
#7460 = DIRECTION ( 'NONE',  ( 0.0000000000000000000, 0.0000000000000000000, 1.000000000000000000 ) ) ;
#7461 = CARTESIAN_POINT ( 'NONE',  ( 1.567391134470373000, 10.71050877549611600, 9.486288196959581100 ) ) ;
#7462 = CARTESIAN_POINT ( 'NONE',  ( 0.0000000000000000000, 9.999999999999998200, 0.0000000000000000000 ) ) ;
#7463 = CARTESIAN_POINT ( 'NONE',  ( 1.048684012434862400, 11.36362205192952000, 9.581080877656010100 ) ) ;
#7464 = CARTESIAN_POINT ( 'NONE',  ( 1.629275224614054100, 10.55411620677033800, 9.472376583559032800 ) ) ;
#7465 = CARTESIAN_POINT ( 'NONE',  ( 1.675333252645088600, 10.39046809201425100, 9.461653516335916300 ) ) ;
#7466 = FILL_AREA_STYLE_COLOUR ( '', #4428 ) ;
#7467 = DIRECTION ( 'NONE',  ( -0.0000000000000000000, -0.0000000000000000000, 1.000000000000000000 ) ) ;
#7468 = CARTESIAN_POINT ( 'NONE',  ( 1.490011467760238100, 10.85968459136189800, 9.502863884666082200 ) ) ;
#7469 = CARTESIAN_POINT ( 'NONE',  ( 0.8371944970300118100, 11.50276043428468100, 9.608769805347472800 ) ) ;
#7470 = CARTESIAN_POINT ( 'NONE',  ( 1.294086425960485400, 11.13440736693039700, 9.541089474084682100 ) ) ;
#7471 = CARTESIAN_POINT ( 'NONE',  ( 1.610298173808762700, 10.60702325828842900, 9.476711649066114500 ) ) ;
#7472 = CARTESIAN_POINT ( 'NONE',  ( 0.9096203658842488800, 11.46006057359387000, 9.599995284365684600 ) ) ;
#7473 = CARTESIAN_POINT ( 'NONE',  ( 0.8615494306836597400, 11.48893205978546000, 9.605899821536693800 ) ) ;
#7474 = CARTESIAN_POINT ( 'NONE',  ( 0.9333363924907344100, 11.44501751436176700, 9.596960706864555500 ) ) ;
#7475 = CARTESIAN_POINT ( 'NONE',  ( 1.364687887348989400, 11.04729146600037600, 9.527907877266343900 ) ) ;
#7476 = CARTESIAN_POINT ( 'NONE',  ( 1.446014359491687200, 10.93179682353257800, 9.511915005221172900 ) ) ;
#7477 = CARTESIAN_POINT ( 'NONE',  ( 1.543461119883748000, 10.76109780810809000, 9.491529984266577500 ) ) ;
#7478 = CARTESIAN_POINT ( 'NONE',  ( 1.871598381523280400, 9.178667236854600700, 9.823305803670782800 ) ) ;
#7479 = DIRECTION ( 'NONE',  ( 1.000000000000000000, 0.0000000000000000000, 0.0000000000000000000 ) ) ;
#7480 = CARTESIAN_POINT ( 'NONE',  ( 1.795763285476067900, 9.033591481314374500, 9.837453648766416600 ) ) ;
#7481 = CARTESIAN_POINT ( 'NONE',  ( 1.744759655575053700, 8.950072007846156200, 9.846629882591701100 ) ) ;
#7482 = CARTESIAN_POINT ( 'NONE',  ( 2.037938740262254200, 9.739056595333773100, 9.790139506378906700 ) ) ;
#7483 = CARTESIAN_POINT ( 'NONE',  ( 1.630507221908752200, 8.790870091086764800, 9.866197612400787500 ) ) ;
#7484 =( LENGTH_UNIT ( ) NAMED_UNIT ( * ) SI_UNIT ( .MILLI., .METRE. ) );
#7485 = CARTESIAN_POINT ( 'NONE',  ( 1.499749978504120000, 8.642155986943020500, 9.886924678842007100 ) ) ;
#7486 = CARTESIAN_POINT ( 'NONE',  ( 1.252102476367235300, 8.424437164050090100, 9.921438993621745100 ) ) ;
#7487 = CARTESIAN_POINT ( 'NONE',  ( 1.029443541115469700, 8.280610437203671700, 9.947052558329563300 ) ) ;
#7488 = FILL_AREA_STYLE ('',( #7466 ) ) ;
#7489 = CARTESIAN_POINT ( 'NONE',  ( 0.7249531488368159400, 8.141396836703295400, 9.973881259274264700 ) ) ;
#7490 = CARTESIAN_POINT ( 'NONE',  ( 0.6619142518824427900, 8.119593208245129600, 9.978276083411989500 ) ) ;
#7491 = CARTESIAN_POINT ( 'NONE',  ( 0.5657625912997210600, 8.091367507884891500, 9.984034426034813900 ) ) ;
#7492 = SURFACE_SIDE_STYLE ('',( #4442 ) ) ;
#7493 = CARTESIAN_POINT ( 'NONE',  ( 2.055497237152815100, 9.999999999999998200, 9.786466732588282400 ) ) ;
#7494 = CARTESIAN_POINT ( 'NONE',  ( 2.048607358669168700, 9.836778872415052900, 9.787911398505137600 ) ) ;
#7495 = CARTESIAN_POINT ( 'NONE',  ( 0.8489045194346956900, 8.191003139343671100, 9.964096873927285700 ) ) ;
#7496 = CARTESIAN_POINT ( 'NONE',  ( 2.047136944050637300, 9.820395900938603300, 9.788219105048426600 ) ) ;
#7497 = CARTESIAN_POINT ( 'NONE',  ( 1.842662780949407600, 9.119765826512916000, 9.828774595537522500 ) ) ;
#7498 = CARTESIAN_POINT ( 'NONE',  ( 2.052167917711684300, 9.885883310313881000, 9.787165450624353700 ) ) ;
#7499 = SURFACE_STYLE_USAGE ( .BOTH. , #7492 ) ;
#7500 = CARTESIAN_POINT ( 'NONE',  ( 1.670407541600894600, 8.842777834229055500, 9.859520669173756200 ) ) ;
#7501 =( NAMED_UNIT ( * ) SI_UNIT ( $, .STERADIAN. ) SOLID_ANGLE_UNIT ( ) );
#7502 = CARTESIAN_POINT ( 'NONE',  ( 1.476428464431726500, 8.618526982684306500, 9.890436885334969100 ) ) ;
#7503 = CARTESIAN_POINT ( 'NONE',  ( 1.956807509596319100, 9.391445244898523700, 9.806681557893604400 ) ) ;
#7504 = CARTESIAN_POINT ( 'NONE',  ( 2.054668949329143200, 9.934870986518511400, 9.786640813961875900 ) ) ;
#7505 = CARTESIAN_POINT ( 'NONE',  ( 1.087125314407182200, 8.314078218513520500, 9.940890175495974600 ) ) ;
#7506 = CARTESIAN_POINT ( 'NONE',  ( 0.9098272003007422700, 8.218810166827200400, 9.958706130840944600 ) ) ;
#7507 = CARTESIAN_POINT ( 'NONE',  ( 1.545222027690112500, 8.690569192414043800, 9.879919922193678900 ) ) ;
#7508 = CARTESIAN_POINT ( 'NONE',  ( 1.355386570353962000, 8.506268305055353800, 9.907857536291492900 ) ) ;
#7509 = CARTESIAN_POINT ( 'NONE',  ( 1.198459484909295800, 8.385993475265221900, 9.928083178080543200 ) ) ;
#7510 = CARTESIAN_POINT ( 'NONE',  ( 0.5334460417081422500, 8.082706796585196000, 9.985814929753523500 ) ) ;
#7511 = CARTESIAN_POINT ( 'NONE',  ( 0.4682753761196172300, 8.066894529579309700, 9.989083172641535700 ) ) ;
#7512 = CARTESIAN_POINT ( 'NONE',  ( 0.4354201540970314400, 8.059742730313516300, 9.990570965655145100 ) ) ;
#7513 = CARTESIAN_POINT ( 'NONE',  ( 0.3691672830360949200, 8.046973455108089400, 9.993238457375492000 ) ) ;
#7514 = CARTESIAN_POINT ( 'NONE',  ( 1.885412972977393000, 9.208679030458720000, 9.820661550161283100 ) ) ;
#7515 = CARTESIAN_POINT ( 'NONE',  ( 1.779215852113380500, 9.005460681154907800, 9.840462249595114800 ) ) ;
#7516 = CARTESIAN_POINT ( 'NONE',  ( 1.567224762432406500, 8.715193781151979700, 9.876450426492622700 ) ) ;
#7517 = CARTESIAN_POINT ( 'NONE',  ( 0.3357452739884078700, 8.041352455960350200, 9.994418894959320500 ) ) ;
#7518 = CARTESIAN_POINT ( 'NONE',  ( 2.002442135407263000, 9.547238037012242300, 9.797469388088170900 ) ) ;
#7519 =( NAMED_UNIT ( * ) PLANE_ANGLE_UNIT ( ) SI_UNIT ( $, .RADIAN. ) );
#7520 = CARTESIAN_POINT ( 'NONE',  ( 2.027979280583206600, 9.674643286175728100, 9.792207407302411700 ) ) ;
#7521 = CARTESIAN_POINT ( 'NONE',  ( 2.055498154690724700, 9.967486547231555200, 9.786466528139701600 ) ) ;
#7522 = CARTESIAN_POINT ( 'NONE',  ( 2.022192653466221100, 9.642640864334206100, 9.793405023187094800 ) ) ;
#7523 = CARTESIAN_POINT ( 'NONE',  ( 1.689674816399751700, 8.869167060726990600, 9.856234316111582000 ) ) ;
#7524 = CARTESIAN_POINT ( 'NONE',  ( 1.827483692730288000, 9.090736824182952700, 9.831610419839357500 ) ) ;
#7525 = CARTESIAN_POINT ( 'NONE',  ( 1.609874201991472500, 8.765351560458249500, 9.869588218518099900 ) ) ;
#7526 = CARTESIAN_POINT ( 'NONE',  ( 1.405037431396447300, 8.549671406353832400, 9.900917899389591900 ) ) ;
#7527 = CARTESIAN_POINT ( 'NONE',  ( 0.8489045194346956900, 8.191003139343671100, 9.964096873927285700 ) ) ;
#7528 = DIRECTION ( 'NONE',  ( -0.0000000000000000000, 1.000000000000000000, -0.0000000000000000000 ) ) ;
#7529 = DIRECTION ( 'NONE',  ( 0.0000000000000000000, 0.0000000000000000000, 1.000000000000000000 ) ) ;
#7530 = CARTESIAN_POINT ( 'NONE',  ( 1.726850875267935000, 8.922814147191569800, 9.849788930555282800 ) ) ;
#7531 = CARTESIAN_POINT ( 'NONE',  ( 1.911370769083543300, 9.269063250589505600, 9.815642410004487700 ) ) ;
#7532 = CARTESIAN_POINT ( 'NONE',  ( 1.986092754721709300, 9.484440823073187600, 9.800807757831087500 ) ) ;
#7533 = CARTESIAN_POINT ( 'NONE',  ( 2.042111169866224000, 9.771468512505462600, 9.789269314503226100 ) ) ;
#7534 = CARTESIAN_POINT ( 'NONE',  ( 1.946250925081352900, 9.360647078461212800, 9.808783890575139000 ) ) ;
#7535 = CARTESIAN_POINT ( 'NONE',  ( 1.923532302961112900, 9.299454669413707500, 9.813264365607532000 ) ) ;
#7536 = CARTESIAN_POINT ( 'NONE',  ( 2.588190451025168300, -4.500000000000000000, -9.659258262890695300 ) ) ;
#7537 = CARTESIAN_POINT ( 'NONE',  ( 2.051122786302482600, 9.869527955314318000, 9.787384582358367200 ) ) ;
#7538 = CARTESIAN_POINT ( 'NONE',  ( -1.330308125229458800, 8.486418868096800200, 9.911153217583057900 ) ) ;
#7539 = CARTESIAN_POINT ( 'NONE',  ( -1.429436436342995900, 8.573183498396817400, 9.897337393966461500 ) ) ;
#7540 = CARTESIAN_POINT ( 'NONE',  ( -1.500147887362875500, 8.642567703160356300, 9.886864177428401800 ) ) ;
#7541 = CARTESIAN_POINT ( 'NONE',  ( -0.9401189639922528100, 8.234455920669743600, 9.955755601577315900 ) ) ;
#7542 = CARTESIAN_POINT ( 'NONE',  ( -1.578350773817862200, 8.728267886490229400, 9.874660891183737000 ) ) ;
#7543 = CARTESIAN_POINT ( 'NONE',  ( -1.780329302926190600, 9.005739674078656200, 9.840297845192610600 ) ) ;
#7544 = CARTESIAN_POINT ( 'NONE',  ( -1.827770308445913600, 9.091277036025699600, 9.831557065312498600 ) ) ;
#7545 = CARTESIAN_POINT ( 'NONE',  ( -1.842891219642469400, 9.120213442198563700, 9.828731721746393600 ) ) ;
#7546 = CARTESIAN_POINT ( 'NONE',  ( -0.2684785736125450700, 8.031703512663975500, 9.996451280555716000 ) ) ;
#7547 = CARTESIAN_POINT ( 'NONE',  ( -1.946475192175884700, 9.361277782867780700, 9.808739429403013700 ) ) ;
#7548 = CARTESIAN_POINT ( 'NONE',  ( -0.7257138256532209600, 8.141675482113306800, 9.973825581409967000 ) ) ;
#7549 = CARTESIAN_POINT ( 'NONE',  ( -0.8492594746508553800, 8.192027595657995300, 9.963919336802751700 ) ) ;
#7550 = CARTESIAN_POINT ( 'NONE',  ( -0.06742283625858774800, 8.014978486624864100, 9.999997925204796800 ) ) ;
#7551 = CARTESIAN_POINT ( 'NONE',  ( -1.252358166930588500, 8.425616857163786800, 9.921306898990092500 ) ) ;
#7552 = CARTESIAN_POINT ( 'NONE',  ( -1.957071764370252700, 9.392229600000300500, 9.806628873869293300 ) ) ;
#7553 = CARTESIAN_POINT ( 'NONE',  ( 0.2684298461173005300, 8.031693728106382900, 9.996453332741138500 ) ) ;
#7554 = CARTESIAN_POINT ( 'NONE',  ( -0.3354124175889450800, 8.041506454523862100, 9.994387333212905800 ) ) ;
#7555 = CARTESIAN_POINT ( 'NONE',  ( -0.8185886627021619100, 8.178883608231590300, 9.966487703900366300 ) ) ;
#7556 = CARTESIAN_POINT ( 'NONE',  ( -0.9997050226429125000, 8.265250571894023700, 9.949949181244994300 ) ) ;
#7557 = CARTESIAN_POINT ( 'NONE',  ( -1.115545733985148200, 8.332421717230127800, 9.937622726705399100 ) ) ;
#7558 = CARTESIAN_POINT ( 'NONE',  ( -1.198672064895311300, 8.387114028232213400, 9.927936179844817100 ) ) ;
#7559 = CARTESIAN_POINT ( 'NONE',  ( -1.405169868987810700, 8.550880261939502300, 9.900814296858012400 ) ) ;
#7560 = CARTESIAN_POINT ( 'NONE',  ( -1.545425067242419500, 8.691098647982118000, 9.879867728804912400 ) ) ;
#7561 = CARTESIAN_POINT ( 'NONE',  ( -1.631738398784373400, 8.791108418824340000, 9.866067784967414800 ) ) ;
#7562 = CARTESIAN_POINT ( 'NONE',  ( -0.2349769781854186600, 8.027713514379360800, 9.997295166734421200 ) ) ;
#7563 = CARTESIAN_POINT ( 'NONE',  ( -1.885436012554461800, 9.208729539109661700, 9.820657134087310800 ) ) ;
#7564 = CARTESIAN_POINT ( 'NONE',  ( -1.976659091219697500, 9.454540608500783700, 9.802699558174975200 ) ) ;
#7565 = CARTESIAN_POINT ( 'NONE',  ( -1.745935372909385400, 8.950407930573760500, 9.846478138464801700 ) ) ;
#7566 = CARTESIAN_POINT ( 'NONE',  ( -0.3186735945507407400, 8.038901543788835400, 9.994935131283986300 ) ) ;
#7567 = CARTESIAN_POINT ( 'NONE',  ( -0.9100220536559312500, 8.219811972709631900, 9.958553614720077700 ) ) ;
#7568 = CARTESIAN_POINT ( 'NONE',  ( -0.5663173930873303100, 8.091519893468010600, 9.984003164299917200 ) ) ;
#7569 = CARTESIAN_POINT ( 'NONE',  ( -1.029271470492199700, 8.281452396764610300, 9.946931672911777200 ) ) ;
#7570 = CARTESIAN_POINT ( 'NONE',  ( 0.06681955857952394400, 8.015752201488030700, 9.999833160165684000 ) ) ;
#7571 = CARTESIAN_POINT ( 'NONE',  ( 0.03324842577051077100, 8.014964007986790800, 10.00000103025220700 ) ) ;
#7572 = CARTESIAN_POINT ( 'NONE',  ( -1.278684348061059000, 8.445478327321074700, 9.917945558566946900 ) ) ;
#7573 = CARTESIAN_POINT ( 'NONE',  ( 0.1339900875531637200, 8.018924588813822800, 9.999158701576250900 ) ) ;
#7574 = CARTESIAN_POINT ( 'NONE',  ( -0.3688663274688276400, 8.047123979901414300, 9.993208606500804300 ) ) ;
#7575 = CARTESIAN_POINT ( 'NONE',  ( -1.567490650776899800, 8.715802861737794100, 9.876390918330393700 ) ) ;
#7576 = CARTESIAN_POINT ( 'NONE',  ( -1.871727841126542600, 9.178948403512587000, 9.823281030981295500 ) ) ;
#7577 = CARTESIAN_POINT ( 'NONE',  ( -1.911447213463821200, 9.269244172286129000, 9.815627590065094700 ) ) ;
#7578 = CARTESIAN_POINT ( 'NONE',  ( -1.923675602802947100, 9.299814416703620500, 9.813236333096705600 ) ) ;
#7579 = CARTESIAN_POINT ( 'NONE',  ( -1.985651991192944200, 9.485904829794092700, 9.800880371946146100 ) ) ;
#7580 = CARTESIAN_POINT ( 'NONE',  ( -2.009431002280588400, 9.580832869213052700, 9.796031455961827600 ) ) ;
#7581 = CARTESIAN_POINT ( 'NONE',  ( -2.022607128486048700, 9.644817602476100800, 9.793319439666236200 ) ) ;
#7582 = CARTESIAN_POINT ( 'NONE',  ( -2.028390413144778700, 9.677027418136187700, 9.792122243917065200 ) ) ;
#7583 = CARTESIAN_POINT ( 'NONE',  ( -2.038323963230440000, 9.741846261655689800, 9.790059304137876900 ) ) ;
#7584 = CARTESIAN_POINT ( 'NONE',  ( -1.476928339151441200, 8.619030040548645700, 9.890361911202026200 ) ) ;
#7585 = CARTESIAN_POINT ( 'NONE',  ( -2.042478781834926600, 9.774548603381310500, 9.789192601765432000 ) ) ;
#7586 = CARTESIAN_POINT ( 'NONE',  ( -0.6626492726430177600, 8.119830240861450200, 9.978228078219267200 ) ) ;
#7587 = CARTESIAN_POINT ( 'NONE',  ( -1.534199985375213700, 8.678840352867188900, 9.881617409248095300 ) ) ;
#7588 = CARTESIAN_POINT ( 'NONE',  ( -2.049061357969787600, 9.839677655585253600, 9.787816855359718500 ) ) ;
#7589 = CARTESIAN_POINT ( 'NONE',  ( -1.671643682835135300, 8.843094097426670100, 9.859362452530971800 ) ) ;
#7590 = CARTESIAN_POINT ( 'NONE',  ( -2.051511610309878300, 9.872230741877739700, 9.787303143987202200 ) ) ;
#7591 = CARTESIAN_POINT ( 'NONE',  ( -2.002037943010051000, 9.549050961286083000, 9.797546324823578300 ) ) ;
#7592 = CARTESIAN_POINT ( 'NONE',  ( -1.355605721454454100, 8.507497935845412600, 9.907722199794596600 ) ) ;
#7593 = CARTESIAN_POINT ( 'NONE',  ( 0.2348169032603064900, 8.027694374680564200, 9.997299203292289600 ) ) ;
#7594 = CARTESIAN_POINT ( 'NONE',  ( -0.3856054559814840500, 8.050141803048285600, 9.992576594658869400 ) ) ;
#7595 = CARTESIAN_POINT ( 'NONE',  ( -0.1344932772923521900, 8.018157221142070400, 9.999319774113283500 ) ) ;
#7596 = CARTESIAN_POINT ( 'NONE',  ( -0.4685288091933081400, 8.066949954499946800, 9.989071645379725700 ) ) ;
#7597 = CARTESIAN_POINT ( 'NONE',  ( -0.4355462071925878000, 8.059766767269222100, 9.990565938926172500 ) ) ;
#7598 = CARTESIAN_POINT ( 'NONE',  ( 0.1675894824902431400, 8.021308711157701100, 9.998652114429692300 ) ) ;
#7599 = CARTESIAN_POINT ( 'NONE',  ( -0.5339171412228310700, 8.082827231640171900, 9.985790109248137400 ) ) ;
#7600 = CARTESIAN_POINT ( 'NONE',  ( -1.087126410566059000, 8.315005805871344100, 9.940774580174636600 ) ) ;
#7601 = CARTESIAN_POINT ( 'NONE',  ( -1.171312159593852300, 8.368472653528082000, 9.931204137872578400 ) ) ;
#7602 = CARTESIAN_POINT ( 'NONE',  ( -2.055423405829368600, 10.06702112254840900, 9.786482259812777000 ) ) ;
#7603 = CARTESIAN_POINT ( 'NONE',  ( -2.054746067448615300, 9.937242442057057100, 9.786624614228559300 ) ) ;
#7604 = CARTESIAN_POINT ( 'NONE',  ( -1.354519048187375200, 11.49316153352282100, 9.907847628187816700 ) ) ;
#7605 = CARTESIAN_POINT ( 'NONE',  ( -1.276735552112305400, 11.55602232828090500, 9.918197450730506400 ) ) ;
#7606 = CARTESIAN_POINT ( 'NONE',  ( -1.196198990492635600, 11.61460021629453900, 9.928234857419388600 ) ) ;
#7607 = CARTESIAN_POINT ( 'NONE',  ( -1.725969062319179500, 11.07850919398039500, 9.849943764528767100 ) ) ;
#7608 = CARTESIAN_POINT ( 'NONE',  ( -1.975740364802621900, 10.54854972979215200, 9.802884789584284800 ) ) ;
#7609 = CARTESIAN_POINT ( 'NONE',  ( -2.037944001163556800, 10.26090770907997800, 9.790138413823861200 ) ) ;
#7610 = CARTESIAN_POINT ( 'NONE',  ( -2.055532345714035500, 9.969713183144149200, 9.786459348529662700 ) ) ;
#7611 = CARTESIAN_POINT ( 'NONE',  ( -0.9394762954625460700, 11.76585797317322200, 9.955815512387692600 ) ) ;
#7612 = CARTESIAN_POINT ( 'NONE',  ( -0.7712973777090279500, 11.84005580222048900, 9.970222975078938200 ) ) ;
#7613 = CARTESIAN_POINT ( 'NONE',  ( -0.6601625932378979400, 11.88015187871203400, 9.978236607375656300 ) ) ;
#7614 = CARTESIAN_POINT ( 'NONE',  ( -0.5312523352429903100, 11.91786045439922900, 9.985931765906155300 ) ) ;
#7615 = CARTESIAN_POINT ( 'NONE',  ( -0.3676867424850712700, 11.95328272702780300, 9.993292195491694200 ) ) ;
#7616 = CARTESIAN_POINT ( 'NONE',  ( -0.3346514731738018900, 11.95881456678915800, 9.994454034471184300 ) ) ;
#7617 = CARTESIAN_POINT ( 'NONE',  ( -2.022164435197457700, 10.35754094906078600, 9.793410910519966700 ) ) ;
#7618 = CARTESIAN_POINT ( 'NONE',  ( -1.923610099671548200, 10.70257449615130500, 9.813277274303196400 ) ) ;
#7619 = CARTESIAN_POINT ( 'NONE',  ( -1.795689924261842500, 10.96653935385204400, 9.837467131081579600 ) ) ;
#7620 = CARTESIAN_POINT ( 'NONE',  ( -1.328923885258959800, 11.51445931689581700, 9.911313151798228900 ) ) ;
#7621 = CARTESIAN_POINT ( 'NONE',  ( -1.027977919221634700, 11.72017340358384300, 9.947199411281186300 ) ) ;
#7622 = CARTESIAN_POINT ( 'NONE',  ( -0.7555840189710977300, 11.84612619000398800, 9.971426385591794200 ) ) ;
#7623 = CARTESIAN_POINT ( 'NONE',  ( -1.778994116023842700, 10.99492299905233500, 9.840502761087742900 ) ) ;
#7624 = CARTESIAN_POINT ( 'NONE',  ( -0.2682573829509896600, 11.96832074503104900, 9.996456422814310000 ) ) ;
#7625 = CARTESIAN_POINT ( 'NONE',  ( -1.842659849728043800, 10.88023436968132000, 9.828775040807306200 ) ) ;
#7626 = CARTESIAN_POINT ( 'NONE',  ( -1.997189767986072200, 10.46972844147872600, 9.798533096508688100 ) ) ;
#7627 = CARTESIAN_POINT ( 'NONE',  ( -0.5636428801132243900, 11.90922021719759400, 9.984154897599268000 ) ) ;
#7628 = CARTESIAN_POINT ( 'NONE',  ( -0.4661485338667350500, 11.93358410571972300, 9.989182539306202800 ) ) ;
#7629 = CARTESIAN_POINT ( 'NONE',  ( -1.984789757287493300, 10.51719539650607200, 9.801055083052993700 ) ) ;
#7630 = CARTESIAN_POINT ( 'NONE',  ( -1.544928689491654100, 11.31093424948442600, 9.880032520408217800 ) ) ;
#7631 = CARTESIAN_POINT ( 'NONE',  ( -1.871418304051219800, 10.82170507679943600, 9.823339946328804500 ) ) ;
#7632 = CARTESIAN_POINT ( 'NONE',  ( -2.027978746590330900, 10.32536183709901700, 9.792207518400337200 ) ) ;
#7633 = CARTESIAN_POINT ( 'NONE',  ( -2.042092531122650500, 10.22864544785577900, 9.789273178759749800 ) ) ;
#7634 = CARTESIAN_POINT ( 'NONE',  ( -0.2348985668582689600, 11.97229510629493500, 9.997296979085080100 ) ) ;
#7635 = CARTESIAN_POINT ( 'NONE',  ( -0.8180868447441151900, 11.82133041297766100, 9.966529530198824800 ) ) ;
#7636 = CARTESIAN_POINT ( 'NONE',  ( -0.7080122573157523500, 11.86362996306841900, 9.974917307512758000 ) ) ;
#7637 = CARTESIAN_POINT ( 'NONE',  ( -0.6280982532641333800, 11.89036611865386700, 9.980307355890474200 ) ) ;
#7638 = CARTESIAN_POINT ( 'NONE',  ( -0.1678535494656893900, 11.97866895410047900, 9.998647378028861600 ) ) ;
#7639 = CARTESIAN_POINT ( 'NONE',  ( -0.1341521814082462500, 11.98106817571425800, 9.999157161571654100 ) ) ;
#7640 = CARTESIAN_POINT ( 'NONE',  ( -0.06647651297527384900, 11.98426357625701000, 9.999836516285991900 ) ) ;
#7641 = CARTESIAN_POINT ( 'NONE',  ( -0.03234739071982049200, 11.98505654473933800, 10.00000539729390800 ) ) ;
#7642 = CARTESIAN_POINT ( 'NONE',  ( -1.367163228415696500, 11.48237522093439000, 9.906110431480462000 ) ) ;
#7643 = CARTESIAN_POINT ( 'NONE',  ( -1.250175441130941100, 11.57600305015621200, 9.921582576005503600 ) ) ;
#7644 = CARTESIAN_POINT ( 'NONE',  ( -0.8488665888988046200, 11.80814370134728200, 9.963952703222942000 ) ) ;
#7645 = CARTESIAN_POINT ( 'NONE',  ( -1.946300619135496100, 10.64167488678006300, 9.808787618967976100 ) ) ;
#7646 = CARTESIAN_POINT ( 'NONE',  ( -1.629188160678924000, 11.21078708300441200, 9.866415575138036700 ) ) ;
#7647 = CARTESIAN_POINT ( 'NONE',  ( -2.008612195554464000, 10.42186979399643200, 9.796197816033068100 ) ) ;
#7648 = CARTESIAN_POINT ( 'NONE',  ( -2.001130125027606800, 10.45382000275849800, 9.797728960459011200 ) ) ;
#7649 = CARTESIAN_POINT ( 'NONE',  ( -1.885034932462328600, 10.79214400456356400, 9.820733909069570400 ) ) ;
#7650 = CARTESIAN_POINT ( 'NONE',  ( -1.688508624820232300, 11.13246212088725800, 9.856434444671096500 ) ) ;
#7651 = CARTESIAN_POINT ( 'NONE',  ( -1.669149182423931300, 11.15891437038459200, 9.859733840576460300 ) ) ;
#7652 = CARTESIAN_POINT ( 'NONE',  ( -1.315950453933365300, 11.52498799646261900, 9.913044370232324100 ) ) ;
#7653 = CARTESIAN_POINT ( 'NONE',  ( -1.085303902530201600, 11.68701383944199700, 9.941089154109679500 ) ) ;
#7654 = CARTESIAN_POINT ( 'NONE',  ( -0.9095562997521168300, 11.78040923561606100, 9.958596053014764100 ) ) ;
#7655 = CARTESIAN_POINT ( 'NONE',  ( -0.7239413404139813900, 11.85791384539734700, 9.973773656296392800 ) ) ;
#7656 = CARTESIAN_POINT ( 'NONE',  ( -2.052065773916132800, 10.13175425342347100, 9.787189214328664700 ) ) ;
#7657 = CARTESIAN_POINT ( 'NONE',  ( -0.4334352729270004600, 11.94066749632174800, 9.990656451270343300 ) ) ;
#7658 = CARTESIAN_POINT ( 'NONE',  ( -1.168788744965582500, 11.63321223912524400, 9.931501280587845300 ) ) ;
#7659 = CARTESIAN_POINT ( 'NONE',  ( -1.404594035557422700, 11.44964444475646400, 9.900896394534699500 ) ) ;
#7660 = CARTESIAN_POINT ( 'NONE',  ( -1.608586523648367000, 11.23620749482061500, 9.869797943968722000 ) ) ;
#7661 = CARTESIAN_POINT ( 'NONE',  ( -1.744063333799741500, 11.05101937445493100, 9.846753680713453200 ) ) ;
#7662 = CARTESIAN_POINT ( 'NONE',  ( -1.500015760620449600, 11.35871608422627300, 9.886973524763918800 ) ) ;
#7663 = CARTESIAN_POINT ( 'NONE',  ( -1.428928688044881500, 11.42728950834242100, 9.897410630669615000 ) ) ;
#7664 = CARTESIAN_POINT ( 'NONE',  ( -2.012160688402151900, 10.40579413469889800, 9.795469412039802000 ) ) ;
#7665 = CARTESIAN_POINT ( 'NONE',  ( -1.827517659412257700, 10.90920330943396300, 9.831604194367583800 ) ) ;
#7666 = CARTESIAN_POINT ( 'NONE',  ( 1.610226976216093900, 11.23421636761122700, 9.869530497098551800 ) ) ;
#7667 = CARTESIAN_POINT ( 'NONE',  ( 1.690446412623693100, 11.12976950377511700, 9.856102462565520000 ) ) ;
#7668 = CARTESIAN_POINT ( 'NONE',  ( 1.746089632384051800, 11.04786910635387500, 9.846394218996463700 ) ) ;
#7669 = CARTESIAN_POINT ( 'NONE',  ( 1.198866814542964600, 11.61275941513814100, 9.927913619184924000 ) ) ;
#7670 = CARTESIAN_POINT ( 'NONE',  ( 1.873121015372620500, 10.81998958071968000, 9.823039202499623800 ) ) ;
#7671 = CARTESIAN_POINT ( 'NONE',  ( 1.976345884165941800, 10.54579112313898800, 9.802758705219647000 ) ) ;
#7672 = CARTESIAN_POINT ( 'NONE',  ( 1.985397397751447900, 10.51424280136383900, 9.800929472472390100 ) ) ;
#7673 = CARTESIAN_POINT ( 'NONE',  ( 1.989736454076874700, 10.49835808032589800, 9.800049318662514600 ) ) ;
#7674 = CARTESIAN_POINT ( 'NONE',  ( 0.5663250792043172900, 11.90848313568642400, 9.984003697180098100 ) ) ;
#7675 = CARTESIAN_POINT ( 'NONE',  ( 2.038246970013620100, 10.25867323823927200, 9.790075309166180500 ) ) ;
#7676 = CARTESIAN_POINT ( 'NONE',  ( 1.029600275837709600, 11.71835847427712600, 9.946896885599679500 ) ) ;
#7677 = CARTESIAN_POINT ( 'NONE',  ( 1.115389753545867400, 11.66767722876501900, 9.937640443876960100 ) ) ;
#7678 = CARTESIAN_POINT ( 'NONE',  ( 0.4355924496429508000, 11.94021799502052700, 9.990562822323259000 ) ) ;
#7679 = CARTESIAN_POINT ( 'NONE',  ( 1.501662194363704700, 11.35701118556422500, 9.886722739541207600 ) ) ;
#7680 = CARTESIAN_POINT ( 'NONE',  ( 2.042346694447319400, 10.22650921698632400, 9.789220143804913100 ) ) ;
#7681 = CARTESIAN_POINT ( 'NONE',  ( 0.03548519824841039200, 11.98500467517429900, 9.999994356560193900 ) ) ;
#7682 = CARTESIAN_POINT ( 'NONE',  ( 0.6311846042416440200, 11.88919840123419100, 9.980073478825840300 ) ) ;
#7683 = CARTESIAN_POINT ( 'NONE',  ( 1.087047761007556200, 11.68503824140535700, 9.940782744968567300 ) ) ;
#7684 = CARTESIAN_POINT ( 'NONE',  ( 1.253236680352435100, 11.57373971044850300, 9.921196901196637400 ) ) ;
#7685 = CARTESIAN_POINT ( 'NONE',  ( 1.357136736741761900, 11.49120438248988800, 9.907512589353213900 ) ) ;
#7686 = CARTESIAN_POINT ( 'NONE',  ( 1.430874963089673500, 11.42546707091169500, 9.897129143233826200 ) ) ;
#7687 = CARTESIAN_POINT ( 'NONE',  ( 1.670974875981715800, 11.15646322292567300, 9.859424749677883100 ) ) ;
#7688 = CARTESIAN_POINT ( 'NONE',  ( 1.797174233538248100, 10.96395669564362600, 9.837195837785149200 ) ) ;
#7689 = CARTESIAN_POINT ( 'NONE',  ( 1.924397353056338700, 10.70055819747207500, 9.813122699497537100 ) ) ;
#7690 = CARTESIAN_POINT ( 'NONE',  ( 0.5337680698150183400, 11.91721128786597300, 9.985798043926591200 ) ) ;
#7691 = CARTESIAN_POINT ( 'NONE',  ( 2.009518142990839100, 10.41877369776677600, 9.796013569056265500 ) ) ;
#7692 = CARTESIAN_POINT ( 'NONE',  ( 2.052194680680876600, 10.12980260831282700, 9.787162121016184100 ) ) ;
#7693 = CARTESIAN_POINT ( 'NONE',  ( 1.971625570786541500, 10.56148921077943800, 9.803709388342371200 ) ) ;
#7694 = CARTESIAN_POINT ( 'NONE',  ( 0.6149788220004112100, 11.89417662724918800, 9.981085411376703600 ) ) ;
#7695 = CARTESIAN_POINT ( 'NONE',  ( 1.171302535662467100, 11.63153545200100900, 9.931205480697407500 ) ) ;
#7696 = CARTESIAN_POINT ( 'NONE',  ( 0.9120360900667725500, 11.78010354073065700, 9.958498915724213400 ) ) ;
#7697 = CARTESIAN_POINT ( 'NONE',  ( 1.279820262398698300, 11.55365430773683900, 9.917799473236359000 ) ) ;
#7698 = CARTESIAN_POINT ( 'NONE',  ( 0.2704456266882034900, 11.96884377312035500, 9.996565890489657500 ) ) ;
#7699 = CARTESIAN_POINT ( 'NONE',  ( 0.3367992103011193700, 11.95927705423955900, 9.994544062484052900 ) ) ;
#7700 = CARTESIAN_POINT ( 'NONE',  ( 1.546506437906147100, 11.30920581596470200, 9.879785854337459500 ) ) ;
#7701 = CARTESIAN_POINT ( 'NONE',  ( 0.1701764928771691300, 11.97848231758616900, 9.998607774626393100 ) ) ;
#7702 = CARTESIAN_POINT ( 'NONE',  ( 0.6633815902140927100, 11.87888197852422100, 9.977985003105022300 ) ) ;
#7703 = CARTESIAN_POINT ( 'NONE',  ( 1.844523295101362600, 10.87837377113360100, 9.828467066500527600 ) ) ;
#7704 = CARTESIAN_POINT ( 'NONE',  ( 2.002117948908269900, 10.45063450037080900, 9.797530022461673500 ) ) ;
#7705 = CARTESIAN_POINT ( 'NONE',  ( 2.022663607330700900, 10.35487807147247000, 9.793307765088370000 ) ) ;
#7706 = CARTESIAN_POINT ( 'NONE',  ( 2.028405392942761200, 10.32285766271553000, 9.792119117375024800 ) ) ;
#7707 = CARTESIAN_POINT ( 'NONE',  ( 2.055495402076995300, 10.06502690553688400, 9.786467141485443800 ) ) ;
#7708 = CARTESIAN_POINT ( 'NONE',  ( 1.720000000000000200, 9.999999999999998200, 9.450969495435460400 ) ) ;
#7709 = CARTESIAN_POINT ( 'NONE',  ( 1.720000767777828400, 9.971827576768618000, 9.450969297995737200 ) ) ;
#7710 = CARTESIAN_POINT ( 'NONE',  ( 1.719306904903096000, 9.943566678520678400, 9.451137608994370600 ) ) ;
#7711 = CARTESIAN_POINT ( 'NONE',  ( 1.717214090422882500, 9.901119585713145100, 9.451644260192267700 ) ) ;
#7712 = CARTESIAN_POINT ( 'NONE',  ( 1.728068907452589900, 11.07537543939542100, 9.849575729427870700 ) ) ;
#7713 = CARTESIAN_POINT ( 'NONE',  ( 1.716339544842688800, 9.886947913868782600, 9.451855879706261700 ) ) ;
#7714 = CARTESIAN_POINT ( 'NONE',  ( 1.000494753258325000, 11.73431763396492800, 9.949868750137072800 ) ) ;
#7715 = CARTESIAN_POINT ( 'NONE',  ( 1.780647939132084000, 10.99215158479765200, 9.840203305757697200 ) ) ;
#7716 = CARTESIAN_POINT ( 'NONE',  ( 1.714234684057133000, 9.858571320633325600, 9.452364635671905500 ) ) ;
#7717 = CARTESIAN_POINT ( 'NONE',  ( 1.947076001599801200, 10.63949880949335900, 9.808633744752334800 ) ) ;
#7718 = CARTESIAN_POINT ( 'NONE',  ( 1.713004269781610800, 9.844375719522640000, 9.452661793495428500 ) ) ;
#7719 = CARTESIAN_POINT ( 'NONE',  ( 2.055497237152815100, 9.999999999999998200, 9.786466732588282400 ) ) ;
#7720 = CARTESIAN_POINT ( 'NONE',  ( 1.630879175594045900, 11.20866640879448400, 9.866136327819836200 ) ) ;
#7721 = CARTESIAN_POINT ( 'NONE',  ( 0.06928784585021516300, 11.98417023502521400, 9.999816650951428800 ) ) ;
#7722 = CARTESIAN_POINT ( 'NONE',  ( 0.6793852892640640500, 11.87354091158492900, 9.976907862378068300 ) ) ;
#7723 = CARTESIAN_POINT ( 'NONE',  ( 0.4684004808805147200, 11.93307887297061300, 9.989077630179544100 ) ) ;
#7724 = CARTESIAN_POINT ( 'NONE',  ( 0.7584939943559035900, 11.84522621162637500, 9.971241501195155600 ) ) ;
#7725 = CARTESIAN_POINT ( 'NONE',  ( 0.7270715074974727400, 11.85698730547581500, 9.973584142124462200 ) ) ;
#7726 = CARTESIAN_POINT ( 'NONE',  ( 0.1366301304579142200, 11.98090863820285700, 9.999123265629982900 ) ) ;
#7727 = CARTESIAN_POINT ( 'NONE',  ( 0.8515290554783238000, 11.80784785929167000, 9.963872961039653500 ) ) ;
#7728 = CARTESIAN_POINT ( 'NONE',  ( 1.331766150390028400, 11.51238964442482700, 9.910957835494253100 ) ) ;
#7729 = CARTESIAN_POINT ( 'NONE',  ( 1.406691065694060800, 11.44774319871560300, 9.900598271566433800 ) ) ;
#7730 = CARTESIAN_POINT ( 'NONE',  ( 1.175707920361781500, 8.743311845212380400, 9.561497075583863700 ) ) ;
#7731 = CARTESIAN_POINT ( 'NONE',  ( 1.002847523599760700, 8.601487352404165100, 9.587731080895302700 ) ) ;
#7732 = CARTESIAN_POINT ( 'NONE',  ( 0.8614182781255781400, 8.510174517349025100, 9.606050157532390400 ) ) ;
#7733 = CARTESIAN_POINT ( 'NONE',  ( 0.5538769367630815800, 8.370655483362041200, 9.636203285434183000 ) ) ;
#7734 = CARTESIAN_POINT ( 'NONE',  ( 0.3643510930154668100, 8.318795934426132600, 9.648076677558789200 ) ) ;
#7735 = CARTESIAN_POINT ( 'NONE',  ( 1.459980852003446500, 9.090253011007112200, 9.509070147179182100 ) ) ;
#7736 = CARTESIAN_POINT ( 'NONE',  ( 1.637418360711555600, 9.472696356104611600, 9.470491321088809800 ) ) ;
#7737 = CARTESIAN_POINT ( 'NONE',  ( 0.1964902050499446100, 8.291026510944581300, 9.654574259413836400 ) ) ;
#7738 = CARTESIAN_POINT ( 'NONE',  ( 0.05591330344766277900, 8.280678795496353200, 9.657021347803098600 ) ) ;
#7739 = CARTESIAN_POINT ( 'NONE',  ( -0.1125413514357422600, 8.282762709255219800, 9.656525561524649200 ) ) ;
#7740 = CARTESIAN_POINT ( 'NONE',  ( -0.1966241526256553000, 8.291043095208944900, 9.654570361236242300 ) ) ;
#7741 = CARTESIAN_POINT ( 'NONE',  ( -0.2806665695411218500, 8.302994472693454100, 9.651762213345843800 ) ) ;
#7742 = CARTESIAN_POINT ( 'NONE',  ( -0.3226671251608029800, 8.310476873751149200, 9.650013550084011600 ) ) ;
#7743 = CARTESIAN_POINT ( 'NONE',  ( -0.3644565717875209400, 8.318816762090751400, 9.648071823154893400 ) ) ;
#7744 = CARTESIAN_POINT ( 'NONE',  ( -0.2246576343019202300, 8.294500369376846600, 9.653755404955255400 ) ) ;
#7745 = CARTESIAN_POINT ( 'NONE',  ( 1.708798799961033200, 9.801980865171968200, 9.453675999928886900 ) ) ;
#7746 = CARTESIAN_POINT ( 'NONE',  ( 1.609574316760392900, 9.392987890677632700, 9.476848458613398300 ) ) ;
#7747 = CARTESIAN_POINT ( 'NONE',  ( 1.529202712940647400, 9.212136982170797200, 9.494565577941996200 ) ) ;
#7748 = CARTESIAN_POINT ( 'NONE',  ( 1.134161048174571200, 8.705703703497532000, 9.568198809566258200 ) ) ;
#7749 = CARTESIAN_POINT ( 'NONE',  ( 0.6066266562949811400, 8.389548003122049700, 9.631959123572986700 ) ) ;
#7750 = CARTESIAN_POINT ( 'NONE',  ( 0.3089119826313195800, 8.307731547385710500, 9.650652722986333000 ) ) ;
#7751 = CARTESIAN_POINT ( 'NONE',  ( 1.502659694788591100, 9.162621392532129100, 9.500208490737131600 ) ) ;
#7752 = CARTESIAN_POINT ( 'NONE',  ( -0.3920557698869628900, 8.325040886986302600, 9.646628756611006500 ) ) ;
#7753 = CARTESIAN_POINT ( 'NONE',  ( 1.566117024160431900, 9.288327376908753800, 9.486545658575298700 ) ) ;
#7754 = CARTESIAN_POINT ( 'NONE',  ( 1.675604525585053400, 9.607688493272034300, 9.461594960614998900 ) ) ;
#7755 = CARTESIAN_POINT ( 'NONE',  ( 0.1121202920762329900, 8.283427621929334400, 9.656370010836562700 ) ) ;
#7756 = CARTESIAN_POINT ( 'NONE',  ( 0.02782163424619709200, 8.279995837550803400, 9.657183463008744100 ) ) ;
#7757 = CARTESIAN_POINT ( 'NONE',  ( 1.661923682686473800, 9.553275641412875900, 9.464818885190418000 ) ) ;
#7758 = CARTESIAN_POINT ( 'NONE',  ( 1.347111335095153400, 8.930195490803431100, 9.531241431099639200 ) ) ;
#7759 = CARTESIAN_POINT ( 'NONE',  ( 1.577676804865581200, 9.314332149683815800, 9.483992054711945800 ) ) ;
#7760 = CARTESIAN_POINT ( 'NONE',  ( -0.2666598488776642500, 8.300737356285980100, 9.652291231938644200 ) ) ;
#7761 = CARTESIAN_POINT ( 'NONE',  ( -0.4467714508706128700, 8.338798311476054400, 9.643459717291174000 ) ) ;
#7762 = CARTESIAN_POINT ( 'NONE',  ( -0.4738833497332841600, 8.346330373658593900, 9.641734031948660200 ) ) ;
#7763 = CARTESIAN_POINT ( 'NONE',  ( 0.3918437020335624500, 8.324992862116936000, 9.646639888698075500 ) ) ;
#7764 = CARTESIAN_POINT ( 'NONE',  ( 0.2246168600845570900, 8.294491891203273700, 9.653757386788152300 ) ) ;
#7765 = CARTESIAN_POINT ( 'NONE',  ( 0.1402356104756755400, 8.285493428479826500, 9.655880790385532800 ) ) ;
#7766 = CARTESIAN_POINT ( 'NONE',  ( -0.5544919878005697400, 8.370860868598564200, 9.636156925943621900 ) ) ;
#7767 = CARTESIAN_POINT ( 'NONE',  ( -0.6072631758198856500, 8.389789445225487100, 9.631905354443466300 ) ) ;
#7768 = CARTESIAN_POINT ( 'NONE',  ( -0.6849790281394661000, 8.422029733088559000, 9.624819032239532400 ) ) ;
#7769 = CARTESIAN_POINT ( 'NONE',  ( -0.7106437654096771100, 8.433418802695017600, 9.622338713268890200 ) ) ;
#7770 = CARTESIAN_POINT ( 'NONE',  ( 1.235446544476945400, 8.802974177972164000, 9.551375369066320800 ) ) ;
#7771 = CARTESIAN_POINT ( 'NONE',  ( 0.9096852610561188000, 8.539173852066975100, 9.600099031986317800 ) ) ;
#7772 = CARTESIAN_POINT ( 'NONE',  ( 0.4463772439845009000, 8.338693956292219800, 9.643483686906115800 ) ) ;
#7773 = CARTESIAN_POINT ( 'NONE',  ( 1.628584816672774500, 9.446010202965894100, 9.472521582120258200 ) ) ;
#7774 = CARTESIAN_POINT ( 'NONE',  ( 1.397764453107817500, 8.997284205418447200, 9.521519014997172900 ) ) ;
#7775 = CARTESIAN_POINT ( 'NONE',  ( 1.696973510621067900, 9.718083246696720000, 9.456513369755885600 ) ) ;
#7776 = CARTESIAN_POINT ( 'NONE',  ( 1.692131373905193500, 9.690353624161812000, 9.457669929268407200 ) ) ;
#7777 = CARTESIAN_POINT ( 'NONE',  ( 1.599397782396103600, 9.366654178296046900, 9.479144979479276100 ) ) ;
#7778 = CARTESIAN_POINT ( 'NONE',  ( 1.444995133914659600, 9.066634480172409000, 9.512120897440151900 ) ) ;
#7779 = CARTESIAN_POINT ( 'NONE',  ( 1.413886932892782300, 9.020150077676127900, 9.518345323879577400 ) ) ;
#7780 = CARTESIAN_POINT ( 'NONE',  ( 1.047734932660080700, 8.634798236939799300, 9.581314670728369600 ) ) ;
#7781 = CARTESIAN_POINT ( 'NONE',  ( 0.7103467458082831600, 8.432531126536362700, 9.622510164109460400 ) ) ;
#7782 = CARTESIAN_POINT ( 'NONE',  ( 0.4734191024176426200, 8.346198333817350000, 9.641764221976476500 ) ) ;
#7783 = CARTESIAN_POINT ( 'NONE',  ( 0.2809450972845751700, 8.302861035228687600, 9.651792693100253100 ) ) ;
#7784 = CARTESIAN_POINT ( 'NONE',  ( -0.05641811444471795500, 8.280008383075347900, 9.657180464407801400 ) ) ;
#7785 = CARTESIAN_POINT ( 'NONE',  ( -0.3086601488821507600, 8.307861974880287500, 9.650623895451964500 ) ) ;
#7786 = CARTESIAN_POINT ( 'NONE',  ( 0.7613256569896680300, 8.456625502259523600, 9.617304225147286400 ) ) ;
#7787 = CARTESIAN_POINT ( 'NONE',  ( 1.254961532616890400, 8.823448358714102800, 9.547983567169495700 ) ) ;
#7788 = CARTESIAN_POINT ( 'NONE',  ( 1.364376643759291900, 8.952306918040640900, 9.527967060904416000 ) ) ;
#7789 = CARTESIAN_POINT ( 'NONE',  ( 1.488813125272759400, 9.138246472600194200, 9.503113951454764700 ) ) ;
#7790 = CARTESIAN_POINT ( 'NONE',  ( 1.311423115857654400, 8.886734521061267600, 9.537868390554026000 ) ) ;
#7791 = CARTESIAN_POINT ( 'NONE',  ( 1.293011656541284100, 8.865397681176114400, 9.541218945859755600 ) ) ;
#7792 = CARTESIAN_POINT ( 'NONE',  ( 1.705307392242663600, 9.773896421024383900, 9.454516360101457900 ) ) ;
#7793 = CARTESIAN_POINT ( 'NONE',  ( 1.541904277927103700, 9.237290180924260200, 9.491826970668944000 ) ) ;
#7794 = CARTESIAN_POINT ( 'NONE',  ( -1.628772479003638200, 9.446556698953340700, 9.472478645155055300 ) ) ;
#7795 = CARTESIAN_POINT ( 'NONE',  ( -1.675266305269804500, 9.609259365189757300, 9.461669259824271100 ) ) ;
#7796 = CARTESIAN_POINT ( 'NONE',  ( -1.705629739309445100, 9.776313625399572200, 9.454438907333878800 ) ) ;
#7797 = CARTESIAN_POINT ( 'NONE',  ( -1.283788626493387800, 8.855234816158825200, 9.542858240081926600 ) ) ;
#7798 = CARTESIAN_POINT ( 'NONE',  ( -1.709106410486988900, 9.804649718104141000, 9.453601917038229300 ) ) ;
#7799 = CARTESIAN_POINT ( 'NONE',  ( -1.714614581817566900, 9.861083073134491200, 9.452273333631279000 ) ) ;
#7800 = CARTESIAN_POINT ( 'NONE',  ( -1.717128618486753800, 10.11416310093234600, 9.451667209235155900 ) ) ;
#7801 = CARTESIAN_POINT ( 'NONE',  ( -1.708783203423944500, 10.19811787978577300, 9.453679731711918800 ) ) ;
#7802 = CARTESIAN_POINT ( 'NONE',  ( -0.8365336658531140600, 8.496865422514471100, 9.608847479135992100 ) ) ;
#7803 = CARTESIAN_POINT ( 'NONE',  ( -1.705311794462273100, 10.22607264928105100, 9.454515305001116600 ) ) ;
#7804 = CARTESIAN_POINT ( 'NONE',  ( -1.175818741555114200, 8.744359300597127000, 9.561397024728734100 ) ) ;
#7805 = CARTESIAN_POINT ( 'NONE',  ( -1.235864829893531700, 8.803410070129436000, 9.551302965178075900 ) ) ;
#7806 = CARTESIAN_POINT ( 'NONE',  ( -1.674506660887132400, 10.39322828245327600, 9.461845634389927500 ) ) ;
#7807 = CARTESIAN_POINT ( 'NONE',  ( -1.489744839197714800, 9.138488215819471300, 9.502955183123356500 ) ) ;
#7808 = CARTESIAN_POINT ( 'NONE',  ( -1.671209446962950200, 10.40701270798866700, 9.462622203246017000 ) ) ;
#7809 = CARTESIAN_POINT ( 'NONE',  ( -1.293181556078807400, 8.865856446550944600, 9.541168541751858400 ) ) ;
#7810 = CARTESIAN_POINT ( 'NONE',  ( -0.9096861783011913600, 8.539977592716407900, 9.599987399475164600 ) ) ;
#7811 = CARTESIAN_POINT ( 'NONE',  ( -1.196124531850764500, 8.763684723257986400, 9.558039316163990100 ) ) ;
#7812 = CARTESIAN_POINT ( 'NONE',  ( -1.365406868556471800, 8.952513425479345700, 9.527841684183236700 ) ) ;
#7813 = CARTESIAN_POINT ( 'NONE',  ( -1.460964669338668900, 9.090544083053743000, 9.508923605107046500 ) ) ;
#7814 = CARTESIAN_POINT ( 'NONE',  ( -1.577696083934256400, 9.314375914678416600, 9.483987790028745500 ) ) ;
#7815 = CARTESIAN_POINT ( 'NONE',  ( -1.654029777051516700, 9.527367550210428200, 9.466645831301773800 ) ) ;
#7816 = CARTESIAN_POINT ( 'NONE',  ( -1.681452673081684600, 9.636797915697130200, 9.460206323322960700 ) ) ;
#7817 = CARTESIAN_POINT ( 'NONE',  ( -1.660833359845929100, 10.44814211851525900, 9.465057731670050600 ) ) ;
#7818 = CARTESIAN_POINT ( 'NONE',  ( -0.7866732140715031500, 8.470182315255641500, 9.614454845199613700 ) ) ;
#7819 = CARTESIAN_POINT ( 'NONE',  ( -1.719371435841475600, 9.945621509473207700, 9.451121964616310900 ) ) ;
#7820 = CARTESIAN_POINT ( 'NONE',  ( -1.683736821191554200, 10.35161458209717000, 9.459663547251953000 ) ) ;
#7821 = CARTESIAN_POINT ( 'NONE',  ( -1.697317538330394900, 9.720149061580208600, 9.456431125920676800 ) ) ;
#7822 = CARTESIAN_POINT ( 'NONE',  ( -0.8612742927829113400, 8.510904062785067800, 9.605933416278777100 ) ) ;
#7823 = CARTESIAN_POINT ( 'NONE',  ( -1.255294494989544200, 8.823805104692725700, 9.547925139850420400 ) ) ;
#7824 = CARTESIAN_POINT ( 'NONE',  ( -1.113175894395311400, 8.688504461605376200, 9.571381509125208400 ) ) ;
#7825 = CARTESIAN_POINT ( 'NONE',  ( -1.311645606038742500, 8.887262280329652600, 9.537810922435930600 ) ) ;
#7826 = CARTESIAN_POINT ( 'NONE',  ( -1.661554860361973200, 9.554544181462233600, 9.464889009966253000 ) ) ;
#7827 = CARTESIAN_POINT ( 'NONE',  ( -1.716664905188907600, 9.889289838225838700, 9.451777233185236300 ) ) ;
#7828 = CARTESIAN_POINT ( 'NONE',  ( -1.529442547381535600, 9.212605067697413800, 9.494514052501886100 ) ) ;
#7829 = CARTESIAN_POINT ( 'NONE',  ( -0.9334669138802652600, 8.555068220871342900, 9.596943597068694500 ) ) ;
#7830 = CARTESIAN_POINT ( 'NONE',  ( -1.720029378159314800, 9.973756923668840800, 9.450962364515316200 ) ) ;
#7831 = CARTESIAN_POINT ( 'NONE',  ( -1.719938219388455400, 10.05807280584195200, 9.450984490359477500 ) ) ;
#7832 = CARTESIAN_POINT ( 'NONE',  ( -1.696973063786249200, 10.28192119254464400, 9.456513477045176000 ) ) ;
#7833 = CARTESIAN_POINT ( 'NONE',  ( -1.653261004703456200, 10.47531018195604900, 9.466824712653632900 ) ) ;
#7834 = CARTESIAN_POINT ( 'NONE',  ( -1.609639415530177900, 10.60877035110406500, 9.476860924776405100 ) ) ;
#7835 = CARTESIAN_POINT ( 'NONE',  ( -1.680767511582320400, 10.36554390177558500, 9.460366980279298200 ) ) ;
#7836 = CARTESIAN_POINT ( 'NONE',  ( -1.628626399688184000, 10.55600174537945400, 9.472525182697234300 ) ) ;
#7837 = CARTESIAN_POINT ( 'NONE',  ( -1.577360467935485800, 10.68638099792139300, 9.484061933029986200 ) ) ;
#7838 = CARTESIAN_POINT ( 'NONE',  ( -1.565966338843971100, 10.71199522733453700, 9.486578630763116100 ) ) ;
#7839 = CARTESIAN_POINT ( 'NONE',  ( -1.541901825138098500, 10.76270998907541300, 9.491827400674129200 ) ) ;
#7840 = CARTESIAN_POINT ( 'NONE',  ( -1.609694227273290400, 9.393299606353609800, 9.476821387106195300 ) ) ;
#7841 = CARTESIAN_POINT ( 'NONE',  ( -1.529231135597672700, 10.78781114449868300, 9.494559565890309500 ) ) ;
#7842 = CARTESIAN_POINT ( 'NONE',  ( -1.134344429541220200, 8.706769160287935300, 9.568068112641771700 ) ) ;
#7843 = CARTESIAN_POINT ( 'NONE',  ( -1.637639483952559400, 9.473375988133762200, 9.470440443165241400 ) ) ;
#7844 = CARTESIAN_POINT ( 'NONE',  ( -1.502598307555285800, 10.83749197419358600, 9.500221510854892400 ) ) ;
#7845 = CARTESIAN_POINT ( 'NONE',  ( -1.692478198518427600, 9.692239735386245100, 9.457587279700664600 ) ) ;
#7846 = CARTESIAN_POINT ( 'NONE',  ( -1.488627580837524200, 10.86208598059267900, 9.503153074142398200 ) ) ;
#7847 = CARTESIAN_POINT ( 'NONE',  ( -1.692107761408317100, 10.30980391444031100, 9.457675614773167500 ) ) ;
#7848 = CARTESIAN_POINT ( 'NONE',  ( -1.566225353431749400, 9.288571003636226600, 9.486521735137014100 ) ) ;
#7849 = CARTESIAN_POINT ( 'NONE',  ( -0.9801311712255321700, 8.586305820966337900, 9.590745048714081700 ) ) ;
#7850 = CARTESIAN_POINT ( 'NONE',  ( -1.320733145196324500, 8.898063038878126100, 9.536140203652886200 ) ) ;
#7851 = CARTESIAN_POINT ( 'NONE',  ( -0.7614887064778124200, 8.457493552156572400, 9.617156937546351300 ) ) ;
#7852 = CARTESIAN_POINT ( 'NONE',  ( -1.047948889536981100, 8.635820423476678400, 9.581187104532251200 ) ) ;
#7853 = CARTESIAN_POINT ( 'NONE',  ( -1.003025406385724900, 8.602458294883122700, 9.587589122016874300 ) ) ;
#7854 = CARTESIAN_POINT ( 'NONE',  ( -1.069978124471455500, 8.653030091956415100, 9.577940996751889800 ) ) ;
#7855 = CARTESIAN_POINT ( 'NONE',  ( -1.398798831984665100, 8.997558242775664200, 9.521366222298228300 ) ) ;
#7856 = CARTESIAN_POINT ( 'NONE',  ( -1.542095430970114500, 9.237678033257932200, 9.491785566666568000 ) ) ;
#7857 = CARTESIAN_POINT ( 'NONE',  ( -1.599461749562718600, 9.366810944255412600, 9.479130667593374000 ) ) ;
#7858 = CARTESIAN_POINT ( 'NONE',  ( -0.6057799947407411800, 11.60985471317044400, 9.631855209413769700 ) ) ;
#7859 = CARTESIAN_POINT ( 'NONE',  ( -0.5255803686268880600, 11.63797412526509900, 9.638164922330933100 ) ) ;
#7860 = CARTESIAN_POINT ( 'NONE',  ( -0.4445415931979824800, 11.66179755824872200, 9.643596517710600200 ) ) ;
#7861 = CARTESIAN_POINT ( 'NONE',  ( -0.2800298260951499300, 11.69728368749953000, 9.651826627968045400 ) ) ;
#7862 = CARTESIAN_POINT ( 'NONE',  ( -0.1122559290537900000, 11.71656610864182500, 9.656368523626012400 ) ) ;
#7863 = CARTESIAN_POINT ( 'NONE',  ( -1.000955985957561400, 11.39902707250232400, 9.587877560400546200 ) ) ;
#7864 = CARTESIAN_POINT ( 'NONE',  ( -1.292766196857871000, 11.13590502886716700, 9.541327684010067100 ) ) ;
#7865 = CARTESIAN_POINT ( 'NONE',  ( 0.05797871809714554000, 11.71925399689602200, 9.657005404553647300 ) ) ;
#7866 = CARTESIAN_POINT ( 'NONE',  ( 0.2263036259536733700, 11.70597384561503400, 9.653866085859697000 ) ) ;
#7867 = CARTESIAN_POINT ( 'NONE',  ( 0.3919483872575887400, 11.67498409158816700, 9.646634536241395000 ) ) ;
#7868 = CARTESIAN_POINT ( 'NONE',  ( 0.4466467108238638100, 11.66123506510309600, 9.643467379954939700 ) ) ;
#7869 = CARTESIAN_POINT ( 'NONE',  ( 0.5281629669322111000, 11.63696231548912200, 9.637939062982111300 ) ) ;
#7870 = CARTESIAN_POINT ( 'NONE',  ( 0.5684963601082159100, 11.62339533359131500, 9.634881969416111900 ) ) ;
#7871 = CARTESIAN_POINT ( 'NONE',  ( 0.6083992575093480900, 11.60905188010931300, 9.631672192119884500 ) ) ;
#7872 = CARTESIAN_POINT ( 'NONE',  ( 0.4738897813263223100, 11.65367225105859300, 9.641734546560757100 ) ) ;
#7873 = CARTESIAN_POINT ( 'NONE',  ( -1.459398183522126600, 10.91069265552399300, 9.509189701284277900 ) ) ;
#7874 = CARTESIAN_POINT ( 'NONE',  ( -1.195699657977445700, 11.23672513004624900, 9.558110042184557300 ) ) ;
#7875 = CARTESIAN_POINT ( 'NONE',  ( -1.101161675070218000, 11.32137941687422100, 9.573207829746103000 ) ) ;
#7876 = CARTESIAN_POINT ( 'NONE',  ( -0.5924508486667002800, 11.61480764411315500, 9.632959654261391300 ) ) ;
#7877 = CARTESIAN_POINT ( 'NONE',  ( -0.3076730951729800800, 11.69249043062468700, 9.650704618865702900 ) ) ;
#7878 = CARTESIAN_POINT ( 'NONE',  ( -0.05562624957548366300, 11.71933487568509400, 9.657024588869727900 ) ) ;
#7879 = CARTESIAN_POINT ( 'NONE',  ( -1.068347410028602300, 11.34827020380255800, 9.578184253610468000 ) ) ;
#7880 = CARTESIAN_POINT ( 'NONE',  ( 0.6346929816839594900, 11.59886106721878600, 9.629409861028783300 ) ) ;
#7881 = CARTESIAN_POINT ( 'NONE',  ( -1.133435122544555600, 11.29380226011095300, 9.568189241129772400 ) ) ;
#7882 = CARTESIAN_POINT ( 'NONE',  ( -1.363272879047623400, 11.04912899866122300, 9.528177551496895600 ) ) ;
#7883 = CARTESIAN_POINT ( 'NONE',  ( 0.1424003703129806100, 11.71432550103493300, 9.655837970628439800 ) ) ;
#7884 = CARTESIAN_POINT ( 'NONE',  ( 0.2818270106355193500, 11.69768442599660400, 9.651913569662838200 ) ) ;
#7885 = CARTESIAN_POINT ( 'NONE',  ( -1.346033830970980700, 11.07115540740701400, 9.531443966794137500 ) ) ;
#7886 = CARTESIAN_POINT ( 'NONE',  ( -0.7610989726946317800, 11.54269812156747000, 9.617197920981896100 ) ) ;
#7887 = CARTESIAN_POINT ( 'NONE',  ( -1.144015525962088600, 11.28445608068437700, 9.566511598571183900 ) ) ;
#7888 = CARTESIAN_POINT ( 'NONE',  ( 0.5146022844117184000, 11.64127587428695100, 9.638916304711010200 ) ) ;
#7889 = CARTESIAN_POINT ( 'NONE',  ( 0.7125429063833046400, 11.56647328087109500, 9.622293927348208000 ) ) ;
#7890 = CARTESIAN_POINT ( 'NONE',  ( 0.7631740128665535100, 11.54243324149628200, 9.617104113728007800 ) ) ;
#7891 = CARTESIAN_POINT ( 'NONE',  ( -0.1404565765706764200, 11.71448721879858800, 9.655876216356830400 ) ) ;
#7892 = CARTESIAN_POINT ( 'NONE',  ( 0.02969332183261799400, 11.71997702687407300, 9.657177018102590400 ) ) ;
#7893 = CARTESIAN_POINT ( 'NONE',  ( 0.1143294284905745900, 11.71642787176113200, 9.656335789696664000 ) ) ;
#7894 = CARTESIAN_POINT ( 'NONE',  ( 0.8371944970300131400, 11.50276043428468300, 9.608769805347471000 ) ) ;
#7895 = CARTESIAN_POINT ( 'NONE',  ( 0.8615494306836595200, 11.48893205978546000, 9.605899821536688400 ) ) ;
#7896 = CARTESIAN_POINT ( 'NONE',  ( 0.9096203658842488800, 11.46006057359387300, 9.599995284365682800 ) ) ;
#7897 = CARTESIAN_POINT ( 'NONE',  ( 0.9333363924907340800, 11.44501751436177100, 9.596960706864553700 ) ) ;
#7898 = CARTESIAN_POINT ( 'NONE',  ( -0.6322579710350079200, 11.59964088509695700, 9.629588407264144200 ) ) ;
#7899 = CARTESIAN_POINT ( 'NONE',  ( -0.4716453694375180000, 11.65431092122493700, 9.641880563564470200 ) ) ;
#7900 = CARTESIAN_POINT ( 'NONE',  ( -0.1965585395560466600, 11.70896437447714100, 9.654572111456346300 ) ) ;
#7901 = CARTESIAN_POINT ( 'NONE',  ( -1.255183933908323900, 11.17730727798326600, 9.548030738567563300 ) ) ;
#7902 = CARTESIAN_POINT ( 'NONE',  ( -0.8601918743083305500, 11.49050466903497800, 9.606191976107403700 ) ) ;
#7903 = CARTESIAN_POINT ( 'NONE',  ( -1.412911086523094700, 10.98126158396081700, 9.518538591681208400 ) ) ;
#7904 = CARTESIAN_POINT ( 'NONE',  ( -1.396711482690123900, 11.00418206471009900, 9.521724878510465100 ) ) ;
#7905 = CARTESIAN_POINT ( 'NONE',  ( -1.175336895370975700, 11.25609534995064500, 9.561476307953132200 ) ) ;
#7906 = CARTESIAN_POINT ( 'NONE',  ( -0.9780196270784998800, 11.41515411345726400, 9.591032004856103300 ) ) ;
#7907 = CARTESIAN_POINT ( 'NONE',  ( -0.9081611391203283600, 11.46177239990854300, 9.600291189264275700 ) ) ;
#7908 = CARTESIAN_POINT ( 'NONE',  ( -0.5524111829708502300, 11.62912363827806500, 9.636165162705635700 ) ) ;
#7909 = CARTESIAN_POINT ( 'NONE',  ( -0.3626901831632255400, 11.68155952085177800, 9.648159232577223000 ) ) ;
#7910 = CARTESIAN_POINT ( 'NONE',  ( -0.2244725462705085000, 11.70552064955504400, 9.653760370928196700 ) ) ;
#7911 = CARTESIAN_POINT ( 'NONE',  ( -0.02706766568887463600, 11.72002197108069400, 9.657187680340602000 ) ) ;
#7912 = CARTESIAN_POINT ( 'NONE',  ( 0.3644952665684206300, 11.68117003465989600, 9.648068813394576900 ) ) ;
#7913 = CARTESIAN_POINT ( 'NONE',  ( 0.5551047768610772900, 11.62802328865325800, 9.635922183870496500 ) ) ;
#7914 = CARTESIAN_POINT ( 'NONE',  ( -0.3900640019158341800, 11.67542186825063800, 9.646735848899266900 ) ) ;
#7915 = CARTESIAN_POINT ( 'NONE',  ( -0.6454066031714884600, 11.59438098437114900, 9.628426251773492000 ) ) ;
#7916 = CARTESIAN_POINT ( 'NONE',  ( -0.7861354415797823200, 11.53008966909052000, 9.614512702162366900 ) ) ;
#7917 = CARTESIAN_POINT ( 'NONE',  ( -1.046122427157200500, 11.36558320212224700, 9.581453330856263100 ) ) ;
#7918 = CARTESIAN_POINT ( 'NONE',  ( -0.7103150062747520800, 11.56672962361225600, 9.622370935829696500 ) ) ;
#7919 = CARTESIAN_POINT ( 'NONE',  ( -0.6845591166591151700, 11.57815571310596100, 9.624859424659144100 ) ) ;
#7920 = CARTESIAN_POINT ( 'NONE',  ( -1.444257250037008800, 10.93451217527025500, 9.512270423433571800 ) ) ;
#7921 = CARTESIAN_POINT ( 'NONE',  ( -1.112017589384615800, 11.31225647262895300, 9.571535960515088700 ) ) ;
#7922 = CARTESIAN_POINT ( 'NONE',  ( 1.256561637554517200, 11.17583000865058900, 9.547788550701964600 ) ) ;
#7923 = CARTESIAN_POINT ( 'NONE',  ( 1.294086425960487000, 11.13440736693040000, 9.541089474084680300 ) ) ;
#7924 = CARTESIAN_POINT ( 'NONE',  ( 1.048684012434864600, 11.36362205192952100, 9.581080877656004800 ) ) ;
#7925 = CARTESIAN_POINT ( 'NONE',  ( 1.364687887348989200, 11.04729146600037700, 9.527907877266340400 ) ) ;
#7926 = CARTESIAN_POINT ( 'NONE',  ( 1.490011467760239400, 10.85968459136189600, 9.502863884666075100 ) ) ;
#7927 = CARTESIAN_POINT ( 'NONE',  ( 1.114395941414034100, 11.31046313221631800, 9.571192825076950700 ) ) ;
#7928 = CARTESIAN_POINT ( 'NONE',  ( 1.567391134470375000, 10.71050877549611400, 9.486288196959575800 ) ) ;
#7929 = CARTESIAN_POINT ( 'NONE',  ( 1.398239187453057300, 11.00205818189433800, 9.521426383789785700 ) ) ;
#7930 = CARTESIAN_POINT ( 'NONE',  ( 1.003188369092704600, 11.39743204567964500, 9.587567334775950900 ) ) ;
#7931 = CARTESIAN_POINT ( 'NONE',  ( 1.070928635435635800, 11.34621834922212200, 9.577799919482551200 ) ) ;
#7932 = CARTESIAN_POINT ( 'NONE',  ( 1.414532589564645900, 10.97892847128205900, 9.518217990504242100 ) ) ;
#7933 = CARTESIAN_POINT ( 'NONE',  ( 1.135625553274478800, 11.29210641785079800, 9.567865688013805300 ) ) ;
#7934 = CARTESIAN_POINT ( 'NONE',  ( 1.446014359491685900, 10.93179682353258500, 9.511915005221167600 ) ) ;
#7935 = CARTESIAN_POINT ( 'NONE',  ( 1.347406529686174600, 11.06943012529528600, 9.531185688471557800 ) ) ;
#7936 = CARTESIAN_POINT ( 'NONE',  ( 1.461093750658879300, 10.90796299507026000, 9.508842562545147800 ) ) ;
#7937 = CARTESIAN_POINT ( 'NONE',  ( 1.503840348609642100, 10.83525413926918400, 9.499959517968266100 ) ) ;
#7938 = CARTESIAN_POINT ( 'NONE',  ( 1.543461119883747100, 10.76109780810809400, 9.491529984266577500 ) ) ;
#7939 = CARTESIAN_POINT ( 'NONE',  ( 1.610298173808762500, 10.60702325828843400, 9.476711649066112700 ) ) ;
#7940 = CARTESIAN_POINT ( 'NONE',  ( 0.9801231181074435700, 11.41370120235405800, 9.590746345504518500 ) ) ;
#7941 = CARTESIAN_POINT ( 'NONE',  ( 1.177091649291234700, 11.25444794853461300, 9.561188405162889500 ) ) ;
#7942 = CARTESIAN_POINT ( 'NONE',  ( 1.197328262977026800, 11.23514601511872600, 9.557838204631570600 ) ) ;
#7943 = VERTEX_POINT ( 'NONE', #4753 ) ;
#7944 = VERTEX_POINT ( 'NONE', #4760 ) ;
#7945 = VERTEX_POINT ( 'NONE', #4779 ) ;
#7946 = VERTEX_POINT ( 'NONE', #4783 ) ;
#7947 = VERTEX_POINT ( 'NONE', #4785 ) ;
#7948 = VERTEX_POINT ( 'NONE', #4797 ) ;
#7949 = VERTEX_POINT ( 'NONE', #4789 ) ;
#7950 = VERTEX_POINT ( 'NONE', #4799 ) ;
#7951 = VERTEX_POINT ( 'NONE', #4801 ) ;
#7952 = VERTEX_POINT ( 'NONE', #4892 ) ;
#7953 = VERTEX_POINT ( 'NONE', #4857 ) ;
#7954 = VERTEX_POINT ( 'NONE', #4910 ) ;
#7955 = VERTEX_POINT ( 'NONE', #4918 ) ;
#7956 = VERTEX_POINT ( 'NONE', #4940 ) ;
#7957 = VERTEX_POINT ( 'NONE', #4833 ) ;
#7958 = VERTEX_POINT ( 'NONE', #4819 ) ;
#7959 = VERTEX_POINT ( 'NONE', #4869 ) ;
#7960 = VERTEX_POINT ( 'NONE', #4861 ) ;
#7961 = VERTEX_POINT ( 'NONE', #4837 ) ;
#7962 = VERTEX_POINT ( 'NONE', #4843 ) ;
#7963 = VERTEX_POINT ( 'NONE', #4821 ) ;
#7964 = VERTEX_POINT ( 'NONE', #4849 ) ;
#7965 = VERTEX_POINT ( 'NONE', #4877 ) ;
#7966 = VERTEX_POINT ( 'NONE', #4896 ) ;
#7967 = VERTEX_POINT ( 'NONE', #4923 ) ;
#7968 = VERTEX_POINT ( 'NONE', #4823 ) ;
#7969 = VERTEX_POINT ( 'NONE', #4769 ) ;
#7970 = VERTEX_POINT ( 'NONE', #4825 ) ;
#7971 = VERTEX_POINT ( 'NONE', #4839 ) ;
#7972 = VERTEX_POINT ( 'NONE', #4898 ) ;
#7973 = VERTEX_POINT ( 'NONE', #4904 ) ;
#7974 = VERTEX_POINT ( 'NONE', #4831 ) ;
#7975 = VERTEX_POINT ( 'NONE', #4879 ) ;
#7976 = VERTEX_POINT ( 'NONE', #4781 ) ;
#7977 = VERTEX_POINT ( 'NONE', #4841 ) ;
#7978 = VERTEX_POINT ( 'NONE', #4845 ) ;
#7979 = VERTEX_POINT ( 'NONE', #4859 ) ;
#7980 = ORIENTED_EDGE ( 'NONE', *, *, #3821, .F. ) ;
#7981 = ORIENTED_EDGE ( 'NONE', *, *, #3789, .F. ) ;
#7982 = ORIENTED_EDGE ( 'NONE', *, *, #3820, .T. ) ;
#7983 = ORIENTED_EDGE ( 'NONE', *, *, #3800, .F. ) ;
#7984 = ORIENTED_EDGE ( 'NONE', *, *, #3822, .F. ) ;
#7985 = ORIENTED_EDGE ( 'NONE', *, *, #3902, .T. ) ;
#7986 = ORIENTED_EDGE ( 'NONE', *, *, #3794, .F. ) ;
#7987 = ORIENTED_EDGE ( 'NONE', *, *, #3802, .T. ) ;
#7988 = ORIENTED_EDGE ( 'NONE', *, *, #3790, .T. ) ;
#7989 = ORIENTED_EDGE ( 'NONE', *, *, #3829, .F. ) ;
#7990 = ORIENTED_EDGE ( 'NONE', *, *, #3841, .T. ) ;
#7991 = ORIENTED_EDGE ( 'NONE', *, *, #3807, .F. ) ;
#7992 = ORIENTED_EDGE ( 'NONE', *, *, #3814, .F. ) ;
#7993 = ORIENTED_EDGE ( 'NONE', *, *, #3819, .T. ) ;
#7994 = ORIENTED_EDGE ( 'NONE', *, *, #3792, .F. ) ;
#7995 = ORIENTED_EDGE ( 'NONE', *, *, #3813, .F. ) ;
#7996 = ORIENTED_EDGE ( 'NONE', *, *, #3842, .F. ) ;
#7997 = ORIENTED_EDGE ( 'NONE', *, *, #3801, .T. ) ;
#7998 = ORIENTED_EDGE ( 'NONE', *, *, #3790, .F. ) ;
#7999 = ORIENTED_EDGE ( 'NONE', *, *, #3789, .T. ) ;
#8000 = ORIENTED_EDGE ( 'NONE', *, *, #3843, .F. ) ;
#8001 = ORIENTED_EDGE ( 'NONE', *, *, #3784, .T. ) ;
#8002 = ORIENTED_EDGE ( 'NONE', *, *, #3835, .T. ) ;
#8003 = ORIENTED_EDGE ( 'NONE', *, *, #3803, .T. ) ;
#8004 = ORIENTED_EDGE ( 'NONE', *, *, #3845, .T. ) ;
#8005 = ORIENTED_EDGE ( 'NONE', *, *, #3796, .T. ) ;
#8006 = ORIENTED_EDGE ( 'NONE', *, *, #3795, .F. ) ;
#8007 = ORIENTED_EDGE ( 'NONE', *, *, #3832, .T. ) ;
#8008 = ORIENTED_EDGE ( 'NONE', *, *, #3868, .T. ) ;
#8009 = ORIENTED_EDGE ( 'NONE', *, *, #3831, .T. ) ;
#8010 = ORIENTED_EDGE ( 'NONE', *, *, #3864, .T. ) ;
#8011 = ORIENTED_EDGE ( 'NONE', *, *, #3827, .T. ) ;
#8012 = ORIENTED_EDGE ( 'NONE', *, *, #3805, .T. ) ;
#8013 = ORIENTED_EDGE ( 'NONE', *, *, #3870, .T. ) ;
#8014 = ORIENTED_EDGE ( 'NONE', *, *, #3867, .T. ) ;
#8015 = ORIENTED_EDGE ( 'NONE', *, *, #3850, .T. ) ;
#8016 = ORIENTED_EDGE ( 'NONE', *, *, #3903, .T. ) ;
#8017 = ORIENTED_EDGE ( 'NONE', *, *, #3898, .F. ) ;
#8018 = ORIENTED_EDGE ( 'NONE', *, *, #3862, .T. ) ;
#8019 = ORIENTED_EDGE ( 'NONE', *, *, #3821, .T. ) ;
#8020 = ORIENTED_EDGE ( 'NONE', *, *, #3852, .F. ) ;
#8021 = ORIENTED_EDGE ( 'NONE', *, *, #3878, .T. ) ;
#8022 = ORIENTED_EDGE ( 'NONE', *, *, #3848, .F. ) ;
#8023 = ORIENTED_EDGE ( 'NONE', *, *, #3834, .F. ) ;
#8024 = ORIENTED_EDGE ( 'NONE', *, *, #3865, .T. ) ;
#8025 = ORIENTED_EDGE ( 'NONE', *, *, #3804, .T. ) ;
#8026 = ORIENTED_EDGE ( 'NONE', *, *, #3843, .T. ) ;
#8027 = ORIENTED_EDGE ( 'NONE', *, *, #3807, .T. ) ;
#8028 = ORIENTED_EDGE ( 'NONE', *, *, #3904, .T. ) ;
#8029 = ORIENTED_EDGE ( 'NONE', *, *, #3884, .T. ) ;
#8030 = ORIENTED_EDGE ( 'NONE', *, *, #3814, .T. ) ;
#8031 = ORIENTED_EDGE ( 'NONE', *, *, #3901, .T. ) ;
#8032 = ORIENTED_EDGE ( 'NONE', *, *, #3879, .F. ) ;
#8033 = ORIENTED_EDGE ( 'NONE', *, *, #3849, .T. ) ;
#8034 = ORIENTED_EDGE ( 'NONE', *, *, #3799, .F. ) ;
#8035 = ORIENTED_EDGE ( 'NONE', *, *, #3797, .F. ) ;
#8036 = ORIENTED_EDGE ( 'NONE', *, *, #3826, .F. ) ;
#8037 = ORIENTED_EDGE ( 'NONE', *, *, #3885, .T. ) ;
#8038 = ORIENTED_EDGE ( 'NONE', *, *, #3869, .T. ) ;
#8039 = ORIENTED_EDGE ( 'NONE', *, *, #3860, .T. ) ;
#8040 = ORIENTED_EDGE ( 'NONE', *, *, #3813, .T. ) ;
#8041 = ORIENTED_EDGE ( 'NONE', *, *, #3891, .T. ) ;
#8042 = ORIENTED_EDGE ( 'NONE', *, *, #3883, .T. ) ;
#8043 = ORIENTED_EDGE ( 'NONE', *, *, #3899, .T. ) ;
#8044 = ORIENTED_EDGE ( 'NONE', *, *, #3935, .T. ) ;
#8045 = ORIENTED_EDGE ( 'NONE', *, *, #3816, .F. ) ;
#8046 = VERTEX_POINT ( 'NONE', #4756 ) ;
#8047 = ORIENTED_EDGE ( 'NONE', *, *, #3846, .F. ) ;
#8048 = ORIENTED_EDGE ( 'NONE', *, *, #3892, .T. ) ;
#8049 = ORIENTED_EDGE ( 'NONE', *, *, #3895, .T. ) ;
#8050 = ORIENTED_EDGE ( 'NONE', *, *, #3923, .F. ) ;
#8051 = ORIENTED_EDGE ( 'NONE', *, *, #3915, .T. ) ;
#8052 = ORIENTED_EDGE ( 'NONE', *, *, #3889, .T. ) ;
#8053 = ORIENTED_EDGE ( 'NONE', *, *, #3861, .T. ) ;
#8054 = ORIENTED_EDGE ( 'NONE', *, *, #3855, .F. ) ;
#8055 = VERTEX_POINT ( 'NONE', #4900 ) ;
#8056 = VERTEX_POINT ( 'NONE', #4927 ) ;
#8057 = VERTEX_POINT ( 'NONE', #4920 ) ;
#8058 = ORIENTED_EDGE ( 'NONE', *, *, #3924, .T. ) ;
#8059 = VERTEX_POINT ( 'NONE', #4912 ) ;
#8060 = VERTEX_POINT ( 'NONE', #4925 ) ;
#8061 = ORIENTED_EDGE ( 'NONE', *, *, #3825, .T. ) ;
#8062 = ORIENTED_EDGE ( 'NONE', *, *, #3882, .T. ) ;
#8063 = ORIENTED_EDGE ( 'NONE', *, *, #3938, .T. ) ;
#8064 = ORIENTED_EDGE ( 'NONE', *, *, #3827, .F. ) ;
#8065 = ORIENTED_EDGE ( 'NONE', *, *, #3906, .T. ) ;
#8066 = VERTEX_POINT ( 'NONE', #4863 ) ;
#8067 = VERTEX_POINT ( 'NONE', #4883 ) ;
#8068 = VERTEX_POINT ( 'NONE', #4887 ) ;
#8069 = ORIENTED_EDGE ( 'NONE', *, *, #3905, .T. ) ;
#8070 = ORIENTED_EDGE ( 'NONE', *, *, #3808, .T. ) ;
#8071 = ORIENTED_EDGE ( 'NONE', *, *, #3876, .T. ) ;
#8072 = ORIENTED_EDGE ( 'NONE', *, *, #3894, .F. ) ;
#8073 = ORIENTED_EDGE ( 'NONE', *, *, #3863, .T. ) ;
#8074 = ORIENTED_EDGE ( 'NONE', *, *, #3783, .T. ) ;
#8075 = ORIENTED_EDGE ( 'NONE', *, *, #3880, .F. ) ;
#8076 = ORIENTED_EDGE ( 'NONE', *, *, #3857, .T. ) ;
#8077 = ORIENTED_EDGE ( 'NONE', *, *, #3847, .T. ) ;
#8078 = ORIENTED_EDGE ( 'NONE', *, *, #3948, .T. ) ;
#8079 = ORIENTED_EDGE ( 'NONE', *, *, #3858, .T. ) ;
#8080 = ORIENTED_EDGE ( 'NONE', *, *, #3881, .F. ) ;
#8081 = ORIENTED_EDGE ( 'NONE', *, *, #3875, .T. ) ;
#8082 = ORIENTED_EDGE ( 'NONE', *, *, #3896, .T. ) ;
#8083 = ORIENTED_EDGE ( 'NONE', *, *, #3877, .T. ) ;
#8084 = ORIENTED_EDGE ( 'NONE', *, *, #3859, .F. ) ;
#8085 = ORIENTED_EDGE ( 'NONE', *, *, #3907, .T. ) ;
#8086 = ORIENTED_EDGE ( 'NONE', *, *, #3855, .T. ) ;
#8087 = ORIENTED_EDGE ( 'NONE', *, *, #3887, .T. ) ;
#8088 = ORIENTED_EDGE ( 'NONE', *, *, #3886, .T. ) ;
#8089 = ORIENTED_EDGE ( 'NONE', *, *, #3851, .T. ) ;
#8090 = ORIENTED_EDGE ( 'NONE', *, *, #3861, .F. ) ;
#8091 = ORIENTED_EDGE ( 'NONE', *, *, #3951, .T. ) ;
#8092 = ORIENTED_EDGE ( 'NONE', *, *, #3923, .T. ) ;
#8093 = ORIENTED_EDGE ( 'NONE', *, *, #3824, .T. ) ;
#8094 = VERTEX_POINT ( 'NONE', #4865 ) ;
#8095 = VERTEX_POINT ( 'NONE', #4855 ) ;
#8096 = VERTEX_POINT ( 'NONE', #4931 ) ;
#8097 = VERTEX_POINT ( 'NONE', #4902 ) ;
#8098 = VERTEX_POINT ( 'NONE', #4933 ) ;
#8099 = VERTEX_POINT ( 'NONE', #4867 ) ;
#8100 = VERTEX_POINT ( 'NONE', #4827 ) ;
#8101 = VERTEX_POINT ( 'NONE', #4829 ) ;
#8102 = VERTEX_POINT ( 'NONE', #4835 ) ;
#8103 = VERTEX_POINT ( 'NONE', #4873 ) ;
#8104 = VERTEX_POINT ( 'NONE', #4875 ) ;
#8105 = VERTEX_POINT ( 'NONE', #4853 ) ;
#8106 = VERTEX_POINT ( 'NONE', #4871 ) ;
#8107 = VERTEX_POINT ( 'NONE', #4881 ) ;
#8108 = VERTEX_POINT ( 'NONE', #4929 ) ;
#8109 = VERTEX_POINT ( 'NONE', #4885 ) ;
#8110 = VERTEX_POINT ( 'NONE', #4889 ) ;
#8111 = VERTEX_POINT ( 'NONE', #4891 ) ;
#8112 = VERTEX_POINT ( 'NONE', #4894 ) ;
#8113 = VERTEX_POINT ( 'NONE', #4847 ) ;
#8114 = VERTEX_POINT ( 'NONE', #4906 ) ;
#8115 = VERTEX_POINT ( 'NONE', #4851 ) ;
#8116 = VERTEX_POINT ( 'NONE', #4908 ) ;
#8117 = VERTEX_POINT ( 'NONE', #4914 ) ;
#8118 = PRODUCT ( '���ڻ�^1745913842610', '���ڻ�^1745913842610', '', ( #5105 ) ) ;
#8119 = PRODUCT ( '����1^1745913842610_CXHJ-D', '����1^1745913842610_CXHJ-D', '', ( #5072 ) ) ;
#8120 = PRODUCT ( 'CXHJ-D-D20-d5-e6-EC-EE', 'CXHJ-D-D20-d5-e6-EC-EE', '', ( #5118 ) ) ;
#8121 = PRODUCT ( '����2^1745913842610_CXHJ-D', '����2^1745913842610_CXHJ-D', '', ( #5102 ) ) ;
#8122 = CARTESIAN_POINT ( 'NONE',  ( 9.085178540258281600, -4.500000000000000900, 4.178460349414656600 ) ) ;
#8123 = CARTESIAN_POINT ( 'NONE',  ( -4.218717850584450700, -4.500000000000000000, 8.790046626563485800 ) ) ;
#8124 = NEXT_ASSEMBLY_USAGE_OCCURRENCE ( 'NAUO1', ' ', ' ', #4295, #4304, $ ) ;
#8125 = NEXT_ASSEMBLY_USAGE_OCCURRENCE ( 'NAUO2', ' ', ' ', #4295, #4300, $ ) ;
#8126 = NEXT_ASSEMBLY_USAGE_OCCURRENCE ( 'NAUO3', ' ', ' ', #4295, #4308, $ ) ;
ENDSEC;
END-ISO-10303-21;
