ISO-10303-21;
HEADER;
FILE_DESCRIPTION (( 'STEP AP214' ),
    '1' );
FILE_NAME ('CXHN-D30-d5-e5.step',
    '2025-08-29T08:46:55',
    ( '' ),
    ( 'Aliyun' ),
    'FaSTEP 2.0',
    'Forface 3D 2012',
    '' );
FILE_SCHEMA (( 'AUTOMOTIVE_DESIGN' ));
ENDSEC;

DATA;
#1 = CARTESIAN_POINT ( 'NONE',  ( 0.0000000000000000000, 17.49999999999999600, 0.0000000000000000000 ) ) ;
#2 = DIRECTION ( 'NONE',  ( 0.0000000000000000000, 0.0000000000000000000, -1.000000000000000000 ) ) ;
#3 = DIRECTION ( 'NONE',  ( 0.0000000000000000000, 1.000000000000000000, 0.0000000000000000000 ) ) ;
#4 = CARTESIAN_POINT ( 'NONE',  ( 0.0000000000000000000, -5.220000000000000600, 0.0000000000000000000 ) ) ;
#5 = DIRECTION ( 'NONE',  ( -0.0000000000000000000, 1.000000000000000000, -0.0000000000000000000 ) ) ;
#6 = DIRECTION ( 'NONE',  ( 8.659560562354932900E-017, -0.7071067811865474600, 0.7071067811865474600 ) ) ;
#7 = CARTESIAN_POINT ( 'NONE',  ( 0.0000000000000000000, -5.220000000000000600, 0.0000000000000000000 ) ) ;
#8 = DIRECTION ( 'NONE',  ( 0.0000000000000000000, 0.0000000000000000000, -1.000000000000000000 ) ) ;
#9 = DIRECTION ( 'NONE',  ( 0.0000000000000000000, 0.0000000000000000000, 1.000000000000000000 ) ) ;
#10 = DIRECTION ( 'NONE',  ( -0.0000000000000000000, 1.000000000000000000, -0.0000000000000000000 ) ) ;
#11 = CARTESIAN_POINT ( 'NONE',  ( 1.720000000000000200, 11.59999999999999800, 1.814276715388258900 ) ) ;
#12 = CARTESIAN_POINT ( 'NONE',  ( 1.763491390772190000E-015, 17.49999999999999600, 14.40000000000000900 ) ) ;
#13 = CARTESIAN_POINT ( 'NONE',  ( 1.720000000000000200, 11.74356636943543600, 1.814276715388257500 ) ) ;
#14 = CARTESIAN_POINT ( 'NONE',  ( 5.510910596163087600E-016, 2.319999999999999800, 4.499999999999999100 ) ) ;
#15 = DIRECTION ( 'NONE',  ( 0.0000000000000000000, 0.0000000000000000000, 1.000000000000000000 ) ) ;
#16 = CARTESIAN_POINT ( 'NONE',  ( 5.510910596163087600E-016, -2.319999999999999800, -4.499999999999999100 ) ) ;
#17 = CARTESIAN_POINT ( 'NONE',  ( 0.0000000000000000000, 4.969999999999996200, -4.499999999999999100 ) ) ;
#18 = CARTESIAN_POINT ( 'NONE',  ( 5.667512904364750500, 5.219999999999999800, -2.117025620737491600 ) ) ;
#19 = CARTESIAN_POINT ( 'NONE',  ( -14.48888739433604100, -5.220000000000000600, 3.882285676537746700 ) ) ;
#20 = DIRECTION ( 'NONE',  ( 0.0000000000000000000, 1.000000000000000000, 0.0000000000000000000 ) ) ;
#21 = CARTESIAN_POINT ( 'NONE',  ( 1.000000000000001300, 5.799999999999999800, 2.291287847477921700 ) ) ;
#22 = DIRECTION ( 'NONE',  ( 0.0000000000000000000, 1.000000000000000000, 0.0000000000000000000 ) ) ;
#23 = CARTESIAN_POINT ( 'NONE',  ( 0.0000000000000000000, -5.220000000000000600, 0.0000000000000000000 ) ) ;
#24 = CARTESIAN_POINT ( 'NONE',  ( -13.44799697210452500, -5.220000000000000600, 6.059197755335910400 ) ) ;
#25 = DIRECTION ( 'NONE',  ( 0.0000000000000000000, 0.0000000000000000000, 1.000000000000000000 ) ) ;
#26 = DIRECTION ( 'NONE',  ( -0.0000000000000000000, -1.000000000000000000, -0.0000000000000000000 ) ) ;
#27 = DIRECTION ( 'NONE',  ( 0.0000000000000000000, 0.0000000000000000000, 1.000000000000000000 ) ) ;
#28 = DIRECTION ( 'NONE',  ( 0.0000000000000000000, 0.0000000000000000000, -1.000000000000000000 ) ) ;
#29 = DIRECTION ( 'NONE',  ( 0.0000000000000000000, -1.000000000000000000, 0.0000000000000000000 ) ) ;
#30 = CARTESIAN_POINT ( 'NONE',  ( 6.267690524122010700, -4.969999999999990900, 13.62776781038739800 ) ) ;
#31 = DIRECTION ( 'NONE',  ( 0.0000000000000000000, 0.0000000000000000000, -1.000000000000000000 ) ) ;
#32 = CARTESIAN_POINT ( 'NONE',  ( -1.916241495323054200, -4.970000000000001500, 6.001501356460899200 ) ) ;
#33 = CARTESIAN_POINT ( 'NONE',  ( 6.197447835735261800, -5.053185826232516200, 13.56851174055020300 ) ) ;
#34 = CARTESIAN_POINT ( 'NONE',  ( 6.059197755335897100, -5.220000000000000600, 13.44799697210450500 ) ) ;
#35 = CARTESIAN_POINT ( 'NONE',  ( 14.48888739433601500, -5.220000000000000600, -3.882285676537844000 ) ) ;
#36 = CARTESIAN_POINT ( 'NONE',  ( 1.458847669516833800, 12.52091467063788100, 2.031737859290601500 ) ) ;
#37 = CARTESIAN_POINT ( 'NONE',  ( 1.633467992035885000, 12.15660083378548100, 1.893118674936312500 ) ) ;
#38 = CARTESIAN_POINT ( 'NONE',  ( -13.50858078116393000, -5.136522663772713500, 6.127946102127563900 ) ) ;
#39 = CARTESIAN_POINT ( 'NONE',  ( 1.382539384536760400, 12.63171242152305000, 2.085402140008901100 ) ) ;
#40 = CARTESIAN_POINT ( 'NONE',  ( -13.62776781038741100, -4.970000000000003300, 6.267690524122002700 ) ) ;
#41 = CARTESIAN_POINT ( 'NONE',  ( 1.208803941089640300, 12.83070658669172600, 2.190687167843721200 ) ) ;
#42 = CARTESIAN_POINT ( 'NONE',  ( 1.836970198721029600E-015, 17.49999999999999600, 15.00000000000000000 ) ) ;
#43 = CARTESIAN_POINT ( 'NONE',  ( 6.127946102127558500, -5.136522663772706400, 13.50858078116391400 ) ) ;
#44 = CARTESIAN_POINT ( 'NONE',  ( 1.583766050047109100, 12.28410923993830300, 1.935944304583071500 ) ) ;
#45 = CARTESIAN_POINT ( 'NONE',  ( 1.110186865029442400, 12.92069140703855200, 2.243198357041035000 ) ) ;
#46 = CARTESIAN_POINT ( 'NONE',  ( 0.0000000000000000000, -2.319999999999999800, 4.499999999999999100 ) ) ;
#47 = CARTESIAN_POINT ( 'NONE',  ( 1.702005475864998500, 11.88495531106122400, 1.831745986353983800 ) ) ;
#48 = CARTESIAN_POINT ( 'NONE',  ( 0.0000000000000000000, 5.799999999999999800, 0.0000000000000000000 ) ) ;
#49 = CARTESIAN_POINT ( 'NONE',  ( 1.000000000000001300, 12.99942845476287100, 2.291287847477921700 ) ) ;
#50 = CARTESIAN_POINT ( 'NONE',  ( -6.267690524122081700, -5.220000000000000600, -13.62776781038738200 ) ) ;
#51 = DIRECTION ( 'NONE',  ( -0.0000000000000000000, 1.000000000000000000, -0.0000000000000000000 ) ) ;
#52 = CARTESIAN_POINT ( 'NONE',  ( -13.56851174055021600, -5.053185826232528700, 6.197447835735257400 ) ) ;
#53 = DIRECTION ( 'NONE',  ( -0.0000000000000000000, -0.0000000000000000000, -1.000000000000000000 ) ) ;
#54 = CARTESIAN_POINT ( 'NONE',  ( 14.48888739433604100, -5.220000000000000600, 3.882285676537746700 ) ) ;
#55 = DIRECTION ( 'NONE',  ( -0.0000000000000000000, 1.000000000000000000, -0.0000000000000000000 ) ) ;
#56 = DIRECTION ( 'NONE',  ( 0.0000000000000000000, 1.000000000000000000, 0.0000000000000000000 ) ) ;
#57 = CARTESIAN_POINT ( 'NONE',  ( -13.33319898449969900, 5.219999999999999800, 6.307797146368606900 ) ) ;
#58 = CARTESIAN_POINT ( 'NONE',  ( 0.0000000000000000000, -4.970000000000001500, 6.299999999999997200 ) ) ;
#59 = CARTESIAN_POINT ( 'NONE',  ( 1.916241495323061100, -4.970000000000001500, 6.001501356460904500 ) ) ;
#60 = CARTESIAN_POINT ( 'NONE',  ( 13.33319898449970300, 5.219999999999999800, -6.307797146368606000 ) ) ;
#61 = CARTESIAN_POINT ( 'NONE',  ( 13.62776781038741400, 4.969999999999996200, -6.267690524121992900 ) ) ;
#62 = CARTESIAN_POINT ( 'NONE',  ( 1.800230794746609900E-015, 17.49999999999999600, 14.40000000000000900 ) ) ;
#63 = CARTESIAN_POINT ( 'NONE',  ( 0.0000000000000000000, 4.969999999999996200, 6.299999999999998000 ) ) ;
#64 = CARTESIAN_POINT ( 'NONE',  ( -5.667512904364761200, -5.219999999999999800, -2.117025620737484900 ) ) ;
#65 = CARTESIAN_POINT ( 'NONE',  ( -6.267690524121992900, 4.969999999999995300, -13.62776781038741400 ) ) ;
#66 = CARTESIAN_POINT ( 'NONE',  ( 0.0000000000000000000, 5.219999999999999800, -6.049999999999994500 ) ) ;
#67 = CARTESIAN_POINT ( 'NONE',  ( -13.62776781038741600, -4.970000000000001500, -6.267690524121992000 ) ) ;
#68 = CARTESIAN_POINT ( 'NONE',  ( -13.33319898449971100, -5.219999999999999800, -6.307797146368601600 ) ) ;
#69 = CARTESIAN_POINT ( 'NONE',  ( -6.307797146368603300, -5.219999999999999800, -13.33319898449971100 ) ) ;
#70 = CARTESIAN_POINT ( 'NONE',  ( 6.307797146368607800, 5.219999999999999800, 13.33319898449970100 ) ) ;
#71 = CARTESIAN_POINT ( 'NONE',  ( 13.33319898449970400, 5.219999999999999800, 6.307797146368598900 ) ) ;
#72 = CARTESIAN_POINT ( 'NONE',  ( -6.267690524121992900, -4.970000000000001500, -13.62776781038741400 ) ) ;
#73 = CARTESIAN_POINT ( 'NONE',  ( 13.62776781038741400, -4.970000000000001500, -6.267690524121993800 ) ) ;
#74 = CARTESIAN_POINT ( 'NONE',  ( 6.267690524122000000, -4.970000000000001500, 13.62776781038741300 ) ) ;
#75 = CARTESIAN_POINT ( 'NONE',  ( 6.267690524121986700, 4.969999999999995300, -13.62776781038741800 ) ) ;
#76 = CARTESIAN_POINT ( 'NONE',  ( 6.001501356460903700, 4.969999999999996200, -1.916241495323057800 ) ) ;
#77 = CARTESIAN_POINT ( 'NONE',  ( 6.267690524122000000, 4.969999999999997100, 13.62776781038741300 ) ) ;
#78 = CARTESIAN_POINT ( 'NONE',  ( -13.33319898449971000, -5.219999999999999800, 6.307797146368605100 ) ) ;
#79 = CARTESIAN_POINT ( 'NONE',  ( -6.267690524121986700, -4.970000000000001500, 13.62776781038741800 ) ) ;
#80 = CARTESIAN_POINT ( 'NONE',  ( 6.307797146368603300, -5.219999999999999800, 13.33319898449971100 ) ) ;
#81 = CARTESIAN_POINT ( 'NONE',  ( 5.667512904364782500, 5.219999999999999800, 2.117025620737651900 ) ) ;
#82 = CARTESIAN_POINT ( 'NONE',  ( -14.85581972483536400, 11.60225796500941100, -2.074757890259137500 ) ) ;
#83 = CARTESIAN_POINT ( 'NONE',  ( -6.001501356460902800, -4.970000000000001500, -1.916241495323056400 ) ) ;
#84 = CARTESIAN_POINT ( 'NONE',  ( -13.33319898449970300, 5.219999999999999800, -6.307797146368603300 ) ) ;
#85 = CARTESIAN_POINT ( 'NONE',  ( 13.33319898449971300, -5.219999999999999800, 6.307797146368598900 ) ) ;
#86 = CARTESIAN_POINT ( 'NONE',  ( -6.001501356460902800, -4.970000000000001500, 1.916241495323052900 ) ) ;
#87 = CARTESIAN_POINT ( 'NONE',  ( 13.62776781038741800, -4.970000000000000600, 6.267690524121984000 ) ) ;
#88 = CARTESIAN_POINT ( 'NONE',  ( 1.916241495323057800, -4.970000000000001500, -6.001501356460901000 ) ) ;
#89 = CARTESIAN_POINT ( 'NONE',  ( 6.307797146368604200, 5.219999999999999800, -13.33319898449970300 ) ) ;
#90 = CARTESIAN_POINT ( 'NONE',  ( 6.001501356460900100, 4.969999999999996200, 1.916241495323056000 ) ) ;
#91 = CARTESIAN_POINT ( 'NONE',  ( 0.0000000000000000000, 16.90000000000000900, -15.00000000000000000 ) ) ;
#92 = CARTESIAN_POINT ( 'NONE',  ( -2.117025620737649700, -5.219999999999999800, -5.667512904364791400 ) ) ;
#93 = CARTESIAN_POINT ( 'NONE',  ( 2.117025620737655400, 5.219999999999999800, -5.667512904364780700 ) ) ;
#94 = CARTESIAN_POINT ( 'NONE',  ( -6.267690524121986700, 4.969999999999997100, 13.62776781038741800 ) ) ;
#95 = CARTESIAN_POINT ( 'NONE',  ( -5.667512904364790500, -5.219999999999999800, 2.117025620737650100 ) ) ;
#96 = CARTESIAN_POINT ( 'NONE',  ( -1.916241495323057800, 4.969999999999996200, -6.001501356460902800 ) ) ;
#97 = CARTESIAN_POINT ( 'NONE',  ( -6.307797146368600700, -5.219999999999999800, 13.33319898449971300 ) ) ;
#98 = CARTESIAN_POINT ( 'NONE',  ( 5.667512904364761200, -5.219999999999999800, 2.117025620737483100 ) ) ;
#99 = CARTESIAN_POINT ( 'NONE',  ( -5.667512904364750500, 5.219999999999999800, 2.117025620737492900 ) ) ;
#100 = CARTESIAN_POINT ( 'NONE',  ( 0.0000000000000000000, 4.969999999999996200, -6.299999999999998900 ) ) ;
#101 = CARTESIAN_POINT ( 'NONE',  ( -6.307797146368602400, 5.219999999999999800, 13.33319898449970400 ) ) ;
#102 = CARTESIAN_POINT ( 'NONE',  ( 13.62776781038741800, 4.969999999999996200, 6.267690524121984900 ) ) ;
#103 = CARTESIAN_POINT ( 'NONE',  ( -13.62776781038741600, 4.969999999999996200, -6.267690524121991100 ) ) ;
#104 = CARTESIAN_POINT ( 'NONE',  ( 6.307797146368601600, -5.219999999999999800, -13.33319898449971100 ) ) ;
#105 = CARTESIAN_POINT ( 'NONE',  ( -2.117025620737481800, -5.219999999999999800, 5.667512904364760300 ) ) ;
#106 = CARTESIAN_POINT ( 'NONE',  ( 1.720000000000000000, 11.60000000000000000, 14.90106036495389800 ) ) ;
#107 = CARTESIAN_POINT ( 'NONE',  ( 6.001501356460900100, -4.970000000000001500, 1.916241495323055300 ) ) ;
#108 = CARTESIAN_POINT ( 'NONE',  ( 5.667512904364792300, -5.219999999999999800, -2.117025620737647000 ) ) ;
#109 = CARTESIAN_POINT ( 'NONE',  ( -2.117025620737651900, 5.219999999999999800, 5.667512904364781600 ) ) ;
#110 = CARTESIAN_POINT ( 'NONE',  ( -2.117025620737489800, 5.219999999999999800, -5.667512904364751400 ) ) ;
#111 = CARTESIAN_POINT ( 'NONE',  ( 5.510910596163087600E-016, 4.969999999999996200, 4.499999999999999100 ) ) ;
#112 = CARTESIAN_POINT ( 'NONE',  ( 5.817072295949928400E-016, 5.219999999999999800, -4.750000000000000900 ) ) ;
#113 = CARTESIAN_POINT ( 'NONE',  ( 2.117025620737484900, -5.219999999999999800, -5.667512904364761200 ) ) ;
#114 = CARTESIAN_POINT ( 'NONE',  ( -1.916241495323054200, 4.969999999999996200, 6.001501356460900100 ) ) ;
#115 = CARTESIAN_POINT ( 'NONE',  ( -6.001501356460902800, 4.969999999999996200, -1.916241495323055800 ) ) ;
#116 = CARTESIAN_POINT ( 'NONE',  ( 1.916241495323057800, 4.969999999999996200, -6.001501356460900100 ) ) ;
#117 = CARTESIAN_POINT ( 'NONE',  ( 0.0000000000000000000, 2.319999999999999800, -4.499999999999999100 ) ) ;
#118 = CARTESIAN_POINT ( 'NONE',  ( -13.62776781038741600, -4.970000000000001500, 6.267690524121989300 ) ) ;
#119 = CARTESIAN_POINT ( 'NONE',  ( 2.117025620737657200, 5.219999999999999800, 5.667512904364778900 ) ) ;
#120 = CARTESIAN_POINT ( 'NONE',  ( 13.44799697210449800, -5.220000000000000600, -6.059197755335962800 ) ) ;
#121 = CARTESIAN_POINT ( 'NONE',  ( 0.0000000000000000000, 17.49999999999999600, -14.40000000000000900 ) ) ;
#122 = CARTESIAN_POINT ( 'NONE',  ( -14.50106036495390100, 11.60000000000000000, 1.720000000000000200 ) ) ;
#123 = CARTESIAN_POINT ( 'NONE',  ( 6.001501356460903700, -4.970000000000001500, -1.916241495323058400 ) ) ;
#124 = CARTESIAN_POINT ( 'NONE',  ( -1.720000000000000000, 11.60000000000000000, 14.90106036495389800 ) ) ;
#125 = CARTESIAN_POINT ( 'NONE',  ( 1.720000000000000200, 11.59999999999999800, 1.814276715388258000 ) ) ;
#126 = CARTESIAN_POINT ( 'NONE',  ( 2.117025620737649200, -5.219999999999999800, 5.667512904364790500 ) ) ;
#127 = CARTESIAN_POINT ( 'NONE',  ( 6.267690524121986700, -4.970000000000001500, -13.62776781038741800 ) ) ;
#128 = CARTESIAN_POINT ( 'NONE',  ( 13.33319898449971100, -5.219999999999999800, -6.307797146368603300 ) ) ;
#129 = CARTESIAN_POINT ( 'NONE',  ( -14.85581954474042200, 11.60000000000000000, 2.074759179786525000 ) ) ;
#130 = CARTESIAN_POINT ( 'NONE',  ( 0.0000000000000000000, 5.219999999999999800, 4.750000000000000900 ) ) ;
#131 = CARTESIAN_POINT ( 'NONE',  ( -1.916241495323057800, -4.970000000000001500, -6.001501356460903700 ) ) ;
#132 = CARTESIAN_POINT ( 'NONE',  ( -7.424621202458764600, 5.800000000000000700, -8.924621202458736100 ) ) ;
#133 = CARTESIAN_POINT ( 'NONE',  ( 7.424621202458764600, 5.799999999999998900, 5.924621202458736100 ) ) ;
#134 = CARTESIAN_POINT ( 'NONE',  ( -6.307797146368606000, 5.219999999999999800, -13.33319898449970300 ) ) ;
#135 = CARTESIAN_POINT ( 'NONE',  ( 7.424621202458764600, 5.219999999999998900, 5.924621202458736100 ) ) ;
#136 = CARTESIAN_POINT ( 'NONE',  ( 1.836970221675633200E-015, 9.879999999999999000, 15.00000000000000000 ) ) ;
#137 = CARTESIAN_POINT ( 'NONE',  ( 0.0000000000000000000, -4.969999999999992600, 4.499999999999999100 ) ) ;
#138 = CARTESIAN_POINT ( 'NONE',  ( 7.424621202458764600, -5.799999999999998900, -8.924621202458736100 ) ) ;
#139 = CARTESIAN_POINT ( 'NONE',  ( 0.9999999999999986700, 17.49999999999999600, 3.499999999999999600 ) ) ;
#140 = CARTESIAN_POINT ( 'NONE',  ( -13.62776781038741600, 4.969999999999996200, 6.267690524121990200 ) ) ;
#141 = CARTESIAN_POINT ( 'NONE',  ( 13.62776781038739500, -4.969999999999988200, -6.267690524122072800 ) ) ;
#142 = CARTESIAN_POINT ( 'NONE',  ( 13.44799697210453700, -5.220000000000000600, 6.059197755335875800 ) ) ;
#143 = CARTESIAN_POINT ( 'NONE',  ( 1.836970198721029600E-015, 16.90000000000000900, 15.00000000000000000 ) ) ;
#144 = CARTESIAN_POINT ( 'NONE',  ( 0.0000000000000000000, 5.799999999999999800, -15.00000000000000000 ) ) ;
#145 = CARTESIAN_POINT ( 'NONE',  ( 6.001501356460887700, 5.799999999999999800, -1.916241495323125300 ) ) ;
#146 = CARTESIAN_POINT ( 'NONE',  ( -6.267690524122007100, -4.969999999999984700, 13.62776781038739800 ) ) ;
#147 = CARTESIAN_POINT ( 'NONE',  ( -14.50106054074815100, 11.60191767415244100, -1.719998930966483200 ) ) ;
#148 = CARTESIAN_POINT ( 'NONE',  ( 7.424621202458764600, 5.799999999999998900, 8.924621202458737900 ) ) ;
#149 = CARTESIAN_POINT ( 'NONE',  ( -13.62776781038738600, -4.970000000000006000, -6.267690524122058600 ) ) ;
#150 = CARTESIAN_POINT ( 'NONE',  ( -13.62776781038740900, 5.799999999999999800, 6.267690524122008900 ) ) ;
#151 = CARTESIAN_POINT ( 'NONE',  ( 0.9999999999999986700, 10.20057154523712700, 3.499999999999999600 ) ) ;
#152 = CARTESIAN_POINT ( 'NONE',  ( -5.667512904364781600, 5.219999999999999800, -2.117025620737654500 ) ) ;
#153 = CARTESIAN_POINT ( 'NONE',  ( 0.0000000000000000000, -5.219999999999999800, -4.750000000000004400 ) ) ;
#154 = CARTESIAN_POINT ( 'NONE',  ( -1.000000000000004000, 10.20057154523713000, 3.499999999999999600 ) ) ;
#155 = CARTESIAN_POINT ( 'NONE',  ( -7.424621202458764600, 5.800000000000000700, -5.924621202458737000 ) ) ;
#156 = CARTESIAN_POINT ( 'NONE',  ( -1.000000000000002400, 10.20057154523712800, 2.291287847477919900 ) ) ;
#157 = CARTESIAN_POINT ( 'NONE',  ( 0.0000000000000000000, -5.219999999999999800, 6.050000000000001600 ) ) ;
#158 = CARTESIAN_POINT ( 'NONE',  ( 5.510910596163087600E-016, -4.969999999999992600, -4.499999999999999100 ) ) ;
#159 = CARTESIAN_POINT ( 'NONE',  ( -6.001501356460902800, 4.969999999999996200, 1.916241495323053500 ) ) ;
#160 = CARTESIAN_POINT ( 'NONE',  ( -7.424621202458764600, -5.219999999999999800, 5.924621202458736100 ) ) ;
#161 = CARTESIAN_POINT ( 'NONE',  ( -1.000000000000002200, 12.99942845476286900, 2.291287847477920800 ) ) ;
#162 = CARTESIAN_POINT ( 'NONE',  ( 6.001501356460907200, 5.799999999999999800, 1.916241495323042200 ) ) ;
#163 = CARTESIAN_POINT ( 'NONE',  ( 1.836970198721029600E-015, 16.90000000000000900, 15.00000000000000000 ) ) ;
#164 = CARTESIAN_POINT ( 'NONE',  ( 0.0000000000000000000, -5.220000000000000600, 6.299999999999998000 ) ) ;
#165 = CARTESIAN_POINT ( 'NONE',  ( 1.720000000000000200, 11.59999999999999800, 1.814276715388258900 ) ) ;
#166 = CARTESIAN_POINT ( 'NONE',  ( -1.720000000000000200, 11.60000000000000100, 1.814276715388258400 ) ) ;
#167 = CARTESIAN_POINT ( 'NONE',  ( -7.424621202458764600, -5.800000000000000700, 5.924621202458736100 ) ) ;
#168 = CARTESIAN_POINT ( 'NONE',  ( 5.817072295949933300E-016, -5.219999999999999800, 4.750000000000004400 ) ) ;
#169 = CARTESIAN_POINT ( 'NONE',  ( 1.720000000000000000, 11.60000000000000000, 14.90106036495389800 ) ) ;
#170 = CARTESIAN_POINT ( 'NONE',  ( 0.9999999999999967800, 10.20057154523712500, 2.291287847477922100 ) ) ;
#171 = CARTESIAN_POINT ( 'NONE',  ( 1.916241495323061100, 4.969999999999996200, 6.001501356460905400 ) ) ;
#172 = CARTESIAN_POINT ( 'NONE',  ( 1.800230794746609900E-015, 17.49999999999999600, 14.40000000000000900 ) ) ;
#173 = CARTESIAN_POINT ( 'NONE',  ( 13.62776781038742300, 5.799999999999999800, 6.267690524121974200 ) ) ;
#174 = CARTESIAN_POINT ( 'NONE',  ( 7.424621202458764600, 5.219999999999998900, 8.924621202458737900 ) ) ;
#175 = CARTESIAN_POINT ( 'NONE',  ( -6.059197755335897100, -5.220000000000000600, 13.44799697210450500 ) ) ;
#176 = CARTESIAN_POINT ( 'NONE',  ( 1.916241495323065500, -5.220000000000000600, 6.001501356460898300 ) ) ;
#177 = CARTESIAN_POINT ( 'NONE',  ( 0.9999999999999961100, 17.49999999999999600, 2.291287847477920800 ) ) ;
#178 = CARTESIAN_POINT ( 'NONE',  ( -1.814276715388257100, 11.60000000000000000, 1.720000000000000000 ) ) ;
#179 = CARTESIAN_POINT ( 'NONE',  ( 1.000000000000001300, 10.20057154523712800, 3.291287847477919900 ) ) ;
#180 = CARTESIAN_POINT ( 'NONE',  ( -13.62776781038738200, 5.799999999999999800, -6.267690524122061300 ) ) ;
#181 = CARTESIAN_POINT ( 'NONE',  ( -13.62776781038741100, -4.970000000000003300, 6.267690524122002700 ) ) ;
#182 = CARTESIAN_POINT ( 'NONE',  ( 7.424621202458764600, -5.219999999999999800, -8.924621202458736100 ) ) ;
#183 = CARTESIAN_POINT ( 'NONE',  ( -1.916241495323137500, -5.220000000000000600, -6.001501356460879700 ) ) ;
#184 = CARTESIAN_POINT ( 'NONE',  ( -1.720000000000000000, 11.60000000000000000, 14.90106036495389800 ) ) ;
#185 = CARTESIAN_POINT ( 'NONE',  ( -0.9999999999999991100, 5.799999999999999800, 2.291287847477920800 ) ) ;
#186 = CARTESIAN_POINT ( 'NONE',  ( 1.814276715388257500, 11.60000000000000000, -1.720000000000000000 ) ) ;
#187 = CARTESIAN_POINT ( 'NONE',  ( -6.001501356460901000, 5.799999999999999800, 1.916241495323061100 ) ) ;
#188 = CARTESIAN_POINT ( 'NONE',  ( 7.424621202458764600, -5.799999999999998900, -5.924621202458737000 ) ) ;
#189 = CARTESIAN_POINT ( 'NONE',  ( -14.50106036177876100, 11.60000000000000900, -1.719999998811350100 ) ) ;
#190 = CARTESIAN_POINT ( 'NONE',  ( -6.001501356460900100, -5.220000000000000600, -1.916241495323078400 ) ) ;
#191 = CARTESIAN_POINT ( 'NONE',  ( 1.000000000000001300, 12.99942845476287100, 2.291287847477921700 ) ) ;
#192 = CARTESIAN_POINT ( 'NONE',  ( 1.836970221675633200E-015, 9.879999999999999000, 15.00000000000000000 ) ) ;
#193 = CARTESIAN_POINT ( 'NONE',  ( 1.916241495323022200, -5.220000000000000600, -6.001501356460912500 ) ) ;
#194 = CARTESIAN_POINT ( 'NONE',  ( 6.267690524122010700, -4.969999999999990900, 13.62776781038739800 ) ) ;
#195 = CARTESIAN_POINT ( 'NONE',  ( -1.916241495323137500, 5.799999999999999800, -6.001501356460879700 ) ) ;
#196 = CARTESIAN_POINT ( 'NONE',  ( 6.001501356460887700, -5.220000000000000600, -1.916241495323125300 ) ) ;
#197 = CARTESIAN_POINT ( 'NONE',  ( -6.267690524122077300, 5.799999999999999800, -13.62776781038737400 ) ) ;
#198 = CARTESIAN_POINT ( 'NONE',  ( 1.000000000000001300, 17.49999999999999600, 3.291287847477919900 ) ) ;
#199 = CARTESIAN_POINT ( 'NONE',  ( -6.059197755335961100, -5.220000000000000600, -13.44799697210448000 ) ) ;
#200 = CARTESIAN_POINT ( 'NONE',  ( 6.267690524121915600, 5.799999999999999800, -13.62776781038744100 ) ) ;
#201 = CARTESIAN_POINT ( 'NONE',  ( -1.916241495323069800, -5.220000000000000600, 6.001501356460897400 ) ) ;
#202 = CARTESIAN_POINT ( 'NONE',  ( -7.424621202458764600, -5.800000000000000700, 8.924621202458737900 ) ) ;
#203 = CARTESIAN_POINT ( 'NONE',  ( -7.424621202458764600, 5.220000000000000600, -5.924621202458737000 ) ) ;
#204 = CARTESIAN_POINT ( 'NONE',  ( 1.000000000000001300, 5.799999999999999800, 3.291287847477919900 ) ) ;
#205 = CARTESIAN_POINT ( 'NONE',  ( -6.001501356460900100, 5.799999999999999800, -1.916241495323078400 ) ) ;
#206 = CARTESIAN_POINT ( 'NONE',  ( -6.001501356460901000, -5.220000000000000600, 1.916241495323061100 ) ) ;
#207 = CARTESIAN_POINT ( 'NONE',  ( -1.000000000000004000, 12.99942845476286900, 3.499999999999999600 ) ) ;
#208 = CARTESIAN_POINT ( 'NONE',  ( 0.9999999999999961100, 5.799999999999999800, 2.291287847477920800 ) ) ;
#209 = CARTESIAN_POINT ( 'NONE',  ( 7.424621202458764600, -5.219999999999999800, -5.924621202458737000 ) ) ;
#210 = CARTESIAN_POINT ( 'NONE',  ( -1.814276715388256900, 11.60000000000000000, -1.720000000000000000 ) ) ;
#211 = CARTESIAN_POINT ( 'NONE',  ( -13.44799697210450200, -5.220000000000000600, -6.059197755335962800 ) ) ;
#212 = CARTESIAN_POINT ( 'NONE',  ( -1.000000000000000400, 10.20057154523712800, 2.291287847477920800 ) ) ;
#213 = CARTESIAN_POINT ( 'NONE',  ( -7.424621202458764600, 5.220000000000000600, -8.924621202458736100 ) ) ;
#214 = CARTESIAN_POINT ( 'NONE',  ( 0.9999999999999911200, 12.99942845476287600, 2.291287847477920800 ) ) ;
#215 = CARTESIAN_POINT ( 'NONE',  ( -1.720000000000000200, 11.60000000000000100, 1.814276715388259100 ) ) ;
#216 = CARTESIAN_POINT ( 'NONE',  ( 0.0000000000000000000, 5.799999999999999800, 6.299999999999998000 ) ) ;
#217 = CARTESIAN_POINT ( 'NONE',  ( -1.000000000000000200, 10.20057154523712700, 3.291287847477919900 ) ) ;
#218 = CARTESIAN_POINT ( 'NONE',  ( 6.267690524122011600, 5.799999999999999800, 13.62776781038740600 ) ) ;
#219 = CARTESIAN_POINT ( 'NONE',  ( 13.62776781038737900, 5.799999999999999800, -6.267690524122066600 ) ) ;
#220 = CARTESIAN_POINT ( 'NONE',  ( -6.267690524122011600, 5.799999999999999800, 13.62776781038740600 ) ) ;
#221 = CARTESIAN_POINT ( 'NONE',  ( -13.44799697210452500, -5.220000000000000600, 6.059197755335910400 ) ) ;
#222 = CARTESIAN_POINT ( 'NONE',  ( 14.90106036495389800, 11.60000000000000000, -1.720000000000000000 ) ) ;
#223 = CARTESIAN_POINT ( 'NONE',  ( -6.267690524122081700, -4.969999999999975800, -13.62776781038738200 ) ) ;
#224 = CARTESIAN_POINT ( 'NONE',  ( 0.0000000000000000000, -5.220000000000000600, 14.74999999999998400 ) ) ;
#225 = CARTESIAN_POINT ( 'NONE',  ( 0.9999999999999986700, 5.799999999999999800, 3.499999999999999600 ) ) ;
#226 = CARTESIAN_POINT ( 'NONE',  ( 1.814276715388257300, 11.60000000000000000, 1.720000000000000000 ) ) ;
#227 = CARTESIAN_POINT ( 'NONE',  ( -1.000000000000002200, 5.799999999999999800, 2.291287847477920800 ) ) ;
#228 = CARTESIAN_POINT ( 'NONE',  ( -1.000000000000000200, 12.99942845476287300, 3.291287847477919900 ) ) ;
#229 = CARTESIAN_POINT ( 'NONE',  ( 1.000000000000001300, 5.799999999999999800, 2.291287847477921700 ) ) ;
#230 = CARTESIAN_POINT ( 'NONE',  ( 6.001501356460907200, -5.220000000000000600, 1.916241495323042200 ) ) ;
#231 = CARTESIAN_POINT ( 'NONE',  ( 6.059197755335897100, -5.220000000000000600, 13.44799697210450500 ) ) ;
#232 = CARTESIAN_POINT ( 'NONE',  ( 1.831099455346835500E-015, 13.31999999999999900, 15.00000000000000000 ) ) ;
#233 = CARTESIAN_POINT ( 'NONE',  ( -0.9999999999999986700, 17.49999999999999600, 3.291287847477919900 ) ) ;
#234 = CARTESIAN_POINT ( 'NONE',  ( -0.9999999999999991100, 12.99942845476287300, 2.291287847477920800 ) ) ;
#235 = CARTESIAN_POINT ( 'NONE',  ( -1.000000000000001300, 17.49999999999999600, 3.499999999999999600 ) ) ;
#236 = CARTESIAN_POINT ( 'NONE',  ( -7.424621202458764600, -5.219999999999999800, 8.924621202458737900 ) ) ;
#237 = CARTESIAN_POINT ( 'NONE',  ( -5.891268586353172400, 5.054574054566321800, -1.983428003847352400 ) ) ;
#238 = DIRECTION ( 'NONE',  ( 8.659560562354932900E-017, -0.7071067811865474600, 0.7071067811865474600 ) ) ;
#239 = CARTESIAN_POINT ( 'NONE',  ( 1.836970198721029600E-015, -4.969999999999984700, 15.00000000000000000 ) ) ;
#240 = CARTESIAN_POINT ( 'NONE',  ( -5.779972960850131800, 5.137972013018990800, -2.050375742370790900 ) ) ;
#241 = DIRECTION ( 'NONE',  ( 0.0000000000000000000, 1.000000000000000000, 0.0000000000000000000 ) ) ;
#242 = CARTESIAN_POINT ( 'NONE',  ( -13.62776781038741100, -5.220000000000000600, 6.267690524122002700 ) ) ;
#243 = CARTESIAN_POINT ( 'NONE',  ( 0.9999999999999961100, 5.799999999999999800, 2.291287847477920800 ) ) ;
#244 = DIRECTION ( 'NONE',  ( -0.0000000000000000000, 1.000000000000000000, -0.0000000000000000000 ) ) ;
#245 = CARTESIAN_POINT ( 'NONE',  ( 0.0000000000000000000, 5.799999999999999800, 0.0000000000000000000 ) ) ;
#246 = DIRECTION ( 'NONE',  ( 0.0000000000000000000, 0.0000000000000000000, 1.000000000000000000 ) ) ;
#247 = CARTESIAN_POINT ( 'NONE',  ( -1.720000000000000000, 11.60000000000000000, 0.0000000000000000000 ) ) ;
#248 = DIRECTION ( 'NONE',  ( -0.0000000000000000000, -1.000000000000000000, -6.123233995736738900E-017 ) ) ;
#249 = DIRECTION ( 'NONE',  ( -0.0000000000000000000, 1.000000000000000000, -0.0000000000000000000 ) ) ;
#250 = CARTESIAN_POINT ( 'NONE',  ( 0.0000000000000000000, 5.799999999999999800, 0.0000000000000000000 ) ) ;
#251 = CARTESIAN_POINT ( 'NONE',  ( 0.0000000000000000000, 5.799999999999999800, 0.0000000000000000000 ) ) ;
#252 = DIRECTION ( 'NONE',  ( 0.0000000000000000000, 1.000000000000000000, 0.0000000000000000000 ) ) ;
#253 = DIRECTION ( 'NONE',  ( 0.0000000000000000000, 0.0000000000000000000, 1.000000000000000000 ) ) ;
#254 = CARTESIAN_POINT ( 'NONE',  ( -2.117025620737651900, 5.219999999999999800, 5.667512904364781600 ) ) ;
#255 = DIRECTION ( 'NONE',  ( 0.0000000000000000000, 0.0000000000000000000, -1.000000000000000000 ) ) ;
#256 = DIRECTION ( 'NONE',  ( 0.0000000000000000000, 0.0000000000000000000, 1.000000000000000000 ) ) ;
#257 = CARTESIAN_POINT ( 'NONE',  ( -2.050375742370786000, 5.137972013018990800, 5.779972960850131800 ) ) ;
#258 = CARTESIAN_POINT ( 'NONE',  ( -1.983428003847350200, 5.054574054566320900, 5.891268586353170600 ) ) ;
#259 = CARTESIAN_POINT ( 'NONE',  ( -1.916241495323054200, 4.969999999999996200, 6.001501356460900100 ) ) ;
#260 = CARTESIAN_POINT ( 'NONE',  ( -1.000000000000001300, 5.799999999999999800, 3.499999999999999600 ) ) ;
#261 = DIRECTION ( 'NONE',  ( 0.0000000000000000000, 1.000000000000000000, 0.0000000000000000000 ) ) ;
#262 = DIRECTION ( 'NONE',  ( -0.0000000000000000000, 1.000000000000000000, -0.0000000000000000000 ) ) ;
#263 = DIRECTION ( 'NONE',  ( 0.0000000000000000000, 0.0000000000000000000, 1.000000000000000000 ) ) ;
#264 = CARTESIAN_POINT ( 'NONE',  ( 0.0000000000000000000, 4.969999999999996200, -1.530808498934207200E-017 ) ) ;
#265 = DIRECTION ( 'NONE',  ( -0.0000000000000000000, -0.0000000000000000000, 1.000000000000000000 ) ) ;
#266 = CARTESIAN_POINT ( 'NONE',  ( 0.9999999999999986700, 5.799999999999999800, 3.499999999999999600 ) ) ;
#267 = CARTESIAN_POINT ( 'NONE',  ( 1.763491390772190000E-015, 17.49999999999999600, 14.40000000000000900 ) ) ;
#268 = DIRECTION ( 'NONE',  ( -0.0000000000000000000, 1.000000000000000000, -0.0000000000000000000 ) ) ;
#269 = DIRECTION ( 'NONE',  ( -0.0000000000000000000, 1.000000000000000000, -0.0000000000000000000 ) ) ;
#270 = CARTESIAN_POINT ( 'NONE',  ( 0.0000000000000000000, 5.799999999999999800, 0.0000000000000000000 ) ) ;
#271 = CARTESIAN_POINT ( 'NONE',  ( -5.667512904364781600, 5.219999999999999800, -2.117025620737654500 ) ) ;
#272 = CARTESIAN_POINT ( 'NONE',  ( -6.001501356460902800, 4.969999999999996200, -1.916241495323055800 ) ) ;
#273 = CARTESIAN_POINT ( 'NONE',  ( 1.136583669747206700, 12.89581204496675100, 14.95708858092467600 ) ) ;
#274 = DIRECTION ( 'NONE',  ( -0.0000000000000000000, 0.0000000000000000000, 1.000000000000000000 ) ) ;
#275 = CARTESIAN_POINT ( 'NONE',  ( -0.2256025808896898200, 13.30882468968520300, 14.99870691149505200 ) ) ;
#276 = CARTESIAN_POINT ( 'NONE',  ( -1.049187788247846200, 10.23246644305205100, 14.96355264479975300 ) ) ;
#277 = CARTESIAN_POINT ( 'NONE',  ( -0.5549033950026587300, 13.23193097413359200, 14.99009514982140500 ) ) ;
#278 = CARTESIAN_POINT ( 'NONE',  ( -0.1137631188839642700, 13.31999999999999700, 15.00000000000000000 ) ) ;
#279 = CARTESIAN_POINT ( 'NONE',  ( -1.048865380673464200, 12.96781148660303300, 14.96357736975544300 ) ) ;
#280 = CARTESIAN_POINT ( 'NONE',  ( -1.458847669516834400, 10.67908532936211300, 2.031737859290601500 ) ) ;
#281 = CARTESIAN_POINT ( 'NONE',  ( 1.502464779387913600, 12.46667209457910500, 14.92481361919535500 ) ) ;
#282 = DIRECTION ( 'NONE',  ( -2.152774925391245800E-015, 0.0000000000000000000, -1.000000000000000000 ) ) ;
#283 = CARTESIAN_POINT ( 'NONE',  ( -1.375179213748586100, 12.65716741717357200, 14.93767696435074300 ) ) ;
#284 = CARTESIAN_POINT ( 'NONE',  ( -1.382539384536760200, 10.56828757847695300, 2.085402140008901100 ) ) ;
#285 = CARTESIAN_POINT ( 'NONE',  ( -0.4455978699522739100, 13.26505882264736200, 14.99378364788980100 ) ) ;
#286 = CARTESIAN_POINT ( 'NONE',  ( -1.720000000000000200, 11.45643363056456100, 1.814276715388256400 ) ) ;
#287 = CARTESIAN_POINT ( 'NONE',  ( 0.0000000000000000000, 11.60000000000000000, 3.499999999999999600 ) ) ;
#288 = CARTESIAN_POINT ( 'NONE',  ( -1.208803941089640100, 10.36929341330827700, 2.190687167843720800 ) ) ;
#289 = CARTESIAN_POINT ( 'NONE',  ( 0.0000000000000000000, 17.49999999999999600, 0.0000000000000000000 ) ) ;
#290 = DIRECTION ( 'NONE',  ( 0.0000000000000000000, 1.000000000000000000, 0.0000000000000000000 ) ) ;
#291 = CARTESIAN_POINT ( 'NONE',  ( -1.137324162050310700, 12.89517333005334300, 14.95703250951611300 ) ) ;
#292 = CARTESIAN_POINT ( 'NONE',  ( -1.720000000000000000, 11.60000000000000000, 14.90106036495389800 ) ) ;
#293 = CARTESIAN_POINT ( 'NONE',  ( -1.702005475864998500, 11.31504468893877300, 1.831745986353983100 ) ) ;
#294 = CARTESIAN_POINT ( 'NONE',  ( -0.2263024540966381800, 9.891246571415580400, 14.99869860656215100 ) ) ;
#295 = CARTESIAN_POINT ( 'NONE',  ( 1.831099455346835500E-015, 13.31999999999999900, 15.00000000000000000 ) ) ;
#296 = CARTESIAN_POINT ( 'NONE',  ( 0.1136573766453320800, 13.32000000000000200, 15.00000000000000700 ) ) ;
#297 = CARTESIAN_POINT ( 'NONE',  ( 0.2254285107096570300, 13.30884205098844900, 14.99870893741798400 ) ) ;
#298 = CARTESIAN_POINT ( 'NONE',  ( 0.5544855026956735400, 13.23206572542597200, 14.99011002928234900 ) ) ;
#299 = CARTESIAN_POINT ( 'NONE',  ( 0.4452626413643229800, 13.26514274129050700, 14.99379301521226900 ) ) ;
#300 = CARTESIAN_POINT ( 'NONE',  ( -0.4469067283060455000, 9.935270155063003400, 14.99374693221859000 ) ) ;
#301 = CARTESIAN_POINT ( 'NONE',  ( -1.720000000000000200, 11.60000000000000100, 1.814276715388258400 ) ) ;
#302 = CARTESIAN_POINT ( 'NONE',  ( -1.583766050047109100, 10.91589076006169600, 1.935944304583071300 ) ) ;
#303 = CARTESIAN_POINT ( 'NONE',  ( -0.1122636372827753000, 9.879999999999999000, 15.00000000000000000 ) ) ;
#304 = DIRECTION ( 'NONE',  ( 0.0000000000000000000, 0.0000000000000000000, 1.000000000000000000 ) ) ;
#305 = CARTESIAN_POINT ( 'NONE',  ( 0.7626387443115139100, 13.14579262855171700, 14.98096241929622600 ) ) ;
#306 = CARTESIAN_POINT ( 'NONE',  ( -1.633467992035885000, 11.04339916621451700, 1.893118674936311600 ) ) ;
#307 = CARTESIAN_POINT ( 'NONE',  ( 1.831099455346835500E-015, 13.31999999999999900, 15.00000000000000000 ) ) ;
#308 = CARTESIAN_POINT ( 'NONE',  ( 1.374317829405194300, 12.65823233774381300, 14.93775537112694900 ) ) ;
#309 = CARTESIAN_POINT ( 'NONE',  ( 1.720000000000000000, 11.60000000000000000, 14.90106036495389800 ) ) ;
#310 = CARTESIAN_POINT ( 'NONE',  ( 0.9999999999999986700, 5.799999999999999800, 3.499999999999999600 ) ) ;
#311 = CARTESIAN_POINT ( 'NONE',  ( 1.836970221675633200E-015, 9.879999999999999000, 15.00000000000000000 ) ) ;
#312 = CARTESIAN_POINT ( 'NONE',  ( -0.7624380372897643400, 10.05410323313728700, 14.98097313935852000 ) ) ;
#313 = CARTESIAN_POINT ( 'NONE',  ( 1.674258968738514100, 12.05318631755818100, 14.90651934177186700 ) ) ;
#314 = CARTESIAN_POINT ( 'NONE',  ( 1.720000000000000000, 11.82733057903902500, 14.90106036495389900 ) ) ;
#315 = CARTESIAN_POINT ( 'NONE',  ( 0.8613550162253947900, 13.09301083568751500, 14.97554106107555900 ) ) ;
#316 = DIRECTION ( 'NONE',  ( 1.000000000000000000, 0.0000000000000000000, 0.0000000000000000000 ) ) ;
#317 = CARTESIAN_POINT ( 'NONE',  ( -1.503262977229288300, 12.46535645409783500, 14.92473259309025700 ) ) ;
#318 = CARTESIAN_POINT ( 'NONE',  ( -0.8619887156024644800, 13.09264942428974600, 14.97550472410217300 ) ) ;
#319 = CARTESIAN_POINT ( 'NONE',  ( 1.048192210827167100, 12.96832266246607500, 14.96362441472980700 ) ) ;
#320 = CARTESIAN_POINT ( 'NONE',  ( -1.720000000000000200, 11.82465528879241200, 14.90106036495389900 ) ) ;
#321 = CARTESIAN_POINT ( 'NONE',  ( -1.110186865029442400, 10.27930859296144600, 2.243198357041034500 ) ) ;
#322 = CARTESIAN_POINT ( 'NONE',  ( -1.674832549783741100, 12.05119541391944100, 14.90645425593034200 ) ) ;
#323 = CARTESIAN_POINT ( 'NONE',  ( -0.5541398715351829600, 9.967812027590625200, 14.99012331389114100 ) ) ;
#324 = CARTESIAN_POINT ( 'NONE',  ( -1.000000000000002400, 10.20057154523712800, 2.291287847477919900 ) ) ;
#325 = CARTESIAN_POINT ( 'NONE',  ( -0.7632242349856426200, 13.14551132291312100, 14.98093318674158600 ) ) ;
#326 = CARTESIAN_POINT ( 'NONE',  ( -0.8629899147260501300, 10.10795728899329600, 14.97544494082841400 ) ) ;
#327 = CARTESIAN_POINT ( 'NONE',  ( -14.51419451675172000, 11.07513501176189100, -1.638205441725538900 ) ) ;
#328 = DIRECTION ( 'NONE',  ( 0.0000000000000000000, -1.000000000000000000, 0.0000000000000000000 ) ) ;
#329 = CARTESIAN_POINT ( 'NONE',  ( -14.85581954474042200, 11.60000000000000000, 2.074759179786525000 ) ) ;
#330 = CARTESIAN_POINT ( 'NONE',  ( -14.52024136504975600, 10.96620645497822900, -1.599037039348019100 ) ) ;
#331 = DIRECTION ( 'NONE',  ( 0.0000000000000000000, 0.0000000000000000000, 1.000000000000000000 ) ) ;
#332 = CARTESIAN_POINT ( 'NONE',  ( -14.51033144323196600, 11.15637306778388400, -1.662767706482765700 ) ) ;
#333 = CARTESIAN_POINT ( 'NONE',  ( -14.53396015999728700, 10.76970939766890300, -1.506587157555971700 ) ) ;
#334 = CARTESIAN_POINT ( 'NONE',  ( -14.53698032031903000, 10.73207968023912100, -1.485477104448053500 ) ) ;
#335 = CARTESIAN_POINT ( 'NONE',  ( -14.54362234784395900, 10.65569863452947900, -1.437620621205105900 ) ) ;
#336 = CARTESIAN_POINT ( 'NONE',  ( -14.50286919548307700, 11.40370137731056300, -1.708995521777531900 ) ) ;
#337 = CARTESIAN_POINT ( 'NONE',  ( -14.54428425441980700, 10.64837834793929400, -1.432779005472450500 ) ) ;
#338 = CARTESIAN_POINT ( 'NONE',  ( -14.51628897780342200, 11.03436487994220300, -1.624784773823605200 ) ) ;
#339 = CARTESIAN_POINT ( 'NONE',  ( -14.54666432708384200, 10.62228267754190900, -1.415309150842781500 ) ) ;
#340 = CARTESIAN_POINT ( 'NONE',  ( -14.50479133492943600, 11.31925444222956600, -1.697171642481523300 ) ) ;
#341 = CARTESIAN_POINT ( 'NONE',  ( 0.0000000000000000000, -4.970000000000006000, 0.0000000000000000000 ) ) ;
#342 = CARTESIAN_POINT ( 'NONE',  ( -14.54872238336469600, 10.60041481838712900, -1.400009622553098200 ) ) ;
#343 = CARTESIAN_POINT ( 'NONE',  ( -14.55204046501040500, 10.56634928495476100, -1.374832924002692000 ) ) ;
#344 = DIRECTION ( 'NONE',  ( -2.664535259100375700E-015, 0.0000000000000000000, -1.000000000000000000 ) ) ;
#345 = CARTESIAN_POINT ( 'NONE',  ( 0.0000000000000000000, 11.60000000000000000, 3.499999999999999600 ) ) ;
#346 = CARTESIAN_POINT ( 'NONE',  ( -1.664735069071426700, 11.15311916322252900, 14.90735213404843200 ) ) ;
#347 = CARTESIAN_POINT ( 'NONE',  ( -1.136057135388611700, 10.30359999264463200, 14.95713393027895100 ) ) ;
#348 = DIRECTION ( 'NONE',  ( -0.0000000000000000000, -1.000000000000000000, -0.0000000000000000000 ) ) ;
#349 = CARTESIAN_POINT ( 'NONE',  ( -1.708748540531296800, 11.37367333849645800, 14.90237125171517000 ) ) ;
#350 = DIRECTION ( 'NONE',  ( 0.0000000000000000000, 1.000000000000000000, 0.0000000000000000000 ) ) ;
#351 = DIRECTION ( 'NONE',  ( 1.000000000000000000, 0.0000000000000000000, 0.0000000000000000000 ) ) ;
#352 = CARTESIAN_POINT ( 'NONE',  ( -1.720000000000000400, 11.48772409030825700, 14.90106036495389900 ) ) ;
#353 = CARTESIAN_POINT ( 'NONE',  ( -1.720000000000000000, 11.60000000000000000, 14.90106036495389800 ) ) ;
#354 = CARTESIAN_POINT ( 'NONE',  ( 0.0000000000000000000, 16.90000000000000900, 0.0000000000000000000 ) ) ;
#355 = CARTESIAN_POINT ( 'NONE',  ( -1.296539021639405700, 10.46410151892666600, 14.94407801734639200 ) ) ;
#356 = DIRECTION ( 'NONE',  ( -0.0000000000000000000, 1.000000000000000000, 6.123233995736766000E-017 ) ) ;
#357 = CARTESIAN_POINT ( 'NONE',  ( -1.367595449533855800, 10.55089405341841800, 14.93765686019408700 ) ) ;
#358 = CARTESIAN_POINT ( 'NONE',  ( -1.492082567138492100, 10.73708041302798800, 14.92573614262729000 ) ) ;
#359 = CARTESIAN_POINT ( 'NONE',  ( -14.48888739433602900, 4.969999999999996200, 3.882285676537772900 ) ) ;
#360 = CARTESIAN_POINT ( 'NONE',  ( -1.545946464536558800, 10.83766734496226300, 14.92018534435848300 ) ) ;
#361 = CARTESIAN_POINT ( 'NONE',  ( -14.50106036177876100, 11.60000000000000900, -1.719999998811350100 ) ) ;
#362 = CARTESIAN_POINT ( 'NONE',  ( 0.0000000000000000000, 4.969999999999996200, 0.0000000000000000000 ) ) ;
#363 = CARTESIAN_POINT ( 'NONE',  ( -1.632203495721671800, 11.04591219404869700, 14.91099570551130800 ) ) ;
#364 = CARTESIAN_POINT ( 'NONE',  ( -14.50106024578089900, 11.54423472029579000, -1.720000000000000000 ) ) ;
#365 = DIRECTION ( 'NONE',  ( 0.0000000000000000000, 1.000000000000000000, 0.0000000000000000000 ) ) ;
#366 = DIRECTION ( 'NONE',  ( 0.0000000000000000000, 0.0000000000000000000, 1.000000000000000000 ) ) ;
#367 = CARTESIAN_POINT ( 'NONE',  ( -14.50151244091850900, 11.48808653426456400, -1.717285866444137500 ) ) ;
#368 = CARTESIAN_POINT ( 'NONE',  ( -14.50343452398095700, 11.37554617224564300, -1.705529281911535500 ) ) ;
#369 = CARTESIAN_POINT ( 'NONE',  ( -14.50563084647850900, 11.28963371621110000, -1.691982032375495000 ) ) ;
#370 = DIRECTION ( 'NONE',  ( 0.0000000000000000000, 0.0000000000000000000, 1.000000000000000000 ) ) ;
#371 = CARTESIAN_POINT ( 'NONE',  ( -14.51862782529285700, 10.99347755427514000, -1.609578899510697700 ) ) ;
#372 = CARTESIAN_POINT ( 'NONE',  ( -14.52118505689648100, 10.95082921664660000, -1.592839297680668200 ) ) ;
#373 = CARTESIAN_POINT ( 'NONE',  ( -14.52486650713740900, 10.89248652322736900, -1.568559985245465700 ) ) ;
#374 = CARTESIAN_POINT ( 'NONE',  ( -14.50819052566366500, 11.21012468322076000, -1.676102308734183500 ) ) ;
#375 = CARTESIAN_POINT ( 'NONE',  ( -14.52824435542466300, 10.84408695342680000, -1.546009332619992200 ) ) ;
#376 = CARTESIAN_POINT ( 'NONE',  ( -14.54078779225643100, 10.68762438905817000, -1.458207685238245700 ) ) ;
#377 = CARTESIAN_POINT ( 'NONE',  ( -14.54248041270717300, 10.66847949867212500, -1.445934879221576500 ) ) ;
#378 = CARTESIAN_POINT ( 'NONE',  ( 6.001501356460900100, -5.219999999999999800, 1.916241495323055300 ) ) ;
#379 = DIRECTION ( 'NONE',  ( -0.0000000000000000000, 0.0000000000000000000, 1.000000000000000000 ) ) ;
#380 = CARTESIAN_POINT ( 'NONE',  ( -14.55556066922750500, 10.53122902793870900, -1.347659840248746700 ) ) ;
#381 = CARTESIAN_POINT ( 'NONE',  ( -14.64134423229977400, 9.882751190312566400, 0.1124508441315247900 ) ) ;
#382 = CARTESIAN_POINT ( 'NONE',  ( -14.64179460074210200, 9.880020621455472000, 0.05635498206298169400 ) ) ;
#383 = CARTESIAN_POINT ( 'NONE',  ( -14.59654003057134600, 10.18432915693896800, 0.9771912687877167800 ) ) ;
#384 = CARTESIAN_POINT ( 'NONE',  ( -14.59450200227608900, 10.19952714501501800, 0.9989293003329051700 ) ) ;
#385 = CARTESIAN_POINT ( 'NONE',  ( -14.62883422520286900, 9.961434298260464000, 0.5237264678510426000 ) ) ;
#386 = CARTESIAN_POINT ( 'NONE',  ( -14.59122265382256600, 10.22446912452483600, 1.032720098462250000 ) ) ;
#387 = CARTESIAN_POINT ( 'NONE',  ( -14.55945595575761000, 10.49354398105254100, -1.317001909833071000 ) ) ;
#388 = CARTESIAN_POINT ( 'NONE',  ( -14.58082356812162700, 10.30642305343509900, -1.133689717353834300 ) ) ;
#389 = CARTESIAN_POINT ( 'NONE',  ( -14.58790179699649600, 10.25000961538868600, -1.066247555580556400 ) ) ;
#390 = CARTESIAN_POINT ( 'NONE',  ( -14.55678219505496800, 10.51929247043814500, -1.338106748838978200 ) ) ;
#391 = CARTESIAN_POINT ( 'NONE',  ( -14.55760655148921700, 10.51132168064647000, -1.331615823536442100 ) ) ;
#392 = CARTESIAN_POINT ( 'NONE',  ( -14.59023554993064500, 10.23196657435856100, -1.042914084063324900 ) ) ;
#393 = CARTESIAN_POINT ( 'NONE',  ( -14.61982515966945700, 10.02054357045481800, -0.6810930602297163800 ) ) ;
#394 = CARTESIAN_POINT ( 'NONE',  ( -14.58480102666585400, 10.27453070434018800, -1.096171069807703200 ) ) ;
#395 = CARTESIAN_POINT ( 'NONE',  ( -14.63145808906625300, 9.944623143307469000, -0.4678888089250044000 ) ) ;
#396 = CARTESIAN_POINT ( 'NONE',  ( -14.59510097779023100, 10.19509587536073900, -0.9924466794408127700 ) ) ;
#397 = CARTESIAN_POINT ( 'NONE',  ( -14.63261563062680700, 9.937273434350514000, -0.4410204282147105500 ) ) ;
#398 = CARTESIAN_POINT ( 'NONE',  ( -14.64180406155418100, 9.879959106458631600, -0.1108111503068400800 ) ) ;
#399 = CARTESIAN_POINT ( 'NONE',  ( -14.63999785737880400, 9.891056313335195000, 0.1967451206211018300 ) ) ;
#400 = CARTESIAN_POINT ( 'NONE',  ( -14.59660346062083200, 10.18391637589948900, -0.9762934278689199300 ) ) ;
#401 = CARTESIAN_POINT ( 'NONE',  ( -14.59798114166762800, 10.17371156299849100, -0.9613328279454700400 ) ) ;
#402 = CARTESIAN_POINT ( 'NONE',  ( -14.59351588433629300, 10.20703121848278100, -1.009075955426999900 ) ) ;
#403 = CARTESIAN_POINT ( 'NONE',  ( -14.63471716827771400, 9.924004854941340900, -0.3875550592612719300 ) ) ;
#404 = CARTESIAN_POINT ( 'NONE',  ( -14.63809246390996000, 9.902886132360071900, 0.2810911887056566400 ) ) ;
#405 = CARTESIAN_POINT ( 'NONE',  ( -14.63473315582805000, 9.923897064793251800, 0.3898197265245578700 ) ) ;
#406 = CARTESIAN_POINT ( 'NONE',  ( -14.62448348703864200, 9.989730357409005300, 0.6046829278672547500 ) ) ;
#407 = CARTESIAN_POINT ( 'NONE',  ( -14.56596033686572700, 10.43336861112250300, -1.264189298881685400 ) ) ;
#408 = CARTESIAN_POINT ( 'NONE',  ( -14.58238179515660700, 10.29382236759960100, -1.119165925196120600 ) ) ;
#409 = CARTESIAN_POINT ( 'NONE',  ( -14.59758675792493300, 10.17662668892589800, -0.9656345608291124800 ) ) ;
#410 = CARTESIAN_POINT ( 'NONE',  ( -14.61493697251982700, 10.05323635342625000, 0.7543884028229200800 ) ) ;
#411 = CARTESIAN_POINT ( 'NONE',  ( -14.63725431211485000, 9.908114754866458500, 0.3108768798873832200 ) ) ;
#412 = CARTESIAN_POINT ( 'NONE',  ( -14.60923104420117400, 10.09278518937976800, 0.8291552477166070900 ) ) ;
#413 = CARTESIAN_POINT ( 'NONE',  ( -14.56880832991817200, 10.40785865259480400, -1.240379290004656900 ) ) ;
#414 = CARTESIAN_POINT ( 'NONE',  ( -14.57743133377645400, 10.33419495484980800, -1.164865810016011900 ) ) ;
#415 = CARTESIAN_POINT ( 'NONE',  ( -14.60072199772561800, 10.15360954389165100, 0.9308131656122636800 ) ) ;
#416 = CARTESIAN_POINT ( 'NONE',  ( -14.58952740309314500, 10.23747653444572400, 1.049910786132665800 ) ) ;
#417 = CARTESIAN_POINT ( 'NONE',  ( -14.61825255809789700, 10.03106210622575000, -0.7049852870832994400 ) ) ;
#418 = CARTESIAN_POINT ( 'NONE',  ( -14.60321814306254900, 10.13516547216829300, -0.9035864923190534100 ) ) ;
#419 = CARTESIAN_POINT ( 'NONE',  ( -14.62766514617924200, 9.968920486723607900, -0.5487709195393347700 ) ) ;
#420 = CARTESIAN_POINT ( 'NONE',  ( -14.58458815149174000, 10.27622405236189500, -1.098200997588897300 ) ) ;
#421 = CARTESIAN_POINT ( 'NONE',  ( -14.63262813410005400, 9.937122629956039800, 0.4431554359084973200 ) ) ;
#422 = CARTESIAN_POINT ( 'NONE',  ( -14.62677817667798100, 9.974707916778127600, 0.5641523797360916700 ) ) ;
#423 = CARTESIAN_POINT ( 'NONE',  ( -14.62197815207033700, 10.00623949348157500, 0.6469075570880358200 ) ) ;
#424 = CARTESIAN_POINT ( 'NONE',  ( -14.57480213717941800, 10.35613163347754700, -1.188500425759409600 ) ) ;
#425 = CARTESIAN_POINT ( 'NONE',  ( -14.60621546794247300, 10.11396004702908700, 0.8669630511583817900 ) ) ;
#426 = CARTESIAN_POINT ( 'NONE',  ( -14.62048091355719700, 10.01617564040138900, -0.6709068359318399700 ) ) ;
#427 = CARTESIAN_POINT ( 'NONE',  ( -14.59958129555657700, 10.16194495475203400, 0.9436398611945688900 ) ) ;
#428 = CARTESIAN_POINT ( 'NONE',  ( -14.62470942664746000, 9.988118751104226000, -0.6030656617539658100 ) ) ;
#429 = CARTESIAN_POINT ( 'NONE',  ( -14.60744185278275100, 10.10517711251793600, -0.8526854013104447900 ) ) ;
#430 = CARTESIAN_POINT ( 'NONE',  ( -14.55375725513937000, 10.54900128574985800, -1.361687522320347500 ) ) ;
#431 = CARTESIAN_POINT ( 'NONE',  ( -14.62290066258698900, 10.00014144336224000, 0.6317138306679430700 ) ) ;
#432 = CARTESIAN_POINT ( 'NONE',  ( -14.59890231093153200, 10.16692921820481200, 0.9511820560993763400 ) ) ;
#433 = CARTESIAN_POINT ( 'NONE',  ( -14.61313031341680500, 10.06576653595572800, -0.7780229061176537900 ) ) ;
#434 = CARTESIAN_POINT ( 'NONE',  ( -14.63561573866780900, 9.918370097432186200, -0.3623960486517738800 ) ) ;
#435 = CARTESIAN_POINT ( 'NONE',  ( -14.64003813553134100, 9.890696923687963600, -0.2228079844366516200 ) ) ;
#436 = CARTESIAN_POINT ( 'NONE',  ( -14.63943726202891000, 9.894525834202202200, 0.2248679743761129200 ) ) ;
#437 = CARTESIAN_POINT ( 'NONE',  ( -14.58373318698521400, 10.28302931345306000, -1.106352747285641400 ) ) ;
#438 = CARTESIAN_POINT ( 'NONE',  ( -14.61830729246727500, 10.03060533049251500, 0.7056850602139382900 ) ) ;
#439 = CARTESIAN_POINT ( 'NONE',  ( -14.61581276774726500, 10.04745298881822000, -0.7411098833272444800 ) ) ;
#440 = CARTESIAN_POINT ( 'NONE',  ( -14.60241272446676100, 10.14130482486436700, 0.9115975276857679600 ) ) ;
#441 = CARTESIAN_POINT ( 'NONE',  ( -14.56134864134511500, 10.47565603732207500, -1.301942408292663200 ) ) ;
#442 = DIRECTION ( 'NONE',  ( 0.0000000000000000000, 1.000000000000000000, 0.0000000000000000000 ) ) ;
#443 = CARTESIAN_POINT ( 'NONE',  ( -14.57781391288632700, 10.33006033737003200, 1.162519232839827100 ) ) ;
#444 = CARTESIAN_POINT ( 'NONE',  ( -14.50106036495390100, 11.60000000000000000, 1.720000000000000200 ) ) ;
#445 = CARTESIAN_POINT ( 'NONE',  ( -14.50827731795216600, 11.21054506026819600, 1.675553035913775400 ) ) ;
#446 = DIRECTION ( 'NONE',  ( -0.0000000000000000000, -0.0000000000000000000, 1.000000000000000000 ) ) ;
#447 = CARTESIAN_POINT ( 'NONE',  ( -1.000000000000002200, 5.799999999999999800, 2.291287847477920800 ) ) ;
#448 = CARTESIAN_POINT ( 'NONE',  ( -14.56576632123144700, 10.43512024471094100, 1.265799285709388500 ) ) ;
#449 = CARTESIAN_POINT ( 'NONE',  ( 13.52972450590256900, 5.053516208376683100, 6.280991797200395700 ) ) ;
#450 = CARTESIAN_POINT ( 'NONE',  ( 3.882285676537765800, -4.970000000000001500, -14.48888739433603400 ) ) ;
#451 = CARTESIAN_POINT ( 'NONE',  ( -14.54970725741135200, 10.59031937267600800, 1.392530357220656400 ) ) ;
#452 = DIRECTION ( 'NONE',  ( 7.175916417970819300E-016, 0.0000000000000000000, 1.000000000000000000 ) ) ;
#453 = CARTESIAN_POINT ( 'NONE',  ( 1.000000000000000900, 10.20057154523712800, 2.291287847477920800 ) ) ;
#454 = DIRECTION ( 'NONE',  ( 1.768737661780274100E-015, 0.0000000000000000000, 1.000000000000000000 ) ) ;
#455 = CARTESIAN_POINT ( 'NONE',  ( -14.52261573811159700, 10.92810862518647300, 1.583406644421838200 ) ) ;
#456 = CARTESIAN_POINT ( 'NONE',  ( -14.55299329148110300, 10.55653879246817800, 1.367615358305858100 ) ) ;
#457 = CARTESIAN_POINT ( 'NONE',  ( -14.58654220276561900, 10.26078733154840500, 1.079316475105030100 ) ) ;
#458 = CARTESIAN_POINT ( 'NONE',  ( -14.58593080543692700, 10.26560003684355000, 1.085260965437556200 ) ) ;
#459 = CARTESIAN_POINT ( 'NONE',  ( -14.56846880737673500, 10.41083057152424400, 1.243272093606004200 ) ) ;
#460 = CARTESIAN_POINT ( 'NONE',  ( -14.55860886975067300, 10.50170423278700800, 1.323688911819737200 ) ) ;
#461 = CARTESIAN_POINT ( 'NONE',  ( -14.54812100202852900, 10.60689952916692600, 1.404441134135248700 ) ) ;
#462 = CARTESIAN_POINT ( 'NONE',  ( -14.54563806773797700, 10.63356930175091900, 1.422832718807321800 ) ) ;
#463 = CARTESIAN_POINT ( 'NONE',  ( -14.56128958424618600, 10.47636074284162400, 1.302293873989565300 ) ) ;
#464 = CARTESIAN_POINT ( 'NONE',  ( -14.55821687566874600, 10.50545598442841200, 1.326792872127718900 ) ) ;
#465 = CARTESIAN_POINT ( 'NONE',  ( -14.53000359934667600, 10.82125246181029400, 1.533866196671038500 ) ) ;
#466 = CARTESIAN_POINT ( 'NONE',  ( -14.50106036495390400, 11.48854026193205300, 1.719999999999999300 ) ) ;
#467 = CARTESIAN_POINT ( 'NONE',  ( -14.53998680297761400, 10.69554513588861200, 1.464307962414062900 ) ) ;
#468 = CARTESIAN_POINT ( 'NONE',  ( 3.882285676537765800, 4.969999999999995300, -14.48888739433603400 ) ) ;
#469 = DIRECTION ( 'NONE',  ( -0.0000000000000000000, -1.000000000000000000, -0.0000000000000000000 ) ) ;
#470 = CARTESIAN_POINT ( 'NONE',  ( -14.52484876842647800, 10.89422892515161900, 1.568584387634707000 ) ) ;
#471 = CARTESIAN_POINT ( 'NONE',  ( -14.51836217259770300, 10.99578009001973600, 1.611444146953913800 ) ) ;
#472 = CARTESIAN_POINT ( 'NONE',  ( -14.55921619910908600, 10.49590742178789100, 1.318872851777279400 ) ) ;
#473 = DIRECTION ( 'NONE',  ( 0.0000000000000000000, 0.0000000000000000000, 1.000000000000000000 ) ) ;
#474 = CARTESIAN_POINT ( 'NONE',  ( -14.55988154317407900, 10.48960891464730900, 1.313569665523617300 ) ) ;
#475 = CARTESIAN_POINT ( 'NONE',  ( -14.58552418596191400, 10.26881135012539300, 1.089193560209053900 ) ) ;
#476 = CARTESIAN_POINT ( 'NONE',  ( -14.58745235169583200, 10.25364174130858600, 1.070429674614846700 ) ) ;
#477 = CARTESIAN_POINT ( 'NONE',  ( -14.55533534526641900, 10.53318929581098100, 1.349547578711720600 ) ) ;
#478 = CARTESIAN_POINT ( 'NONE',  ( -14.50286597763970800, 11.37556657771373200, 1.709129946757799200 ) ) ;
#479 = CARTESIAN_POINT ( 'NONE',  ( -14.50106036495390100, 11.60000000000000000, 1.720000000000000200 ) ) ;
#480 = CARTESIAN_POINT ( 'NONE',  ( 13.62776781038741800, 4.969999999999996200, 6.267690524121984900 ) ) ;
#481 = CARTESIAN_POINT ( 'NONE',  ( -14.51039778672731000, 11.15728894614051100, 1.662275563506843600 ) ) ;
#482 = CARTESIAN_POINT ( 'NONE',  ( 0.9999999999999961100, 5.799999999999999800, 2.291287847477920800 ) ) ;
#483 = DIRECTION ( 'NONE',  ( -0.0000000000000000000, 1.000000000000000000, -0.0000000000000000000 ) ) ;
#484 = CARTESIAN_POINT ( 'NONE',  ( -14.50738000935423100, 11.23528871409253700, 1.681131805935570000 ) ) ;
#485 = CARTESIAN_POINT ( 'NONE',  ( 13.43153770919851200, 5.136853810801182100, 6.294359254876258800 ) ) ;
#486 = CARTESIAN_POINT ( 'NONE',  ( -14.51156488641788300, 11.13051916840013300, 1.654924538559466900 ) ) ;
#487 = CARTESIAN_POINT ( 'NONE',  ( 13.33319898449970400, 5.219999999999999800, 6.307797146368598900 ) ) ;
#488 = CARTESIAN_POINT ( 'NONE',  ( -1.000000000000001300, 5.799999999999999800, 3.499999999999999600 ) ) ;
#489 = CARTESIAN_POINT ( 'NONE',  ( -14.53573153211084800, 10.74654914375969200, 1.494387696044479700 ) ) ;
#490 = CARTESIAN_POINT ( 'NONE',  ( -14.52326694427307400, 10.91807516904742000, 1.579097310539881300 ) ) ;
#491 = CARTESIAN_POINT ( 'NONE',  ( -14.58223234142801200, 10.29485615774223600, 1.120933913715546100 ) ) ;
#492 = CARTESIAN_POINT ( 'NONE',  ( -14.55814044073105300, 10.50618635393178500, 1.327398495630739200 ) ) ;
#493 = CARTESIAN_POINT ( 'NONE',  ( -14.54661988912379100, 10.62297171227692500, 1.415576548695177900 ) ) ;
#494 = CARTESIAN_POINT ( 'NONE',  ( -14.52730337634857900, 10.85815770038116300, 1.552196408319312700 ) ) ;
#495 = CARTESIAN_POINT ( 'NONE',  ( -1.000000000000004000, 10.20057154523713000, 7.175916417970847900E-016 ) ) ;
#496 = CARTESIAN_POINT ( 'NONE',  ( -14.54526521285470700, 10.63761731006811200, 1.425580408825046100 ) ) ;
#497 = CARTESIAN_POINT ( 'NONE',  ( -14.56233141555039300, 10.46665957851583300, 1.293884715894835000 ) ) ;
#498 = CARTESIAN_POINT ( 'NONE',  ( -14.51538678139857600, 11.04991447908651000, 1.630630503193534900 ) ) ;
#499 = DIRECTION ( 'NONE',  ( -1.000000000000000000, -0.0000000000000000000, -0.0000000000000000000 ) ) ;
#500 = DIRECTION ( 'NONE',  ( -0.0000000000000000000, -1.000000000000000000, -0.0000000000000000000 ) ) ;
#501 = CARTESIAN_POINT ( 'NONE',  ( 3.882285676537772900, 4.969999999999997100, 14.48888739433603400 ) ) ;
#502 = CARTESIAN_POINT ( 'NONE',  ( -14.48888739433604100, 4.969999999999996200, -3.882285676537764500 ) ) ;
#503 = CARTESIAN_POINT ( 'NONE',  ( -13.33319898449970300, 5.219999999999999800, -6.307797146368603300 ) ) ;
#504 = CARTESIAN_POINT ( 'NONE',  ( -13.62776781038741600, 4.969999999999996200, -6.267690524121991100 ) ) ;
#505 = CARTESIAN_POINT ( 'NONE',  ( -1.000000000000002200, 5.799999999999999800, 2.291287847477920800 ) ) ;
#506 = DIRECTION ( 'NONE',  ( 1.768737661780274100E-015, 0.0000000000000000000, 1.000000000000000000 ) ) ;
#507 = DIRECTION ( 'NONE',  ( 0.0000000000000000000, 0.0000000000000000000, 1.000000000000000000 ) ) ;
#508 = CARTESIAN_POINT ( 'NONE',  ( -2.010442336525849700, 10.73016856565455900, -1.487802326454457300 ) ) ;
#509 = CARTESIAN_POINT ( 'NONE',  ( -2.094613833317120000, 10.55017361130357800, -1.366757857257595400 ) ) ;
#510 = CARTESIAN_POINT ( 'NONE',  ( -2.224619272475539600, 10.31102894025292100, -1.144015480510964800 ) ) ;
#511 = CARTESIAN_POINT ( 'NONE',  ( -2.138920071699226300, 10.46532182601684900, -1.297198232345585100 ) ) ;
#512 = DIRECTION ( 'NONE',  ( -1.000000000000000000, -0.0000000000000000000, -0.0000000000000000000 ) ) ;
#513 = CARTESIAN_POINT ( 'NONE',  ( 0.0000000000000000000, 17.49999999999999600, 0.0000000000000000000 ) ) ;
#514 = DIRECTION ( 'NONE',  ( -9.523972024970703300E-016, 0.0000000000000000000, 1.000000000000000000 ) ) ;
#515 = DIRECTION ( 'NONE',  ( 0.0000000000000000000, 0.0000000000000000000, 1.000000000000000000 ) ) ;
#516 = CARTESIAN_POINT ( 'NONE',  ( -13.52972450590256600, 5.053516208376683100, -6.280991797200401900 ) ) ;
#517 = DIRECTION ( 'NONE',  ( -0.0000000000000000000, -1.000000000000000000, -0.0000000000000000000 ) ) ;
#518 = CARTESIAN_POINT ( 'NONE',  ( -1.814276715388256900, 11.60000000000000000, -1.720000000000000000 ) ) ;
#519 = CARTESIAN_POINT ( 'NONE',  ( 0.0000000000000000000, 17.49999999999999600, -14.40000000000000900 ) ) ;
#520 = CARTESIAN_POINT ( 'NONE',  ( 3.882285676537772900, -4.970000000000001500, 14.48888739433603400 ) ) ;
#521 = DIRECTION ( 'NONE',  ( -0.0000000000000000000, 1.000000000000000000, -0.0000000000000000000 ) ) ;
#522 = CARTESIAN_POINT ( 'NONE',  ( -1.868238270016954000, 11.14066506398491200, -1.661526970721215000 ) ) ;
#523 = CARTESIAN_POINT ( 'NONE',  ( -1.898585830210386200, 11.03221413036687600, -1.627439250973262900 ) ) ;
#524 = CARTESIAN_POINT ( 'NONE',  ( 0.0000000000000000000, 11.60000000000000000, 1.720000000000000000 ) ) ;
#525 = CARTESIAN_POINT ( 'NONE',  ( -1.814276715388257300, 11.48400872682963200, -1.720000000000000400 ) ) ;
#526 = CARTESIAN_POINT ( 'NONE',  ( 1.836970198721029600E-015, 17.49999999999999600, 15.00000000000000000 ) ) ;
#527 = CARTESIAN_POINT ( 'NONE',  ( -5.667512904364750500, 5.219999999999999800, 2.117025620737492900 ) ) ;
#528 = CARTESIAN_POINT ( 'NONE',  ( 0.0000000000000000000, -4.969999999999992600, 0.0000000000000000000 ) ) ;
#529 = CARTESIAN_POINT ( 'NONE',  ( -5.779972960850236600, 5.137972013018912600, 2.050375742370727800 ) ) ;
#530 = DIRECTION ( 'NONE',  ( -0.0000000000000000000, -1.000000000000000000, -0.0000000000000000000 ) ) ;
#531 = DIRECTION ( 'NONE',  ( -2.152774925391245800E-015, 0.0000000000000000000, -1.000000000000000000 ) ) ;
#532 = CARTESIAN_POINT ( 'NONE',  ( 0.0000000000000000000, 11.60000000000000000, -1.720000000000000000 ) ) ;
#533 = CARTESIAN_POINT ( 'NONE',  ( -5.891268586353223900, 5.054574054566281800, 1.983428003847318900 ) ) ;
#534 = DIRECTION ( 'NONE',  ( 0.0000000000000000000, 1.000000000000000000, 0.0000000000000000000 ) ) ;
#535 = CARTESIAN_POINT ( 'NONE',  ( -1.825914726876307600, 11.36625026264865200, -1.707929014381505100 ) ) ;
#536 = CARTESIAN_POINT ( 'NONE',  ( 0.9999999999999986700, 17.49999999999999600, 3.499999999999999600 ) ) ;
#537 = CARTESIAN_POINT ( 'NONE',  ( -6.001501356460902800, 4.969999999999996200, 1.916241495323053500 ) ) ;
#538 = DIRECTION ( 'NONE',  ( -0.0000000000000000000, -1.000000000000000000, -0.0000000000000000000 ) ) ;
#539 = DIRECTION ( 'NONE',  ( 0.0000000000000000000, 1.000000000000000000, 0.0000000000000000000 ) ) ;
#540 = DIRECTION ( 'NONE',  ( 0.0000000000000000000, 0.0000000000000000000, 1.000000000000000000 ) ) ;
#541 = CARTESIAN_POINT ( 'NONE',  ( 13.62776781038742300, -4.970000000000006000, 6.267690524121974200 ) ) ;
#542 = CARTESIAN_POINT ( 'NONE',  ( -1.970109247523666300, 10.82599542232771800, -1.540083187073286700 ) ) ;
#543 = CARTESIAN_POINT ( 'NONE',  ( -13.43153770919851000, 5.136853810801183900, -6.294359254876263200 ) ) ;
#544 = CARTESIAN_POINT ( 'NONE',  ( -2.377835549418010300, 10.06259351905390900, -0.7794357717540099100 ) ) ;
#545 = CARTESIAN_POINT ( 'NONE',  ( -1.814276715388257100, 11.60000000000000000, 1.720000000000000000 ) ) ;
#546 = DIRECTION ( 'NONE',  ( -0.0000000000000000000, 1.000000000000000000, -0.0000000000000000000 ) ) ;
#547 = CARTESIAN_POINT ( 'NONE',  ( -1.814276715388257300, 11.36386864304021100, 1.720000000000000000 ) ) ;
#548 = DIRECTION ( 'NONE',  ( -0.0000000000000000000, -1.000000000000000000, -0.0000000000000000000 ) ) ;
#549 = CARTESIAN_POINT ( 'NONE',  ( 0.0000000000000000000, -5.220000000000000600, 0.0000000000000000000 ) ) ;
#550 = DIRECTION ( 'NONE',  ( 0.0000000000000000000, -1.000000000000000000, 0.0000000000000000000 ) ) ;
#551 = CARTESIAN_POINT ( 'NONE',  ( -2.465241033730440900, 9.929586726374481000, -0.4680542010012631600 ) ) ;
#552 = DIRECTION ( 'NONE',  ( 0.0000000000000000000, 0.0000000000000000000, -1.000000000000000000 ) ) ;
#553 = DIRECTION ( 'NONE',  ( -0.0000000000000000000, 1.000000000000000000, -0.0000000000000000000 ) ) ;
#554 = CARTESIAN_POINT ( 'NONE',  ( 0.0000000000000000000, -5.220000000000000600, 6.299999999999998000 ) ) ;
#555 = CARTESIAN_POINT ( 'NONE',  ( -1.000000000000000200, 10.20057154523712700, 4.336808689942022700E-016 ) ) ;
#556 = DIRECTION ( 'NONE',  ( -0.0000000000000000000, -0.0000000000000000000, 1.000000000000000000 ) ) ;
#557 = CARTESIAN_POINT ( 'NONE',  ( 1.720000000000000000, 11.60000000000000000, 0.0000000000000000000 ) ) ;
#558 = CARTESIAN_POINT ( 'NONE',  ( 14.90106036495389800, 11.60000000000000000, 1.720000000000000000 ) ) ;
#559 = CARTESIAN_POINT ( 'NONE',  ( -1.583766050047109100, 10.91589076006169600, 1.935944304583071500 ) ) ;
#560 = DIRECTION ( 'NONE',  ( -0.0000000000000000000, 1.000000000000000000, -0.0000000000000000000 ) ) ;
#561 = CARTESIAN_POINT ( 'NONE',  ( -6.001501356460901000, -5.220000000000000600, 1.916241495323061100 ) ) ;
#562 = CARTESIAN_POINT ( 'NONE',  ( -1.382539384536760400, 10.56828757847695300, 2.085402140008901100 ) ) ;
#563 = CARTESIAN_POINT ( 'NONE',  ( -1.208803941089640300, 10.36929341330827700, 2.190687167843721200 ) ) ;
#564 = CARTESIAN_POINT ( 'NONE',  ( 0.0000000000000000000, 17.49999999999999600, -14.40000000000000900 ) ) ;
#565 = CARTESIAN_POINT ( 'NONE',  ( -2.499800277516421900, 9.880290294425186900, -0.2347893195258098100 ) ) ;
#566 = CARTESIAN_POINT ( 'NONE',  ( -6.127946102127557600, -5.136522663772706400, 13.50858078116391400 ) ) ;
#567 = DIRECTION ( 'NONE',  ( 0.0000000000000000000, -0.7071067811865474600, -0.7071067811865474600 ) ) ;
#568 = CARTESIAN_POINT ( 'NONE',  ( -1.720000000000000200, 11.60000000000000100, 1.814276715388259100 ) ) ;
#569 = CARTESIAN_POINT ( 'NONE',  ( -6.267690524122007100, -4.969999999999984700, 13.62776781038739800 ) ) ;
#570 = CARTESIAN_POINT ( 'NONE',  ( -1.110186865029441700, 10.27930859296144600, 2.243198357041035000 ) ) ;
#571 = CARTESIAN_POINT ( 'NONE',  ( -1.000000000000000400, 10.20057154523712800, 2.291287847477920800 ) ) ;
#572 = DIRECTION ( 'NONE',  ( -0.0000000000000000000, -0.0000000000000000000, 1.000000000000000000 ) ) ;
#573 = DIRECTION ( 'NONE',  ( 0.0000000000000000000, 0.0000000000000000000, -1.000000000000000000 ) ) ;
#574 = CARTESIAN_POINT ( 'NONE',  ( -13.62776781038741600, -4.970000000000001500, 6.267690524121989300 ) ) ;
#575 = CARTESIAN_POINT ( 'NONE',  ( -13.52972450590256900, -5.053516208376685800, 6.280991797200400100 ) ) ;
#576 = CARTESIAN_POINT ( 'NONE',  ( 0.0000000000000000000, 17.49999999999999600, -15.00000000000000000 ) ) ;
#577 = CARTESIAN_POINT ( 'NONE',  ( -2.267262354265516600, 10.23424947850790200, 1.067802228289042300 ) ) ;
#578 = CARTESIAN_POINT ( 'NONE',  ( -13.43153770919851600, -5.136853810801185600, 6.294359254876264100 ) ) ;
#579 = CARTESIAN_POINT ( 'NONE',  ( -13.33319898449971000, -5.219999999999999800, 6.307797146368605100 ) ) ;
#580 = CARTESIAN_POINT ( 'NONE',  ( -1.863975577919044300, 11.13189973356842100, 1.669725938671568800 ) ) ;
#581 = CARTESIAN_POINT ( 'NONE',  ( -2.500098492066953300, 9.879856842867511100, 0.1141901614553214700 ) ) ;
#582 = CARTESIAN_POINT ( 'NONE',  ( -6.059197755335897100, -5.220000000000000600, 13.44799697210450500 ) ) ;
#583 = CARTESIAN_POINT ( 'NONE',  ( -1.720000000000000200, 11.45643363056456500, 1.814276715388257500 ) ) ;
#584 = CARTESIAN_POINT ( 'NONE',  ( -6.197447835735259100, -5.053185826232515300, 13.56851174055020300 ) ) ;
#585 = CARTESIAN_POINT ( 'NONE',  ( -2.004990198142191400, 10.72552953223053700, 1.497465849595583900 ) ) ;
#586 = CARTESIAN_POINT ( 'NONE',  ( -1.702005475864998500, 11.31504468893877300, 1.831745986353983800 ) ) ;
#587 = CARTESIAN_POINT ( 'NONE',  ( -2.491775237490460300, 9.891891704991362400, 0.2326527525913220100 ) ) ;
#588 = CARTESIAN_POINT ( 'NONE',  ( -2.460139712475468300, 9.938381055053369600, 0.4591118954678452500 ) ) ;
#589 = CARTESIAN_POINT ( 'NONE',  ( -1.633467992035885000, 11.04339916621451700, 1.893118674936312500 ) ) ;
#590 = CARTESIAN_POINT ( 'NONE',  ( -1.458847669516833800, 10.67908532936211300, 2.031737859290601500 ) ) ;
#591 = CARTESIAN_POINT ( 'NONE',  ( -2.266005132015399800, 10.24148408544857800, -1.060633469316530500 ) ) ;
#592 = CARTESIAN_POINT ( 'NONE',  ( -2.436779643763585600, 9.972908834886116100, 0.5691588914440061100 ) ) ;
#593 = CARTESIAN_POINT ( 'NONE',  ( -2.348793613981135800, 10.10676393346447300, 0.8834682013534294100 ) ) ;
#594 = CARTESIAN_POINT ( 'NONE',  ( -2.342501638826327800, 10.11740087694840000, -0.8788678436776052900 ) ) ;
#595 = CARTESIAN_POINT ( 'NONE',  ( -3.882285676537740000, 5.799999999999999800, 14.48888739433602900 ) ) ;
#596 = CARTESIAN_POINT ( 'NONE',  ( -2.096215852434619300, 10.54221136143154100, 1.373520761332154500 ) ) ;
#597 = CARTESIAN_POINT ( 'NONE',  ( 0.0000000000000000000, 11.60000000000000000, 3.291287847477919900 ) ) ;
#598 = CARTESIAN_POINT ( 'NONE',  ( 1.719999999999999800, 11.48622830481566700, 14.90106036495389800 ) ) ;
#599 = CARTESIAN_POINT ( 'NONE',  ( -1.545946464536558800, 10.83766734496226300, 14.92018534435848300 ) ) ;
#600 = CARTESIAN_POINT ( 'NONE',  ( 1.708823008208088000, 11.37437733518879300, 14.90236253585574900 ) ) ;
#601 = CARTESIAN_POINT ( 'NONE',  ( -0.7624380372897643400, 10.05410323313728700, 14.98097313935852000 ) ) ;
#602 = CARTESIAN_POINT ( 'NONE',  ( -0.8629899147260501300, 10.10795728899329600, 14.97544494082841400 ) ) ;
#603 = CARTESIAN_POINT ( 'NONE',  ( 1.665046920638813900, 11.15435393827718600, 14.90731712869654400 ) ) ;
#604 = CARTESIAN_POINT ( 'NONE',  ( -0.2263024540966381800, 9.891246571415580400, 14.99869860656215100 ) ) ;
#605 = DIRECTION ( 'NONE',  ( 0.0000000000000000000, 0.0000000000000000000, 1.000000000000000000 ) ) ;
#606 = CARTESIAN_POINT ( 'NONE',  ( 1.631909038556524700, 11.04503343662617200, 14.91102817577037400 ) ) ;
#607 = DIRECTION ( 'NONE',  ( 0.0000000000000000000, 0.0000000000000000000, 1.000000000000000000 ) ) ;
#608 = CARTESIAN_POINT ( 'NONE',  ( 1.492616025423133300, 10.73794786733063200, 14.92568367115373500 ) ) ;
#609 = CARTESIAN_POINT ( 'NONE',  ( 1.367718092779131900, 10.55100824718477300, 14.93764649700145800 ) ) ;
#610 = CARTESIAN_POINT ( 'NONE',  ( 1.057118666868197100, 10.22479159684973600, 14.96355020073196100 ) ) ;
#611 = CARTESIAN_POINT ( 'NONE',  ( 0.8652590077092668900, 10.09668953249374600, 14.97645721980783400 ) ) ;
#612 = CARTESIAN_POINT ( 'NONE',  ( 0.4511995285279081200, 9.925176278651365500, 14.99464447703287500 ) ) ;
#613 = CARTESIAN_POINT ( 'NONE',  ( 0.2246320280050348700, 9.879999999999999000, 15.00000000000000200 ) ) ;
#614 = CARTESIAN_POINT ( 'NONE',  ( 1.295085321682601900, 10.46257812727803200, 14.94419912979544100 ) ) ;
#615 = CARTESIAN_POINT ( 'NONE',  ( -1.492082567138492100, 10.73708041302798800, 14.92573614262729000 ) ) ;
#616 = CARTESIAN_POINT ( 'NONE',  ( 1.836970221675633200E-015, 9.879999999999999000, 15.00000000000000000 ) ) ;
#617 = CARTESIAN_POINT ( 'NONE',  ( 1.720000000000000200, 11.59999999999999800, 1.814276715388258000 ) ) ;
#618 = CARTESIAN_POINT ( 'NONE',  ( 1.719999999999999800, 11.74356636943543600, 1.814276715388257100 ) ) ;
#619 = DIRECTION ( 'NONE',  ( 0.0000000000000000000, 1.000000000000000000, 0.0000000000000000000 ) ) ;
#620 = DIRECTION ( 'NONE',  ( 1.000000000000000000, 0.0000000000000000000, 0.0000000000000000000 ) ) ;
#621 = DIRECTION ( 'NONE',  ( 0.0000000000000000000, 0.0000000000000000000, 1.000000000000000000 ) ) ;
#622 = CARTESIAN_POINT ( 'NONE',  ( -1.720000000000000000, 11.60000000000000000, 14.90106036495389800 ) ) ;
#623 = CARTESIAN_POINT ( 'NONE',  ( -0.5541398715351829600, 9.967812027590625200, 14.99012331389114100 ) ) ;
#624 = CARTESIAN_POINT ( 'NONE',  ( -1.049187788247846200, 10.23246644305205100, 14.96355264479975300 ) ) ;
#625 = CARTESIAN_POINT ( 'NONE',  ( -1.136057135388611700, 10.30359999264463200, 14.95713393027895100 ) ) ;
#626 = CARTESIAN_POINT ( 'NONE',  ( -1.367595449533855800, 10.55089405341841800, 14.93765686019408700 ) ) ;
#627 = DIRECTION ( 'NONE',  ( 0.0000000000000000000, 1.000000000000000000, 0.0000000000000000000 ) ) ;
#628 = CARTESIAN_POINT ( 'NONE',  ( 1.836970221675633200E-015, 9.879999999999999000, 15.00000000000000000 ) ) ;
#629 = CARTESIAN_POINT ( 'NONE',  ( 1.545487148702599400, 10.83672778788917400, 14.92023316982464100 ) ) ;
#630 = CARTESIAN_POINT ( 'NONE',  ( -1.632203495721671800, 11.04591219404869700, 14.91099570551130800 ) ) ;
#631 = CARTESIAN_POINT ( 'NONE',  ( -1.720000000000000400, 11.48772409030825700, 14.90106036495389900 ) ) ;
#632 = DIRECTION ( 'NONE',  ( 0.0000000000000000000, 0.0000000000000000000, -1.000000000000000000 ) ) ;
#633 = CARTESIAN_POINT ( 'NONE',  ( 0.0000000000000000000, 5.799999999999999800, 0.0000000000000000000 ) ) ;
#634 = CARTESIAN_POINT ( 'NONE',  ( -0.4469067283060455000, 9.935270155063003400, 14.99374693221859000 ) ) ;
#635 = CARTESIAN_POINT ( 'NONE',  ( -1.296539021639405700, 10.46410151892666600, 14.94407801734639200 ) ) ;
#636 = CARTESIAN_POINT ( 'NONE',  ( -1.708748540531296800, 11.37367333849645800, 14.90237125171517000 ) ) ;
#637 = CARTESIAN_POINT ( 'NONE',  ( 0.9999999999999911200, 10.20057154523712100, -2.152774925391226500E-015 ) ) ;
#638 = CARTESIAN_POINT ( 'NONE',  ( 0.0000000000000000000, 16.90000000000000900, 0.0000000000000000000 ) ) ;
#639 = DIRECTION ( 'NONE',  ( 0.0000000000000000000, -1.000000000000000000, 0.0000000000000000000 ) ) ;
#640 = DIRECTION ( 'NONE',  ( 0.0000000000000000000, 0.0000000000000000000, 1.000000000000000000 ) ) ;
#641 = CARTESIAN_POINT ( 'NONE',  ( 1.720000000000000000, 11.60000000000000000, 14.90106036495389800 ) ) ;
#642 = CARTESIAN_POINT ( 'NONE',  ( -1.664735069071426700, 11.15311916322252900, 14.90735213404843200 ) ) ;
#643 = CARTESIAN_POINT ( 'NONE',  ( 0.0000000000000000000, 17.49999999999999600, 0.0000000000000000000 ) ) ;
#644 = CARTESIAN_POINT ( 'NONE',  ( -0.1122636372827753000, 9.879999999999999000, 15.00000000000000000 ) ) ;
#645 = CARTESIAN_POINT ( 'NONE',  ( -1.000000000000001300, 17.49999999999999600, 3.499999999999999600 ) ) ;
#646 = DIRECTION ( 'NONE',  ( 0.0000000000000000000, 1.000000000000000000, 0.0000000000000000000 ) ) ;
#647 = CARTESIAN_POINT ( 'NONE',  ( 1.208803941089633200, 12.83070658669172900, 2.190687167843725200 ) ) ;
#648 = CARTESIAN_POINT ( 'NONE',  ( 13.50858078116390200, -5.136522663772712600, -6.127946102127618000 ) ) ;
#649 = CARTESIAN_POINT ( 'NONE',  ( 13.44799697210449800, -5.220000000000000600, -6.059197755335962800 ) ) ;
#650 = CARTESIAN_POINT ( 'NONE',  ( 1.458847669516830900, 12.52091467063788800, 2.031737859290604600 ) ) ;
#651 = CARTESIAN_POINT ( 'NONE',  ( 1.916241495323065500, 5.799999999999999800, 6.001501356460898300 ) ) ;
#652 = CARTESIAN_POINT ( 'NONE',  ( 1.110186865029438600, 12.92069140703855500, 2.243198357041037200 ) ) ;
#653 = CARTESIAN_POINT ( 'NONE',  ( 1.702005475864997600, 11.88495531106123300, 1.831745986353983600 ) ) ;
#654 = CARTESIAN_POINT ( 'NONE',  ( 0.0000000000000000000, -4.970000000000006000, 0.0000000000000000000 ) ) ;
#655 = CARTESIAN_POINT ( 'NONE',  ( 0.0000000000000000000, 5.799999999999999800, 0.0000000000000000000 ) ) ;
#656 = CARTESIAN_POINT ( 'NONE',  ( 1.382539384536755100, 12.63171242152305500, 2.085402140008905100 ) ) ;
#657 = CARTESIAN_POINT ( 'NONE',  ( 0.0000000000000000000, 16.90000000000000900, 0.0000000000000000000 ) ) ;
#658 = DIRECTION ( 'NONE',  ( 0.0000000000000000000, 0.0000000000000000000, -1.000000000000000000 ) ) ;
#659 = DIRECTION ( 'NONE',  ( 0.0000000000000000000, 1.000000000000000000, 0.0000000000000000000 ) ) ;
#660 = DIRECTION ( 'NONE',  ( -0.0000000000000000000, 1.000000000000000000, -0.0000000000000000000 ) ) ;
#661 = DIRECTION ( 'NONE',  ( 1.000000000000000000, 0.0000000000000000000, 0.0000000000000000000 ) ) ;
#662 = DIRECTION ( 'NONE',  ( 1.000000000000000000, 0.0000000000000000000, 0.0000000000000000000 ) ) ;
#663 = CARTESIAN_POINT ( 'NONE',  ( 0.0000000000000000000, 11.60000000000000000, -1.720000000000000000 ) ) ;
#664 = DIRECTION ( 'NONE',  ( 0.0000000000000000000, 0.0000000000000000000, -1.000000000000000000 ) ) ;
#665 = CARTESIAN_POINT ( 'NONE',  ( 3.882285676537767600, 5.799999999999999800, -14.48888739433603400 ) ) ;
#666 = DIRECTION ( 'NONE',  ( 0.0000000000000000000, -1.000000000000000000, 0.0000000000000000000 ) ) ;
#667 = CARTESIAN_POINT ( 'NONE',  ( 0.9999999999999911200, 12.99942845476287600, 2.291287847477920800 ) ) ;
#668 = CARTESIAN_POINT ( 'NONE',  ( -3.882285676537682800, -5.220000000000000600, -14.48888739433604100 ) ) ;
#669 = CARTESIAN_POINT ( 'NONE',  ( 0.0000000000000000000, -4.969999999999984700, 0.0000000000000000000 ) ) ;
#670 = DIRECTION ( 'NONE',  ( 2.664535259100375700E-015, 0.0000000000000000000, -1.000000000000000000 ) ) ;
#671 = DIRECTION ( 'NONE',  ( 0.0000000000000000000, 1.000000000000000000, 0.0000000000000000000 ) ) ;
#672 = DIRECTION ( 'NONE',  ( 0.0000000000000000000, 0.7071067811865474600, 0.7071067811865474600 ) ) ;
#673 = CARTESIAN_POINT ( 'NONE',  ( -13.62776781038738600, -5.220000000000000600, -6.267690524122058600 ) ) ;
#674 = DIRECTION ( 'NONE',  ( -0.0000000000000000000, 1.000000000000000000, -0.0000000000000000000 ) ) ;
#675 = DIRECTION ( 'NONE',  ( -0.0000000000000000000, 1.000000000000000000, -0.0000000000000000000 ) ) ;
#676 = DIRECTION ( 'NONE',  ( 1.000000000000000000, -0.0000000000000000000, -0.0000000000000000000 ) ) ;
#677 = DIRECTION ( 'NONE',  ( 0.0000000000000000000, 0.0000000000000000000, 1.000000000000000000 ) ) ;
#678 = CARTESIAN_POINT ( 'NONE',  ( 1.633467992035884100, 12.15660083378548300, 1.893118674936313400 ) ) ;
#679 = CARTESIAN_POINT ( 'NONE',  ( 13.62776781038739500, -4.969999999999988200, -6.267690524122072800 ) ) ;
#680 = DIRECTION ( 'NONE',  ( 0.0000000000000000000, 0.0000000000000000000, 1.000000000000000000 ) ) ;
#681 = CARTESIAN_POINT ( 'NONE',  ( 13.56851174055018400, -5.053185826232530400, -6.197447835735320400 ) ) ;
#682 = DIRECTION ( 'NONE',  ( 0.0000000000000000000, 0.0000000000000000000, -1.000000000000000000 ) ) ;
#683 = CARTESIAN_POINT ( 'NONE',  ( -1.000000000000001300, 5.799999999999999800, 3.499999999999999600 ) ) ;
#684 = CARTESIAN_POINT ( 'NONE',  ( 1.583766050047107400, 12.28410923993830100, 1.935944304583073100 ) ) ;
#685 = CARTESIAN_POINT ( 'NONE',  ( 0.0000000000000000000, -5.219999999999998900, 14.74999999999998600 ) ) ;
#686 = DIRECTION ( 'NONE',  ( 0.0000000000000000000, 0.0000000000000000000, -1.000000000000000000 ) ) ;
#687 = CARTESIAN_POINT ( 'NONE',  ( 1.382159104155803900, 10.56777226295091100, 2.085657558000802300 ) ) ;
#688 = CARTESIAN_POINT ( 'NONE',  ( 1.720000000000000200, 11.45587405825922500, 1.814276715388257500 ) ) ;
#689 = CARTESIAN_POINT ( 'NONE',  ( 1.720000000000000200, 11.59999999999999800, 1.814276715388258900 ) ) ;
#690 = DIRECTION ( 'NONE',  ( 0.0000000000000000000, -1.000000000000000000, 0.0000000000000000000 ) ) ;
#691 = CARTESIAN_POINT ( 'NONE',  ( 1.208283614889916300, 10.36877760078740700, 2.190977394779600300 ) ) ;
#692 = DIRECTION ( 'NONE',  ( -0.0000000000000000000, -1.000000000000000000, -0.0000000000000000000 ) ) ;
#693 = CARTESIAN_POINT ( 'NONE',  ( 1.583623187507099800, 10.91558275444958400, 1.936059060292868500 ) ) ;
#694 = DIRECTION ( 'NONE',  ( -0.0000000000000000000, 1.000000000000000000, -0.0000000000000000000 ) ) ;
#695 = CARTESIAN_POINT ( 'NONE',  ( -1.000000000000001300, 5.799999999999999800, 3.499999999999999600 ) ) ;
#696 = CARTESIAN_POINT ( 'NONE',  ( 1.814276715388257300, 11.60000000000000000, 1.720000000000000000 ) ) ;
#697 = CARTESIAN_POINT ( 'NONE',  ( 1.831099455346835500E-015, 13.31999999999999900, 15.00000000000000000 ) ) ;
#698 = CARTESIAN_POINT ( 'NONE',  ( 1.502464779387913600, 12.46667209457910500, 14.92481361919535500 ) ) ;
#699 = CARTESIAN_POINT ( 'NONE',  ( 0.1136573766453320800, 13.32000000000000200, 15.00000000000000700 ) ) ;
#700 = CARTESIAN_POINT ( 'NONE',  ( 1.701904244689324200, 11.31416843746481700, 1.831848262677167700 ) ) ;
#701 = CARTESIAN_POINT ( 'NONE',  ( 1.720000000000000000, 11.82733057903902500, 14.90106036495389900 ) ) ;
#702 = CARTESIAN_POINT ( 'NONE',  ( 0.4452626413643229800, 13.26514274129050700, 14.99379301521226900 ) ) ;
#703 = DIRECTION ( 'NONE',  ( -0.0000000000000000000, 1.000000000000000000, -0.0000000000000000000 ) ) ;
#704 = DIRECTION ( 'NONE',  ( 1.000000000000000000, -0.0000000000000000000, -0.0000000000000000000 ) ) ;
#705 = CARTESIAN_POINT ( 'NONE',  ( 1.458782142152030600, 10.67899835626895400, 2.031782898513170300 ) ) ;
#706 = CARTESIAN_POINT ( 'NONE',  ( 1.814276715388258000, 11.48400872682963000, 1.720000000000000200 ) ) ;
#707 = CARTESIAN_POINT ( 'NONE',  ( 6.001501356460887700, -5.220000000000000600, -1.916241495323125300 ) ) ;
#708 = CARTESIAN_POINT ( 'NONE',  ( 0.2254285107096570300, 13.30884205098844900, 14.99870893741798400 ) ) ;
#709 = CARTESIAN_POINT ( 'NONE',  ( 0.5544855026956735400, 13.23206572542597200, 14.99011002928234900 ) ) ;
#710 = CARTESIAN_POINT ( 'NONE',  ( 0.8613550162253947900, 13.09301083568751500, 14.97554106107555900 ) ) ;
#711 = DIRECTION ( 'NONE',  ( -0.0000000000000000000, 1.000000000000000000, -0.0000000000000000000 ) ) ;
#712 = CARTESIAN_POINT ( 'NONE',  ( 0.7626387443115139100, 13.14579262855171700, 14.98096241929622600 ) ) ;
#713 = CARTESIAN_POINT ( 'NONE',  ( -14.50106054074815100, 11.60191767415244100, -1.719998930966483200 ) ) ;
#714 = CARTESIAN_POINT ( 'NONE',  ( 1.632869119694073900, 11.04150543585246800, 1.893643195935918100 ) ) ;
#715 = CARTESIAN_POINT ( 'NONE',  ( -14.50106048066137600, 11.60159808697173700, -1.719999287283027900 ) ) ;
#716 = CARTESIAN_POINT ( 'NONE',  ( 0.0000000000000000000, 11.60000000000000000, 1.720000000000000000 ) ) ;
#717 = DIRECTION ( 'NONE',  ( 0.0000000000000000000, 0.0000000000000000000, -1.000000000000000000 ) ) ;
#718 = CARTESIAN_POINT ( 'NONE',  ( -1.000000000000002200, 17.49999999999999600, 2.291287847477920800 ) ) ;
#719 = CARTESIAN_POINT ( 'NONE',  ( 1.674258968738514100, 12.05318631755818100, 14.90651934177186700 ) ) ;
#720 = DIRECTION ( 'NONE',  ( -0.0000000000000000000, 1.000000000000000000, -0.0000000000000000000 ) ) ;
#721 = CARTESIAN_POINT ( 'NONE',  ( -1.000000000000002200, 5.799999999999999800, 2.291287847477920800 ) ) ;
#722 = CARTESIAN_POINT ( 'NONE',  ( 1.048192210827167100, 12.96832266246607500, 14.96362441472980700 ) ) ;
#723 = CARTESIAN_POINT ( 'NONE',  ( 1.825914726876308300, 11.36625026264865400, 1.707929014381505400 ) ) ;
#724 = CARTESIAN_POINT ( 'NONE',  ( 0.0000000000000000000, -5.220000000000000600, 0.0000000000000000000 ) ) ;
#725 = CARTESIAN_POINT ( 'NONE',  ( 1.110499141189466000, 10.27953173845985900, 2.243062068551412200 ) ) ;
#726 = CARTESIAN_POINT ( 'NONE',  ( 1.836970198721029600E-015, 17.49999999999999600, 15.00000000000000000 ) ) ;
#727 = CARTESIAN_POINT ( 'NONE',  ( 6.267690524122010700, -5.220000000000000600, 13.62776781038739800 ) ) ;
#728 = DIRECTION ( 'NONE',  ( 7.175916417970819300E-016, 0.0000000000000000000, 1.000000000000000000 ) ) ;
#729 = CARTESIAN_POINT ( 'NONE',  ( 1.000000000000000900, 10.20057154523712800, 2.291287847477920800 ) ) ;
#730 = CARTESIAN_POINT ( 'NONE',  ( 1.136583669747206700, 12.89581204496675100, 14.95708858092467600 ) ) ;
#731 = CARTESIAN_POINT ( 'NONE',  ( 1.916241495323065500, -5.220000000000000600, 6.001501356460898300 ) ) ;
#732 = DIRECTION ( 'NONE',  ( -0.0000000000000000000, 1.000000000000000000, -0.0000000000000000000 ) ) ;
#733 = CARTESIAN_POINT ( 'NONE',  ( 1.374317829405194300, 12.65823233774381300, 14.93775537112694900 ) ) ;
#734 = CARTESIAN_POINT ( 'NONE',  ( 1.720000000000000000, 11.60000000000000000, 14.90106036495389800 ) ) ;
#735 = CARTESIAN_POINT ( 'NONE',  ( 1.868238270016955100, 11.14066506398491200, 1.661526970721215500 ) ) ;
#736 = CARTESIAN_POINT ( 'NONE',  ( 1.000000000000001300, 10.20057154523712800, 0.0000000000000000000 ) ) ;
#737 = CARTESIAN_POINT ( 'NONE',  ( 14.99868930830842800, 13.30867093823432200, 0.2267392831282074000 ) ) ;
#738 = CARTESIAN_POINT ( 'NONE',  ( 14.99999032898674900, 13.31991565974555200, 0.1149646384237342200 ) ) ;
#739 = CARTESIAN_POINT ( 'NONE',  ( 1.863975577919045200, 11.13189973356842800, -1.669725938671569500 ) ) ;
#740 = CARTESIAN_POINT ( 'NONE',  ( 2.004990198142192300, 10.72552953223053700, -1.497465849595582800 ) ) ;
#741 = CARTESIAN_POINT ( 'NONE',  ( 14.99382345468601400, 13.26541603247584400, -0.4442520491167718000 ) ) ;
#742 = CARTESIAN_POINT ( 'NONE',  ( 15.00000956368523800, 13.32008340425419800, -0.1124269857959313100 ) ) ;
#743 = CARTESIAN_POINT ( 'NONE',  ( 2.377835549418010300, 10.06259351905391100, 0.7794357717540112400 ) ) ;
#744 = CARTESIAN_POINT ( 'NONE',  ( 14.99375312727896900, 13.26478474578217400, 0.4466081368392542700 ) ) ;
#745 = CARTESIAN_POINT ( 'NONE',  ( 2.460139712475469100, 9.938381055053371300, -0.4591118954678472500 ) ) ;
#746 = CARTESIAN_POINT ( 'NONE',  ( 14.92471229829898100, 12.46498715696636400, 1.503459992530470400 ) ) ;
#747 = CARTESIAN_POINT ( 'NONE',  ( 14.99014569354821300, 13.23239236070089900, -0.5535352752270630300 ) ) ;
#748 = CARTESIAN_POINT ( 'NONE',  ( 14.98089224672815000, 13.14511538348555000, 0.7640166816588767100 ) ) ;
#749 = CARTESIAN_POINT ( 'NONE',  ( 14.98100331046357600, 13.14618792311712300, -0.7618458023787411100 ) ) ;
#750 = CARTESIAN_POINT ( 'NONE',  ( 2.491775237490461600, 9.891891704991365900, -0.2326527525913230600 ) ) ;
#751 = CARTESIAN_POINT ( 'NONE',  ( 2.096215852434619300, 10.54221136143154100, -1.373520761332153400 ) ) ;
#752 = CARTESIAN_POINT ( 'NONE',  ( 1.814276715388258200, 11.36386864304021300, -1.720000000000000000 ) ) ;
#753 = CARTESIAN_POINT ( 'NONE',  ( 14.90644907090326000, 12.05098724832589400, 1.674874691642309400 ) ) ;
#754 = CARTESIAN_POINT ( 'NONE',  ( 1.898585830210387500, 11.03221413036687300, 1.627439250973262500 ) ) ;
#755 = CARTESIAN_POINT ( 'NONE',  ( 2.010442336525850100, 10.73016856565456000, 1.487802326454457500 ) ) ;
#756 = CARTESIAN_POINT ( 'NONE',  ( 2.436779643763587400, 9.972908834886119700, -0.5691588914440066600 ) ) ;
#757 = CARTESIAN_POINT ( 'NONE',  ( 14.93764722643384100, 12.65674430188311900, 1.375486621249268900 ) ) ;
#758 = CARTESIAN_POINT ( 'NONE',  ( 14.99005940628252300, 13.23160351926658500, 0.5558533925898593300 ) ) ;
#759 = CARTESIAN_POINT ( 'NONE',  ( 14.99872644620004000, 13.30899496162966500, -0.2242914744176786600 ) ) ;
#760 = CARTESIAN_POINT ( 'NONE',  ( 14.97558289914496200, 13.09342976505655400, -0.8606347336820130400 ) ) ;
#761 = CARTESIAN_POINT ( 'NONE',  ( 14.96366570997935600, 12.96877345605684800, -1.047608626334750800 ) ) ;
#762 = CARTESIAN_POINT ( 'NONE',  ( 1.970109247523667700, 10.82599542232771700, 1.540083187073286700 ) ) ;
#763 = CARTESIAN_POINT ( 'NONE',  ( 14.95712766050995200, 12.89626361844383400, -1.136073987350651100 ) ) ;
#764 = CARTESIAN_POINT ( 'NONE',  ( 14.93778513389346900, 12.65865517011225300, -1.374009870320531200 ) ) ;
#765 = CARTESIAN_POINT ( 'NONE',  ( 2.094613833317120000, 10.55017361130357800, 1.366757857257595800 ) ) ;
#766 = CARTESIAN_POINT ( 'NONE',  ( 2.342501638826326900, 10.11740087694839800, 0.8788678436776072900 ) ) ;
#767 = CARTESIAN_POINT ( 'NONE',  ( 2.500098492066953800, 9.879856842867514600, -0.1141901614553214500 ) ) ;
#768 = CARTESIAN_POINT ( 'NONE',  ( 2.465241033730441300, 9.929586726374479300, 0.4680542010012644400 ) ) ;
#769 = CARTESIAN_POINT ( 'NONE',  ( 2.499800277516422800, 9.880290294425186900, 0.2347893195258105600 ) ) ;
#770 = CARTESIAN_POINT ( 'NONE',  ( 2.138920071699225800, 10.46532182601685100, 1.297198232345584800 ) ) ;
#771 = CARTESIAN_POINT ( 'NONE',  ( 14.90106036495389800, 11.60000000000000000, 1.720000000000000000 ) ) ;
#772 = CARTESIAN_POINT ( 'NONE',  ( 0.9999999999999986700, 5.799999999999999800, 3.499999999999999600 ) ) ;
#773 = CARTESIAN_POINT ( 'NONE',  ( 2.224619272475540000, 10.31102894025291200, 1.144015480510964600 ) ) ;
#774 = CARTESIAN_POINT ( 'NONE',  ( 2.348793613981135800, 10.10676393346447500, -0.8834682013534294100 ) ) ;
#775 = CARTESIAN_POINT ( 'NONE',  ( 2.267262354265517000, 10.23424947850790200, -1.067802228289042500 ) ) ;
#776 = CARTESIAN_POINT ( 'NONE',  ( 1.814276715388257500, 11.60000000000000000, -1.720000000000000000 ) ) ;
#777 = CARTESIAN_POINT ( 'NONE',  ( 14.90106036495389600, 11.82455088081998400, 1.719999999999999800 ) ) ;
#778 = CARTESIAN_POINT ( 'NONE',  ( 14.95699340634716600, 12.89472109817389100, 1.137833585874021200 ) ) ;
#779 = CARTESIAN_POINT ( 'NONE',  ( 2.266005132015399800, 10.24148408544858300, 1.060633469316531800 ) ) ;
#780 = CARTESIAN_POINT ( 'NONE',  ( 14.96353607428682700, 12.96736037224761700, 1.049448263759355600 ) ) ;
#781 = CARTESIAN_POINT ( 'NONE',  ( 14.97546285412720700, 13.09222995428110400, 0.8627084150782735600 ) ) ;
#782 = CARTESIAN_POINT ( 'NONE',  ( 14.90106036495389800, 11.60000000000000000, -1.720000000000000000 ) ) ;
#783 = CARTESIAN_POINT ( 'NONE',  ( -14.93756385372687300, 10.07382133187517300, 1.370586816817175100 ) ) ;
#784 = CARTESIAN_POINT ( 'NONE',  ( -14.50106035919510100, 11.60031963747058500, -1.720000000000000400 ) ) ;
#785 = CARTESIAN_POINT ( 'NONE',  ( -15.00000353494581200, 9.574764774122202800, 0.1349774609601947800 ) ) ;
#786 = CARTESIAN_POINT ( 'NONE',  ( -14.97231756144621100, 9.779706190724805700, -0.9194618003035933700 ) ) ;
#787 = CARTESIAN_POINT ( 'NONE',  ( -14.96428914270242500, 9.842926777758554700, -1.040594527303345500 ) ) ;
#788 = CARTESIAN_POINT ( 'NONE',  ( -14.89178341429130700, 10.58445512846636500, -1.800140256151665500 ) ) ;
#789 = CARTESIAN_POINT ( 'NONE',  ( -1.000000000000002200, 12.99942845476286900, 2.291287847477920800 ) ) ;
#790 = CARTESIAN_POINT ( 'NONE',  ( -14.88385093887417400, 10.70033596613063200, -1.863806248217745500 ) ) ;
#791 = CARTESIAN_POINT ( 'NONE',  ( -14.91868264566371300, 10.26129620777357100, -1.562772528183114600 ) ) ;
#792 = CARTESIAN_POINT ( 'NONE',  ( -14.85766840767570300, 11.33636320163657800, -2.061653185024191300 ) ) ;
#793 = CARTESIAN_POINT ( 'NONE',  ( -1.110499141189467100, 12.92046826154013700, 2.243062068551412200 ) ) ;
#794 = CARTESIAN_POINT ( 'NONE',  ( -1.208283614889917000, 12.83122239921259000, 2.190977394779599000 ) ) ;
#795 = CARTESIAN_POINT ( 'NONE',  ( -14.99222530307563000, 9.627851294937082500, -0.5440524918168672100 ) ) ;
#796 = CARTESIAN_POINT ( 'NONE',  ( -14.50106039020803400, 11.60095888736611500, -1.719999821799799400 ) ) ;
#797 = CARTESIAN_POINT ( 'NONE',  ( -14.94692324734390400, 9.989926096722449200, 1.265805083303563200 ) ) ;
#798 = CARTESIAN_POINT ( 'NONE',  ( -14.97235125363364900, 9.779449994258719400, 0.9189117165755922300 ) ) ;
#799 = CARTESIAN_POINT ( 'NONE',  ( -14.94690027980915500, 9.990131020961142000, -1.266079990402118500 ) ) ;
#800 = CARTESIAN_POINT ( 'NONE',  ( -14.85581972483536400, 11.60225796500941100, -2.074757890259137500 ) ) ;
#801 = CARTESIAN_POINT ( 'NONE',  ( 6.267690524121915600, -5.220000000000000600, -13.62776781038744100 ) ) ;
#802 = CARTESIAN_POINT ( 'NONE',  ( -1.916241495323069800, 5.799999999999999800, 6.001501356460897400 ) ) ;
#803 = CARTESIAN_POINT ( 'NONE',  ( -1.382159104155805200, 12.63222773704908500, 2.085657558000801000 ) ) ;
#804 = CARTESIAN_POINT ( 'NONE',  ( -14.85581954474042200, 11.60000000000000000, 2.074759179786525000 ) ) ;
#805 = CARTESIAN_POINT ( 'NONE',  ( 14.90652455742133700, 12.05339437991629100, -1.674216549555551200 ) ) ;
#806 = CARTESIAN_POINT ( 'NONE',  ( 0.9999999999999911200, 12.99942845476287600, -2.152774925391226500E-015 ) ) ;
#807 = CARTESIAN_POINT ( 'NONE',  ( -14.85582958996191200, 11.33278297869643000, 2.074687253367706800 ) ) ;
#808 = CARTESIAN_POINT ( 'NONE',  ( 14.92483393853141900, 12.46704104601430200, -1.502267400655356900 ) ) ;
#809 = CARTESIAN_POINT ( 'NONE',  ( -14.86357693861284600, 11.07076398974032100, 2.021185718762446000 ) ) ;
#810 = CARTESIAN_POINT ( 'NONE',  ( -14.99088369292493200, 9.639989391034570000, 0.5397946190274112200 ) ) ;
#811 = DIRECTION ( 'NONE',  ( -0.0000000000000000000, 1.000000000000000000, -0.0000000000000000000 ) ) ;
#812 = CARTESIAN_POINT ( 'NONE',  ( -14.90917596756710300, 10.36502594506764500, -1.649906108873761000 ) ) ;
#813 = CARTESIAN_POINT ( 'NONE',  ( -14.90924204514494600, 10.35505634311453300, 1.658852032486563700 ) ) ;
#814 = CARTESIAN_POINT ( 'NONE',  ( -14.99813694664908100, 9.587807054661338300, 0.2717724325485869600 ) ) ;
#815 = DIRECTION ( 'NONE',  ( 0.0000000000000000000, 0.0000000000000000000, -1.000000000000000000 ) ) ;
#816 = CARTESIAN_POINT ( 'NONE',  ( -14.89051450158291000, 10.57832315401068100, 1.812095195607050300 ) ) ;
#817 = CARTESIAN_POINT ( 'NONE',  ( 14.90106036495389800, 11.82743632863948200, -1.720000000000000200 ) ) ;
#818 = CARTESIAN_POINT ( 'NONE',  ( -14.98561304760465300, 9.678288320964544100, 0.6686571561765294300 ) ) ;
#819 = CARTESIAN_POINT ( 'NONE',  ( -14.87034949466524300, 10.94676010237561500, -1.968628560198775900 ) ) ;
#820 = CARTESIAN_POINT ( 'NONE',  ( -14.86497105173277200, 11.07436735782996000, -2.008322682965008700 ) ) ;
#821 = CARTESIAN_POINT ( 'NONE',  ( -14.96430216868690800, 9.842827046347064600, 1.040402650486366200 ) ) ;
#822 = CARTESIAN_POINT ( 'NONE',  ( -14.85580365121034600, 11.47046748604018500, -2.074872981700257600 ) ) ;
#823 = CARTESIAN_POINT ( 'NONE',  ( 1.000000000000001300, 5.799999999999999800, 3.291287847477919900 ) ) ;
#824 = DIRECTION ( 'NONE',  ( -0.0000000000000000000, -0.0000000000000000000, 1.000000000000000000 ) ) ;
#825 = CARTESIAN_POINT ( 'NONE',  ( -14.50106036177876100, 11.60000000000000900, -1.719999998811350100 ) ) ;
#826 = CARTESIAN_POINT ( 'NONE',  ( -14.99999291472101400, 9.574829694175365400, -0.2711317239560656100 ) ) ;
#827 = CARTESIAN_POINT ( 'NONE',  ( 0.0000000000000000000, -5.220000000000000600, 0.0000000000000000000 ) ) ;
#828 = CARTESIAN_POINT ( 'NONE',  ( -14.93759020465491200, 10.07357484122865900, -1.370309722168409300 ) ) ;
#829 = DIRECTION ( 'NONE',  ( 1.000000000000000000, -0.0000000000000000000, -0.0000000000000000000 ) ) ;
#830 = DIRECTION ( 'NONE',  ( 0.0000000000000000000, -1.000000000000000000, 0.0000000000000000000 ) ) ;
#831 = CARTESIAN_POINT ( 'NONE',  ( 14.99462824116642200, 9.925319789652231600, -0.4517058727841955500 ) ) ;
#832 = CARTESIAN_POINT ( 'NONE',  ( 0.0000000000000000000, -4.969999999999984700, 0.0000000000000000000 ) ) ;
#833 = CARTESIAN_POINT ( 'NONE',  ( 14.99999057692656000, 9.880082177971473800, -0.2252035419054382000 ) ) ;
#834 = CARTESIAN_POINT ( 'NONE',  ( 14.92022486655681800, 10.83689272770788200, -1.545566765471566800 ) ) ;
#835 = CARTESIAN_POINT ( 'NONE',  ( 15.00000469178521800, 9.879959083265749300, 0.1116589997022970800 ) ) ;
#836 = DIRECTION ( 'NONE',  ( 0.0000000000000000000, 0.0000000000000000000, 1.000000000000000000 ) ) ;
#837 = CARTESIAN_POINT ( 'NONE',  ( -1.719999999999999800, 11.74412594174077100, 1.814276715388257300 ) ) ;
#838 = DIRECTION ( 'NONE',  ( 0.0000000000000000000, 1.000000000000000000, 0.0000000000000000000 ) ) ;
#839 = DIRECTION ( 'NONE',  ( 0.0000000000000000000, 0.0000000000000000000, -1.000000000000000000 ) ) ;
#840 = CARTESIAN_POINT ( 'NONE',  ( 14.99870755281997800, 9.891168423218612600, 0.2257262302048667600 ) ) ;
#841 = CARTESIAN_POINT ( 'NONE',  ( 14.48888739433601500, 5.799999999999999800, -3.882285676537844000 ) ) ;
#842 = CARTESIAN_POINT ( 'NONE',  ( 14.99376222478596100, 9.935132811241514300, 0.4464022094514033000 ) ) ;
#843 = CARTESIAN_POINT ( 'NONE',  ( -1.701904244689323600, 11.88583156253518400, 1.831848262677167000 ) ) ;
#844 = CARTESIAN_POINT ( 'NONE',  ( 0.0000000000000000000, 17.49999999999999600, -14.40000000000000900 ) ) ;
#845 = CARTESIAN_POINT ( 'NONE',  ( 14.92567325739360300, 10.73812972667645800, -1.492718972660265400 ) ) ;
#846 = CARTESIAN_POINT ( 'NONE',  ( 14.96352929069956500, 10.22501985412879600, -1.057404922777933900 ) ) ;
#847 = CARTESIAN_POINT ( 'NONE',  ( -1.720000000000000200, 11.60000000000000100, 1.814276715388258400 ) ) ;
#848 = DIRECTION ( 'NONE',  ( -0.0000000000000000000, 1.000000000000000000, -0.0000000000000000000 ) ) ;
#849 = DIRECTION ( 'NONE',  ( -0.0000000000000000000, 1.000000000000000000, -0.0000000000000000000 ) ) ;
#850 = CARTESIAN_POINT ( 'NONE',  ( 0.0000000000000000000, 5.799999999999999800, 0.0000000000000000000 ) ) ;
#851 = DIRECTION ( 'NONE',  ( 0.0000000000000000000, 1.000000000000000000, 0.0000000000000000000 ) ) ;
#852 = DIRECTION ( 'NONE',  ( -0.0000000000000000000, -1.000000000000000000, -0.0000000000000000000 ) ) ;
#853 = DIRECTION ( 'NONE',  ( 4.336808689942021200E-016, -0.0000000000000000000, 1.000000000000000000 ) ) ;
#854 = CARTESIAN_POINT ( 'NONE',  ( 14.91102360235487400, 11.04515992359174000, -1.631950313326553200 ) ) ;
#855 = CARTESIAN_POINT ( 'NONE',  ( 0.0000000000000000000, 17.49999999999999600, -15.00000000000000000 ) ) ;
#856 = DIRECTION ( 'NONE',  ( 0.0000000000000000000, 0.0000000000000000000, -1.000000000000000000 ) ) ;
#857 = CARTESIAN_POINT ( 'NONE',  ( 14.90236192887423200, 11.37442950359758200, -1.708828170011130500 ) ) ;
#858 = CARTESIAN_POINT ( 'NONE',  ( 14.90106036495389600, 11.48625483259198700, -1.720000000000000000 ) ) ;
#859 = CARTESIAN_POINT ( 'NONE',  ( -1.632869119694072800, 12.15849456414753700, 1.893643195935917700 ) ) ;
#860 = CARTESIAN_POINT ( 'NONE',  ( 0.0000000000000000000, -5.220000000000000600, 0.0000000000000000000 ) ) ;
#861 = DIRECTION ( 'NONE',  ( -0.0000000000000000000, 1.000000000000000000, -0.0000000000000000000 ) ) ;
#862 = CARTESIAN_POINT ( 'NONE',  ( 1.836970198721029600E-015, 5.799999999999999800, 15.00000000000000000 ) ) ;
#863 = DIRECTION ( 'NONE',  ( 0.0000000000000000000, -0.7071067811865474600, -0.7071067811865474600 ) ) ;
#864 = CARTESIAN_POINT ( 'NONE',  ( 14.94418251250016800, 10.46279669412420400, -1.295275080501789200 ) ) ;
#865 = CARTESIAN_POINT ( 'NONE',  ( -1.458782142152031900, 12.52100164373104400, 2.031782898513169000 ) ) ;
#866 = DIRECTION ( 'NONE',  ( 0.0000000000000000000, 0.0000000000000000000, -1.000000000000000000 ) ) ;
#867 = CARTESIAN_POINT ( 'NONE',  ( -1.583623187507099400, 12.28441724555041000, 1.936059060292867100 ) ) ;
#868 = CARTESIAN_POINT ( 'NONE',  ( 14.90731427032260500, 11.15445567689490300, -1.665072376691069800 ) ) ;
#869 = CARTESIAN_POINT ( 'NONE',  ( 14.93763180832166900, 10.55121869651123700, -1.367877215553768200 ) ) ;
#870 = CARTESIAN_POINT ( 'NONE',  ( 14.97643527926318900, 10.09690606078537400, -0.8656215179479037600 ) ) ;
#871 = CARTESIAN_POINT ( 'NONE',  ( 1.836970198721029600E-015, 17.49999999999999600, 15.00000000000000000 ) ) ;
#872 = DIRECTION ( 'NONE',  ( -0.0000000000000000000, 1.000000000000000000, -0.0000000000000000000 ) ) ;
#873 = DIRECTION ( 'NONE',  ( -0.0000000000000000000, -1.000000000000000000, -0.0000000000000000000 ) ) ;
#874 = DIRECTION ( 'NONE',  ( 0.0000000000000000000, 0.0000000000000000000, -1.000000000000000000 ) ) ;
#875 = CARTESIAN_POINT ( 'NONE',  ( 14.90106036495389800, 11.60000000000000000, -1.720000000000000000 ) ) ;
#876 = CARTESIAN_POINT ( 'NONE',  ( -1.916241495323137500, -5.220000000000000600, -6.001501356460879700 ) ) ;
#877 = CARTESIAN_POINT ( 'NONE',  ( -3.882285676537740000, -5.220000000000000600, 14.48888739433602900 ) ) ;
#878 = CARTESIAN_POINT ( 'NONE',  ( -0.9999999999999986700, 5.799999999999999800, 3.291287847477919900 ) ) ;
#879 = DIRECTION ( 'NONE',  ( 0.0000000000000000000, 0.0000000000000000000, -1.000000000000000000 ) ) ;
#880 = DIRECTION ( 'NONE',  ( 0.0000000000000000000, 1.000000000000000000, 0.0000000000000000000 ) ) ;
#881 = CARTESIAN_POINT ( 'NONE',  ( -1.208283614889917400, 12.83122239921259000, 2.190977394779599400 ) ) ;
#882 = CARTESIAN_POINT ( 'NONE',  ( -1.916241495323069800, -5.220000000000000600, 6.001501356460897400 ) ) ;
#883 = CARTESIAN_POINT ( 'NONE',  ( -1.458782142152031500, 12.52100164373104700, 2.031782898513169800 ) ) ;
#884 = CARTESIAN_POINT ( 'NONE',  ( 14.90106036495389800, 11.60000000000000000, 1.720000000000000000 ) ) ;
#885 = CARTESIAN_POINT ( 'NONE',  ( 14.92019373528793300, 10.83750022902559000, 1.545866045399108900 ) ) ;
#886 = CARTESIAN_POINT ( 'NONE',  ( 0.0000000000000000000, -5.220000000000000600, 0.0000000000000000000 ) ) ;
#887 = DIRECTION ( 'NONE',  ( 0.0000000000000000000, -1.000000000000000000, 0.0000000000000000000 ) ) ;
#888 = CARTESIAN_POINT ( 'NONE',  ( 14.99014092282274800, 9.967650835608186100, 0.5536695222575900300 ) ) ;
#889 = CARTESIAN_POINT ( 'NONE',  ( 14.96357315234682300, 10.23224235516351200, 1.048898511219499300 ) ) ;
#890 = CARTESIAN_POINT ( 'NONE',  ( 14.90237187565984000, 11.37362044269833000, 1.708743230608373200 ) ) ;
#891 = CARTESIAN_POINT ( 'NONE',  ( 0.0000000000000000000, 16.90000000000000900, 0.0000000000000000000 ) ) ;
#892 = CARTESIAN_POINT ( 'NONE',  ( -6.267690524122007100, -5.220000000000000600, 13.62776781038739800 ) ) ;
#893 = DIRECTION ( 'NONE',  ( 0.0000000000000000000, 0.0000000000000000000, 1.000000000000000000 ) ) ;
#894 = DIRECTION ( 'NONE',  ( -0.0000000000000000000, 1.000000000000000000, -0.0000000000000000000 ) ) ;
#895 = DIRECTION ( 'NONE',  ( 4.336808689942021200E-016, -0.0000000000000000000, 1.000000000000000000 ) ) ;
#896 = CARTESIAN_POINT ( 'NONE',  ( -1.583623187507098700, 12.28441724555041100, 1.936059060292868200 ) ) ;
#897 = CARTESIAN_POINT ( 'NONE',  ( -1.632869119694073700, 12.15849456414753500, 1.893643195935917700 ) ) ;
#898 = DIRECTION ( 'NONE',  ( 1.000000000000000000, -0.0000000000000000000, -0.0000000000000000000 ) ) ;
#899 = CARTESIAN_POINT ( 'NONE',  ( 14.94409457396251800, 10.46388327666700500, 1.296350413398329700 ) ) ;
#900 = DIRECTION ( 'NONE',  ( -0.0000000000000000000, 1.000000000000000000, -0.0000000000000000000 ) ) ;
#901 = CARTESIAN_POINT ( 'NONE',  ( -0.9999999999999991100, 12.99942845476287300, 2.291287847477920800 ) ) ;
#902 = DIRECTION ( 'NONE',  ( -0.0000000000000000000, 1.000000000000000000, -0.0000000000000000000 ) ) ;
#903 = CARTESIAN_POINT ( 'NONE',  ( -1.720000000000000000, 11.60000000000000000, 14.90106036495389800 ) ) ;
#904 = CARTESIAN_POINT ( 'NONE',  ( -0.9999999999999986700, 17.49999999999999600, 3.291287847477919900 ) ) ;
#905 = CARTESIAN_POINT ( 'NONE',  ( -1.110499141189465400, 12.92046826154013700, 2.243062068551412200 ) ) ;
#906 = CARTESIAN_POINT ( 'NONE',  ( -1.701904244689324200, 11.88583156253517900, 1.831848262677167700 ) ) ;
#907 = CARTESIAN_POINT ( 'NONE',  ( 14.90735499623425400, 11.15301771035401800, 1.664709573726563100 ) ) ;
#908 = DIRECTION ( 'NONE',  ( -0.0000000000000000000, 1.000000000000000000, -0.0000000000000000000 ) ) ;
#909 = CARTESIAN_POINT ( 'NONE',  ( 1.000000000000001300, 17.49999999999999600, 3.291287847477919900 ) ) ;
#910 = CARTESIAN_POINT ( 'NONE',  ( -0.9999999999999991100, 5.799999999999999800, 2.291287847477920800 ) ) ;
#911 = CARTESIAN_POINT ( 'NONE',  ( 14.97546604219359700, 10.10774577559067400, 0.8626276088670303800 ) ) ;
#912 = CARTESIAN_POINT ( 'NONE',  ( 14.90106036495390300, 11.48769789908553700, 1.720000000000000200 ) ) ;
#913 = CARTESIAN_POINT ( 'NONE',  ( -1.720000000000000000, 11.74412594174076900, 1.814276715388257500 ) ) ;
#914 = CARTESIAN_POINT ( 'NONE',  ( -1.720000000000000200, 11.60000000000000100, 1.814276715388259100 ) ) ;
#915 = DIRECTION ( 'NONE',  ( 0.0000000000000000000, 0.0000000000000000000, 1.000000000000000000 ) ) ;
#916 = CARTESIAN_POINT ( 'NONE',  ( 14.91100017813091900, 11.04578784348303000, 1.632163170955255300 ) ) ;
#917 = CARTESIAN_POINT ( 'NONE',  ( -1.382159104155805200, 12.63222773704908500, 2.085657558000801900 ) ) ;
#918 = DIRECTION ( 'NONE',  ( -0.0000000000000000000, 1.000000000000000000, -0.0000000000000000000 ) ) ;
#919 = CARTESIAN_POINT ( 'NONE',  ( 1.916241495323022200, -5.220000000000000600, -6.001501356460912500 ) ) ;
#920 = CARTESIAN_POINT ( 'NONE',  ( 0.0000000000000000000, 17.49999999999999600, 0.0000000000000000000 ) ) ;
#921 = CARTESIAN_POINT ( 'NONE',  ( 14.93767140819387000, 10.55068580779535400, 1.367437775962119500 ) ) ;
#922 = CARTESIAN_POINT ( 'NONE',  ( -1.720000000000000200, 11.82465528879241200, 14.90106036495389900 ) ) ;
#923 = CARTESIAN_POINT ( 'NONE',  ( 14.95715392170837200, 10.30336897647132600, 1.135796457195523700 ) ) ;
#924 = DIRECTION ( 'NONE',  ( -0.0000000000000000000, 1.000000000000000000, -0.0000000000000000000 ) ) ;
#925 = CARTESIAN_POINT ( 'NONE',  ( 14.98099394046002100, 10.05390221767657600, 0.7620337143868288800 ) ) ;
#926 = CARTESIAN_POINT ( 'NONE',  ( 14.92574662328358100, 10.73689778284908400, 1.491978856364757400 ) ) ;
#927 = DIRECTION ( 'NONE',  ( 0.0000000000000000000, 0.0000000000000000000, 1.000000000000000000 ) ) ;
#928 = DIRECTION ( 'NONE',  ( 0.0000000000000000000, 1.000000000000000000, 0.0000000000000000000 ) ) ;
#929 = DIRECTION ( 'NONE',  ( 0.0000000000000000000, 1.000000000000000000, 0.0000000000000000000 ) ) ;
#930 = CARTESIAN_POINT ( 'NONE',  ( -14.48888739433604100, 5.799999999999999800, 3.882285676537746700 ) ) ;
#931 = CARTESIAN_POINT ( 'NONE',  ( 3.882285676537767600, -5.220000000000000600, -14.48888739433603400 ) ) ;
#932 = DIRECTION ( 'NONE',  ( 0.0000000000000000000, 0.0000000000000000000, 1.000000000000000000 ) ) ;
#933 = DIRECTION ( 'NONE',  ( -0.0000000000000000000, 1.000000000000000000, -0.0000000000000000000 ) ) ;
#934 = CARTESIAN_POINT ( 'NONE',  ( -0.4455978699522739100, 13.26505882264736200, 14.99378364788980100 ) ) ;
#935 = DIRECTION ( 'NONE',  ( 0.0000000000000000000, 0.0000000000000000000, 1.000000000000000000 ) ) ;
#936 = CARTESIAN_POINT ( 'NONE',  ( 1.000000000000001300, 5.799999999999999800, 3.291287847477919900 ) ) ;
#937 = CARTESIAN_POINT ( 'NONE',  ( -1.048865380673464200, 12.96781148660303300, 14.96357736975544300 ) ) ;
#938 = CARTESIAN_POINT ( 'NONE',  ( -1.674832549783741100, 12.05119541391944100, 14.90645425593034200 ) ) ;
#939 = CARTESIAN_POINT ( 'NONE',  ( -0.9999999999999986700, 5.799999999999999800, 3.291287847477919900 ) ) ;
#940 = DIRECTION ( 'NONE',  ( -0.0000000000000000000, 1.000000000000000000, -0.0000000000000000000 ) ) ;
#941 = DIRECTION ( 'NONE',  ( 0.0000000000000000000, 0.0000000000000000000, -1.000000000000000000 ) ) ;
#942 = CARTESIAN_POINT ( 'NONE',  ( -1.375179213748586100, 12.65716741717357200, 14.93767696435074300 ) ) ;
#943 = CARTESIAN_POINT ( 'NONE',  ( 0.0000000000000000000, -4.969999999999984700, 0.0000000000000000000 ) ) ;
#944 = CARTESIAN_POINT ( 'NONE',  ( 0.0000000000000000000, -5.220000000000000600, 0.0000000000000000000 ) ) ;
#945 = CARTESIAN_POINT ( 'NONE',  ( -0.7632242349856426200, 13.14551132291312100, 14.98093318674158600 ) ) ;
#946 = CARTESIAN_POINT ( 'NONE',  ( -0.2256025808896898200, 13.30882468968520300, 14.99870691149505200 ) ) ;
#947 = CARTESIAN_POINT ( 'NONE',  ( 0.0000000000000000000, 5.799999999999999800, 0.0000000000000000000 ) ) ;
#948 = DIRECTION ( 'NONE',  ( 0.0000000000000000000, 1.000000000000000000, 0.0000000000000000000 ) ) ;
#949 = DIRECTION ( 'NONE',  ( 0.0000000000000000000, 1.000000000000000000, 0.0000000000000000000 ) ) ;
#950 = CARTESIAN_POINT ( 'NONE',  ( 0.0000000000000000000, 17.49999999999999600, 0.0000000000000000000 ) ) ;
#951 = CARTESIAN_POINT ( 'NONE',  ( -14.48888739433603400, 5.799999999999999800, -3.882285676537764500 ) ) ;
#952 = DIRECTION ( 'NONE',  ( 0.0000000000000000000, 0.0000000000000000000, -1.000000000000000000 ) ) ;
#953 = DIRECTION ( 'NONE',  ( -0.0000000000000000000, 1.000000000000000000, -0.0000000000000000000 ) ) ;
#954 = DIRECTION ( 'NONE',  ( 0.0000000000000000000, 0.0000000000000000000, -1.000000000000000000 ) ) ;
#955 = CARTESIAN_POINT ( 'NONE',  ( 1.000000000000001300, 5.799999999999999800, 3.291287847477919900 ) ) ;
#956 = DIRECTION ( 'NONE',  ( 0.0000000000000000000, 0.0000000000000000000, -1.000000000000000000 ) ) ;
#957 = CARTESIAN_POINT ( 'NONE',  ( 3.882285676537774700, -5.220000000000000600, 14.48888739433602200 ) ) ;
#958 = DIRECTION ( 'NONE',  ( -0.0000000000000000000, 1.000000000000000000, -0.0000000000000000000 ) ) ;
#959 = DIRECTION ( 'NONE',  ( 0.0000000000000000000, 0.0000000000000000000, 1.000000000000000000 ) ) ;
#960 = CARTESIAN_POINT ( 'NONE',  ( 1.831099455346835500E-015, 13.31999999999999900, 15.00000000000000000 ) ) ;
#961 = DIRECTION ( 'NONE',  ( -0.0000000000000000000, 1.000000000000000000, -0.0000000000000000000 ) ) ;
#962 = DIRECTION ( 'NONE',  ( 0.0000000000000000000, 1.000000000000000000, 0.0000000000000000000 ) ) ;
#963 = CARTESIAN_POINT ( 'NONE',  ( -1.137324162050310700, 12.89517333005334300, 14.95703250951611300 ) ) ;
#964 = CARTESIAN_POINT ( 'NONE',  ( -0.5549033950026587300, 13.23193097413359200, 14.99009514982140500 ) ) ;
#965 = DIRECTION ( 'NONE',  ( 0.0000000000000000000, -1.000000000000000000, 0.0000000000000000000 ) ) ;
#966 = CARTESIAN_POINT ( 'NONE',  ( 1.000000000000001300, 5.799999999999999800, 2.291287847477921700 ) ) ;
#967 = CARTESIAN_POINT ( 'NONE',  ( -0.8619887156024644800, 13.09264942428974600, 14.97550472410217300 ) ) ;
#968 = CARTESIAN_POINT ( 'NONE',  ( -14.48888739433603400, -5.220000000000000600, -3.882285676537764500 ) ) ;
#969 = CARTESIAN_POINT ( 'NONE',  ( -1.503262977229288300, 12.46535645409783500, 14.92473259309025700 ) ) ;
#970 = DIRECTION ( 'NONE',  ( 0.0000000000000000000, 0.0000000000000000000, -1.000000000000000000 ) ) ;
#971 = CARTESIAN_POINT ( 'NONE',  ( -0.1137631188839642700, 13.31999999999999700, 15.00000000000000000 ) ) ;
#972 = CARTESIAN_POINT ( 'NONE',  ( 14.48888739433604100, 5.799999999999999800, 3.882285676537746700 ) ) ;
#973 = CARTESIAN_POINT ( 'NONE',  ( -6.197447835735327500, -5.053185826232515300, -13.56851174055017500 ) ) ;
#974 = CARTESIAN_POINT ( 'NONE',  ( -6.127946102127622500, -5.136522663772705500, -13.50858078116388600 ) ) ;
#975 = DIRECTION ( 'NONE',  ( -0.0000000000000000000, 1.000000000000000000, -0.0000000000000000000 ) ) ;
#976 = CARTESIAN_POINT ( 'NONE',  ( -13.62776781038738600, -4.970000000000006000, -6.267690524122058600 ) ) ;
#977 = CARTESIAN_POINT ( 'NONE',  ( 6.059197755335810100, -5.220000000000000600, -13.44799697210454600 ) ) ;
#978 = DIRECTION ( 'NONE',  ( -0.0000000000000000000, 1.000000000000000000, -0.0000000000000000000 ) ) ;
#979 = CARTESIAN_POINT ( 'NONE',  ( 1.000000000000001300, 5.799999999999999800, 2.291287847477921700 ) ) ;
#980 = CARTESIAN_POINT ( 'NONE',  ( 6.197447835735169400, -5.053185826232515300, -13.56851174055024400 ) ) ;
#981 = DIRECTION ( 'NONE',  ( -0.0000000000000000000, 1.000000000000000000, -0.0000000000000000000 ) ) ;
#982 = CARTESIAN_POINT ( 'NONE',  ( -6.267690524122081700, -4.969999999999975800, -13.62776781038738200 ) ) ;
#983 = DIRECTION ( 'NONE',  ( -0.0000000000000000000, 1.000000000000000000, -0.0000000000000000000 ) ) ;
#984 = CARTESIAN_POINT ( 'NONE',  ( -6.059197755335961100, -5.220000000000000600, -13.44799697210448000 ) ) ;
#985 = CARTESIAN_POINT ( 'NONE',  ( 13.44799697210453700, -5.220000000000000600, 6.059197755335875800 ) ) ;
#986 = CARTESIAN_POINT ( 'NONE',  ( 1.000000000000001300, 12.99942845476287100, 0.0000000000000000000 ) ) ;
#987 = CARTESIAN_POINT ( 'NONE',  ( -1.000000000000004000, 12.99942845476286900, 7.175916417970847900E-016 ) ) ;
#988 = DIRECTION ( 'NONE',  ( 0.0000000000000000000, 0.0000000000000000000, -1.000000000000000000 ) ) ;
#989 = CARTESIAN_POINT ( 'NONE',  ( -13.44799697210450200, -5.220000000000000600, -6.059197755335962800 ) ) ;
#990 = DIRECTION ( 'NONE',  ( -0.0000000000000000000, 1.000000000000000000, -0.0000000000000000000 ) ) ;
#991 = CARTESIAN_POINT ( 'NONE',  ( 13.56851174055022600, -5.053185826232528700, 6.197447835735227200 ) ) ;
#992 = DIRECTION ( 'NONE',  ( 1.000000000000000000, 0.0000000000000000000, 0.0000000000000000000 ) ) ;
#993 = CARTESIAN_POINT ( 'NONE',  ( 6.127946102127469700, -5.136522663772707300, -13.50858078116395500 ) ) ;
#994 = CARTESIAN_POINT ( 'NONE',  ( -1.720000000000000000, 11.60000000000000000, 0.0000000000000000000 ) ) ;
#995 = CARTESIAN_POINT ( 'NONE',  ( 6.001501356460907200, -5.220000000000000600, 1.916241495323042200 ) ) ;
#996 = DIRECTION ( 'NONE',  ( -0.0000000000000000000, 1.000000000000000000, -0.0000000000000000000 ) ) ;
#997 = CARTESIAN_POINT ( 'NONE',  ( 0.0000000000000000000, 11.60000000000000000, 3.291287847477919900 ) ) ;
#998 = CARTESIAN_POINT ( 'NONE',  ( -13.56851174055018900, -5.053185826232528700, -6.197447835735312400 ) ) ;
#999 = DIRECTION ( 'NONE',  ( -0.0000000000000000000, -0.0000000000000000000, 1.000000000000000000 ) ) ;
#1000 = DIRECTION ( 'NONE',  ( -0.0000000000000000000, -0.0000000000000000000, 1.000000000000000000 ) ) ;
#1001 = DIRECTION ( 'NONE',  ( -0.0000000000000000000, 1.000000000000000000, -0.0000000000000000000 ) ) ;
#1002 = CARTESIAN_POINT ( 'NONE',  ( -6.001501356460900100, -5.220000000000000600, -1.916241495323078400 ) ) ;
#1003 = DIRECTION ( 'NONE',  ( 0.0000000000000000000, 0.0000000000000000000, -1.000000000000000000 ) ) ;
#1004 = CARTESIAN_POINT ( 'NONE',  ( -0.9999999999999986700, 5.799999999999999800, 3.291287847477919900 ) ) ;
#1005 = CARTESIAN_POINT ( 'NONE',  ( 0.0000000000000000000, 16.90000000000000900, -15.00000000000000000 ) ) ;
#1006 = CARTESIAN_POINT ( 'NONE',  ( -1.000000000000000200, 12.99942845476287300, 4.336808689942022700E-016 ) ) ;
#1007 = DIRECTION ( 'NONE',  ( 0.0000000000000000000, 0.0000000000000000000, -1.000000000000000000 ) ) ;
#1008 = CARTESIAN_POINT ( 'NONE',  ( 13.62776781038742300, -4.970000000000006000, 6.267690524121974200 ) ) ;
#1009 = DIRECTION ( 'NONE',  ( 0.0000000000000000000, 0.0000000000000000000, 1.000000000000000000 ) ) ;
#1010 = CARTESIAN_POINT ( 'NONE',  ( 13.50858078116394100, -5.136522663772713500, 6.127946102127533700 ) ) ;
#1011 = CARTESIAN_POINT ( 'NONE',  ( -13.50858078116390500, -5.136522663772714400, -6.127946102127618000 ) ) ;
#1012 = CARTESIAN_POINT ( 'NONE',  ( 0.0000000000000000000, -5.220000000000000600, 0.0000000000000000000 ) ) ;
#1013 = CARTESIAN_POINT ( 'NONE',  ( 6.267690524121915600, -4.969999999999984700, -13.62776781038744100 ) ) ;
#1014 = DIRECTION ( 'NONE',  ( -0.0000000000000000000, 1.000000000000000000, -0.0000000000000000000 ) ) ;
#1015 = DIRECTION ( 'NONE',  ( 0.0000000000000000000, 1.000000000000000000, 0.0000000000000000000 ) ) ;
#1016 = DIRECTION ( 'NONE',  ( 0.0000000000000000000, 0.0000000000000000000, -1.000000000000000000 ) ) ;
#1017 = CARTESIAN_POINT ( 'NONE',  ( 2.491993062193544900, 13.30842623032981100, 0.2306153607036046400 ) ) ;
#1018 = DIRECTION ( 'NONE',  ( 0.0000000000000000000, 0.0000000000000000000, 1.000000000000000000 ) ) ;
#1019 = CARTESIAN_POINT ( 'NONE',  ( 1.000000000000001300, 17.49999999999999600, 2.291287847477921700 ) ) ;
#1020 = CARTESIAN_POINT ( 'NONE',  ( 2.342720335969230600, 13.08293877987955900, -0.8782579783558142100 ) ) ;
#1021 = CARTESIAN_POINT ( 'NONE',  ( 2.377142474742566200, 13.13633620773182100, -0.7815268599705754700 ) ) ;
#1022 = CARTESIAN_POINT ( 'NONE',  ( 2.095815660332537500, 12.65701835007816500, -1.374143736593288300 ) ) ;
#1023 = CARTESIAN_POINT ( 'NONE',  ( -0.9999999999999986700, 5.799999999999999800, 3.291287847477919900 ) ) ;
#1024 = CARTESIAN_POINT ( 'NONE',  ( 1.814276715388257300, 11.60000000000000000, 1.720000000000000000 ) ) ;
#1025 = DIRECTION ( 'NONE',  ( -0.0000000000000000000, 1.000000000000000000, -0.0000000000000000000 ) ) ;
#1026 = CARTESIAN_POINT ( 'NONE',  ( 1.898419318308699700, 12.16725859230375500, 1.627635818371298400 ) ) ;
#1027 = CARTESIAN_POINT ( 'NONE',  ( 0.0000000000000000000, 5.799999999999999800, 0.0000000000000000000 ) ) ;
#1028 = DIRECTION ( 'NONE',  ( -0.0000000000000000000, -0.0000000000000000000, -1.000000000000000000 ) ) ;
#1029 = DIRECTION ( 'NONE',  ( 0.0000000000000000000, 0.0000000000000000000, -1.000000000000000000 ) ) ;
#1030 = CARTESIAN_POINT ( 'NONE',  ( 0.0000000000000000000, 5.799999999999999800, 0.0000000000000000000 ) ) ;
#1031 = CARTESIAN_POINT ( 'NONE',  ( 2.500103583888210400, 13.32015055804393800, 0.1150725013246108000 ) ) ;
#1032 = CARTESIAN_POINT ( 'NONE',  ( 2.225100528303771700, 12.88981951958905000, 1.143121794856875900 ) ) ;
#1033 = CARTESIAN_POINT ( 'NONE',  ( 1.867818178649667900, 12.05747249837447700, -1.661993734451528800 ) ) ;
#1034 = DIRECTION ( 'NONE',  ( 0.0000000000000000000, 0.0000000000000000000, -1.000000000000000000 ) ) ;
#1035 = CARTESIAN_POINT ( 'NONE',  ( 1.868323743383457600, 12.05968995492143500, 1.661431596609832800 ) ) ;
#1036 = CARTESIAN_POINT ( 'NONE',  ( 1.825880526864433100, 11.83318669914375900, -1.707960252309041100 ) ) ;
#1037 = CARTESIAN_POINT ( 'NONE',  ( 1.000000000000001300, 17.49999999999999600, 2.291287847477921700 ) ) ;
#1038 = DIRECTION ( 'NONE',  ( -0.0000000000000000000, 1.000000000000000000, -0.0000000000000000000 ) ) ;
#1039 = CARTESIAN_POINT ( 'NONE',  ( 2.266473035225550000, 12.95928984095056300, -1.059611074736813000 ) ) ;
#1040 = CARTESIAN_POINT ( 'NONE',  ( 0.0000000000000000000, 5.799999999999999800, 0.0000000000000000000 ) ) ;
#1041 = CARTESIAN_POINT ( 'NONE',  ( 2.435528474825279200, 13.22521430883662900, -0.5742748700717483800 ) ) ;
#1042 = CARTESIAN_POINT ( 'NONE',  ( 2.459405251944229800, 13.26053317686518800, -0.4629782002852479400 ) ) ;
#1043 = CARTESIAN_POINT ( 'NONE',  ( 2.499894429057399700, 13.31984655379496700, -0.1195301397119348200 ) ) ;
#1044 = CARTESIAN_POINT ( 'NONE',  ( 2.460316710568953200, 13.26188118671672800, 0.4583170848968815000 ) ) ;
#1045 = CARTESIAN_POINT ( 'NONE',  ( 2.343379475018739100, 13.08398870990222200, 0.8765762322828917200 ) ) ;
#1046 = DIRECTION ( 'NONE',  ( -0.0000000000000000000, 1.000000000000000000, -0.0000000000000000000 ) ) ;
#1047 = CARTESIAN_POINT ( 'NONE',  ( 1.814276715388257500, 11.60000000000000000, -1.720000000000000000 ) ) ;
#1048 = CARTESIAN_POINT ( 'NONE',  ( 1.898459703838568400, 12.16725264238686000, -1.627568902345383200 ) ) ;
#1049 = CARTESIAN_POINT ( 'NONE',  ( 2.095783571558191800, 12.65705104277595600, 1.374369097777081900 ) ) ;
#1050 = CARTESIAN_POINT ( 'NONE',  ( 2.224230713528163600, 12.88829864339706300, -1.144760370438468600 ) ) ;
#1051 = CARTESIAN_POINT ( 'NONE',  ( 2.491356904062257600, 13.30749976913550700, -0.2369889951275275500 ) ) ;
#1052 = CARTESIAN_POINT ( 'NONE',  ( 2.378602497232581700, 13.13859074596999000, 0.7771250296715326300 ) ) ;
#1053 = DIRECTION ( 'NONE',  ( 0.0000000000000000000, 0.0000000000000000000, -1.000000000000000000 ) ) ;
#1054 = CARTESIAN_POINT ( 'NONE',  ( 2.005842207803340700, 12.47712517480369800, 1.496453841210574100 ) ) ;
#1055 = CARTESIAN_POINT ( 'NONE',  ( 1.814276715388257700, 11.71822801426889900, -1.720000000000000200 ) ) ;
#1056 = CARTESIAN_POINT ( 'NONE',  ( 0.0000000000000000000, -4.969999999999984700, 0.0000000000000000000 ) ) ;
#1057 = DIRECTION ( 'NONE',  ( 0.0000000000000000000, 1.000000000000000000, 0.0000000000000000000 ) ) ;
#1058 = CARTESIAN_POINT ( 'NONE',  ( -0.9999999999999991100, 5.799999999999999800, 2.291287847477920800 ) ) ;
#1059 = CARTESIAN_POINT ( 'NONE',  ( 2.436778727097830700, 13.22708395867574000, 0.5690189687053698300 ) ) ;
#1060 = CARTESIAN_POINT ( 'NONE',  ( 1.825949261313063900, 11.83403407755072900, 1.707892811453386900 ) ) ;
#1061 = CARTESIAN_POINT ( 'NONE',  ( 1.814276715388258000, 11.71615075673147300, 1.720000000000000200 ) ) ;
#1062 = CARTESIAN_POINT ( 'NONE',  ( 2.004818491430604400, 12.47441548268902300, -1.497738939982606700 ) ) ;
#1063 = CARTESIAN_POINT ( 'NONE',  ( 2.266672908286736700, 12.95963274465541200, 1.059248404191065300 ) ) ;
#1064 = CARTESIAN_POINT ( 'NONE',  ( -14.64087718194602100, 13.31434046555423500, 0.1422179216904279900 ) ) ;
#1065 = CARTESIAN_POINT ( 'NONE',  ( -14.60864446554027300, 13.10302809284299600, 0.8367140832454130800 ) ) ;
#1066 = CARTESIAN_POINT ( 'NONE',  ( -14.59415730027202200, 12.99787103125621400, 1.002572639923982500 ) ) ;
#1067 = CARTESIAN_POINT ( 'NONE',  ( -14.58973795889390200, 12.96419102821130800, 1.047942704971056800 ) ) ;
#1068 = CARTESIAN_POINT ( 'NONE',  ( -14.61244806186572600, 13.12946474390254700, 0.7873509385708180600 ) ) ;
#1069 = CARTESIAN_POINT ( 'NONE',  ( -14.60264401696152200, 13.06037543219468900, 0.9091141833700237000 ) ) ;
#1070 = CARTESIAN_POINT ( 'NONE',  ( -14.54895669683140700, 12.60205483580450200, 1.398240559856122300 ) ) ;
#1071 = CARTESIAN_POINT ( 'NONE',  ( -14.54677879311627600, 12.57900397946494000, 1.414478493193428200 ) ) ;
#1072 = CARTESIAN_POINT ( 'NONE',  ( -14.52012705168077900, 12.23228878435956600, 1.599810853431035400 ) ) ;
#1073 = CARTESIAN_POINT ( 'NONE',  ( -14.51170509385764300, 12.07274330922200500, 1.653997364577836100 ) ) ;
#1074 = CARTESIAN_POINT ( 'NONE',  ( -14.52500336406397000, 12.30989520955014700, 1.567668639642282500 ) ) ;
#1075 = CARTESIAN_POINT ( 'NONE',  ( -14.54249329632129000, 12.53195156907139900, 1.445914642639158500 ) ) ;
#1076 = CARTESIAN_POINT ( 'NONE',  ( -14.51858022574183800, 12.20615071829107600, 1.609896934911615000 ) ) ;
#1077 = CARTESIAN_POINT ( 'NONE',  ( -14.50886100136018400, 12.00424829065927500, 1.671880733214970500 ) ) ;
#1078 = CARTESIAN_POINT ( 'NONE',  ( -14.62434097747358700, 13.20934261014584800, 0.6076338140509607300 ) ) ;
#1079 = CARTESIAN_POINT ( 'NONE',  ( -14.64090300583559100, 13.31449948600871700, -0.1402915853978443100 ) ) ;
#1080 = CARTESIAN_POINT ( 'NONE',  ( -14.64179488131116900, 13.31998226622085800, 0.02948631008667054400 ) ) ;
#1081 = CARTESIAN_POINT ( 'NONE',  ( -14.59632771631698100, 13.01410875584874700, 0.9795337384017858100 ) ) ;
#1082 = CARTESIAN_POINT ( 'NONE',  ( -14.58747957859554000, 12.94667243001214100, 1.070362051037828700 ) ) ;
#1083 = CARTESIAN_POINT ( 'NONE',  ( -14.62930616536987700, 13.24154775221775400, 0.5137347637457965200 ) ) ;
#1084 = CARTESIAN_POINT ( 'NONE',  ( -14.58066382125963900, 12.89234822996219700, 1.135352698551296900 ) ) ;
#1085 = CARTESIAN_POINT ( 'NONE',  ( -14.60668093317408800, 13.08921080308706300, 0.8610668922932572800 ) ) ;
#1086 = CARTESIAN_POINT ( 'NONE',  ( -14.57379501366770200, 12.83521462384246100, 1.197258897913676200 ) ) ;
#1087 = CARTESIAN_POINT ( 'NONE',  ( -14.58294603185656200, 12.91077694030672500, 1.114028675043903700 ) ) ;
#1088 = CARTESIAN_POINT ( 'NONE',  ( -14.63823717696250200, 13.29803376725148700, -0.2796861636740888800 ) ) ;
#1089 = CARTESIAN_POINT ( 'NONE',  ( -14.53431559712005100, 12.43491573423714600, 1.504030573218159400 ) ) ;
#1090 = CARTESIAN_POINT ( 'NONE',  ( -14.51427844388849800, 12.12665260677663800, 1.637629558857629700 ) ) ;
#1091 = CARTESIAN_POINT ( 'NONE',  ( -14.63468056049684300, 13.27577541695614000, 0.3915647244001496100 ) ) ;
#1092 = CARTESIAN_POINT ( 'NONE',  ( -14.57608859724832600, 12.85456909657160700, 1.176964782202998700 ) ) ;
#1093 = CARTESIAN_POINT ( 'NONE',  ( -14.55336606569987400, 12.64722159758866100, 1.364740818933715800 ) ) ;
#1094 = CARTESIAN_POINT ( 'NONE',  ( -14.64167736740509400, 13.31926111932450300, 0.05777269413916153600 ) ) ;
#1095 = CARTESIAN_POINT ( 'NONE',  ( -14.62726037120100000, 13.22834573888213500, 0.5541584935681712600 ) ) ;
#1096 = CARTESIAN_POINT ( 'NONE',  ( -14.63249472858462900, 13.26192870343725600, -0.4440518979397445900 ) ) ;
#1097 = CARTESIAN_POINT ( 'NONE',  ( -14.62278916998601600, 13.19914715616703700, 0.6339727900830524100 ) ) ;
#1098 = CARTESIAN_POINT ( 'NONE',  ( -14.63952559853614600, 13.30600145151264800, 0.2260901888646227600 ) ) ;
#1099 = CARTESIAN_POINT ( 'NONE',  ( -14.60057062342691100, 13.04535736595397700, 0.9328086729520264100 ) ) ;
#1100 = CARTESIAN_POINT ( 'NONE',  ( -14.51050938983910800, 12.04551650528925100, 1.661540839986362500 ) ) ;
#1101 = CARTESIAN_POINT ( 'NONE',  ( -14.50833532471550500, 11.99040532409926600, 1.675167267005584600 ) ) ;
#1102 = CARTESIAN_POINT ( 'NONE',  ( -14.50733884113748400, 11.96271248925748400, 1.681380596380954900 ) ) ;
#1103 = CARTESIAN_POINT ( 'NONE',  ( -14.53629976100899100, 12.45945193939365900, 1.490146690801013700 ) ) ;
#1104 = CARTESIAN_POINT ( 'NONE',  ( -14.63464710375513900, 13.27554302915593900, -0.3895441877884652200 ) ) ;
#1105 = CARTESIAN_POINT ( 'NONE',  ( -14.64180055334724700, 13.32001709307499100, -0.02738677582091227400 ) ) ;
#1106 = CARTESIAN_POINT ( 'NONE',  ( -14.64123952643234000, 13.31656947518892800, -0.1121919365325197000 ) ) ;
#1107 = CARTESIAN_POINT ( 'NONE',  ( -14.50686744546953700, 11.94885315159503500, 1.684311167577804900 ) ) ;
#1108 = CARTESIAN_POINT ( 'NONE',  ( -14.61428813537165400, 13.14208410816652300, 0.7623406050820656900 ) ) ;
#1109 = CARTESIAN_POINT ( 'NONE',  ( -14.52857029114368700, 12.36057360824909600, 1.543722148387497700 ) ) ;
#1110 = CARTESIAN_POINT ( 'NONE',  ( -14.50464803310849700, 11.87950928388546700, 1.698076109689340000 ) ) ;
#1111 = CARTESIAN_POINT ( 'NONE',  ( -14.63562238684134100, 13.28167140651572700, -0.3621696452335292400 ) ) ;
#1112 = CARTESIAN_POINT ( 'NONE',  ( -14.50330656110073400, 11.82385009980328800, 1.706293700329729200 ) ) ;
#1113 = CARTESIAN_POINT ( 'NONE',  ( -14.50151303069562500, 11.71218753286982000, 1.717253978530235900 ) ) ;
#1114 = CARTESIAN_POINT ( 'NONE',  ( -14.61783117882324800, 13.16611902990452300, 0.7116584629249740300 ) ) ;
#1115 = CARTESIAN_POINT ( 'NONE',  ( -14.56234723313292000, 12.73430281653636000, 1.294177689243733800 ) ) ;
#1116 = CARTESIAN_POINT ( 'NONE',  ( -14.54038321000553500, 12.50791169520933000, 1.461128590002696000 ) ) ;
#1117 = CARTESIAN_POINT ( 'NONE',  ( -14.51565592862339200, 12.15333261802742700, 1.628806261245716800 ) ) ;
#1118 = CARTESIAN_POINT ( 'NONE',  ( -14.63956570881776600, 13.30624951608177600, -0.2242167553877575900 ) ) ;
#1119 = CARTESIAN_POINT ( 'NONE',  ( -14.63251054843338700, 13.26209495351978900, 0.4461227437579750000 ) ) ;
#1120 = CARTESIAN_POINT ( 'NONE',  ( -14.64168830303444900, 13.31932826815150500, -0.05575655946592306800 ) ) ;
#1121 = CARTESIAN_POINT ( 'NONE',  ( -14.62654550392053900, 13.22370829719587000, 0.5676029156116076900 ) ) ;
#1122 = CARTESIAN_POINT ( 'NONE',  ( -14.64121851561562300, 13.31644023182838400, 0.1141465476177008600 ) ) ;
#1123 = CARTESIAN_POINT ( 'NONE',  ( -14.62864027155209500, 13.23726258393649000, 0.5272305585022336600 ) ) ;
#1124 = CARTESIAN_POINT ( 'NONE',  ( -14.56692103254847100, 12.77577038484514400, 1.256622880692463300 ) ) ;
#1125 = CARTESIAN_POINT ( 'NONE',  ( -14.63818773780112200, 13.29772672054901500, 0.2815499227797639800 ) ) ;
#1126 = CARTESIAN_POINT ( 'NONE',  ( -14.55559750997772600, 12.66933790691507900, 1.347479459871870700 ) ) ;
#1127 = CARTESIAN_POINT ( 'NONE',  ( -14.61953415865886400, 13.17753460844788900, 0.6859866662500473400 ) ) ;
#1128 = DIRECTION ( 'NONE',  ( 0.0000000000000000000, 1.000000000000000000, 0.0000000000000000000 ) ) ;
#1129 = CARTESIAN_POINT ( 'NONE',  ( 3.882285676537765800, -5.219999999999999800, -14.48888739433603400 ) ) ;
#1130 = PLANE ( 'NONE',  #2919 ) ;
#1131 = PLANE ( 'NONE',  #2942 ) ;
#1132 = CARTESIAN_POINT ( 'NONE',  ( 0.0000000000000000000, -5.219999999999999800, -6.392656291549182900E-016 ) ) ;
#1133 = DIRECTION ( 'NONE',  ( 0.0000000000000000000, 0.0000000000000000000, 1.000000000000000000 ) ) ;
#1134 = PLANE ( 'NONE',  #2916 ) ;
#1135 = DIRECTION ( 'NONE',  ( 0.0000000000000000000, -1.000000000000000000, -6.123233995736766000E-017 ) ) ;
#1136 = DIRECTION ( 'NONE',  ( 0.0000000000000000000, 0.0000000000000000000, 1.000000000000000000 ) ) ;
#1137 = DIRECTION ( 'NONE',  ( 0.0000000000000000000, 6.123233995736766000E-017, -1.000000000000000000 ) ) ;
#1138 = DIRECTION ( 'NONE',  ( -0.0000000000000000000, 0.0000000000000000000, 1.000000000000000000 ) ) ;
#1139 = CARTESIAN_POINT ( 'NONE',  ( 0.0000000000000000000, 4.969999999999996200, 0.0000000000000000000 ) ) ;
#1140 = DIRECTION ( 'NONE',  ( 0.0000000000000000000, 1.000000000000000000, 0.0000000000000000000 ) ) ;
#1141 = DIRECTION ( 'NONE',  ( 0.0000000000000000000, 0.0000000000000000000, 1.000000000000000000 ) ) ;
#1142 = DIRECTION ( 'NONE',  ( 0.0000000000000000000, 0.0000000000000000000, -1.000000000000000000 ) ) ;
#1143 = DIRECTION ( 'NONE',  ( -0.0000000000000000000, 1.000000000000000000, -0.0000000000000000000 ) ) ;
#1144 = DIRECTION ( 'NONE',  ( 0.0000000000000000000, 1.000000000000000000, 0.0000000000000000000 ) ) ;
#1145 = CARTESIAN_POINT ( 'NONE',  ( 3.882285676537774700, -5.220000000000000600, 14.48888739433602200 ) ) ;
#1146 = CARTESIAN_POINT ( 'NONE',  ( -14.48888739433604100, 4.969999999999996200, -3.882285676537764500 ) ) ;
#1147 = DIRECTION ( 'NONE',  ( 0.0000000000000000000, 1.000000000000000000, 0.0000000000000000000 ) ) ;
#1148 = DIRECTION ( 'NONE',  ( 0.0000000000000000000, -0.0000000000000000000, 1.000000000000000000 ) ) ;
#1149 = DIRECTION ( 'NONE',  ( 0.0000000000000000000, 0.0000000000000000000, 1.000000000000000000 ) ) ;
#1150 = CARTESIAN_POINT ( 'NONE',  ( 0.0000000000000000000, 4.969999999999996200, -1.530808498934207200E-017 ) ) ;
#1151 = CARTESIAN_POINT ( 'NONE',  ( -1.000000000000001300, 5.799999999999999800, 3.499999999999999600 ) ) ;
#1152 = CARTESIAN_POINT ( 'NONE',  ( -14.50106036287215300, 11.65618153680294900, 1.720000099771559200 ) ) ;
#1153 = CARTESIAN_POINT ( 'NONE',  ( -7.424621202458764600, -5.800000000000000700, 7.424621202458736100 ) ) ;
#1154 = DIRECTION ( 'NONE',  ( 0.0000000000000000000, 0.0000000000000000000, 1.000000000000000000 ) ) ;
#1155 = DIRECTION ( 'NONE',  ( -0.0000000000000000000, 1.000000000000000000, 6.123233995736766000E-017 ) ) ;
#1156 = CARTESIAN_POINT ( 'NONE',  ( 0.0000000000000000000, -5.219999999999999800, -6.392656291549182900E-016 ) ) ;
#1157 = DIRECTION ( 'NONE',  ( 0.0000000000000000000, 0.0000000000000000000, -1.000000000000000000 ) ) ;
#1158 = DIRECTION ( 'NONE',  ( 1.000000000000000000, 0.0000000000000000000, 0.0000000000000000000 ) ) ;
#1159 = DIRECTION ( 'NONE',  ( -0.0000000000000000000, 1.000000000000000000, 6.123233995736766000E-017 ) ) ;
#1160 = DIRECTION ( 'NONE',  ( 0.0000000000000000000, -1.000000000000000000, 0.0000000000000000000 ) ) ;
#1161 = CARTESIAN_POINT ( 'NONE',  ( 0.0000000000000000000, -2.319999999999999800, 0.0000000000000000000 ) ) ;
#1162 = CARTESIAN_POINT ( 'NONE',  ( -14.50106036495390100, 11.60000000000000000, 1.720000000000000200 ) ) ;
#1163 = PLANE ( 'NONE',  #2937 ) ;
#1164 = DIRECTION ( 'NONE',  ( -0.0000000000000000000, -1.000000000000000000, -6.123233995736738900E-017 ) ) ;
#1165 = CARTESIAN_POINT ( 'NONE',  ( 0.0000000000000000000, 17.49999999999999600, 0.0000000000000000000 ) ) ;
#1166 = DIRECTION ( 'NONE',  ( 0.0000000000000000000, 0.0000000000000000000, -1.000000000000000000 ) ) ;
#1167 = DIRECTION ( 'NONE',  ( -0.0000000000000000000, 1.000000000000000000, -0.0000000000000000000 ) ) ;
#1168 = DIRECTION ( 'NONE',  ( -0.0000000000000000000, -1.000000000000000000, -0.0000000000000000000 ) ) ;
#1169 = CARTESIAN_POINT ( 'NONE',  ( -1.941142838268870000, -5.220000000000000600, 7.244443697168014400 ) ) ;
#1170 = CARTESIAN_POINT ( 'NONE',  ( 0.0000000000000000000, -5.220000000000000600, 0.0000000000000000000 ) ) ;
#1171 = CARTESIAN_POINT ( 'NONE',  ( 0.0000000000000000000, 4.969999999999996200, 0.0000000000000000000 ) ) ;
#1172 = DIRECTION ( 'NONE',  ( 0.0000000000000000000, 0.0000000000000000000, 1.000000000000000000 ) ) ;
#1173 = DIRECTION ( 'NONE',  ( 0.0000000000000000000, 0.0000000000000000000, -1.000000000000000000 ) ) ;
#1174 = DIRECTION ( 'NONE',  ( 0.0000000000000000000, 0.0000000000000000000, 1.000000000000000000 ) ) ;
#1175 = CARTESIAN_POINT ( 'NONE',  ( 0.9999999999999986700, 5.799999999999999800, 3.499999999999999600 ) ) ;
#1176 = DIRECTION ( 'NONE',  ( 0.0000000000000000000, 0.0000000000000000000, 1.000000000000000000 ) ) ;
#1177 = CARTESIAN_POINT ( 'NONE',  ( 0.0000000000000000000, -4.970000000000001500, 0.0000000000000000000 ) ) ;
#1178 = DIRECTION ( 'NONE',  ( 0.0000000000000000000, 0.0000000000000000000, -1.000000000000000000 ) ) ;
#1179 = CARTESIAN_POINT ( 'NONE',  ( 1.000000000000001300, 5.799999999999999800, 3.291287847477919900 ) ) ;
#1180 = DIRECTION ( 'NONE',  ( 1.000000000000000000, 0.0000000000000000000, 0.0000000000000000000 ) ) ;
#1181 = DIRECTION ( 'NONE',  ( -0.0000000000000000000, 1.000000000000000000, -0.0000000000000000000 ) ) ;
#1182 = CARTESIAN_POINT ( 'NONE',  ( 0.0000000000000000000, -5.220000000000000600, 0.0000000000000000000 ) ) ;
#1183 = CARTESIAN_POINT ( 'NONE',  ( -0.9999999999999986700, 5.799999999999999800, 3.291287847477919900 ) ) ;
#1184 = DIRECTION ( 'NONE',  ( 0.0000000000000000000, 0.0000000000000000000, 1.000000000000000000 ) ) ;
#1185 = DIRECTION ( 'NONE',  ( 0.0000000000000000000, 1.000000000000000000, 0.0000000000000000000 ) ) ;
#1186 = DIRECTION ( 'NONE',  ( 1.000000000000000000, 0.0000000000000000000, -2.152774925391245800E-015 ) ) ;
#1187 = DIRECTION ( 'NONE',  ( 0.0000000000000000000, -1.000000000000000000, 0.0000000000000000000 ) ) ;
#1188 = DIRECTION ( 'NONE',  ( 0.0000000000000000000, 0.0000000000000000000, 1.000000000000000000 ) ) ;
#1189 = DIRECTION ( 'NONE',  ( 1.000000000000000000, 0.0000000000000000000, -0.0000000000000000000 ) ) ;
#1190 = PLANE ( 'NONE',  #2930 ) ;
#1191 = CARTESIAN_POINT ( 'NONE',  ( 7.424621202458764600, 5.799999999999998900, 7.424621202458736100 ) ) ;
#1192 = DIRECTION ( 'NONE',  ( 0.0000000000000000000, -1.000000000000000000, 0.0000000000000000000 ) ) ;
#1193 = DIRECTION ( 'NONE',  ( 0.0000000000000000000, -0.0000000000000000000, -1.000000000000000000 ) ) ;
#1194 = DIRECTION ( 'NONE',  ( -0.0000000000000000000, 1.000000000000000000, -0.0000000000000000000 ) ) ;
#1195 = CARTESIAN_POINT ( 'NONE',  ( 0.0000000000000000000, -5.219999999999999800, -6.392656291549182900E-016 ) ) ;
#1196 = CARTESIAN_POINT ( 'NONE',  ( 0.0000000000000000000, 11.60000000000000000, 0.0000000000000000000 ) ) ;
#1197 = DIRECTION ( 'NONE',  ( -0.0000000000000000000, -1.000000000000000000, -6.123233995736766000E-017 ) ) ;
#1198 = DIRECTION ( 'NONE',  ( 0.0000000000000000000, 0.0000000000000000000, -1.000000000000000000 ) ) ;
#1199 = CARTESIAN_POINT ( 'NONE',  ( 1.941142838268887300, -5.220000000000000600, 7.244443697168010800 ) ) ;
#1200 = CARTESIAN_POINT ( 'NONE',  ( -3.882285676537682800, -5.220000000000000600, -14.48888739433604100 ) ) ;
#1201 = CARTESIAN_POINT ( 'NONE',  ( 0.0000000000000000000, -5.219999999999998900, 0.0000000000000000000 ) ) ;
#1202 = PLANE ( 'NONE',  #2922 ) ;
#1203 = PLANE ( 'NONE',  #2929 ) ;
#1204 = DIRECTION ( 'NONE',  ( 0.0000000000000000000, 1.000000000000000000, 0.0000000000000000000 ) ) ;
#1205 = DIRECTION ( 'NONE',  ( 0.0000000000000000000, 0.0000000000000000000, 1.000000000000000000 ) ) ;
#1206 = DIRECTION ( 'NONE',  ( 0.0000000000000000000, 0.0000000000000000000, 1.000000000000000000 ) ) ;
#1207 = DIRECTION ( 'NONE',  ( 0.0000000000000000000, 0.0000000000000000000, 1.000000000000000000 ) ) ;
#1208 = CARTESIAN_POINT ( 'NONE',  ( -3.882285676537767600, -5.219999999999999800, 14.48888739433603400 ) ) ;
#1209 = PLANE ( 'NONE',  #2924 ) ;
#1210 = DIRECTION ( 'NONE',  ( 0.0000000000000000000, -0.0000000000000000000, -1.000000000000000000 ) ) ;
#1211 = PLANE ( 'NONE',  #2939 ) ;
#1212 = DIRECTION ( 'NONE',  ( -0.0000000000000000000, -0.0000000000000000000, 1.000000000000000000 ) ) ;
#1213 = DIRECTION ( 'NONE',  ( -2.152774925391245800E-015, 0.0000000000000000000, -1.000000000000000000 ) ) ;
#1214 = CARTESIAN_POINT ( 'NONE',  ( 1.000000000000001300, 5.799999999999999800, 2.291287847477921700 ) ) ;
#1215 = DIRECTION ( 'NONE',  ( 1.000000000000000000, 0.0000000000000000000, -0.0000000000000000000 ) ) ;
#1216 = DIRECTION ( 'NONE',  ( -0.0000000000000000000, 1.000000000000000000, -0.0000000000000000000 ) ) ;
#1217 = DIRECTION ( 'NONE',  ( -0.0000000000000000000, 0.0000000000000000000, -1.000000000000000000 ) ) ;
#1218 = DIRECTION ( 'NONE',  ( -1.000000000000000000, 0.0000000000000000000, 4.336808689942021200E-016 ) ) ;
#1219 = DIRECTION ( 'NONE',  ( 0.0000000000000000000, 1.000000000000000000, 6.123233995736751200E-017 ) ) ;
#1220 = DIRECTION ( 'NONE',  ( 0.0000000000000000000, 0.0000000000000000000, 1.000000000000000000 ) ) ;
#1221 = CARTESIAN_POINT ( 'NONE',  ( 0.0000000000000000000, 17.49999999999999600, 0.0000000000000000000 ) ) ;
#1222 = DIRECTION ( 'NONE',  ( 0.0000000000000000000, -1.000000000000000000, 0.0000000000000000000 ) ) ;
#1223 = DIRECTION ( 'NONE',  ( 4.336808689942021200E-016, 0.0000000000000000000, 1.000000000000000000 ) ) ;
#1224 = CARTESIAN_POINT ( 'NONE',  ( 1.916241495323022200, 5.799999999999999800, -6.001501356460912500 ) ) ;
#1225 = CARTESIAN_POINT ( 'NONE',  ( 6.059197755335810100, -5.220000000000000600, -13.44799697210454600 ) ) ;
#1226 = CARTESIAN_POINT ( 'NONE',  ( -0.9999999999999991100, 17.49999999999999600, 2.291287847477920800 ) ) ;
#1227 = CARTESIAN_POINT ( 'NONE',  ( 0.0000000000000000000, 5.220000000000000600, 0.0000000000000000000 ) ) ;
#1228 = CARTESIAN_POINT ( 'NONE',  ( 1.831099455346835500E-015, 13.31999999999999900, 15.00000000000000000 ) ) ;
#1229 = DIRECTION ( 'NONE',  ( 0.0000000000000000000, 0.0000000000000000000, -1.000000000000000000 ) ) ;
#1230 = CARTESIAN_POINT ( 'NONE',  ( -1.000000000000002200, 17.49999999999999600, 2.291287847477920800 ) ) ;
#1231 = DIRECTION ( 'NONE',  ( 0.0000000000000000000, -6.802837160693361600E-017, 1.000000000000000000 ) ) ;
#1232 = CARTESIAN_POINT ( 'NONE',  ( 3.882285676537765800, -5.219999999999998900, -14.48888739433603400 ) ) ;
#1233 = DIRECTION ( 'NONE',  ( -0.0000000000000000000, 1.000000000000000000, 6.123233995736766000E-017 ) ) ;
#1234 = CARTESIAN_POINT ( 'NONE',  ( 1.000000000000001300, 12.99942845476287100, 3.291287847477919900 ) ) ;
#1235 = CARTESIAN_POINT ( 'NONE',  ( 0.0000000000000000000, -5.220000000000000600, 0.0000000000000000000 ) ) ;
#1236 = DIRECTION ( 'NONE',  ( 0.0000000000000000000, 0.0000000000000000000, 1.000000000000000000 ) ) ;
#1237 = DIRECTION ( 'NONE',  ( -0.0000000000000000000, 1.000000000000000000, 6.123233995736766000E-017 ) ) ;
#1238 = DIRECTION ( 'NONE',  ( -0.0000000000000000000, 1.000000000000000000, -0.0000000000000000000 ) ) ;
#1239 = CARTESIAN_POINT ( 'NONE',  ( 6.267690524121915600, -4.969999999999984700, -13.62776781038744100 ) ) ;
#1240 = CARTESIAN_POINT ( 'NONE',  ( 0.0000000000000000000, -5.219999999999999800, -6.392656291549182900E-016 ) ) ;
#1241 = CARTESIAN_POINT ( 'NONE',  ( 7.424621202458764600, -5.799999999999998900, -7.424621202458736100 ) ) ;
#1242 = DIRECTION ( 'NONE',  ( 0.0000000000000000000, -1.000000000000000000, 0.0000000000000000000 ) ) ;
#1243 = CARTESIAN_POINT ( 'NONE',  ( -7.424621202458764600, -5.800000000000000700, 7.424621202458736100 ) ) ;
#1244 = DIRECTION ( 'NONE',  ( 0.0000000000000000000, 0.0000000000000000000, 1.000000000000000000 ) ) ;
#1245 = CARTESIAN_POINT ( 'NONE',  ( 3.882285676537772900, 4.969999999999997100, 14.48888739433603400 ) ) ;
#1246 = DIRECTION ( 'NONE',  ( 0.0000000000000000000, 0.0000000000000000000, -1.000000000000000000 ) ) ;
#1247 = DIRECTION ( 'NONE',  ( -0.0000000000000000000, -1.000000000000000000, -0.0000000000000000000 ) ) ;
#1248 = CARTESIAN_POINT ( 'NONE',  ( 0.0000000000000000000, 4.969999999999996200, -1.530808498934207200E-017 ) ) ;
#1249 = DIRECTION ( 'NONE',  ( -0.0000000000000000000, -1.000000000000000000, -6.123233995736738900E-017 ) ) ;
#1250 = DIRECTION ( 'NONE',  ( -0.0000000000000000000, -1.000000000000000000, -6.123233995736766000E-017 ) ) ;
#1251 = DIRECTION ( 'NONE',  ( 0.0000000000000000000, 0.0000000000000000000, -1.000000000000000000 ) ) ;
#1252 = CARTESIAN_POINT ( 'NONE',  ( -7.424621202458764600, 5.800000000000000700, -7.424621202458736100 ) ) ;
#1253 = DIRECTION ( 'NONE',  ( 0.0000000000000000000, 0.0000000000000000000, -1.000000000000000000 ) ) ;
#1254 = CARTESIAN_POINT ( 'NONE',  ( 0.0000000000000000000, 4.969999999999996200, -1.530808498934207200E-017 ) ) ;
#1255 = CARTESIAN_POINT ( 'NONE',  ( 0.0000000000000000000, -5.219999999999999800, 0.0000000000000000000 ) ) ;
#1256 = DIRECTION ( 'NONE',  ( -0.0000000000000000000, 1.000000000000000000, 6.123233995736766000E-017 ) ) ;
#1257 = CARTESIAN_POINT ( 'NONE',  ( 0.0000000000000000000, -4.969999999999984700, -15.00000000000000000 ) ) ;
#1258 = CARTESIAN_POINT ( 'NONE',  ( -3.882285676537767600, -5.220000000000000600, 14.48888739433603400 ) ) ;
#1259 = DIRECTION ( 'NONE',  ( 0.0000000000000000000, 0.0000000000000000000, 1.000000000000000000 ) ) ;
#1260 = DIRECTION ( 'NONE',  ( 0.0000000000000000000, 0.0000000000000000000, 1.000000000000000000 ) ) ;
#1261 = DIRECTION ( 'NONE',  ( -0.0000000000000000000, 1.000000000000000000, 6.123233995736766000E-017 ) ) ;
#1262 = DIRECTION ( 'NONE',  ( 0.0000000000000000000, -6.802837160693361600E-017, 1.000000000000000000 ) ) ;
#1263 = DIRECTION ( 'NONE',  ( -0.0000000000000000000, 1.000000000000000000, 6.123233995736766000E-017 ) ) ;
#1264 = DIRECTION ( 'NONE',  ( -0.0000000000000000000, -1.000000000000000000, -6.123233995736738900E-017 ) ) ;
#1265 = DIRECTION ( 'NONE',  ( 0.0000000000000000000, 0.0000000000000000000, 1.000000000000000000 ) ) ;
#1266 = CARTESIAN_POINT ( 'NONE',  ( 0.9999999999999986700, 12.99942845476287300, 3.499999999999999600 ) ) ;
#1267 = DIRECTION ( 'NONE',  ( 0.0000000000000000000, 1.000000000000000000, 0.0000000000000000000 ) ) ;
#1268 = DIRECTION ( 'NONE',  ( 0.0000000000000000000, 0.0000000000000000000, -1.000000000000000000 ) ) ;
#1269 = DIRECTION ( 'NONE',  ( 0.0000000000000000000, 1.000000000000000000, 6.123233995736751200E-017 ) ) ;
#1270 = DIRECTION ( 'NONE',  ( 0.0000000000000000000, 1.000000000000000000, 6.123233995736766000E-017 ) ) ;
#1271 = DIRECTION ( 'NONE',  ( 0.0000000000000000000, -6.123233995736766000E-017, 1.000000000000000000 ) ) ;
#1272 = DIRECTION ( 'NONE',  ( 0.0000000000000000000, 1.000000000000000000, 0.0000000000000000000 ) ) ;
#1273 = DIRECTION ( 'NONE',  ( 0.0000000000000000000, 0.0000000000000000000, 1.000000000000000000 ) ) ;
#1274 = CARTESIAN_POINT ( 'NONE',  ( 0.0000000000000000000, 5.220000000000000600, 0.0000000000000000000 ) ) ;
#1275 = DIRECTION ( 'NONE',  ( 0.0000000000000000000, 0.0000000000000000000, 1.000000000000000000 ) ) ;
#1276 = CARTESIAN_POINT ( 'NONE',  ( 0.0000000000000000000, 11.60000000000000000, 0.0000000000000000000 ) ) ;
#1277 = CARTESIAN_POINT ( 'NONE',  ( 0.0000000000000000000, 5.219999999999999800, 0.0000000000000000000 ) ) ;
#1278 = DIRECTION ( 'NONE',  ( 0.0000000000000000000, -1.000000000000000000, 0.0000000000000000000 ) ) ;
#1279 = DIRECTION ( 'NONE',  ( 1.000000000000000000, 0.0000000000000000000, 0.0000000000000000000 ) ) ;
#1280 = DIRECTION ( 'NONE',  ( -0.0000000000000000000, 1.000000000000000000, -0.0000000000000000000 ) ) ;
#1281 = DIRECTION ( 'NONE',  ( 0.0000000000000000000, -0.0000000000000000000, 1.000000000000000000 ) ) ;
#1282 =( LENGTH_UNIT ( ) NAMED_UNIT ( * ) SI_UNIT ( .MILLI., .METRE. ) );
#1283 = DIRECTION ( 'NONE',  ( 0.0000000000000000000, 0.0000000000000000000, -1.000000000000000000 ) ) ;
#1284 = PLANE ( 'NONE',  #2881 ) ;
#1285 = DIRECTION ( 'NONE',  ( 0.0000000000000000000, 0.0000000000000000000, -1.000000000000000000 ) ) ;
#1286 = CARTESIAN_POINT ( 'NONE',  ( 0.0000000000000000000, 5.799999999999999800, 0.0000000000000000000 ) ) ;
#1287 = SURFACE_SIDE_STYLE ('',( #3941 ) ) ;
#1288 = DIRECTION ( 'NONE',  ( -0.0000000000000000000, -1.000000000000000000, -6.123233995736766000E-017 ) ) ;
#1289 = CARTESIAN_POINT ( 'NONE',  ( 0.0000000000000000000, -5.219999999999999800, 0.0000000000000000000 ) ) ;
#1290 = DIRECTION ( 'NONE',  ( -0.0000000000000000000, -0.0000000000000000000, 1.000000000000000000 ) ) ;
#1291 =( NAMED_UNIT ( * ) PLANE_ANGLE_UNIT ( ) SI_UNIT ( $, .RADIAN. ) );
#1292 = FILL_AREA_STYLE_COLOUR ( '', #3927 ) ;
#1293 = DIRECTION ( 'NONE',  ( 0.0000000000000000000, 1.000000000000000000, 0.0000000000000000000 ) ) ;
#1294 = DIRECTION ( 'NONE',  ( 0.0000000000000000000, 0.0000000000000000000, 1.000000000000000000 ) ) ;
#1295 = CARTESIAN_POINT ( 'NONE',  ( 7.424621202458764600, 5.799999999999998900, 7.424621202458736100 ) ) ;
#1296 = DIRECTION ( 'NONE',  ( 1.000000000000000000, 0.0000000000000000000, 0.0000000000000000000 ) ) ;
#1297 = DIRECTION ( 'NONE',  ( 0.0000000000000000000, 0.0000000000000000000, -1.000000000000000000 ) ) ;
#1298 = DIRECTION ( 'NONE',  ( -1.000000000000000000, -0.0000000000000000000, -0.0000000000000000000 ) ) ;
#1299 = DIRECTION ( 'NONE',  ( 0.0000000000000000000, 0.0000000000000000000, 1.000000000000000000 ) ) ;
#1300 = DIRECTION ( 'NONE',  ( 0.0000000000000000000, -1.000000000000000000, 0.0000000000000000000 ) ) ;
#1301 = SURFACE_STYLE_USAGE ( .BOTH. , #1287 ) ;
#1302 = DIRECTION ( 'NONE',  ( 0.0000000000000000000, 0.0000000000000000000, -1.000000000000000000 ) ) ;
#1303 = CARTESIAN_POINT ( 'NONE',  ( 0.0000000000000000000, 5.219999999999999800, 0.0000000000000000000 ) ) ;
#1304 = FILL_AREA_STYLE ('',( #1292 ) ) ;
#1305 = CARTESIAN_POINT ( 'NONE',  ( 0.0000000000000000000, -4.970000000000001500, 0.0000000000000000000 ) ) ;
#1306 = CARTESIAN_POINT ( 'NONE',  ( -14.48888739433602900, 4.969999999999996200, 3.882285676537772900 ) ) ;
#1307 = DIRECTION ( 'NONE',  ( 0.0000000000000000000, 0.0000000000000000000, 1.000000000000000000 ) ) ;
#1308 = DIRECTION ( 'NONE',  ( -0.0000000000000000000, 0.0000000000000000000, 1.000000000000000000 ) ) ;
#1309 = DIRECTION ( 'NONE',  ( -0.0000000000000000000, -1.000000000000000000, -0.0000000000000000000 ) ) ;
#1310 =( NAMED_UNIT ( * ) SI_UNIT ( $, .STERADIAN. ) SOLID_ANGLE_UNIT ( ) );
#1311 = PLANE ( 'NONE',  #2812 ) ;
#1312 = CARTESIAN_POINT ( 'NONE',  ( -1.000000000000001300, 5.799999999999999800, 3.499999999999999600 ) ) ;
#1313 = DIRECTION ( 'NONE',  ( -0.0000000000000000000, 1.000000000000000000, -0.0000000000000000000 ) ) ;
#1314 = PLANE ( 'NONE',  #2810 ) ;
#1315 = CARTESIAN_POINT ( 'NONE',  ( 0.0000000000000000000, -5.219999999999999800, -6.392656291549182900E-016 ) ) ;
#1316 = CARTESIAN_POINT ( 'NONE',  ( -7.424621202458764600, 5.800000000000000700, -7.424621202458736100 ) ) ;
#1317 = CARTESIAN_POINT ( 'NONE',  ( 0.0000000000000000000, 11.60000000000000000, 0.0000000000000000000 ) ) ;
#1318 = CARTESIAN_POINT ( 'NONE',  ( 0.0000000000000000000, -4.970000000000001500, 0.0000000000000000000 ) ) ;
#1319 = DIRECTION ( 'NONE',  ( 0.0000000000000000000, 0.0000000000000000000, 1.000000000000000000 ) ) ;
#1320 = DIRECTION ( 'NONE',  ( 0.0000000000000000000, 0.0000000000000000000, -1.000000000000000000 ) ) ;
#1321 = DIRECTION ( 'NONE',  ( -0.0000000000000000000, 1.000000000000000000, -0.0000000000000000000 ) ) ;
#1322 = CARTESIAN_POINT ( 'NONE',  ( 0.0000000000000000000, -5.219999999999999800, 0.0000000000000000000 ) ) ;
#1323 = CARTESIAN_POINT ( 'NONE',  ( -3.882285676537771100, 4.969999999999995300, -14.48888739433603400 ) ) ;
#1324 = DIRECTION ( 'NONE',  ( 0.0000000000000000000, 1.000000000000000000, 0.0000000000000000000 ) ) ;
#1325 = DIRECTION ( 'NONE',  ( 0.0000000000000000000, 0.0000000000000000000, 1.000000000000000000 ) ) ;
#1326 = DIRECTION ( 'NONE',  ( 0.0000000000000000000, -1.000000000000000000, 0.0000000000000000000 ) ) ;
#1327 = CARTESIAN_POINT ( 'NONE',  ( 0.0000000000000000000, 5.219999999999999800, 0.0000000000000000000 ) ) ;
#1328 = DIRECTION ( 'NONE',  ( 0.0000000000000000000, 0.0000000000000000000, 1.000000000000000000 ) ) ;
#1329 = CARTESIAN_POINT ( 'NONE',  ( 0.0000000000000000000, -5.219999999999999800, -6.392656291549182900E-016 ) ) ;
#1330 = DIRECTION ( 'NONE',  ( 0.0000000000000000000, 0.0000000000000000000, -1.000000000000000000 ) ) ;
#1331 = DIRECTION ( 'NONE',  ( 0.0000000000000000000, 1.000000000000000000, 6.123233995736751200E-017 ) ) ;
#1332 = DIRECTION ( 'NONE',  ( -0.0000000000000000000, -1.000000000000000000, -0.0000000000000000000 ) ) ;
#1333 = DIRECTION ( 'NONE',  ( 0.0000000000000000000, 0.0000000000000000000, 1.000000000000000000 ) ) ;
#1334 = DIRECTION ( 'NONE',  ( 0.0000000000000000000, -1.000000000000000000, 0.0000000000000000000 ) ) ;
#1335 = CARTESIAN_POINT ( 'NONE',  ( 0.0000000000000000000, 5.219999999999999800, 0.0000000000000000000 ) ) ;
#1336 = DIRECTION ( 'NONE',  ( 0.0000000000000000000, -1.000000000000000000, 0.0000000000000000000 ) ) ;
#1337 = DIRECTION ( 'NONE',  ( -0.0000000000000000000, 1.000000000000000000, 6.123233995736766000E-017 ) ) ;
#1338 = CARTESIAN_POINT ( 'NONE',  ( 0.0000000000000000000, -5.219999999999998900, 0.0000000000000000000 ) ) ;
#1339 = DIRECTION ( 'NONE',  ( 0.0000000000000000000, 0.0000000000000000000, 1.000000000000000000 ) ) ;
#1340 = CARTESIAN_POINT ( 'NONE',  ( 3.882285676537772900, -5.220000000000000600, 14.48888739433603400 ) ) ;
#1341 = DIRECTION ( 'NONE',  ( -0.0000000000000000000, 1.000000000000000000, 6.123233995736766000E-017 ) ) ;
#1342 = CARTESIAN_POINT ( 'NONE',  ( 0.0000000000000000000, -5.220000000000000600, 0.0000000000000000000 ) ) ;
#1343 = CARTESIAN_POINT ( 'NONE',  ( 0.0000000000000000000, -5.219999999999999800, -6.392656291549182900E-016 ) ) ;
#1344 = DIRECTION ( 'NONE',  ( -0.0000000000000000000, 1.000000000000000000, -0.0000000000000000000 ) ) ;
#1345 = DIRECTION ( 'NONE',  ( 0.0000000000000000000, 0.0000000000000000000, 1.000000000000000000 ) ) ;
#1346 = DIRECTION ( 'NONE',  ( 0.0000000000000000000, 0.0000000000000000000, -1.000000000000000000 ) ) ;
#1347 = DIRECTION ( 'NONE',  ( 0.0000000000000000000, 0.0000000000000000000, 1.000000000000000000 ) ) ;
#1348 = DIRECTION ( 'NONE',  ( 0.0000000000000000000, 1.000000000000000000, 0.0000000000000000000 ) ) ;
#1349 = DIRECTION ( 'NONE',  ( 0.0000000000000000000, -6.802837160693361600E-017, 1.000000000000000000 ) ) ;
#1350 = CARTESIAN_POINT ( 'NONE',  ( 0.0000000000000000000, -5.219999999999998900, 0.0000000000000000000 ) ) ;
#1351 = DIRECTION ( 'NONE',  ( 0.0000000000000000000, 1.000000000000000000, 0.0000000000000000000 ) ) ;
#1352 = CARTESIAN_POINT ( 'NONE',  ( 0.0000000000000000000, 17.49999999999999600, 0.0000000000000000000 ) ) ;
#1353 = CARTESIAN_POINT ( 'NONE',  ( -1.000000000000002200, 5.799999999999999800, 2.291287847477920800 ) ) ;
#1354 = PLANE ( 'NONE',  #2878 ) ;
#1355 = CARTESIAN_POINT ( 'NONE',  ( 3.882285676537765800, 4.969999999999995300, -14.48888739433603400 ) ) ;
#1356 = CARTESIAN_POINT ( 'NONE',  ( 0.0000000000000000000, 2.319999999999999800, 0.0000000000000000000 ) ) ;
#1357 = DIRECTION ( 'NONE',  ( 0.0000000000000000000, 0.0000000000000000000, 1.000000000000000000 ) ) ;
#1358 = DIRECTION ( 'NONE',  ( 0.0000000000000000000, 1.000000000000000000, 0.0000000000000000000 ) ) ;
#1359 = CARTESIAN_POINT ( 'NONE',  ( 0.0000000000000000000, -5.219999999999999800, 0.0000000000000000000 ) ) ;
#1360 = CARTESIAN_POINT ( 'NONE',  ( 3.882285676537772900, -5.219999999999999800, 14.48888739433603400 ) ) ;
#1361 = DIRECTION ( 'NONE',  ( -1.000000000000000000, 0.0000000000000000000, 7.175916417970819300E-016 ) ) ;
#1362 = DIRECTION ( 'NONE',  ( 7.175916417970819300E-016, 0.0000000000000000000, 1.000000000000000000 ) ) ;
#1363 = DIRECTION ( 'NONE',  ( 0.0000000000000000000, 0.0000000000000000000, 1.000000000000000000 ) ) ;
#1364 = DIRECTION ( 'NONE',  ( 0.0000000000000000000, 1.000000000000000000, 0.0000000000000000000 ) ) ;
#1365 = DIRECTION ( 'NONE',  ( -0.0000000000000000000, 1.000000000000000000, 6.123233995736766000E-017 ) ) ;
#1366 = DIRECTION ( 'NONE',  ( 0.0000000000000000000, -6.802837160693365300E-017, 1.000000000000000000 ) ) ;
#1367 = DIRECTION ( 'NONE',  ( -0.0000000000000000000, -1.000000000000000000, -0.0000000000000000000 ) ) ;
#1368 = DIRECTION ( 'NONE',  ( 0.0000000000000000000, 0.0000000000000000000, -1.000000000000000000 ) ) ;
#1369 = CARTESIAN_POINT ( 'NONE',  ( 0.0000000000000000000, -5.219999999999999800, 0.0000000000000000000 ) ) ;
#1370 = DIRECTION ( 'NONE',  ( 0.0000000000000000000, 1.000000000000000000, 0.0000000000000000000 ) ) ;
#1371 = DIRECTION ( 'NONE',  ( 0.0000000000000000000, -0.0000000000000000000, 1.000000000000000000 ) ) ;
#1372 = DIRECTION ( 'NONE',  ( 0.0000000000000000000, 1.000000000000000000, 6.123233995736751200E-017 ) ) ;
#1373 = DIRECTION ( 'NONE',  ( -0.0000000000000000000, -1.000000000000000000, -0.0000000000000000000 ) ) ;
#1374 = DIRECTION ( 'NONE',  ( 0.0000000000000000000, 0.0000000000000000000, -1.000000000000000000 ) ) ;
#1375 = CARTESIAN_POINT ( 'NONE',  ( 0.0000000000000000000, 17.49999999999999600, 0.0000000000000000000 ) ) ;
#1376 = CARTESIAN_POINT ( 'NONE',  ( 14.48888739433602900, 4.969999999999996200, -3.882285676537774700 ) ) ;
#1377 = DIRECTION ( 'NONE',  ( -0.0000000000000000000, -1.000000000000000000, -0.0000000000000000000 ) ) ;
#1378 = DIRECTION ( 'NONE',  ( -0.0000000000000000000, 1.000000000000000000, -0.0000000000000000000 ) ) ;
#1379 = DIRECTION ( 'NONE',  ( 0.0000000000000000000, 0.0000000000000000000, -1.000000000000000000 ) ) ;
#1380 = DIRECTION ( 'NONE',  ( 0.0000000000000000000, 0.0000000000000000000, -1.000000000000000000 ) ) ;
#1381 = DIRECTION ( 'NONE',  ( -0.0000000000000000000, -1.000000000000000000, -0.0000000000000000000 ) ) ;
#1382 = CARTESIAN_POINT ( 'NONE',  ( -14.48888739433602900, -5.219999999999999800, 3.882285676537772500 ) ) ;
#1383 = DIRECTION ( 'NONE',  ( 0.0000000000000000000, 0.0000000000000000000, -1.000000000000000000 ) ) ;
#1384 = DIRECTION ( 'NONE',  ( -0.0000000000000000000, -1.000000000000000000, -0.0000000000000000000 ) ) ;
#1385 = CARTESIAN_POINT ( 'NONE',  ( 0.0000000000000000000, -5.219999999999999800, -6.392656291549182900E-016 ) ) ;
#1386 = CARTESIAN_POINT ( 'NONE',  ( 0.0000000000000000000, 11.60000000000000000, 0.0000000000000000000 ) ) ;
#1387 = CARTESIAN_POINT ( 'NONE',  ( -3.882285676537740000, -5.220000000000000600, 14.48888739433602900 ) ) ;
#1388 = CARTESIAN_POINT ( 'NONE',  ( 14.48888739433604100, -5.219999999999999800, 3.882285676537765400 ) ) ;
#1389 = DIRECTION ( 'NONE',  ( 0.0000000000000000000, 0.0000000000000000000, 1.000000000000000000 ) ) ;
#1390 = PLANE ( 'NONE',  #2871 ) ;
#1391 = CARTESIAN_POINT ( 'NONE',  ( -3.882285676537767600, 4.969999999999997100, 14.48888739433603400 ) ) ;
#1392 = DIRECTION ( 'NONE',  ( 0.0000000000000000000, 0.0000000000000000000, 1.000000000000000000 ) ) ;
#1393 = DIRECTION ( 'NONE',  ( 0.0000000000000000000, 0.0000000000000000000, -1.000000000000000000 ) ) ;
#1394 = DIRECTION ( 'NONE',  ( 0.0000000000000000000, 1.000000000000000000, 0.0000000000000000000 ) ) ;
#1395 = DIRECTION ( 'NONE',  ( -0.0000000000000000000, -0.0000000000000000000, 1.000000000000000000 ) ) ;
#1396 = DIRECTION ( 'NONE',  ( 1.000000000000000000, 0.0000000000000000000, 0.0000000000000000000 ) ) ;
#1397 = CARTESIAN_POINT ( 'NONE',  ( 0.0000000000000000000, -5.219999999999999800, 0.0000000000000000000 ) ) ;
#1398 = DIRECTION ( 'NONE',  ( 0.0000000000000000000, 0.0000000000000000000, -1.000000000000000000 ) ) ;
#1399 = DIRECTION ( 'NONE',  ( 0.0000000000000000000, 0.0000000000000000000, 1.000000000000000000 ) ) ;
#1400 = DIRECTION ( 'NONE',  ( -0.0000000000000000000, -1.000000000000000000, -0.0000000000000000000 ) ) ;
#1401 = CARTESIAN_POINT ( 'NONE',  ( -14.89836338083880200, 10.50142504876206600, 1.743308868627311500 ) ) ;
#1402 = CARTESIAN_POINT ( 'NONE',  ( -14.87536689237767000, 10.85523186596679100, 1.929671591722514200 ) ) ;
#1403 = PLANE ( 'NONE',  #2879 ) ;
#1404 = DIRECTION ( 'NONE',  ( 0.0000000000000000000, -0.0000000000000000000, 1.000000000000000000 ) ) ;
#1405 = PLANE ( 'NONE',  #2884 ) ;
#1406 = DIRECTION ( 'NONE',  ( 0.0000000000000000000, -6.123233995736766000E-017, 1.000000000000000000 ) ) ;
#1407 = CARTESIAN_POINT ( 'NONE',  ( -14.85581954580676200, 11.56692453091781800, 2.074759119611533400 ) ) ;
#1408 = CARTESIAN_POINT ( 'NONE',  ( 14.48888739433604100, -5.219999999999999800, 3.882285676537765400 ) ) ;
#1409 = CARTESIAN_POINT ( 'NONE',  ( 0.0000000000000000000, 4.969999999999996200, -1.530808498934207200E-017 ) ) ;
#1410 = DIRECTION ( 'NONE',  ( 0.0000000000000000000, 0.0000000000000000000, -1.000000000000000000 ) ) ;
#1411 = CARTESIAN_POINT ( 'NONE',  ( 0.0000000000000000000, -4.970000000000001500, 0.0000000000000000000 ) ) ;
#1412 = DIRECTION ( 'NONE',  ( -0.0000000000000000000, -1.000000000000000000, -6.123233995736738900E-017 ) ) ;
#1413 = DIRECTION ( 'NONE',  ( -0.0000000000000000000, 1.000000000000000000, 6.123233995736766000E-017 ) ) ;
#1414 = DIRECTION ( 'NONE',  ( 0.0000000000000000000, 0.0000000000000000000, 1.000000000000000000 ) ) ;
#1415 = CARTESIAN_POINT ( 'NONE',  ( -14.85581954474042200, 11.60000000000000000, 2.074759179786525000 ) ) ;
#1416 = CARTESIAN_POINT ( 'NONE',  ( 0.0000000000000000000, -5.219999999999999800, -6.392656291549182900E-016 ) ) ;
#1417 = CARTESIAN_POINT ( 'NONE',  ( -3.882285676537771100, -5.219999999999998900, -14.48888739433603400 ) ) ;
#1418 = DIRECTION ( 'NONE',  ( 0.0000000000000000000, 1.000000000000000000, 0.0000000000000000000 ) ) ;
#1419 = CARTESIAN_POINT ( 'NONE',  ( -14.85593547532671000, 11.53379731019022500, 2.073929605754357500 ) ) ;
#1420 = CARTESIAN_POINT ( 'NONE',  ( -14.85640138130826300, 11.46743798901424300, 2.070589487922366100 ) ) ;
#1421 = DIRECTION ( 'NONE',  ( 0.0000000000000000000, 1.000000000000000000, 6.123233995736766000E-017 ) ) ;
#1422 = CARTESIAN_POINT ( 'NONE',  ( -14.85768783853916900, 11.36761328922595400, 2.061340272374031700 ) ) ;
#1423 = CARTESIAN_POINT ( 'NONE',  ( -14.85827243098224300, 11.33442663061627100, 2.057125687127151700 ) ) ;
#1424 = DIRECTION ( 'NONE',  ( -0.0000000000000000000, 1.000000000000000000, 6.123233995736766000E-017 ) ) ;
#1425 = CARTESIAN_POINT ( 'NONE',  ( -14.86319094662652400, 11.13854229911861900, 2.021320049620372900 ) ) ;
#1426 = CARTESIAN_POINT ( 'NONE',  ( -14.86543030685580800, 11.07450404265564200, 2.004838037265455100 ) ) ;
#1427 = CARTESIAN_POINT ( 'NONE',  ( -14.87872454781809300, 10.79385527778421100, 1.903609322646982600 ) ) ;
#1428 = DIRECTION ( 'NONE',  ( -0.0000000000000000000, -1.000000000000000000, -6.123233995736738900E-017 ) ) ;
#1429 = CARTESIAN_POINT ( 'NONE',  ( -14.88049132764208700, 10.76337751413317400, 1.889760859608320600 ) ) ;
#1430 = CARTESIAN_POINT ( 'NONE',  ( 0.0000000000000000000, 4.969999999999996200, -1.530808498934207200E-017 ) ) ;
#1431 = DIRECTION ( 'NONE',  ( -0.0000000000000000000, 1.000000000000000000, -0.0000000000000000000 ) ) ;
#1432 = CARTESIAN_POINT ( 'NONE',  ( 14.48888739433602900, -5.219999999999999800, -3.882285676537775100 ) ) ;
#1433 = DIRECTION ( 'NONE',  ( -0.0000000000000000000, 1.000000000000000000, 6.123233995736766000E-017 ) ) ;
#1434 = CARTESIAN_POINT ( 'NONE',  ( -14.88418618275199800, 10.70293637405137100, 1.860435495549722900 ) ) ;
#1435 = CARTESIAN_POINT ( 'NONE',  ( 0.0000000000000000000, -5.219999999999999800, 0.0000000000000000000 ) ) ;
#1436 = CARTESIAN_POINT ( 'NONE',  ( -14.85675107422230600, 11.43422729579924500, 2.068081006663315500 ) ) ;
#1437 = DIRECTION ( 'NONE',  ( 0.0000000000000000000, -6.802837160693362900E-017, 1.000000000000000000 ) ) ;
#1438 = DIRECTION ( 'NONE',  ( 0.0000000000000000000, -6.802837160693366600E-017, 1.000000000000000000 ) ) ;
#1439 = CARTESIAN_POINT ( 'NONE',  ( -14.86046384517865700, 11.23592304384325900, 2.041239603427532400 ) ) ;
#1440 = CARTESIAN_POINT ( 'NONE',  ( -14.86936662261493500, 10.97977256403107100, 1.975356737648756400 ) ) ;
#1441 = DIRECTION ( 'NONE',  ( -0.0000000000000000000, 1.000000000000000000, 6.123233995736766000E-017 ) ) ;
#1442 = DIRECTION ( 'NONE',  ( 0.0000000000000000000, -6.802837160693360400E-017, 1.000000000000000000 ) ) ;
#1443 = DIRECTION ( 'NONE',  ( 0.0000000000000000000, 0.0000000000000000000, 1.000000000000000000 ) ) ;
#1444 = DIRECTION ( 'NONE',  ( 0.0000000000000000000, 0.0000000000000000000, -1.000000000000000000 ) ) ;
#1445 = CARTESIAN_POINT ( 'NONE',  ( -14.85965996940898600, 11.26861500957690700, 2.047078723690747300 ) ) ;
#1446 = CARTESIAN_POINT ( 'NONE',  ( -14.87077497947551800, 10.94841584584547800, 1.964735154004560800 ) ) ;
#1447 = CARTESIAN_POINT ( 'NONE',  ( -14.87377509225303400, 10.88614578626156500, 1.941892679617788400 ) ) ;
#1448 = CARTESIAN_POINT ( 'NONE',  ( -14.88609898754852700, 10.67321898264611400, 1.845079517807647800 ) ) ;
#1449 = CARTESIAN_POINT ( 'NONE',  ( 0.0000000000000000000, 11.60000000000000000, 0.0000000000000000000 ) ) ;
#1450 = CARTESIAN_POINT ( 'NONE',  ( -14.89004247517842600, 10.61470622925614500, 1.812980021302233600 ) ) ;
#1451 = CARTESIAN_POINT ( 'NONE',  ( -14.89207252092204400, 10.58592138441176900, 1.796241563184569200 ) ) ;
#1452 = CARTESIAN_POINT ( 'NONE',  ( -14.89623296436655400, 10.52928077200797900, 1.761406018452097000 ) ) ;
#1453 = CARTESIAN_POINT ( 'NONE',  ( 7.424621202458764600, 5.799999999999998900, 7.424621202458736100 ) ) ;
#1454 = CARTESIAN_POINT ( 'NONE',  ( -14.98918860808271200, 9.652525810464490900, 0.5703262108681215200 ) ) ;
#1455 = CARTESIAN_POINT ( 'NONE',  ( -14.99759992311603600, 9.591788259842045900, -0.2704203504191983700 ) ) ;
#1456 = CARTESIAN_POINT ( 'NONE',  ( -14.99363251190055600, 9.620212015683327100, -0.4383067510213285400 ) ) ;
#1457 = CARTESIAN_POINT ( 'NONE',  ( -14.98064470552757600, 9.716187948331684900, 0.7624114521307857600 ) ) ;
#1458 = CARTESIAN_POINT ( 'NONE',  ( -14.99816920748928500, 9.587744669054949000, -0.2367619930085037600 ) ) ;
#1459 = CARTESIAN_POINT ( 'NONE',  ( -14.99261369772107100, 9.627571398192650100, -0.4718416073929679900 ) ) ;
#1460 = CARTESIAN_POINT ( 'NONE',  ( -14.97557095498891900, 9.755014538629025000, 0.8562884281544382900 ) ) ;
#1461 = CARTESIAN_POINT ( 'NONE',  ( -14.99038452426884900, 9.643781446638920200, -0.5380185909263043300 ) ) ;
#1462 = CARTESIAN_POINT ( 'NONE',  ( -14.92337530508685500, 10.21545482709235300, 1.514268545849764000 ) ) ;
#1463 = CARTESIAN_POINT ( 'NONE',  ( -14.96998475389036900, 9.798767266571694300, 0.9485729005537761900 ) ) ;
#1464 = CARTESIAN_POINT ( 'NONE',  ( -14.93755292232782700, 10.07661915266459300, 1.367534656881674200 ) ) ;
#1465 = CARTESIAN_POINT ( 'NONE',  ( -14.98222125002067400, 9.704289070997500500, 0.7307963856444134000 ) ) ;
#1466 = CARTESIAN_POINT ( 'NONE',  ( -14.98525017616157800, 9.681550577536610200, -0.6681985113178730000 ) ) ;
#1467 = CARTESIAN_POINT ( 'NONE',  ( -14.99541134056931600, 9.607416776871488700, 0.3724889930272537500 ) ) ;
#1468 = CARTESIAN_POINT ( 'NONE',  ( -14.96410430215057000, 9.845681508895708600, 1.038843841695679800 ) ) ;
#1469 = CARTESIAN_POINT ( 'NONE',  ( -14.98226413527904900, 9.703832638630158800, -0.7318945496007494000 ) ) ;
#1470 = CARTESIAN_POINT ( 'NONE',  ( -14.93286125044355100, 10.12109490741583600, 1.417848108035759200 ) ) ;
#1471 = CARTESIAN_POINT ( 'NONE',  ( -14.97731959571073000, 9.741550366891578600, 0.8251574206213357900 ) ) ;
#1472 = CARTESIAN_POINT ( 'NONE',  ( -14.99360929900470500, 9.620379668824417900, 0.4390780585487446500 ) ) ;
#1473 = CARTESIAN_POINT ( 'NONE',  ( -14.99260388038498200, 9.627642813513876500, 0.4721299858999651300 ) ) ;
#1474 = CARTESIAN_POINT ( 'NONE',  ( -14.99623682996699400, 9.601510744512557600, -0.3376559847605830100 ) ) ;
#1475 = CARTESIAN_POINT ( 'NONE',  ( -14.99544295432716200, 9.607190056575074500, -0.3712318094554651900 ) ) ;
#1476 = CARTESIAN_POINT ( 'NONE',  ( -14.96901705574745600, 9.806444810157627100, 0.9637211077561483900 ) ) ;
#1477 = CARTESIAN_POINT ( 'NONE',  ( -14.93988058067263800, 10.05504209318379300, 1.341885539647065500 ) ) ;
#1478 = CARTESIAN_POINT ( 'NONE',  ( -14.98916987014143300, 9.652662956649011900, -0.5708291704910045700 ) ) ;
#1479 = CARTESIAN_POINT ( 'NONE',  ( -14.97729814534451300, 9.741715518878276500, -0.8255407714116527200 ) ) ;
#1480 = CARTESIAN_POINT ( 'NONE',  ( -14.97004921824080800, 9.798205476624881200, -0.9479071765676203600 ) ) ;
#1481 = CARTESIAN_POINT ( 'NONE',  ( -14.98658838555828000, 9.671687222248857900, 0.6349926795104068300 ) ) ;
#1482 = CARTESIAN_POINT ( 'NONE',  ( -14.96613420274937000, 9.829465186621058900, -1.007833651055776600 ) ) ;
#1483 = CARTESIAN_POINT ( 'NONE',  ( -14.96410827160121700, 9.845842644940530500, -1.037462551063166800 ) ) ;
#1484 = CARTESIAN_POINT ( 'NONE',  ( -14.95777611953218200, 9.898063610591371700, -1.125053867067437500 ) ) ;
#1485 = CARTESIAN_POINT ( 'NONE',  ( -14.95123189470301000, 9.953459476896798100, -1.209904042423320700 ) ) ;
#1486 = CARTESIAN_POINT ( 'NONE',  ( -14.94671684244647400, 9.992871071054093300, -1.264278473668124100 ) ) ;
#1487 = CARTESIAN_POINT ( 'NONE',  ( -14.97193701247454100, 9.783333808285606300, -0.9176280509660804700 ) ) ;
#1488 = CARTESIAN_POINT ( 'NONE',  ( -14.99908378946656700, 9.581259752962637300, 0.1692299828710313000 ) ) ;
#1489 = CARTESIAN_POINT ( 'NONE',  ( -14.97556146911452200, 9.755088799129680400, -0.8564448605064606300 ) ) ;
#1490 = CARTESIAN_POINT ( 'NONE',  ( -14.95992377645324800, 9.880185801377171700, -1.096150812929751700 ) ) ;
#1491 = CARTESIAN_POINT ( 'NONE',  ( -14.92219294986549400, 10.22764840021350400, 1.525873456522565600 ) ) ;
#1492 = CARTESIAN_POINT ( 'NONE',  ( -14.90488123614256600, 10.41924086497926200, 1.686992453822768300 ) ) ;
#1493 = CARTESIAN_POINT ( 'NONE',  ( -14.93049797728693800, 10.14398626915856700, 1.442504550480167700 ) ) ;
#1494 = CARTESIAN_POINT ( 'NONE',  ( -14.98519308675668400, 9.682038695917921000, 0.6670870028794216900 ) ) ;
#1495 = CARTESIAN_POINT ( 'NONE',  ( -14.99758274151805500, 9.591910418983472300, 0.2713983195182774800 ) ) ;
#1496 = CARTESIAN_POINT ( 'NONE',  ( -14.99942869178363100, 9.578821471771389500, 0.1352436496345855200 ) ) ;
#1497 = CARTESIAN_POINT ( 'NONE',  ( -14.99988712869492100, 9.575582438410180000, 0.06736509446387954600 ) ) ;
#1498 = CARTESIAN_POINT ( 'NONE',  ( -14.99039353819768300, 9.643715873490370100, 0.5377540654966687100 ) ) ;
#1499 = CARTESIAN_POINT ( 'NONE',  ( -14.99816219417595400, 9.587794348995029000, 0.2372591274905765900 ) ) ;
#1500 = CARTESIAN_POINT ( 'NONE',  ( -14.92574560691355000, 10.19132029898872100, 1.490724096533931500 ) ) ;
#1501 = CARTESIAN_POINT ( 'NONE',  ( -15.00000087931477200, 9.574780217990429800, 0.03346636059459635200 ) ) ;
#1502 = CARTESIAN_POINT ( 'NONE',  ( -14.92693588765588200, 10.17935636885315600, 1.478760557820373500 ) ) ;
#1503 = CARTESIAN_POINT ( 'NONE',  ( -14.90939605273575800, 10.36628636163770300, 1.646746782600181800 ) ) ;
#1504 = CARTESIAN_POINT ( 'NONE',  ( -14.95994258569811200, 9.879729169033760500, 1.096945554911772600 ) ) ;
#1505 = CARTESIAN_POINT ( 'NONE',  ( -14.99620813134135300, 9.601715846414078800, 0.3389368958968211900 ) ) ;
#1506 = CARTESIAN_POINT ( 'NONE',  ( -14.97188974686455900, 9.783743727562349300, 0.9180152653365895000 ) ) ;
#1507 = CARTESIAN_POINT ( 'NONE',  ( -14.91632476089970700, 10.28965203281633500, 1.582315585179283200 ) ) ;
#1508 = CARTESIAN_POINT ( 'NONE',  ( -14.94678482994879000, 9.992268024387195500, 1.263477898208805700 ) ) ;
#1509 = CARTESIAN_POINT ( 'NONE',  ( -14.95128283033270100, 9.953023974035751600, 1.209262178878155900 ) ) ;
#1510 = CARTESIAN_POINT ( 'NONE',  ( -14.99999822598309000, 9.574798806438911600, -0.06810952322486871200 ) ) ;
#1511 = CARTESIAN_POINT ( 'NONE',  ( -14.99953791629397400, 9.578039658223639600, -0.1356666088113607800 ) ) ;
#1512 = CARTESIAN_POINT ( 'NONE',  ( -14.91866181281877200, 10.26456058855218800, 1.560146351547396100 ) ) ;
#1513 = CARTESIAN_POINT ( 'NONE',  ( -14.97282625878283100, 9.776404175988950800, 0.9026151301329845600 ) ) ;
#1514 = CARTESIAN_POINT ( 'NONE',  ( -14.93283729158073400, 10.12076114718352900, -1.418690102989662600 ) ) ;
#1515 = CARTESIAN_POINT ( 'NONE',  ( -14.92343555873788900, 10.21410990181869300, -1.514392147361861300 ) ) ;
#1516 = CARTESIAN_POINT ( 'NONE',  ( -14.91871746946731000, 10.26320364299216900, -1.560057887361434600 ) ) ;
#1517 = CARTESIAN_POINT ( 'NONE',  ( -14.88413043298712400, 10.70245011096405500, -1.861099955806101400 ) ) ;
#1518 = CARTESIAN_POINT ( 'NONE',  ( -14.88046125630149800, 10.76219840852689900, -1.890122634101839800 ) ) ;
#1519 = CARTESIAN_POINT ( 'NONE',  ( -14.90937650281600200, 10.36648675864998400, -1.646936029164727900 ) ) ;
#1520 = CARTESIAN_POINT ( 'NONE',  ( -14.87077783853880500, 10.94833636543864900, -1.964714313250511600 ) ) ;
#1521 = CARTESIAN_POINT ( 'NONE',  ( -14.86935599030977600, 10.98000070766565600, -1.975437251245483200 ) ) ;
#1522 = CARTESIAN_POINT ( 'NONE',  ( -14.87381466061216000, 10.88534493044670300, -1.941590469975217600 ) ) ;
#1523 = CARTESIAN_POINT ( 'NONE',  ( -14.87541969700381700, 10.85422284711623500, -1.929264789261471600 ) ) ;
#1524 = CARTESIAN_POINT ( 'NONE',  ( -14.90483274730036600, 10.41981803823898800, -1.687421918839172600 ) ) ;
#1525 = CARTESIAN_POINT ( 'NONE',  ( -14.86670993661682200, 11.04373662648442600, -1.995253266721798600 ) ) ;
#1526 = CARTESIAN_POINT ( 'NONE',  ( -14.93752003114663100, 10.07651973202127300, -1.368664078492512600 ) ) ;
#1527 = CARTESIAN_POINT ( 'NONE',  ( -14.89612663455804600, 10.52966303529502300, -1.762624446186253900 ) ) ;
#1528 = CARTESIAN_POINT ( 'NONE',  ( -14.89196270824027300, 10.58619222010987400, -1.797352892728481600 ) ) ;
#1529 = CARTESIAN_POINT ( 'NONE',  ( -14.94455465829627600, 13.18744955754158700, -1.288794804122585400 ) ) ;
#1530 = CARTESIAN_POINT ( 'NONE',  ( -14.86945908207058800, 12.22234171909194200, -1.974661073792672000 ) ) ;
#1531 = CARTESIAN_POINT ( 'NONE',  ( -14.87087362528872300, 12.25372272726927700, -1.963988465842220600 ) ) ;
#1532 = CARTESIAN_POINT ( 'NONE',  ( -14.89845491252180300, 12.69950751246289900, -1.742448317284248200 ) ) ;
#1533 = CARTESIAN_POINT ( 'NONE',  ( -14.90955492497871900, 12.83553498370499700, -1.645306723963756000 ) ) ;
#1534 = CARTESIAN_POINT ( 'NONE',  ( -14.89523383318246500, 12.65711151725533800, -1.769770572148275700 ) ) ;
#1535 = CARTESIAN_POINT ( 'NONE',  ( -14.93050971265504300, 13.05612467173826000, -1.442378955700378800 ) ) ;
#1536 = CARTESIAN_POINT ( 'NONE',  ( -14.93286230939991900, 13.07891546047014200, -1.417837213150201100 ) ) ;
#1537 = CARTESIAN_POINT ( 'NONE',  ( -14.85637953574166500, 11.46979973999969400, -2.070746190139329800 ) ) ;
#1538 = CARTESIAN_POINT ( 'NONE',  ( -14.85966072906282800, 11.93140820762841500, -2.047073171101413200 ) ) ;
#1539 = CARTESIAN_POINT ( 'NONE',  ( -14.89208247543041700, 12.61422480411340200, -1.796160573935558600 ) ) ;
#1540 = CARTESIAN_POINT ( 'NONE',  ( -14.85581445205974500, 11.56919846945856100, -2.074795595178234600 ) ) ;
#1541 = CARTESIAN_POINT ( 'NONE',  ( -14.85769850465427800, 11.83297441862070400, -2.061263277913118100 ) ) ;
#1542 = CARTESIAN_POINT ( 'NONE',  ( -14.88055485961580600, 12.43768466538838700, -1.889259222358234500 ) ) ;
#1543 = CARTESIAN_POINT ( 'NONE',  ( -14.89630117772290600, 12.67134289739267700, -1.760765852992245000 ) ) ;
#1544 = CARTESIAN_POINT ( 'NONE',  ( -14.86548632564758100, 11.07579578658693000, -2.004341785539911000 ) ) ;
#1545 = CARTESIAN_POINT ( 'NONE',  ( -14.86041032435721700, 11.23799595408368800, -2.041629234420930100 ) ) ;
#1546 = CARTESIAN_POINT ( 'NONE',  ( -14.85822721226085400, 11.33683254885976600, -2.057452212434983400 ) ) ;
#1547 = CARTESIAN_POINT ( 'NONE',  ( -14.87546528639917800, 12.34662880774179600, -1.928912485051886800 ) ) ;
#1548 = CARTESIAN_POINT ( 'NONE',  ( -14.87880435057694200, 12.40753800232922400, -1.902985004459113900 ) ) ;
#1549 = CARTESIAN_POINT ( 'NONE',  ( -14.90502364123301700, 12.78248565341759700, -1.685741170720672200 ) ) ;
#1550 = CARTESIAN_POINT ( 'NONE',  ( -14.94685647302286400, 13.20794785742321200, -1.261837701138171400 ) ) ;
#1551 = CARTESIAN_POINT ( 'NONE',  ( -14.85672354601323000, 11.43661321465920700, -2.068278673499922800 ) ) ;
#1552 = CARTESIAN_POINT ( 'NONE',  ( -14.95137092544598700, 13.24745270397161800, -1.207169878730074600 ) ) ;
#1553 = CARTESIAN_POINT ( 'NONE',  ( -14.86333044221742800, 12.06231009955342700, -2.020267095000084300 ) ) ;
#1554 = CARTESIAN_POINT ( 'NONE',  ( -14.95358755869306000, 13.26649541804322200, -1.179413960141720000 ) ) ;
#1555 = CARTESIAN_POINT ( 'NONE',  ( -14.85764687635970600, 11.37012771653275500, -2.061635417859416700 ) ) ;
#1556 = CARTESIAN_POINT ( 'NONE',  ( -14.96009023251756500, 13.32149412853277900, -1.094938143209131200 ) ) ;
#1557 = CARTESIAN_POINT ( 'NONE',  ( -14.96423154133617200, 13.35534692084230300, -1.036985503158939900 ) ) ;
#1558 = CARTESIAN_POINT ( 'NONE',  ( -14.86222913505125700, 11.17273460538284400, -2.028346633568269400 ) ) ;
#1559 = CARTESIAN_POINT ( 'NONE',  ( -14.89954216312350800, 12.71345465824266800, -1.733128729980970600 ) ) ;
#1560 = CARTESIAN_POINT ( 'NONE',  ( -14.85592498970202300, 11.53609512970084700, -2.074004681420834800 ) ) ;
#1561 = CARTESIAN_POINT ( 'NONE',  ( -14.86046580525433400, 11.96416874377016400, -2.041225480581471400 ) ) ;
#1562 = CARTESIAN_POINT ( 'NONE',  ( -14.85960812668655600, 11.27083089349641700, -2.047454944518570100 ) ) ;
#1563 = CARTESIAN_POINT ( 'NONE',  ( -14.85630408722003200, 11.73432084531066600, -2.071297897749420100 ) ) ;
#1564 = CARTESIAN_POINT ( 'NONE',  ( -14.87387672345557700, 12.31586627603050300, -1.941114182088526900 ) ) ;
#1565 = CARTESIAN_POINT ( 'NONE',  ( -14.88610614465943800, 12.52688931568693500, -1.845021600649000800 ) ) ;
#1566 = CARTESIAN_POINT ( 'NONE',  ( -14.86324592741541500, 11.14029477543347500, -2.020888471935085500 ) ) ;
#1567 = CARTESIAN_POINT ( 'NONE',  ( -14.89004461038101600, 12.58532334505289200, -1.812962299411740300 ) ) ;
#1568 = CARTESIAN_POINT ( 'NONE',  ( -14.91877332425975500, 12.93736377499614900, -1.559507444702212600 ) ) ;
#1569 = CARTESIAN_POINT ( 'NONE',  ( -14.88420575264735200, 12.49736031743183400, -1.860277508315000700 ) ) ;
#1570 = CARTESIAN_POINT ( 'NONE',  ( -14.86558762972542500, 12.12693444246178100, -2.003590540616461800 ) ) ;
#1571 = CARTESIAN_POINT ( 'NONE',  ( -14.86681624789510500, 12.15895411940194000, -1.994460932454256600 ) ) ;
#1572 = CARTESIAN_POINT ( 'NONE',  ( -14.85827725963065000, 11.86581516347195700, -2.057090775449546000 ) ) ;
#1573 = CARTESIAN_POINT ( 'NONE',  ( -14.92346083867293600, 12.98614885799490900, -1.514142801836031000 ) ) ;
#1574 = CARTESIAN_POINT ( 'NONE',  ( -14.93755652772955300, 13.12341469593322300, -1.367495530789258200 ) ) ;
#1575 = CARTESIAN_POINT ( 'NONE',  ( -14.85583027038659900, 11.66837695611111200, -2.074682480420943600 ) ) ;
#1576 = CARTESIAN_POINT ( 'NONE',  ( -14.86229847828829900, 12.02956692401488000, -2.027838704825591300 ) ) ;
#1577 = CARTESIAN_POINT ( 'NONE',  ( -14.93989672439202500, 13.14511007494605000, -1.341711906710801900 ) ) ;
#1578 = CARTESIAN_POINT ( 'NONE',  ( -14.94666657937648700, 13.20626642640780600, 1.264086480830697700 ) ) ;
#1579 = CARTESIAN_POINT ( 'NONE',  ( -14.94435294924656300, 13.18563915680749300, 1.291129936677903000 ) ) ;
#1580 = CARTESIAN_POINT ( 'NONE',  ( -14.93737044876077400, 13.12167513939563400, 1.369525252101575900 ) ) ;
#1581 = CARTESIAN_POINT ( 'NONE',  ( -14.98720279675112700, 13.53284004014462000, 0.6196953006134707800 ) ) ;
#1582 = CARTESIAN_POINT ( 'NONE',  ( -14.93970849218227500, 13.14337402034143000, 1.343803034937591100 ) ) ;
#1583 = CARTESIAN_POINT ( 'NONE',  ( -14.99270867302215200, 13.57314139646969400, 0.4723270386210128800 ) ) ;
#1584 = CARTESIAN_POINT ( 'NONE',  ( -14.92329145150150700, 12.98441058127870400, 1.515808056538656000 ) ) ;
#1585 = CARTESIAN_POINT ( 'NONE',  ( -14.99046936612830000, 13.55683758667930200, -0.5356399718326206900 ) ) ;
#1586 = CARTESIAN_POINT ( 'NONE',  ( -14.99905689085717600, 13.61854980446723400, 0.1715511270686031200 ) ) ;
#1587 = CARTESIAN_POINT ( 'NONE',  ( -14.99908334651171200, 13.61873704306643200, -0.1692274736345688900 ) ) ;
#1588 = CARTESIAN_POINT ( 'NONE',  ( -14.98652061226636600, 13.52779446969311300, 0.6359746750677405200 ) ) ;
#1589 = CARTESIAN_POINT ( 'NONE',  ( -14.91860575700461800, 12.93558460208551600, 1.561108744786756400 ) ) ;
#1590 = CARTESIAN_POINT ( 'NONE',  ( -14.97181736024118800, 13.41572659431175300, 0.9195774235569835800 ) ) ;
#1591 = CARTESIAN_POINT ( 'NONE',  ( -14.99987665234242200, 13.62434362716783200, 0.06968862064316352900 ) ) ;
#1592 = CARTESIAN_POINT ( 'NONE',  ( -14.91169090618356600, 12.85909168352677900, 1.625404290083160900 ) ) ;
#1593 = CARTESIAN_POINT ( 'NONE',  ( -14.99771333337651000, 13.60902311778883200, -0.2704626578498577900 ) ) ;
#1594 = CARTESIAN_POINT ( 'NONE',  ( -14.97006660447032200, 13.40193130212442400, -0.9476268184161926700 ) ) ;
#1595 = CARTESIAN_POINT ( 'NONE',  ( -14.99048557299938100, 13.55703333780113700, 0.5381379406575688100 ) ) ;
#1596 = CARTESIAN_POINT ( 'NONE',  ( -14.97719172413741100, 13.45746777807835500, 0.8274750773333916500 ) ) ;
#1597 = CARTESIAN_POINT ( 'NONE',  ( -14.97544708198783800, 13.44402650763085700, 0.8584418190850882100 ) ) ;
#1598 = CARTESIAN_POINT ( 'NONE',  ( -14.97194890226463200, 13.41675956315961200, -0.9174343897244293700 ) ) ;
#1599 = CARTESIAN_POINT ( 'NONE',  ( -14.97731632898770500, 13.45842470216880900, -0.8252188003760296800 ) ) ;
#1600 = CARTESIAN_POINT ( 'NONE',  ( -14.99942809986992600, 13.62117435137184700, -0.1353321222202804300 ) ) ;
#1601 = CARTESIAN_POINT ( 'NONE',  ( -14.99940657503699300, 13.62102217380537700, 0.1376898822737044100 ) ) ;
#1602 = CARTESIAN_POINT ( 'NONE',  ( -14.93268329481628400, 13.07719210708625600, 1.419720050093674400 ) ) ;
#1603 = CARTESIAN_POINT ( 'NONE',  ( -14.98437459748266000, 13.51183497774870500, 0.6846740463016497400 ) ) ;
#1604 = CARTESIAN_POINT ( 'NONE',  ( -14.93033360017831000, 13.05440318742417800, 1.444199935481092200 ) ) ;
#1605 = CARTESIAN_POINT ( 'NONE',  ( -14.90940487104671800, 12.83305083997017000, 1.646225896576802800 ) ) ;
#1606 = CARTESIAN_POINT ( 'NONE',  ( -14.97557375577320800, 13.44500622909385400, -0.8562303605344362400 ) ) ;
#1607 = CARTESIAN_POINT ( 'NONE',  ( -14.90488762978521600, 12.77986924623208900, 1.686635137855417900 ) ) ;
#1608 = CARTESIAN_POINT ( 'NONE',  ( -14.90265644504675900, 12.75272802050025000, 1.706222231606705500 ) ) ;
#1609 = CARTESIAN_POINT ( 'NONE',  ( -14.95988837591142100, 13.31951873174293000, 1.096623835709947600 ) ) ;
#1610 = CARTESIAN_POINT ( 'NONE',  ( -14.89826610630988000, 12.69732617022120100, 1.744142254653179300 ) ) ;
#1611 = CARTESIAN_POINT ( 'NONE',  ( -14.89610439808017100, 12.66902042602499800, 1.762494159858380800 ) ) ;
#1612 = CARTESIAN_POINT ( 'NONE',  ( -14.98926346177558100, 13.54802326885067600, -0.5683696978657112300 ) ) ;
#1613 = CARTESIAN_POINT ( 'NONE',  ( -14.98064724281260900, 13.48383141878709800, -0.7623638370592715800 ) ) ;
#1614 = CARTESIAN_POINT ( 'NONE',  ( -14.99635229983793400, 13.59934948613372200, -0.3373729276413619500 ) ) ;
#1615 = CARTESIAN_POINT ( 'NONE',  ( -14.98510695353454000, 13.51729533244320600, 0.6684566404576918200 ) ) ;
#1616 = CARTESIAN_POINT ( 'NONE',  ( -14.96603562163208600, 13.36974009765101800, 1.009290828529121300 ) ) ;
#1617 = CARTESIAN_POINT ( 'NONE',  ( -14.95776425812829700, 13.30183571294778000, 1.125205440227731400 ) ) ;
#1618 = CARTESIAN_POINT ( 'NONE',  ( -14.95341755100593100, 13.26504204384578100, 1.181567799802159200 ) ) ;
#1619 = CARTESIAN_POINT ( 'NONE',  ( -14.98052636723765500, 13.48291546764124100, 0.7647330616044780700 ) ) ;
#1620 = CARTESIAN_POINT ( 'NONE',  ( -14.99267439778259900, 13.57286777150522100, -0.4698897555503455100 ) ) ;
#1621 = CARTESIAN_POINT ( 'NONE',  ( -14.96402405270069700, 13.35347093286402400, 1.038666534416087900 ) ) ;
#1622 = CARTESIAN_POINT ( 'NONE',  ( -14.99367354054659000, 13.58008362808095400, -0.4368690674928741900 ) ) ;
#1623 = CARTESIAN_POINT ( 'NONE',  ( -14.98223527058078700, 13.49581732226300400, -0.7305272953564016000 ) ) ;
#1624 = CARTESIAN_POINT ( 'NONE',  ( -14.99999704115114900, 13.62519274142248800, 0.03556801891299730300 ) ) ;
#1625 = CARTESIAN_POINT ( 'NONE',  ( -14.96993227051221700, 13.40086792663204600, 0.9497462718100712100 ) ) ;
#1626 = CARTESIAN_POINT ( 'NONE',  ( -14.99767224182246700, 13.60873103421644000, 0.2727224969798284200 ) ) ;
#1627 = CARTESIAN_POINT ( 'NONE',  ( -14.98524342052156100, 13.51833670657905100, -0.6659758010693993500 ) ) ;
#1628 = CARTESIAN_POINT ( 'NONE',  ( -14.99988785550496400, 13.62442269153943600, -0.06725664743327604300 ) ) ;
#1629 = CARTESIAN_POINT ( 'NONE',  ( -15.00000285194996700, 13.62523374829423700, -0.03303544449952597300 ) ) ;
#1630 = CARTESIAN_POINT ( 'NONE',  ( -14.95119403711869300, 13.24592293859219400, 1.209358597724019500 ) ) ;
#1631 = CARTESIAN_POINT ( 'NONE',  ( -14.98665068439040800, 13.52877426523824900, -0.6335334187313916800 ) ) ;
#1632 = CARTESIAN_POINT ( 'NONE',  ( -14.99630165117903500, 13.59898795406130200, 0.3396210970099805000 ) ) ;
#1633 = CARTESIAN_POINT ( 'NONE',  ( -14.98211613870424800, 13.49492010268832800, 0.7329615311923153300 ) ) ;
#1634 = CARTESIAN_POINT ( 'NONE',  ( -14.86381101873400100, 12.07598206100948000, 2.016715057410460000 ) ) ;
#1635 = CARTESIAN_POINT ( 'NONE',  ( -14.53061673016520100, 10.81289125626672000, 1.529592832530900900 ) ) ;
#1636 = CARTESIAN_POINT ( 'NONE',  ( -14.53446604672410200, 10.76319677725737600, 1.502981968712487200 ) ) ;
#1637 = CARTESIAN_POINT ( 'NONE',  ( -14.55335745797149400, 10.55221549229553300, 1.365172639633134500 ) ) ;
#1638 = CARTESIAN_POINT ( 'NONE',  ( -14.57047843902555200, 10.39345713510908500, 1.225910064276837900 ) ) ;
#1639 = CARTESIAN_POINT ( 'NONE',  ( -14.56700288369773600, 10.42411530741011700, 1.255346608048075100 ) ) ;
#1640 = CARTESIAN_POINT ( 'NONE',  ( -14.58084193733077800, 10.30620312401623600, 1.133702471473572400 ) ) ;
#1641 = CARTESIAN_POINT ( 'NONE',  ( -14.86327248174596800, 12.05968266307521100, 2.020679456335893000 ) ) ;
#1642 = CARTESIAN_POINT ( 'NONE',  ( -14.59424397309084200, 10.20123458888198300, 1.002492707556046400 ) ) ;
#1643 = CARTESIAN_POINT ( 'NONE',  ( -14.87376801773234400, 12.31371203005967100, 1.941946769894215900 ) ) ;
#1644 = CARTESIAN_POINT ( 'NONE',  ( -14.50288404361892000, 11.40263556487171400, 1.708875566391336400 ) ) ;
#1645 = CARTESIAN_POINT ( 'NONE',  ( -14.51565866168365700, 11.04661405940596100, 1.628788775975217300 ) ) ;
#1646 = CARTESIAN_POINT ( 'NONE',  ( -14.56584876329487300, 10.43447122519576100, 1.264967216816393500 ) ) ;
#1647 = CARTESIAN_POINT ( 'NONE',  ( -14.50480907971031100, 11.31855700686586300, 1.697052573161950400 ) ) ;
#1648 = CARTESIAN_POINT ( 'NONE',  ( -14.51044162064087800, 11.15369989773458700, 1.662034542462462300 ) ) ;
#1649 = CARTESIAN_POINT ( 'NONE',  ( -14.54895045586988000, 10.59718938776807400, 1.398536779036671200 ) ) ;
#1650 = CARTESIAN_POINT ( 'NONE',  ( -14.88988834492092600, 12.58307134781817100, 1.814244906083506900 ) ) ;
#1651 = CARTESIAN_POINT ( 'NONE',  ( -14.56931658236433700, 10.40361801868652600, 1.235827979950028900 ) ) ;
#1652 = CARTESIAN_POINT ( 'NONE',  ( -14.54050870610989500, 10.69064552396409500, 1.460226507853951400 ) ) ;
#1653 = CARTESIAN_POINT ( 'NONE',  ( -14.50106036495390100, 11.60000000000000000, 1.720000000000000200 ) ) ;
#1654 = CARTESIAN_POINT ( 'NONE',  ( -14.54258824792000100, 10.66698784980006200, 1.445223755726366500 ) ) ;
#1655 = CARTESIAN_POINT ( 'NONE',  ( -14.50117352710055300, 11.54377451087990300, 1.719312273275268100 ) ) ;
#1656 = CARTESIAN_POINT ( 'NONE',  ( -14.57626230326875200, 10.34397607662676000, 1.175412920005700200 ) ) ;
#1657 = CARTESIAN_POINT ( 'NONE',  ( -14.88400248370340000, 12.49553722790802200, 1.862123080469419500 ) ) ;
#1658 = CARTESIAN_POINT ( 'NONE',  ( -14.86225161983367800, 12.02707574077580700, 2.028174318056007200 ) ) ;
#1659 = CARTESIAN_POINT ( 'NONE',  ( -14.87077217955268100, 12.25152136951018100, 1.964756245705416400 ) ) ;
#1660 = CARTESIAN_POINT ( 'NONE',  ( -14.50196964937324000, 11.45921038249005800, 1.714463715170505600 ) ) ;
#1661 = CARTESIAN_POINT ( 'NONE',  ( -14.86936099553357400, 12.22010699612546800, 1.975399395540468100 ) ) ;
#1662 = CARTESIAN_POINT ( 'NONE',  ( -14.52341839315210600, 10.91534683200336700, 1.578114735845970400 ) ) ;
#1663 = CARTESIAN_POINT ( 'NONE',  ( -14.50162830717798300, 11.48741599581780200, 1.716543275925109600 ) ) ;
#1664 = CARTESIAN_POINT ( 'NONE',  ( -14.89192105011206000, 12.61196149718771100, 1.797497398818679500 ) ) ;
#1665 = CARTESIAN_POINT ( 'NONE',  ( -14.87535268577988000, 12.34448829020834300, 1.929780380278094600 ) ) ;
#1666 = CARTESIAN_POINT ( 'NONE',  ( -14.60269693221046200, 10.13898581510763300, 0.9093808924088381300 ) ) ;
#1667 = CARTESIAN_POINT ( 'NONE',  ( -14.57395546542653400, 10.36341755271040900, 1.195853403613391700 ) ) ;
#1668 = CARTESIAN_POINT ( 'NONE',  ( -14.85581954474042200, 11.60000000000000000, 2.074759179786525000 ) ) ;
#1669 = CARTESIAN_POINT ( 'NONE',  ( -14.58985338562498200, 10.23456429092863800, 1.047438182749747400 ) ) ;
#1670 = CARTESIAN_POINT ( 'NONE',  ( -14.88034829403099800, 12.43586595849689900, 1.891008663349396800 ) ) ;
#1671 = CARTESIAN_POINT ( 'NONE',  ( -14.50106036599477700, 11.57190923159852500, 1.719999950114220700 ) ) ;
#1672 = CARTESIAN_POINT ( 'NONE',  ( -14.50345467590752300, 11.37445036396895400, 1.705381625169033900 ) ) ;
#1673 = CARTESIAN_POINT ( 'NONE',  ( -14.50825573666682400, 11.20808714850079500, 1.675698326446209100 ) ) ;
#1674 = CARTESIAN_POINT ( 'NONE',  ( -14.86176869177182500, 12.01075706669139200, 2.031709335202738200 ) ) ;
#1675 = CARTESIAN_POINT ( 'NONE',  ( -14.51858713132192200, 10.99372852608847500, 1.609852093430076200 ) ) ;
#1676 = CARTESIAN_POINT ( 'NONE',  ( -14.53644761467349200, 10.73875000651027500, 1.489105588146068000 ) ) ;
#1677 = CARTESIAN_POINT ( 'NONE',  ( -14.56012070755418700, 10.48713048391068800, 1.311758411782718800 ) ) ;
#1678 = CARTESIAN_POINT ( 'NONE',  ( -14.56240195032590800, 10.46582049287352100, 1.293379853818792600 ) ) ;
#1679 = CARTESIAN_POINT ( 'NONE',  ( -14.86672469013784300, 12.15663150556548000, 1.995143148546856300 ) ) ;
#1680 = CARTESIAN_POINT ( 'NONE',  ( -14.60675926625505600, 10.11006937152973600, 0.8612138821352837100 ) ) ;
#1681 = CARTESIAN_POINT ( 'NONE',  ( -14.58311401084818600, 10.28787787580404600, 1.112439048675769100 ) ) ;
#1682 = CARTESIAN_POINT ( 'NONE',  ( -14.85949498290482900, 11.92910814488973000, 2.048313370090324400 ) ) ;
#1683 = CARTESIAN_POINT ( 'NONE',  ( -14.85812069264132500, 11.86357225082686600, 2.058225882657470000 ) ) ;
#1684 = CARTESIAN_POINT ( 'NONE',  ( -14.52514298201118600, 10.88946227695749200, 1.566634195521781300 ) ) ;
#1685 = CARTESIAN_POINT ( 'NONE',  ( -14.52874960343164500, 10.83813003239401600, 1.542323120447540700 ) ) ;
#1686 = CARTESIAN_POINT ( 'NONE',  ( -14.85628328466037300, 11.73209518592505600, 2.071446776732984500 ) ) ;
#1687 = CARTESIAN_POINT ( 'NONE',  ( -14.85581954260774200, 11.66615093816436000, 2.074759300136508800 ) ) ;
#1688 = CARTESIAN_POINT ( 'NONE',  ( -14.51428393659431200, 11.07324510449292100, 1.637594194958857900 ) ) ;
#1689 = CARTESIAN_POINT ( 'NONE',  ( -14.50559375880707200, 11.29079194522011800, 1.692211873117990500 ) ) ;
#1690 = CARTESIAN_POINT ( 'NONE',  ( -14.86549973398421200, 12.12457331125759000, 2.004242506018532000 ) ) ;
#1691 = CARTESIAN_POINT ( 'NONE',  ( -14.52014091902288400, 10.96747354620490700, 1.599720666426560000 ) ) ;
#1692 = CARTESIAN_POINT ( 'NONE',  ( -14.52869518497948100, 10.83771705249797000, -1.542873965891004500 ) ) ;
#1693 = CARTESIAN_POINT ( 'NONE',  ( -14.61435879339168900, 10.05746603984422400, 0.7610455573650746200 ) ) ;
#1694 = CARTESIAN_POINT ( 'NONE',  ( -14.51862575478275000, 10.99304836475311500, -1.609601558047330000 ) ) ;
#1695 = CARTESIAN_POINT ( 'NONE',  ( -14.61527294126609700, 10.05123260917364700, 0.7482786623884496400 ) ) ;
#1696 = CARTESIAN_POINT ( 'NONE',  ( -14.61795209371865500, 10.03306653727954500, 0.7098732762695938400 ) ) ;
#1697 = CARTESIAN_POINT ( 'NONE',  ( -14.62448543986819900, 9.989598101634284100, -0.6067492736395727600 ) ) ;
#1698 = CARTESIAN_POINT ( 'NONE',  ( -14.63122626475519200, 9.946140042667517300, -0.4732241615358256900 ) ) ;
#1699 = CARTESIAN_POINT ( 'NONE',  ( -14.53634042433486200, 10.73898002540635100, -1.490026893536424300 ) ) ;
#1700 = CARTESIAN_POINT ( 'NONE',  ( -14.63943823551233500, 9.894543330278045400, 0.2249924300218380000 ) ) ;
#1701 = CARTESIAN_POINT ( 'NONE',  ( -14.63558233796547500, 9.918579681699876400, -0.3633615019526551500 ) ) ;
#1702 = CARTESIAN_POINT ( 'NONE',  ( -14.64179862781887200, 9.879994768394514200, 0.02774401038160433400 ) ) ;
#1703 = CARTESIAN_POINT ( 'NONE',  ( -14.61963803851170200, 10.02177177127465400, -0.6843831036691960800 ) ) ;
#1704 = CARTESIAN_POINT ( 'NONE',  ( -14.51566145247208300, 11.04654655724309900, -1.628771498742612700 ) ) ;
#1705 = CARTESIAN_POINT ( 'NONE',  ( -14.61965897664000000, 10.02163150882817400, 0.6840653013111409600 ) ) ;
#1706 = CARTESIAN_POINT ( 'NONE',  ( -14.63812446452923800, 9.902696820719922900, -0.2799208213880340400 ) ) ;
#1707 = CARTESIAN_POINT ( 'NONE',  ( -14.60058220157880100, 10.15455713021955700, -0.9326830170009901000 ) ) ;
#1708 = CARTESIAN_POINT ( 'NONE',  ( -14.64168759358074600, 9.880676088679416900, 0.05584646334220446500 ) ) ;
#1709 = CARTESIAN_POINT ( 'NONE',  ( -14.62444357871614600, 9.989985746504727300, 0.6058388826782901100 ) ) ;
#1710 = CARTESIAN_POINT ( 'NONE',  ( -14.62740017365034500, 9.970674100401810200, -0.5539445014469690500 ) ) ;
#1711 = CARTESIAN_POINT ( 'NONE',  ( -14.60676314091474400, 10.11020622326348800, -0.8600687757951011000 ) ) ;
#1712 = CARTESIAN_POINT ( 'NONE',  ( -14.60267857213314400, 10.13937362981640100, -0.9087220418676101900 ) ) ;
#1713 = CARTESIAN_POINT ( 'NONE',  ( -14.62734444754898900, 9.971088655985456100, 0.5530230477498708800 ) ) ;
#1714 = CARTESIAN_POINT ( 'NONE',  ( -14.63124455523161800, 9.946023565356473000, 0.4728072020358912700 ) ) ;
#1715 = CARTESIAN_POINT ( 'NONE',  ( -14.62290468233997300, 10.00009138118538500, 0.6320481482577986500 ) ) ;
#1716 = CARTESIAN_POINT ( 'NONE',  ( -14.64179603784915100, 9.880010555435962500, -0.05646360362656024200 ) ) ;
#1717 = CARTESIAN_POINT ( 'NONE',  ( -14.63734954675773600, 9.907520221392829300, -0.3077555788081987600 ) ) ;
#1718 = CARTESIAN_POINT ( 'NONE',  ( -14.61440493029188100, 10.05711789822187000, -0.7607245520533519900 ) ) ;
#1719 = CARTESIAN_POINT ( 'NONE',  ( -14.52511362877842800, 10.88846087067991600, -1.566934110875061600 ) ) ;
#1720 = CARTESIAN_POINT ( 'NONE',  ( -14.52019246266683300, 10.96661659343303100, -1.599383422354318400 ) ) ;
#1721 = CARTESIAN_POINT ( 'NONE',  ( -14.62870642640772100, 9.962297220594699400, 0.5264164725229835100 ) ) ;
#1722 = CARTESIAN_POINT ( 'NONE',  ( -14.51427355819019000, 11.07343886531238800, -1.637660941686671200 ) ) ;
#1723 = CARTESIAN_POINT ( 'NONE',  ( -14.51169069265289500, 11.12756934279600300, -1.654088653852643100 ) ) ;
#1724 = CARTESIAN_POINT ( 'NONE',  ( -14.51049630169554700, 11.15479696697143900, -1.661623143888634000 ) ) ;
#1725 = CARTESIAN_POINT ( 'NONE',  ( -14.50830940450631300, 11.20957551458132400, -1.675340543419592900 ) ) ;
#1726 = CARTESIAN_POINT ( 'NONE',  ( -14.57623891654713500, 10.34369261635703900, -1.176110943822078900 ) ) ;
#1727 = CARTESIAN_POINT ( 'NONE',  ( -14.50731689329500500, 11.23712643903949300, -1.681523447987066000 ) ) ;
#1728 = CARTESIAN_POINT ( 'NONE',  ( -14.50554151607079900, 11.29255245363020100, -1.692534881838823500 ) ) ;
#1729 = CARTESIAN_POINT ( 'NONE',  ( -14.63809645123102700, 9.902871012354296500, 0.2809827119326954200 ) ) ;
#1730 = CARTESIAN_POINT ( 'NONE',  ( -14.63242071143627100, 9.938541346478205100, 0.4458045066943379700 ) ) ;
#1731 = CARTESIAN_POINT ( 'NONE',  ( -14.64124010421105400, 9.883426977435350500, 0.1121185917082909000 ) ) ;
#1732 = CARTESIAN_POINT ( 'NONE',  ( -14.61155470256566400, 10.07674591315645300, 0.7989362435356612800 ) ) ;
#1733 = CARTESIAN_POINT ( 'NONE',  ( -14.61794283436834300, 10.03312960621203600, -0.7100029605472993900 ) ) ;
#1734 = CARTESIAN_POINT ( 'NONE',  ( -14.58978702167433600, 10.23507645431511300, -1.048101869313178500 ) ) ;
#1735 = CARTESIAN_POINT ( 'NONE',  ( -14.56706169848262200, 10.42297307162544800, -1.255449075169487100 ) ) ;
#1736 = CARTESIAN_POINT ( 'NONE',  ( -14.56245627788538300, 10.46466804834251500, -1.293306515958179800 ) ) ;
#1737 = CARTESIAN_POINT ( 'NONE',  ( -14.60874069252582400, 10.09629696055525400, -0.8355060658145042600 ) ) ;
#1738 = CARTESIAN_POINT ( 'NONE',  ( -14.58080983159586100, 10.30611868674776900, -1.134638775402173400 ) ) ;
#1739 = CARTESIAN_POINT ( 'NONE',  ( -14.64000385075457400, 9.891047580346905100, 0.1966906343929287200 ) ) ;
#1740 = CARTESIAN_POINT ( 'NONE',  ( -14.55333837490674400, 10.55238568809960900, -1.365329527282548100 ) ) ;
#1741 = CARTESIAN_POINT ( 'NONE',  ( -14.64090343821262200, 9.885497792880778800, 0.1402936655844304300 ) ) ;
#1742 = CARTESIAN_POINT ( 'NONE',  ( -14.63457827032346100, 9.924890607189031000, 0.3914013653533928700 ) ) ;
#1743 = CARTESIAN_POINT ( 'NONE',  ( -14.63945500681118300, 9.894439581359511800, -0.2241816820248475900 ) ) ;
#1744 = CARTESIAN_POINT ( 'NONE',  ( -14.59419425381139000, 10.20160445846776800, -1.003024820059680300 ) ) ;
#1745 = CARTESIAN_POINT ( 'NONE',  ( -14.63458785322011500, 9.924829954647798000, -0.3911622961458735600 ) ) ;
#1746 = CARTESIAN_POINT ( 'NONE',  ( -14.63555967939703900, 9.918722068359443300, 0.3640009250526904900 ) ) ;
#1747 = CARTESIAN_POINT ( 'NONE',  ( -14.61249929193300000, 10.07022542819449400, 0.7863781998643174500 ) ) ;
#1748 = CARTESIAN_POINT ( 'NONE',  ( -14.64134672042386300, 9.882762988566423000, -0.1124692298883586400 ) ) ;
#1749 = CARTESIAN_POINT ( 'NONE',  ( -14.64001069658894500, 9.891005387515464900, -0.1962785040031169700 ) ) ;
#1750 = CARTESIAN_POINT ( 'NONE',  ( -14.54890312494842400, 10.59767957704792500, -1.398892810635712600 ) ) ;
#1751 = CARTESIAN_POINT ( 'NONE',  ( -14.54040491547305400, 10.69097017754430300, -1.461236598915481400 ) ) ;
#1752 = CARTESIAN_POINT ( 'NONE',  ( -14.63731868794112300, 9.907712773381273800, 0.3087977989198572000 ) ) ;
#1753 = CARTESIAN_POINT ( 'NONE',  ( -14.63241191276138400, 9.938597037302367100, -0.4460238014174488500 ) ) ;
#1754 = CARTESIAN_POINT ( 'NONE',  ( -14.61256221686515900, 10.06974830385659600, -0.7858263067736254200 ) ) ;
#1755 = CARTESIAN_POINT ( 'NONE',  ( -14.50345938924708600, 11.82575499008713900, -1.705352682973672900 ) ) ;
#1756 = CARTESIAN_POINT ( 'NONE',  ( -14.60688346695007700, 13.09080406677400200, -0.8596732974173522100 ) ) ;
#1757 = CARTESIAN_POINT ( 'NONE',  ( -14.61257918790894200, 13.13036786139451500, -0.7855938865363956100 ) ) ;
#1758 = CARTESIAN_POINT ( 'NONE',  ( -14.63562238684134100, 13.28167140651572700, -0.3621696452335292400 ) ) ;
#1759 = CARTESIAN_POINT ( 'NONE',  ( -14.64090300583559100, 13.31449948600871700, -0.1402915853978443100 ) ) ;
#1760 = CARTESIAN_POINT ( 'NONE',  ( -14.52520499683192100, 12.31143982480461400, -1.566218332283998000 ) ) ;
#1761 = CARTESIAN_POINT ( 'NONE',  ( -14.63249472858462900, 13.26192870343725600, -0.4440518979397445900 ) ) ;
#1762 = CARTESIAN_POINT ( 'NONE',  ( -14.64168830303444900, 13.31932826815150500, -0.05575655946592306800 ) ) ;
#1763 = CARTESIAN_POINT ( 'NONE',  ( -14.50480982122351000, 11.88146271134693100, -1.697047969999451000 ) ) ;
#1764 = CARTESIAN_POINT ( 'NONE',  ( -14.64180055334724700, 13.32001709307499100, -0.02738677582091227400 ) ) ;
#1765 = CARTESIAN_POINT ( 'NONE',  ( -14.50116329187413900, 11.54572603318610500, -1.719374511894389300 ) ) ;
#1766 = CARTESIAN_POINT ( 'NONE',  ( -14.54908946030550800, 12.60427693243064200, -1.397499450485374600 ) ) ;
#1767 = CARTESIAN_POINT ( 'NONE',  ( -14.58312976905315800, 12.91225135954206800, -1.112295104909499800 ) ) ;
#1768 = CARTESIAN_POINT ( 'NONE',  ( -14.63131762140717000, 13.25444276392939000, -0.4711852295212457500 ) ) ;
#1769 = CARTESIAN_POINT ( 'NONE',  ( -14.56251079885708000, 12.73581385585234600, -1.292850192456575600 ) ) ;
#1770 = CARTESIAN_POINT ( 'NONE',  ( -14.57626333693707800, 12.85603272874749300, -1.175403888016190100 ) ) ;
#1771 = CARTESIAN_POINT ( 'NONE',  ( -14.62290715903426500, 13.19992506717539400, -0.6320086747980383500 ) ) ;
#1772 = CARTESIAN_POINT ( 'NONE',  ( -14.50341053701593300, 11.37649369378530500, -1.705652318527010500 ) ) ;
#1773 = CARTESIAN_POINT ( 'NONE',  ( -14.63464710375513900, 13.27554302915593900, -0.3895441877884652200 ) ) ;
#1774 = CARTESIAN_POINT ( 'NONE',  ( -14.52876870599499200, 12.36212194564205000, -1.542192147153698100 ) ) ;
#1775 = CARTESIAN_POINT ( 'NONE',  ( -14.53645733146672100, 12.46137415039870600, -1.489038447096799400 ) ) ;
#1776 = CARTESIAN_POINT ( 'NONE',  ( -14.61795482761979100, 13.16695110060463000, -0.7098251375230709700 ) ) ;
#1777 = CARTESIAN_POINT ( 'NONE',  ( -14.52349629020920600, 12.28583647121413100, -1.577597168653793500 ) ) ;
#1778 = CARTESIAN_POINT ( 'NONE',  ( -14.54057529052114900, 12.50988415416834700, -1.459695803085099900 ) ) ;
#1779 = CARTESIAN_POINT ( 'NONE',  ( -14.50284405962239400, 11.40477105068951100, -1.709120245503916500 ) ) ;
#1780 = CARTESIAN_POINT ( 'NONE',  ( -14.50559567207585400, 11.90928600936883800, -1.692200165110847600 ) ) ;
#1781 = CARTESIAN_POINT ( 'NONE',  ( -14.61965578792680500, 13.17834731749628200, -0.6841161858567266200 ) ) ;
#1782 = CARTESIAN_POINT ( 'NONE',  ( -14.50105539388719600, 11.57384047196125800, -1.720030188792201400 ) ) ;
#1783 = CARTESIAN_POINT ( 'NONE',  ( -14.54373888070847800, 12.54564938301812700, -1.436784299888534300 ) ) ;
#1784 = CARTESIAN_POINT ( 'NONE',  ( -14.63956570881776600, 13.30624951608177600, -0.2242167553877575900 ) ) ;
#1785 = CARTESIAN_POINT ( 'NONE',  ( -14.50107083447005600, 11.65807207853480600, -1.719936415315047400 ) ) ;
#1786 = CARTESIAN_POINT ( 'NONE',  ( -14.59432996447974100, 12.99917025047131600, -1.000758165884766800 ) ) ;
#1787 = CARTESIAN_POINT ( 'NONE',  ( -14.54267759381279000, 12.53380416803413200, -1.444510348443093500 ) ) ;
#1788 = CARTESIAN_POINT ( 'NONE',  ( -14.50475847499979300, 11.32043894183827200, -1.697364464696276000 ) ) ;
#1789 = CARTESIAN_POINT ( 'NONE',  ( -14.50160698328676300, 11.48942181468586600, -1.716673183923985500 ) ) ;
#1790 = CARTESIAN_POINT ( 'NONE',  ( -14.64179488131116900, 13.31998226622085800, 0.02948631008667054400 ) ) ;
#1791 = CARTESIAN_POINT ( 'NONE',  ( -14.51868633555623400, 12.20798030457742000, -1.609206709732850000 ) ) ;
#1792 = CARTESIAN_POINT ( 'NONE',  ( -14.63823717696250200, 13.29803376725148700, -0.2796861636740888800 ) ) ;
#1793 = CARTESIAN_POINT ( 'NONE',  ( -14.51575495182017400, 12.15520221603151000, -1.628169762620937500 ) ) ;
#1794 = CARTESIAN_POINT ( 'NONE',  ( -14.53446813093773900, 12.43682833999987600, -1.502967277054804400 ) ) ;
#1795 = CARTESIAN_POINT ( 'NONE',  ( -14.50194277854188700, 11.46123672696761600, -1.714627583325548700 ) ) ;
#1796 = CARTESIAN_POINT ( 'NONE',  ( -14.55351253632167800, 12.64933136377711200, -1.363978813921237900 ) ) ;
#1797 = CARTESIAN_POINT ( 'NONE',  ( -14.53953343432704900, 12.49779754089967600, -1.467160822206008600 ) ) ;
#1798 = CARTESIAN_POINT ( 'NONE',  ( -14.57396692055230300, 12.83667666863021900, -1.195749284049404600 ) ) ;
#1799 = CARTESIAN_POINT ( 'NONE',  ( -14.58767647080314400, 12.94820999090380900, -1.068426198417379100 ) ) ;
#1800 = CARTESIAN_POINT ( 'NONE',  ( -14.50738458060522600, 11.96482823404798000, -1.681102369027261100 ) ) ;
#1801 = CARTESIAN_POINT ( 'NONE',  ( -14.61441653615201700, 13.14296140150434800, -0.7605640045840881300 ) ) ;
#1802 = CARTESIAN_POINT ( 'NONE',  ( -14.62739357933607400, 13.22923017077324900, -0.5521018482526908200 ) ) ;
#1803 = CARTESIAN_POINT ( 'NONE',  ( -14.53062371636323700, 12.38720072076267600, -1.529544818518549800 ) ) ;
#1804 = CARTESIAN_POINT ( 'NONE',  ( -14.62876723753447500, 13.23809471755403200, -0.5252067280069217000 ) ) ;
#1805 = CARTESIAN_POINT ( 'NONE',  ( -14.50153333648705400, 11.71407777007787000, -1.717130556084813800 ) ) ;
#1806 = CARTESIAN_POINT ( 'NONE',  ( -14.52023696338053100, 12.23410671117827200, -1.599091357981421200 ) ) ;
#1807 = CARTESIAN_POINT ( 'NONE',  ( -14.64123952643234000, 13.31656947518892800, -0.1121919365325197000 ) ) ;
#1808 = CARTESIAN_POINT ( 'NONE',  ( -14.50839190108230500, 11.99263678782934600, -1.674825414560894100 ) ) ;
#1809 = CARTESIAN_POINT ( 'NONE',  ( -14.51059518661693200, 12.04752179778103900, -1.661000352925345600 ) ) ;
#1810 = CARTESIAN_POINT ( 'NONE',  ( -14.59649366419525800, 13.01534309655843900, -0.9777481797442250100 ) ) ;
#1811 = CARTESIAN_POINT ( 'NONE',  ( -14.60284105320189200, 13.06205312310181600, -0.9077167242673688200 ) ) ;
#1812 = CARTESIAN_POINT ( 'NONE',  ( -14.62445726446320100, 13.21010461255965000, -0.6056158036338096200 ) ) ;
#1813 = CARTESIAN_POINT ( 'NONE',  ( -14.51179446520204600, 12.07471588917861100, -1.653431799335036300 ) ) ;
#1814 = CARTESIAN_POINT ( 'NONE',  ( -14.51437418810442500, 12.12855054162187000, -1.637017481360362200 ) ) ;
#1815 = CARTESIAN_POINT ( 'NONE',  ( -14.58084545663498200, 12.89382562336508700, -1.133670035478306700 ) ) ;
#1816 = CARTESIAN_POINT ( 'NONE',  ( -14.56708637472905600, 12.77724669130452100, -1.255242364767342300 ) ) ;
#1817 = CARTESIAN_POINT ( 'NONE',  ( -14.50289445502561000, 11.79786357135995600, -1.708811737068894200 ) ) ;
#1818 = CARTESIAN_POINT ( 'NONE',  ( -14.58992331785178300, 12.96561905600805200, -1.046078439899223600 ) ) ;
#1819 = CARTESIAN_POINT ( 'NONE',  ( -14.50464803310849700, 11.87950928388546700, 1.698076109689340000 ) ) ;
#1820 = CARTESIAN_POINT ( 'NONE',  ( -14.63952559853614600, 13.30600145151264800, 0.2260901888646227600 ) ) ;
#1821 = CARTESIAN_POINT ( 'NONE',  ( -14.50151303069562500, 11.71218753286982000, 1.717253978530235900 ) ) ;
#1822 = CARTESIAN_POINT ( 'NONE',  ( -14.63818773780112200, 13.29772672054901500, 0.2815499227797639800 ) ) ;
#1823 = CARTESIAN_POINT ( 'NONE',  ( -14.63468056049684300, 13.27577541695614000, 0.3915647244001496100 ) ) ;
#1824 = CARTESIAN_POINT ( 'NONE',  ( -14.54677879311627600, 12.57900397946494000, 1.414478493193428200 ) ) ;
#1825 = CARTESIAN_POINT ( 'NONE',  ( -14.55336606569987400, 12.64722159758866100, 1.364740818933715800 ) ) ;
#1826 = CARTESIAN_POINT ( 'NONE',  ( -14.50330656110073400, 11.82385009980328800, 1.706293700329729200 ) ) ;
#1827 = CARTESIAN_POINT ( 'NONE',  ( -14.60864446554027300, 13.10302809284299600, 0.8367140832454130800 ) ) ;
#1828 = CARTESIAN_POINT ( 'NONE',  ( -14.56692103254847100, 12.77577038484514400, 1.256622880692463300 ) ) ;
#1829 = CARTESIAN_POINT ( 'NONE',  ( -14.59415730027202200, 12.99787103125621400, 1.002572639923982500 ) ) ;
#1830 = CARTESIAN_POINT ( 'NONE',  ( -14.54249329632129000, 12.53195156907139900, 1.445914642639158500 ) ) ;
#1831 = CARTESIAN_POINT ( 'NONE',  ( -14.63251054843338700, 13.26209495351978900, 0.4461227437579750000 ) ) ;
#1832 = CARTESIAN_POINT ( 'NONE',  ( -14.57608859724832600, 12.85456909657160700, 1.176964782202998700 ) ) ;
#1833 = CARTESIAN_POINT ( 'NONE',  ( -14.51858022574183800, 12.20615071829107600, 1.609896934911615000 ) ) ;
#1834 = CARTESIAN_POINT ( 'NONE',  ( -14.59632771631698100, 13.01410875584874700, 0.9795337384017858100 ) ) ;
#1835 = CARTESIAN_POINT ( 'NONE',  ( -14.62864027155209500, 13.23726258393649000, 0.5272305585022336600 ) ) ;
#1836 = CARTESIAN_POINT ( 'NONE',  ( -14.54895669683140700, 12.60205483580450200, 1.398240559856122300 ) ) ;
#1837 = CARTESIAN_POINT ( 'NONE',  ( -14.52500336406397000, 12.30989520955014700, 1.567668639642282500 ) ) ;
#1838 = CARTESIAN_POINT ( 'NONE',  ( -14.52012705168077900, 12.23228878435956600, 1.599810853431035400 ) ) ;
#1839 = CARTESIAN_POINT ( 'NONE',  ( -14.62726037120100000, 13.22834573888213500, 0.5541584935681712600 ) ) ;
#1840 = CARTESIAN_POINT ( 'NONE',  ( -14.62434097747358700, 13.20934261014584800, 0.6076338140509607300 ) ) ;
#1841 = CARTESIAN_POINT ( 'NONE',  ( -14.62930616536987700, 13.24154775221775400, 0.5137347637457965200 ) ) ;
#1842 = CARTESIAN_POINT ( 'NONE',  ( -14.58973795889390200, 12.96419102821130800, 1.047942704971056800 ) ) ;
#1843 = CARTESIAN_POINT ( 'NONE',  ( -14.57379501366770200, 12.83521462384246100, 1.197258897913676200 ) ) ;
#1844 = CARTESIAN_POINT ( 'NONE',  ( -14.50106036287215300, 11.65618153680294900, 1.720000099771559200 ) ) ;
#1845 = CARTESIAN_POINT ( 'NONE',  ( -14.53629976100899100, 12.45945193939365900, 1.490146690801013700 ) ) ;
#1846 = CARTESIAN_POINT ( 'NONE',  ( -14.50106036495390100, 11.60000000000000000, 1.720000000000000200 ) ) ;
#1847 = DIRECTION ( 'NONE',  ( -0.0000000000000000000, 1.000000000000000000, 6.123233995736766000E-017 ) ) ;
#1848 = CARTESIAN_POINT ( 'NONE',  ( -14.62654550392053900, 13.22370829719587000, 0.5676029156116076900 ) ) ;
#1849 = CARTESIAN_POINT ( 'NONE',  ( -7.424621202458764600, -5.800000000000000700, 7.424621202458736100 ) ) ;
#1850 = DIRECTION ( 'NONE',  ( 0.0000000000000000000, 0.0000000000000000000, 1.000000000000000000 ) ) ;
#1851 = CARTESIAN_POINT ( 'NONE',  ( -14.48888739433604100, -5.219999999999999800, -3.882285676537764900 ) ) ;
#1852 = CARTESIAN_POINT ( 'NONE',  ( -14.51050938983910800, 12.04551650528925100, 1.661540839986362500 ) ) ;
#1853 = DIRECTION ( 'NONE',  ( -0.0000000000000000000, 1.000000000000000000, 6.123233995736766000E-017 ) ) ;
#1854 = DIRECTION ( 'NONE',  ( 0.0000000000000000000, -6.802837160693359200E-017, 1.000000000000000000 ) ) ;
#1855 = CARTESIAN_POINT ( 'NONE',  ( -14.61244806186572600, 13.12946474390254700, 0.7873509385708180600 ) ) ;
#1856 = CARTESIAN_POINT ( 'NONE',  ( -14.62278916998601600, 13.19914715616703700, 0.6339727900830524100 ) ) ;
#1857 = CARTESIAN_POINT ( 'NONE',  ( -14.64167736740509400, 13.31926111932450300, 0.05777269413916153600 ) ) ;
#1858 = CARTESIAN_POINT ( 'NONE',  ( -14.64121851561562300, 13.31644023182838400, 0.1141465476177008600 ) ) ;
#1859 = CARTESIAN_POINT ( 'NONE',  ( -14.60057062342691100, 13.04535736595397700, 0.9328086729520264100 ) ) ;
#1860 = CARTESIAN_POINT ( 'NONE',  ( -14.54038321000553500, 12.50791169520933000, 1.461128590002696000 ) ) ;
#1861 = CARTESIAN_POINT ( 'NONE',  ( -14.51427844388849800, 12.12665260677663800, 1.637629558857629700 ) ) ;
#1862 = CARTESIAN_POINT ( 'NONE',  ( -14.50886100136018400, 12.00424829065927500, 1.671880733214970500 ) ) ;
#1863 = CARTESIAN_POINT ( 'NONE',  ( -14.52857029114368700, 12.36057360824909600, 1.543722148387497700 ) ) ;
#1864 = CARTESIAN_POINT ( 'NONE',  ( -14.51170509385764300, 12.07274330922200500, 1.653997364577836100 ) ) ;
#1865 = CARTESIAN_POINT ( 'NONE',  ( -14.60668093317408800, 13.08921080308706300, 0.8610668922932572800 ) ) ;
#1866 = CARTESIAN_POINT ( 'NONE',  ( -14.50833532471550500, 11.99040532409926600, 1.675167267005584600 ) ) ;
#1867 = CARTESIAN_POINT ( 'NONE',  ( -14.60264401696152200, 13.06037543219468900, 0.9091141833700237000 ) ) ;
#1868 = CARTESIAN_POINT ( 'NONE',  ( -14.61953415865886400, 13.17753460844788900, 0.6859866662500473400 ) ) ;
#1869 = CARTESIAN_POINT ( 'NONE',  ( -14.58066382125963900, 12.89234822996219700, 1.135352698551296900 ) ) ;
#1870 = CARTESIAN_POINT ( 'NONE',  ( -14.51565592862339200, 12.15333261802742700, 1.628806261245716800 ) ) ;
#1871 = CARTESIAN_POINT ( 'NONE',  ( -14.56234723313292000, 12.73430281653636000, 1.294177689243733800 ) ) ;
#1872 = CARTESIAN_POINT ( 'NONE',  ( -14.61783117882324800, 13.16611902990452300, 0.7116584629249740300 ) ) ;
#1873 = CARTESIAN_POINT ( 'NONE',  ( -14.64087718194602100, 13.31434046555423500, 0.1422179216904279900 ) ) ;
#1874 = CARTESIAN_POINT ( 'NONE',  ( -14.58747957859554000, 12.94667243001214100, 1.070362051037828700 ) ) ;
#1875 = CARTESIAN_POINT ( 'NONE',  ( -14.58294603185656200, 12.91077694030672500, 1.114028675043903700 ) ) ;
#1876 = CARTESIAN_POINT ( 'NONE',  ( -14.50733884113748400, 11.96271248925748400, 1.681380596380954900 ) ) ;
#1877 = CARTESIAN_POINT ( 'NONE',  ( -14.50686744546953700, 11.94885315159503500, 1.684311167577804900 ) ) ;
#1878 = CARTESIAN_POINT ( 'NONE',  ( -14.61428813537165400, 13.14208410816652300, 0.7623406050820656900 ) ) ;
#1879 = CARTESIAN_POINT ( 'NONE',  ( -14.55559750997772600, 12.66933790691507900, 1.347479459871870700 ) ) ;
#1880 = CARTESIAN_POINT ( 'NONE',  ( -14.53431559712005100, 12.43491573423714600, 1.504030573218159400 ) ) ;
#1881 = CARTESIAN_POINT ( 'NONE',  ( -14.87536689237767000, 10.85523186596679100, 1.929671591722514200 ) ) ;
#1882 = CARTESIAN_POINT ( 'NONE',  ( -14.97731959571073000, 9.741550366891578600, 0.8251574206213357900 ) ) ;
#1883 = CARTESIAN_POINT ( 'NONE',  ( -14.98658838555828000, 9.671687222248857900, 0.6349926795104068300 ) ) ;
#1884 = CARTESIAN_POINT ( 'NONE',  ( -14.98918860808271200, 9.652525810464490900, 0.5703262108681215200 ) ) ;
#1885 = CARTESIAN_POINT ( 'NONE',  ( -15.00000087931477200, 9.574780217990429800, 0.03346636059459635200 ) ) ;
#1886 = CARTESIAN_POINT ( 'NONE',  ( -14.91866181281877200, 10.26456058855218800, 1.560146351547396100 ) ) ;
#1887 = CARTESIAN_POINT ( 'NONE',  ( -14.99942869178363100, 9.578821471771389500, 0.1352436496345855200 ) ) ;
#1888 = CARTESIAN_POINT ( 'NONE',  ( -14.85581954474042200, 11.60000000000000000, 2.074759179786525000 ) ) ;
#1889 = DIRECTION ( 'NONE',  ( 1.000000000000000000, -0.0000000000000000000, -0.0000000000000000000 ) ) ;
#1890 = CARTESIAN_POINT ( 'NONE',  ( -14.87872454781809300, 10.79385527778421100, 1.903609322646982600 ) ) ;
#1891 = CARTESIAN_POINT ( 'NONE',  ( -14.86319094662652400, 11.13854229911861900, 2.021320049620372900 ) ) ;
#1892 = CARTESIAN_POINT ( 'NONE',  ( -14.94678482994879000, 9.992268024387195500, 1.263477898208805700 ) ) ;
#1893 = CARTESIAN_POINT ( 'NONE',  ( -14.97282625878283100, 9.776404175988950800, 0.9026151301329845600 ) ) ;
#1894 = CARTESIAN_POINT ( 'NONE',  ( -14.99908378946656700, 9.581259752962637300, 0.1692299828710313000 ) ) ;
#1895 = CARTESIAN_POINT ( 'NONE',  ( -14.95994258569811200, 9.879729169033760500, 1.096945554911772600 ) ) ;
#1896 = CARTESIAN_POINT ( 'NONE',  ( -14.96998475389036900, 9.798767266571694300, 0.9485729005537761900 ) ) ;
#1897 = CARTESIAN_POINT ( 'NONE',  ( -14.99541134056931600, 9.607416776871488700, 0.3724889930272537500 ) ) ;
#1898 = CARTESIAN_POINT ( 'NONE',  ( -14.85768783853916900, 11.36761328922595400, 2.061340272374031700 ) ) ;
#1899 = CARTESIAN_POINT ( 'NONE',  ( -14.99988712869492100, 9.575582438410180000, 0.06736509446387954600 ) ) ;
#1900 = CARTESIAN_POINT ( 'NONE',  ( -14.92219294986549400, 10.22764840021350400, 1.525873456522565600 ) ) ;
#1901 = CARTESIAN_POINT ( 'NONE',  ( -14.92693588765588200, 10.17935636885315600, 1.478760557820373500 ) ) ;
#1902 = CARTESIAN_POINT ( 'NONE',  ( -14.99260388038498200, 9.627642813513876500, 0.4721299858999651300 ) ) ;
#1903 = CARTESIAN_POINT ( 'NONE',  ( -14.91632476089970700, 10.28965203281633500, 1.582315585179283200 ) ) ;
#1904 = CARTESIAN_POINT ( 'NONE',  ( -14.85593547532671000, 11.53379731019022500, 2.073929605754357500 ) ) ;
#1905 = CARTESIAN_POINT ( 'NONE',  ( -14.85827243098224300, 11.33442663061627100, 2.057125687127151700 ) ) ;
#1906 = CARTESIAN_POINT ( 'NONE',  ( -14.88049132764208700, 10.76337751413317400, 1.889760859608320600 ) ) ;
#1907 = CARTESIAN_POINT ( 'NONE',  ( -14.86543030685580800, 11.07450404265564200, 2.004838037265455100 ) ) ;
#1908 = CARTESIAN_POINT ( 'NONE',  ( -14.93286125044355100, 10.12109490741583600, 1.417848108035759200 ) ) ;
#1909 = CARTESIAN_POINT ( 'NONE',  ( -14.93988058067263800, 10.05504209318379300, 1.341885539647065500 ) ) ;
#1910 = CARTESIAN_POINT ( 'NONE',  ( -14.86936662261493500, 10.97977256403107100, 1.975356737648756400 ) ) ;
#1911 = CARTESIAN_POINT ( 'NONE',  ( -14.98064470552757600, 9.716187948331684900, 0.7624114521307857600 ) ) ;
#1912 = CARTESIAN_POINT ( 'NONE',  ( -14.93755292232782700, 10.07661915266459300, 1.367534656881674200 ) ) ;
#1913 = CARTESIAN_POINT ( 'NONE',  ( -14.85675107422230600, 11.43422729579924500, 2.068081006663315500 ) ) ;
#1914 = CARTESIAN_POINT ( 'NONE',  ( -14.86046384517865700, 11.23592304384325900, 2.041239603427532400 ) ) ;
#1915 = CARTESIAN_POINT ( 'NONE',  ( -14.99360929900470500, 9.620379668824417900, 0.4390780585487446500 ) ) ;
#1916 = CARTESIAN_POINT ( 'NONE',  ( -14.85640138130826300, 11.46743798901424300, 2.070589487922366100 ) ) ;
#1917 = CARTESIAN_POINT ( 'NONE',  ( -14.90488123614256600, 10.41924086497926200, 1.686992453822768300 ) ) ;
#1918 = CARTESIAN_POINT ( 'NONE',  ( -14.89836338083880200, 10.50142504876206600, 1.743308868627311500 ) ) ;
#1919 = CARTESIAN_POINT ( 'NONE',  ( -14.92574560691355000, 10.19132029898872100, 1.490724096533931500 ) ) ;
#1920 = CARTESIAN_POINT ( 'NONE',  ( -14.85965996940898600, 11.26861500957690700, 2.047078723690747300 ) ) ;
#1921 = CARTESIAN_POINT ( 'NONE',  ( -14.95128283033270100, 9.953023974035751600, 1.209262178878155900 ) ) ;
#1922 = CARTESIAN_POINT ( 'NONE',  ( -14.93049797728693800, 10.14398626915856700, 1.442504550480167700 ) ) ;
#1923 = CARTESIAN_POINT ( 'NONE',  ( -14.96901705574745600, 9.806444810157627100, 0.9637211077561483900 ) ) ;
#1924 = CARTESIAN_POINT ( 'NONE',  ( -14.97557095498891900, 9.755014538629025000, 0.8562884281544382900 ) ) ;
#1925 = CARTESIAN_POINT ( 'NONE',  ( -14.88418618275199800, 10.70293637405137100, 1.860435495549722900 ) ) ;
#1926 = CARTESIAN_POINT ( 'NONE',  ( -14.99039353819768300, 9.643715873490370100, 0.5377540654966687100 ) ) ;
#1927 = CARTESIAN_POINT ( 'NONE',  ( -14.99758274151805500, 9.591910418983472300, 0.2713983195182774800 ) ) ;
#1928 = CARTESIAN_POINT ( 'NONE',  ( -14.92337530508685500, 10.21545482709235300, 1.514268545849764000 ) ) ;
#1929 = CARTESIAN_POINT ( 'NONE',  ( -14.99816219417595400, 9.587794348995029000, 0.2372591274905765900 ) ) ;
#1930 = CARTESIAN_POINT ( 'NONE',  ( -14.87077497947551800, 10.94841584584547800, 1.964735154004560800 ) ) ;
#1931 = CARTESIAN_POINT ( 'NONE',  ( -14.90939605273575800, 10.36628636163770300, 1.646746782600181800 ) ) ;
#1932 = CARTESIAN_POINT ( 'NONE',  ( -14.88609898754852700, 10.67321898264611400, 1.845079517807647800 ) ) ;
#1933 = CARTESIAN_POINT ( 'NONE',  ( -14.89004247517842600, 10.61470622925614500, 1.812980021302233600 ) ) ;
#1934 = CARTESIAN_POINT ( 'NONE',  ( -14.98222125002067400, 9.704289070997500500, 0.7307963856444134000 ) ) ;
#1935 = CARTESIAN_POINT ( 'NONE',  ( -14.98519308675668400, 9.682038695917921000, 0.6670870028794216900 ) ) ;
#1936 = CARTESIAN_POINT ( 'NONE',  ( -14.99620813134135300, 9.601715846414078800, 0.3389368958968211900 ) ) ;
#1937 = CARTESIAN_POINT ( 'NONE',  ( -14.89207252092204400, 10.58592138441176900, 1.796241563184569200 ) ) ;
#1938 = CARTESIAN_POINT ( 'NONE',  ( -14.89623296436655400, 10.52928077200797900, 1.761406018452097000 ) ) ;
#1939 = CARTESIAN_POINT ( 'NONE',  ( -14.97188974686455900, 9.783743727562349300, 0.9180152653365895000 ) ) ;
#1940 = CARTESIAN_POINT ( 'NONE',  ( -14.96410430215057000, 9.845681508895708600, 1.038843841695679800 ) ) ;
#1941 = CARTESIAN_POINT ( 'NONE',  ( -14.85581954580676200, 11.56692453091781800, 2.074759119611533400 ) ) ;
#1942 = CARTESIAN_POINT ( 'NONE',  ( -14.87377509225303400, 10.88614578626156500, 1.941892679617788400 ) ) ;
#1943 = CARTESIAN_POINT ( 'NONE',  ( -14.86558762972542500, 12.12693444246178100, -2.003590540616461800 ) ) ;
#1944 = CARTESIAN_POINT ( 'NONE',  ( -14.98525017616157800, 9.681550577536610200, -0.6681985113178730000 ) ) ;
#1945 = CARTESIAN_POINT ( 'NONE',  ( -14.99816920748928500, 9.587744669054949000, -0.2367619930085037600 ) ) ;
#1946 = CARTESIAN_POINT ( 'NONE',  ( -14.98226413527904900, 9.703832638630158800, -0.7318945496007494000 ) ) ;
#1947 = CARTESIAN_POINT ( 'NONE',  ( -14.97729814534451300, 9.741715518878276500, -0.8255407714116527200 ) ) ;
#1948 = CARTESIAN_POINT ( 'NONE',  ( -14.85960812668655600, 11.27083089349641700, -2.047454944518570100 ) ) ;
#1949 = CARTESIAN_POINT ( 'NONE',  ( -14.99363251190055600, 9.620212015683327100, -0.4383067510213285400 ) ) ;
#1950 = CARTESIAN_POINT ( 'NONE',  ( -14.86222913505125700, 11.17273460538284400, -2.028346633568269400 ) ) ;
#1951 = CARTESIAN_POINT ( 'NONE',  ( -14.99544295432716200, 9.607190056575074500, -0.3712318094554651900 ) ) ;
#1952 = CARTESIAN_POINT ( 'NONE',  ( -14.92343555873788900, 10.21410990181869300, -1.514392147361861300 ) ) ;
#1953 = CARTESIAN_POINT ( 'NONE',  ( -14.89196270824027300, 10.58619222010987400, -1.797352892728481600 ) ) ;
#1954 = CARTESIAN_POINT ( 'NONE',  ( -14.86670993661682200, 11.04373662648442600, -1.995253266721798600 ) ) ;
#1955 = CARTESIAN_POINT ( 'NONE',  ( -14.85822721226085400, 11.33683254885976600, -2.057452212434983400 ) ) ;
#1956 = CARTESIAN_POINT ( 'NONE',  ( -14.97556146911452200, 9.755088799129680400, -0.8564448605064606300 ) ) ;
#1957 = CARTESIAN_POINT ( 'NONE',  ( -14.87077783853880500, 10.94833636543864900, -1.964714313250511600 ) ) ;
#1958 = CARTESIAN_POINT ( 'NONE',  ( -14.85637953574166500, 11.46979973999969400, -2.070746190139329800 ) ) ;
#1959 = CARTESIAN_POINT ( 'NONE',  ( -14.89612663455804600, 10.52966303529502300, -1.762624446186253900 ) ) ;
#1960 = CARTESIAN_POINT ( 'NONE',  ( -14.97004921824080800, 9.798205476624881200, -0.9479071765676203600 ) ) ;
#1961 = CARTESIAN_POINT ( 'NONE',  ( -14.99953791629397400, 9.578039658223639600, -0.1356666088113607800 ) ) ;
#1962 = CARTESIAN_POINT ( 'NONE',  ( -14.86041032435721700, 11.23799595408368800, -2.041629234420930100 ) ) ;
#1963 = CARTESIAN_POINT ( 'NONE',  ( -14.85592498970202300, 11.53609512970084700, -2.074004681420834800 ) ) ;
#1964 = CARTESIAN_POINT ( 'NONE',  ( -14.96613420274937000, 9.829465186621058900, -1.007833651055776600 ) ) ;
#1965 = CARTESIAN_POINT ( 'NONE',  ( -14.95992377645324800, 9.880185801377171700, -1.096150812929751700 ) ) ;
#1966 = CARTESIAN_POINT ( 'NONE',  ( -14.97193701247454100, 9.783333808285606300, -0.9176280509660804700 ) ) ;
#1967 = CARTESIAN_POINT ( 'NONE',  ( -14.88413043298712400, 10.70245011096405500, -1.861099955806101400 ) ) ;
#1968 = CARTESIAN_POINT ( 'NONE',  ( -14.86935599030977600, 10.98000070766565600, -1.975437251245483200 ) ) ;
#1969 = CARTESIAN_POINT ( 'NONE',  ( -14.85630408722003200, 11.73432084531066600, -2.071297897749420100 ) ) ;
#1970 = CARTESIAN_POINT ( 'NONE',  ( -14.85672354601323000, 11.43661321465920700, -2.068278673499922800 ) ) ;
#1971 = CARTESIAN_POINT ( 'NONE',  ( -14.86681624789510500, 12.15895411940194000, -1.994460932454256600 ) ) ;
#1972 = CARTESIAN_POINT ( 'NONE',  ( -14.86945908207058800, 12.22234171909194200, -1.974661073792672000 ) ) ;
#1973 = CARTESIAN_POINT ( 'NONE',  ( -14.96410827160121700, 9.845842644940530500, -1.037462551063166800 ) ) ;
#1974 = CARTESIAN_POINT ( 'NONE',  ( -14.87087362528872300, 12.25372272726927700, -1.963988465842220600 ) ) ;
#1975 = CARTESIAN_POINT ( 'NONE',  ( -14.87387672345557700, 12.31586627603050300, -1.941114182088526900 ) ) ;
#1976 = CARTESIAN_POINT ( 'NONE',  ( -14.87546528639917800, 12.34662880774179600, -1.928912485051886800 ) ) ;
#1977 = CARTESIAN_POINT ( 'NONE',  ( -14.87880435057694200, 12.40753800232922400, -1.902985004459113900 ) ) ;
#1978 = CARTESIAN_POINT ( 'NONE',  ( -14.86046580525433400, 11.96416874377016400, -2.041225480581471400 ) ) ;
#1979 = CARTESIAN_POINT ( 'NONE',  ( -14.88055485961580600, 12.43768466538838700, -1.889259222358234500 ) ) ;
#1980 = CARTESIAN_POINT ( 'NONE',  ( -14.99999822598309000, 9.574798806438911600, -0.06810952322486871200 ) ) ;
#1981 = CARTESIAN_POINT ( 'NONE',  ( -14.93283729158073400, 10.12076114718352900, -1.418690102989662600 ) ) ;
#1982 = CARTESIAN_POINT ( 'NONE',  ( -14.99623682996699400, 9.601510744512557600, -0.3376559847605830100 ) ) ;
#1983 = CARTESIAN_POINT ( 'NONE',  ( -14.99261369772107100, 9.627571398192650100, -0.4718416073929679900 ) ) ;
#1984 = CARTESIAN_POINT ( 'NONE',  ( -14.99038452426884900, 9.643781446638920200, -0.5380185909263043300 ) ) ;
#1985 = CARTESIAN_POINT ( 'NONE',  ( -14.95777611953218200, 9.898063610591371700, -1.125053867067437500 ) ) ;
#1986 = CARTESIAN_POINT ( 'NONE',  ( -14.90483274730036600, 10.41981803823898800, -1.687421918839172600 ) ) ;
#1987 = CARTESIAN_POINT ( 'NONE',  ( -14.85764687635970600, 11.37012771653275500, -2.061635417859416700 ) ) ;
#1988 = CARTESIAN_POINT ( 'NONE',  ( -14.85581445205974500, 11.56919846945856100, -2.074795595178234600 ) ) ;
#1989 = CARTESIAN_POINT ( 'NONE',  ( -14.85583027038659900, 11.66837695611111200, -2.074682480420943600 ) ) ;
#1990 = CARTESIAN_POINT ( 'NONE',  ( -14.85827725963065000, 11.86581516347195700, -2.057090775449546000 ) ) ;
#1991 = CARTESIAN_POINT ( 'NONE',  ( -14.91871746946731000, 10.26320364299216900, -1.560057887361434600 ) ) ;
#1992 = CARTESIAN_POINT ( 'NONE',  ( -14.85966072906282800, 11.93140820762841500, -2.047073171101413200 ) ) ;
#1993 = CARTESIAN_POINT ( 'NONE',  ( -14.90937650281600200, 10.36648675864998400, -1.646936029164727900 ) ) ;
#1994 = CARTESIAN_POINT ( 'NONE',  ( -14.95123189470301000, 9.953459476896798100, -1.209904042423320700 ) ) ;
#1995 = CARTESIAN_POINT ( 'NONE',  ( -14.99759992311603600, 9.591788259842045900, -0.2704203504191983700 ) ) ;
#1996 = CARTESIAN_POINT ( 'NONE',  ( -14.87381466061216000, 10.88534493044670300, -1.941590469975217600 ) ) ;
#1997 = CARTESIAN_POINT ( 'NONE',  ( -14.86548632564758100, 11.07579578658693000, -2.004341785539911000 ) ) ;
#1998 = CARTESIAN_POINT ( 'NONE',  ( -14.94671684244647400, 9.992871071054093300, -1.264278473668124100 ) ) ;
#1999 = CARTESIAN_POINT ( 'NONE',  ( -14.98916987014143300, 9.652662956649011900, -0.5708291704910045700 ) ) ;
#2000 = CARTESIAN_POINT ( 'NONE',  ( -14.88046125630149800, 10.76219840852689900, -1.890122634101839800 ) ) ;
#2001 = CARTESIAN_POINT ( 'NONE',  ( -14.87541969700381700, 10.85422284711623500, -1.929264789261471600 ) ) ;
#2002 = CARTESIAN_POINT ( 'NONE',  ( -14.85769850465427800, 11.83297441862070400, -2.061263277913118100 ) ) ;
#2003 = CARTESIAN_POINT ( 'NONE',  ( -14.86229847828829900, 12.02956692401488000, -2.027838704825591300 ) ) ;
#2004 = CARTESIAN_POINT ( 'NONE',  ( -14.93752003114663100, 10.07651973202127300, -1.368664078492512600 ) ) ;
#2005 = CARTESIAN_POINT ( 'NONE',  ( -14.86324592741541500, 11.14029477543347500, -2.020888471935085500 ) ) ;
#2006 = CARTESIAN_POINT ( 'NONE',  ( -14.86333044221742800, 12.06231009955342700, -2.020267095000084300 ) ) ;
#2007 = CARTESIAN_POINT ( 'NONE',  ( -14.94685647302286400, 13.20794785742321200, -1.261837701138171400 ) ) ;
#2008 = CARTESIAN_POINT ( 'NONE',  ( -14.88610614465943800, 12.52688931568693500, -1.845021600649000800 ) ) ;
#2009 = CARTESIAN_POINT ( 'NONE',  ( -14.99048557299938100, 13.55703333780113700, 0.5381379406575688100 ) ) ;
#2010 = CARTESIAN_POINT ( 'NONE',  ( -14.98437459748266000, 13.51183497774870500, 0.6846740463016497400 ) ) ;
#2011 = CARTESIAN_POINT ( 'NONE',  ( -14.98211613870424800, 13.49492010268832800, 0.7329615311923153300 ) ) ;
#2012 = CARTESIAN_POINT ( 'NONE',  ( -14.98665068439040800, 13.52877426523824900, -0.6335334187313916800 ) ) ;
#2013 = CARTESIAN_POINT ( 'NONE',  ( -14.96993227051221700, 13.40086792663204600, 0.9497462718100712100 ) ) ;
#2014 = CARTESIAN_POINT ( 'NONE',  ( -14.89208247543041700, 12.61422480411340200, -1.796160573935558600 ) ) ;
#2015 = CARTESIAN_POINT ( 'NONE',  ( -14.95137092544598700, 13.24745270397161800, -1.207169878730074600 ) ) ;
#2016 = CARTESIAN_POINT ( 'NONE',  ( -14.95776425812829700, 13.30183571294778000, 1.125205440227731400 ) ) ;
#2017 = CARTESIAN_POINT ( 'NONE',  ( -14.93050971265504300, 13.05612467173826000, -1.442378955700378800 ) ) ;
#2018 = CARTESIAN_POINT ( 'NONE',  ( -14.99988785550496400, 13.62442269153943600, -0.06725664743327604300 ) ) ;
#2019 = CARTESIAN_POINT ( 'NONE',  ( -14.99630165117903500, 13.59898795406130200, 0.3396210970099805000 ) ) ;
#2020 = CARTESIAN_POINT ( 'NONE',  ( -14.95988837591142100, 13.31951873174293000, 1.096623835709947600 ) ) ;
#2021 = CARTESIAN_POINT ( 'NONE',  ( -14.99999704115114900, 13.62519274142248800, 0.03556801891299730300 ) ) ;
#2022 = CARTESIAN_POINT ( 'NONE',  ( -14.99905689085717600, 13.61854980446723400, 0.1715511270686031200 ) ) ;
#2023 = CARTESIAN_POINT ( 'NONE',  ( -14.97181736024118800, 13.41572659431175300, 0.9195774235569835800 ) ) ;
#2024 = CARTESIAN_POINT ( 'NONE',  ( -14.89004461038101600, 12.58532334505289200, -1.812962299411740300 ) ) ;
#2025 = CARTESIAN_POINT ( 'NONE',  ( -14.90502364123301700, 12.78248565341759700, -1.685741170720672200 ) ) ;
#2026 = CARTESIAN_POINT ( 'NONE',  ( -14.98926346177558100, 13.54802326885067600, -0.5683696978657112300 ) ) ;
#2027 = CARTESIAN_POINT ( 'NONE',  ( -14.99367354054659000, 13.58008362808095400, -0.4368690674928741900 ) ) ;
#2028 = CARTESIAN_POINT ( 'NONE',  ( -14.97719172413741100, 13.45746777807835500, 0.8274750773333916500 ) ) ;
#2029 = CARTESIAN_POINT ( 'NONE',  ( -14.98524342052156100, 13.51833670657905100, -0.6659758010693993500 ) ) ;
#2030 = CARTESIAN_POINT ( 'NONE',  ( -14.89630117772290600, 12.67134289739267700, -1.760765852992245000 ) ) ;
#2031 = CARTESIAN_POINT ( 'NONE',  ( -14.90955492497871900, 12.83553498370499700, -1.645306723963756000 ) ) ;
#2032 = CARTESIAN_POINT ( 'NONE',  ( -14.95358755869306000, 13.26649541804322200, -1.179413960141720000 ) ) ;
#2033 = CARTESIAN_POINT ( 'NONE',  ( -14.99771333337651000, 13.60902311778883200, -0.2704626578498577900 ) ) ;
#2034 = CARTESIAN_POINT ( 'NONE',  ( -14.93286230939991900, 13.07891546047014200, -1.417837213150201100 ) ) ;
#2035 = CARTESIAN_POINT ( 'NONE',  ( -14.99942809986992600, 13.62117435137184700, -0.1353321222202804300 ) ) ;
#2036 = CARTESIAN_POINT ( 'NONE',  ( -14.97544708198783800, 13.44402650763085700, 0.8584418190850882100 ) ) ;
#2037 = CARTESIAN_POINT ( 'NONE',  ( -14.93755652772955300, 13.12341469593322300, -1.367495530789258200 ) ) ;
#2038 = CARTESIAN_POINT ( 'NONE',  ( -14.98720279675112700, 13.53284004014462000, 0.6196953006134707800 ) ) ;
#2039 = CARTESIAN_POINT ( 'NONE',  ( -14.99908334651171200, 13.61873704306643200, -0.1692274736345688900 ) ) ;
#2040 = CARTESIAN_POINT ( 'NONE',  ( -14.89954216312350800, 12.71345465824266800, -1.733128729980970600 ) ) ;
#2041 = CARTESIAN_POINT ( 'NONE',  ( -14.92346083867293600, 12.98614885799490900, -1.514142801836031000 ) ) ;
#2042 = CARTESIAN_POINT ( 'NONE',  ( -14.95341755100593100, 13.26504204384578100, 1.181567799802159200 ) ) ;
#2043 = CARTESIAN_POINT ( 'NONE',  ( -14.89845491252180300, 12.69950751246289900, -1.742448317284248200 ) ) ;
#2044 = CARTESIAN_POINT ( 'NONE',  ( -14.98064724281260900, 13.48383141878709800, -0.7623638370592715800 ) ) ;
#2045 = CARTESIAN_POINT ( 'NONE',  ( -14.97731632898770500, 13.45842470216880900, -0.8252188003760296800 ) ) ;
#2046 = CARTESIAN_POINT ( 'NONE',  ( -14.99267439778259900, 13.57286777150522100, -0.4698897555503455100 ) ) ;
#2047 = CARTESIAN_POINT ( 'NONE',  ( -14.91877332425975500, 12.93736377499614900, -1.559507444702212600 ) ) ;
#2048 = CARTESIAN_POINT ( 'NONE',  ( -15.00000285194996700, 13.62523374829423700, -0.03303544449952597300 ) ) ;
#2049 = CARTESIAN_POINT ( 'NONE',  ( -14.99635229983793400, 13.59934948613372200, -0.3373729276413619500 ) ) ;
#2050 = CARTESIAN_POINT ( 'NONE',  ( -14.99940657503699300, 13.62102217380537700, 0.1376898822737044100 ) ) ;
#2051 = CARTESIAN_POINT ( 'NONE',  ( -14.99270867302215200, 13.57314139646969400, 0.4723270386210128800 ) ) ;
#2052 = CARTESIAN_POINT ( 'NONE',  ( -14.96009023251756500, 13.32149412853277900, -1.094938143209131200 ) ) ;
#2053 = CARTESIAN_POINT ( 'NONE',  ( -14.98052636723765500, 13.48291546764124100, 0.7647330616044780700 ) ) ;
#2054 = CARTESIAN_POINT ( 'NONE',  ( -14.96603562163208600, 13.36974009765101800, 1.009290828529121300 ) ) ;
#2055 = CARTESIAN_POINT ( 'NONE',  ( -14.99046936612830000, 13.55683758667930200, -0.5356399718326206900 ) ) ;
#2056 = CARTESIAN_POINT ( 'NONE',  ( -14.96402405270069700, 13.35347093286402400, 1.038666534416087900 ) ) ;
#2057 = CARTESIAN_POINT ( 'NONE',  ( -14.93989672439202500, 13.14511007494605000, -1.341711906710801900 ) ) ;
#2058 = CARTESIAN_POINT ( 'NONE',  ( -14.98223527058078700, 13.49581732226300400, -0.7305272953564016000 ) ) ;
#2059 = CARTESIAN_POINT ( 'NONE',  ( -14.95119403711869300, 13.24592293859219400, 1.209358597724019500 ) ) ;
#2060 = CARTESIAN_POINT ( 'NONE',  ( -14.96423154133617200, 13.35534692084230300, -1.036985503158939900 ) ) ;
#2061 = CARTESIAN_POINT ( 'NONE',  ( -14.97006660447032200, 13.40193130212442400, -0.9476268184161926700 ) ) ;
#2062 = CARTESIAN_POINT ( 'NONE',  ( -14.98652061226636600, 13.52779446969311300, 0.6359746750677405200 ) ) ;
#2063 = CARTESIAN_POINT ( 'NONE',  ( -14.88420575264735200, 12.49736031743183400, -1.860277508315000700 ) ) ;
#2064 = CARTESIAN_POINT ( 'NONE',  ( -14.98510695353454000, 13.51729533244320600, 0.6684566404576918200 ) ) ;
#2065 = CARTESIAN_POINT ( 'NONE',  ( -14.97194890226463200, 13.41675956315961200, -0.9174343897244293700 ) ) ;
#2066 = CARTESIAN_POINT ( 'NONE',  ( -14.97557375577320800, 13.44500622909385400, -0.8562303605344362400 ) ) ;
#2067 = CARTESIAN_POINT ( 'NONE',  ( -14.99767224182246700, 13.60873103421644000, 0.2727224969798284200 ) ) ;
#2068 = CARTESIAN_POINT ( 'NONE',  ( -14.99987665234242200, 13.62434362716783200, 0.06968862064316352900 ) ) ;
#2069 = CARTESIAN_POINT ( 'NONE',  ( -14.89523383318246500, 12.65711151725533800, -1.769770572148275700 ) ) ;
#2070 = CARTESIAN_POINT ( 'NONE',  ( -14.94455465829627600, 13.18744955754158700, -1.288794804122585400 ) ) ;
#2071 = CARTESIAN_POINT ( 'NONE',  ( -14.56012070755418700, 10.48713048391068800, 1.311758411782718800 ) ) ;
#2072 = CARTESIAN_POINT ( 'NONE',  ( -14.90488762978521600, 12.77986924623208900, 1.686635137855417900 ) ) ;
#2073 = CARTESIAN_POINT ( 'NONE',  ( -14.93970849218227500, 13.14337402034143000, 1.343803034937591100 ) ) ;
#2074 = CARTESIAN_POINT ( 'NONE',  ( -14.90265644504675900, 12.75272802050025000, 1.706222231606705500 ) ) ;
#2075 = CARTESIAN_POINT ( 'NONE',  ( -14.89826610630988000, 12.69732617022120100, 1.744142254653179300 ) ) ;
#2076 = CARTESIAN_POINT ( 'NONE',  ( -14.54895045586988000, 10.59718938776807400, 1.398536779036671200 ) ) ;
#2077 = CARTESIAN_POINT ( 'NONE',  ( -14.92329145150150700, 12.98441058127870400, 1.515808056538656000 ) ) ;
#2078 = CARTESIAN_POINT ( 'NONE',  ( -14.50162830717798300, 11.48741599581780200, 1.716543275925109600 ) ) ;
#2079 = CARTESIAN_POINT ( 'NONE',  ( -14.93033360017831000, 13.05440318742417800, 1.444199935481092200 ) ) ;
#2080 = CARTESIAN_POINT ( 'NONE',  ( -14.86381101873400100, 12.07598206100948000, 2.016715057410460000 ) ) ;
#2081 = CARTESIAN_POINT ( 'NONE',  ( -14.85812069264132500, 11.86357225082686600, 2.058225882657470000 ) ) ;
#2082 = CARTESIAN_POINT ( 'NONE',  ( -14.50288404361892000, 11.40263556487171400, 1.708875566391336400 ) ) ;
#2083 = CARTESIAN_POINT ( 'NONE',  ( -14.50106036599477700, 11.57190923159852500, 1.719999950114220700 ) ) ;
#2084 = CARTESIAN_POINT ( 'NONE',  ( -14.89610439808017100, 12.66902042602499800, 1.762494159858380800 ) ) ;
#2085 = CARTESIAN_POINT ( 'NONE',  ( -14.51858713132192200, 10.99372852608847500, 1.609852093430076200 ) ) ;
#2086 = CARTESIAN_POINT ( 'NONE',  ( -14.52514298201118600, 10.88946227695749200, 1.566634195521781300 ) ) ;
#2087 = CARTESIAN_POINT ( 'NONE',  ( -14.85949498290482900, 11.92910814488973000, 2.048313370090324400 ) ) ;
#2088 = CARTESIAN_POINT ( 'NONE',  ( -14.88988834492092600, 12.58307134781817100, 1.814244906083506900 ) ) ;
#2089 = CARTESIAN_POINT ( 'NONE',  ( -14.94435294924656300, 13.18563915680749300, 1.291129936677903000 ) ) ;
#2090 = CARTESIAN_POINT ( 'NONE',  ( -14.52874960343164500, 10.83813003239401600, 1.542323120447540700 ) ) ;
#2091 = CARTESIAN_POINT ( 'NONE',  ( -14.56240195032590800, 10.46582049287352100, 1.293379853818792600 ) ) ;
#2092 = CARTESIAN_POINT ( 'NONE',  ( -14.88400248370340000, 12.49553722790802200, 1.862123080469419500 ) ) ;
#2093 = CARTESIAN_POINT ( 'NONE',  ( -14.87535268577988000, 12.34448829020834300, 1.929780380278094600 ) ) ;
#2094 = CARTESIAN_POINT ( 'NONE',  ( -14.89192105011206000, 12.61196149718771100, 1.797497398818679500 ) ) ;
#2095 = CARTESIAN_POINT ( 'NONE',  ( -14.85628328466037300, 11.73209518592505600, 2.071446776732984500 ) ) ;
#2096 = CARTESIAN_POINT ( 'NONE',  ( -14.54258824792000100, 10.66698784980006200, 1.445223755726366500 ) ) ;
#2097 = CARTESIAN_POINT ( 'NONE',  ( -14.56584876329487300, 10.43447122519576100, 1.264967216816393500 ) ) ;
#2098 = CARTESIAN_POINT ( 'NONE',  ( -14.51044162064087800, 11.15369989773458700, 1.662034542462462300 ) ) ;
#2099 = CARTESIAN_POINT ( 'NONE',  ( -14.50480907971031100, 11.31855700686586300, 1.697052573161950400 ) ) ;
#2100 = CARTESIAN_POINT ( 'NONE',  ( -14.56931658236433700, 10.40361801868652600, 1.235827979950028900 ) ) ;
#2101 = CARTESIAN_POINT ( 'NONE',  ( -14.88034829403099800, 12.43586595849689900, 1.891008663349396800 ) ) ;
#2102 = CARTESIAN_POINT ( 'NONE',  ( -14.57047843902555200, 10.39345713510908500, 1.225910064276837900 ) ) ;
#2103 = CARTESIAN_POINT ( 'NONE',  ( -14.50106036495390100, 11.60000000000000000, 1.720000000000000200 ) ) ;
#2104 = CARTESIAN_POINT ( 'NONE',  ( -14.56700288369773600, 10.42411530741011700, 1.255346608048075100 ) ) ;
#2105 = CARTESIAN_POINT ( 'NONE',  ( -14.50825573666682400, 11.20808714850079500, 1.675698326446209100 ) ) ;
#2106 = CARTESIAN_POINT ( 'NONE',  ( -14.50345467590752300, 11.37445036396895400, 1.705381625169033900 ) ) ;
#2107 = CARTESIAN_POINT ( 'NONE',  ( -14.52341839315210600, 10.91534683200336700, 1.578114735845970400 ) ) ;
#2108 = CARTESIAN_POINT ( 'NONE',  ( -14.94666657937648700, 13.20626642640780600, 1.264086480830697700 ) ) ;
#2109 = CARTESIAN_POINT ( 'NONE',  ( -14.86549973398421200, 12.12457331125759000, 2.004242506018532000 ) ) ;
#2110 = CARTESIAN_POINT ( 'NONE',  ( -14.93268329481628400, 13.07719210708625600, 1.419720050093674400 ) ) ;
#2111 = CARTESIAN_POINT ( 'NONE',  ( -14.91860575700461800, 12.93558460208551600, 1.561108744786756400 ) ) ;
#2112 = CARTESIAN_POINT ( 'NONE',  ( -14.91169090618356600, 12.85909168352677900, 1.625404290083160900 ) ) ;
#2113 = CARTESIAN_POINT ( 'NONE',  ( -14.87376801773234400, 12.31371203005967100, 1.941946769894215900 ) ) ;
#2114 = CARTESIAN_POINT ( 'NONE',  ( -14.86176869177182500, 12.01075706669139200, 2.031709335202738200 ) ) ;
#2115 = CARTESIAN_POINT ( 'NONE',  ( -14.50117352710055300, 11.54377451087990300, 1.719312273275268100 ) ) ;
#2116 = CARTESIAN_POINT ( 'NONE',  ( -14.50196964937324000, 11.45921038249005800, 1.714463715170505600 ) ) ;
#2117 = CARTESIAN_POINT ( 'NONE',  ( -14.51428393659431200, 11.07324510449292100, 1.637594194958857900 ) ) ;
#2118 = CARTESIAN_POINT ( 'NONE',  ( -14.52014091902288400, 10.96747354620490700, 1.599720666426560000 ) ) ;
#2119 = CARTESIAN_POINT ( 'NONE',  ( -14.86327248174596800, 12.05968266307521100, 2.020679456335893000 ) ) ;
#2120 = CARTESIAN_POINT ( 'NONE',  ( -14.50559375880707200, 11.29079194522011800, 1.692211873117990500 ) ) ;
#2121 = CARTESIAN_POINT ( 'NONE',  ( -14.86225161983367800, 12.02707574077580700, 2.028174318056007200 ) ) ;
#2122 = CARTESIAN_POINT ( 'NONE',  ( -14.87077217955268100, 12.25152136951018100, 1.964756245705416400 ) ) ;
#2123 = CARTESIAN_POINT ( 'NONE',  ( -14.93737044876077400, 13.12167513939563400, 1.369525252101575900 ) ) ;
#2124 = CARTESIAN_POINT ( 'NONE',  ( -14.53061673016520100, 10.81289125626672000, 1.529592832530900900 ) ) ;
#2125 = CARTESIAN_POINT ( 'NONE',  ( -14.53446604672410200, 10.76319677725737600, 1.502981968712487200 ) ) ;
#2126 = CARTESIAN_POINT ( 'NONE',  ( -14.86936099553357400, 12.22010699612546800, 1.975399395540468100 ) ) ;
#2127 = CARTESIAN_POINT ( 'NONE',  ( -14.90940487104671800, 12.83305083997017000, 1.646225896576802800 ) ) ;
#2128 = CARTESIAN_POINT ( 'NONE',  ( -14.85581954260774200, 11.66615093816436000, 2.074759300136508800 ) ) ;
#2129 = CARTESIAN_POINT ( 'NONE',  ( -14.85581954474042200, 11.60000000000000000, 2.074759179786525000 ) ) ;
#2130 = CARTESIAN_POINT ( 'NONE',  ( -14.53644761467349200, 10.73875000651027500, 1.489105588146068000 ) ) ;
#2131 = CARTESIAN_POINT ( 'NONE',  ( -14.54050870610989500, 10.69064552396409500, 1.460226507853951400 ) ) ;
#2132 = CARTESIAN_POINT ( 'NONE',  ( -14.86672469013784300, 12.15663150556548000, 1.995143148546856300 ) ) ;
#2133 = CARTESIAN_POINT ( 'NONE',  ( -14.51565866168365700, 11.04661405940596100, 1.628788775975217300 ) ) ;
#2134 = CARTESIAN_POINT ( 'NONE',  ( -14.55335745797149400, 10.55221549229553300, 1.365172639633134500 ) ) ;
#2135 = CARTESIAN_POINT ( 'NONE',  ( -14.61249929193300000, 10.07022542819449400, 0.7863781998643174500 ) ) ;
#2136 = CARTESIAN_POINT ( 'NONE',  ( -14.63943823551233500, 9.894543330278045400, 0.2249924300218380000 ) ) ;
#2137 = CARTESIAN_POINT ( 'NONE',  ( -14.64179862781887200, 9.879994768394514200, 0.02774401038160433400 ) ) ;
#2138 = CARTESIAN_POINT ( 'NONE',  ( -14.64179603784915100, 9.880010555435962500, -0.05646360362656024200 ) ) ;
#2139 = CARTESIAN_POINT ( 'NONE',  ( -14.63809645123102700, 9.902871012354296500, 0.2809827119326954200 ) ) ;
#2140 = CARTESIAN_POINT ( 'NONE',  ( -14.64090343821262200, 9.885497792880778800, 0.1402936655844304300 ) ) ;
#2141 = CARTESIAN_POINT ( 'NONE',  ( -14.62740017365034500, 9.970674100401810200, -0.5539445014469690500 ) ) ;
#2142 = CARTESIAN_POINT ( 'NONE',  ( -14.62448543986819900, 9.989598101634284100, -0.6067492736395727600 ) ) ;
#2143 = CARTESIAN_POINT ( 'NONE',  ( -14.60267857213314400, 10.13937362981640100, -0.9087220418676101900 ) ) ;
#2144 = CARTESIAN_POINT ( 'NONE',  ( -14.58080983159586100, 10.30611868674776900, -1.134638775402173400 ) ) ;
#2145 = CARTESIAN_POINT ( 'NONE',  ( -14.60676314091474400, 10.11020622326348800, -0.8600687757951011000 ) ) ;
#2146 = CARTESIAN_POINT ( 'NONE',  ( -14.61963803851170200, 10.02177177127465400, -0.6843831036691960800 ) ) ;
#2147 = CARTESIAN_POINT ( 'NONE',  ( -14.60058220157880100, 10.15455713021955700, -0.9326830170009901000 ) ) ;
#2148 = CARTESIAN_POINT ( 'NONE',  ( -14.56706169848262200, 10.42297307162544800, -1.255449075169487100 ) ) ;
#2149 = CARTESIAN_POINT ( 'NONE',  ( -14.63124455523161800, 9.946023565356473000, 0.4728072020358912700 ) ) ;
#2150 = CARTESIAN_POINT ( 'NONE',  ( -14.58084193733077800, 10.30620312401623600, 1.133702471473572400 ) ) ;
#2151 = CARTESIAN_POINT ( 'NONE',  ( -14.60269693221046200, 10.13898581510763300, 0.9093808924088381300 ) ) ;
#2152 = CARTESIAN_POINT ( 'NONE',  ( -14.64168759358074600, 9.880676088679416900, 0.05584646334220446500 ) ) ;
#2153 = CARTESIAN_POINT ( 'NONE',  ( -14.64134672042386300, 9.882762988566423000, -0.1124692298883586400 ) ) ;
#2154 = CARTESIAN_POINT ( 'NONE',  ( -14.62290468233997300, 10.00009138118538500, 0.6320481482577986500 ) ) ;
#2155 = CARTESIAN_POINT ( 'NONE',  ( -14.63945500681118300, 9.894439581359511800, -0.2241816820248475900 ) ) ;
#2156 = CARTESIAN_POINT ( 'NONE',  ( -14.64000385075457400, 9.891047580346905100, 0.1966906343929287200 ) ) ;
#2157 = CARTESIAN_POINT ( 'NONE',  ( -14.63734954675773600, 9.907520221392829300, -0.3077555788081987600 ) ) ;
#2158 = CARTESIAN_POINT ( 'NONE',  ( -14.64001069658894500, 9.891005387515464900, -0.1962785040031169700 ) ) ;
#2159 = CARTESIAN_POINT ( 'NONE',  ( -14.57395546542653400, 10.36341755271040900, 1.195853403613391700 ) ) ;
#2160 = CARTESIAN_POINT ( 'NONE',  ( -14.61256221686515900, 10.06974830385659600, -0.7858263067736254200 ) ) ;
#2161 = CARTESIAN_POINT ( 'NONE',  ( -14.58978702167433600, 10.23507645431511300, -1.048101869313178500 ) ) ;
#2162 = CARTESIAN_POINT ( 'NONE',  ( -14.61795209371865500, 10.03306653727954500, 0.7098732762695938400 ) ) ;
#2163 = CARTESIAN_POINT ( 'NONE',  ( -14.63812446452923800, 9.902696820719922900, -0.2799208213880340400 ) ) ;
#2164 = CARTESIAN_POINT ( 'NONE',  ( -14.63122626475519200, 9.946140042667517300, -0.4732241615358256900 ) ) ;
#2165 = CARTESIAN_POINT ( 'NONE',  ( -14.60675926625505600, 10.11006937152973600, 0.8612138821352837100 ) ) ;
#2166 = CARTESIAN_POINT ( 'NONE',  ( -14.62734444754898900, 9.971088655985456100, 0.5530230477498708800 ) ) ;
#2167 = CARTESIAN_POINT ( 'NONE',  ( -14.63242071143627100, 9.938541346478205100, 0.4458045066943379700 ) ) ;
#2168 = CARTESIAN_POINT ( 'NONE',  ( -14.64124010421105400, 9.883426977435350500, 0.1121185917082909000 ) ) ;
#2169 = CARTESIAN_POINT ( 'NONE',  ( -14.61435879339168900, 10.05746603984422400, 0.7610455573650746200 ) ) ;
#2170 = CARTESIAN_POINT ( 'NONE',  ( -14.57623891654713500, 10.34369261635703900, -1.176110943822078900 ) ) ;
#2171 = CARTESIAN_POINT ( 'NONE',  ( -14.56245627788538300, 10.46466804834251500, -1.293306515958179800 ) ) ;
#2172 = CARTESIAN_POINT ( 'NONE',  ( -14.55333837490674400, 10.55238568809960900, -1.365329527282548100 ) ) ;
#2173 = CARTESIAN_POINT ( 'NONE',  ( -14.54890312494842400, 10.59767957704792500, -1.398892810635712600 ) ) ;
#2174 = CARTESIAN_POINT ( 'NONE',  ( -14.61440493029188100, 10.05711789822187000, -0.7607245520533519900 ) ) ;
#2175 = CARTESIAN_POINT ( 'NONE',  ( -14.59424397309084200, 10.20123458888198300, 1.002492707556046400 ) ) ;
#2176 = CARTESIAN_POINT ( 'NONE',  ( -14.54040491547305400, 10.69097017754430300, -1.461236598915481400 ) ) ;
#2177 = CARTESIAN_POINT ( 'NONE',  ( -14.58311401084818600, 10.28787787580404600, 1.112439048675769100 ) ) ;
#2178 = CARTESIAN_POINT ( 'NONE',  ( -14.53634042433486200, 10.73898002540635100, -1.490026893536424300 ) ) ;
#2179 = CARTESIAN_POINT ( 'NONE',  ( -14.63731868794112300, 9.907712773381273800, 0.3087977989198572000 ) ) ;
#2180 = CARTESIAN_POINT ( 'NONE',  ( -14.60874069252582400, 10.09629696055525400, -0.8355060658145042600 ) ) ;
#2181 = CARTESIAN_POINT ( 'NONE',  ( -14.52869518497948100, 10.83771705249797000, -1.542873965891004500 ) ) ;
#2182 = CARTESIAN_POINT ( 'NONE',  ( -14.52511362877842800, 10.88846087067991600, -1.566934110875061600 ) ) ;
#2183 = CARTESIAN_POINT ( 'NONE',  ( -14.52019246266683300, 10.96661659343303100, -1.599383422354318400 ) ) ;
#2184 = CARTESIAN_POINT ( 'NONE',  ( -14.51862575478275000, 10.99304836475311500, -1.609601558047330000 ) ) ;
#2185 = CARTESIAN_POINT ( 'NONE',  ( -14.63555967939703900, 9.918722068359443300, 0.3640009250526904900 ) ) ;
#2186 = CARTESIAN_POINT ( 'NONE',  ( -14.63458785322011500, 9.924829954647798000, -0.3911622961458735600 ) ) ;
#2187 = CARTESIAN_POINT ( 'NONE',  ( -14.61794283436834300, 10.03312960621203600, -0.7100029605472993900 ) ) ;
#2188 = CARTESIAN_POINT ( 'NONE',  ( -14.59419425381139000, 10.20160445846776800, -1.003024820059680300 ) ) ;
#2189 = CARTESIAN_POINT ( 'NONE',  ( -14.57626230326875200, 10.34397607662676000, 1.175412920005700200 ) ) ;
#2190 = CARTESIAN_POINT ( 'NONE',  ( -14.61965897664000000, 10.02163150882817400, 0.6840653013111409600 ) ) ;
#2191 = CARTESIAN_POINT ( 'NONE',  ( -14.58985338562498200, 10.23456429092863800, 1.047438182749747400 ) ) ;
#2192 = CARTESIAN_POINT ( 'NONE',  ( -14.62870642640772100, 9.962297220594699400, 0.5264164725229835100 ) ) ;
#2193 = CARTESIAN_POINT ( 'NONE',  ( -14.61155470256566400, 10.07674591315645300, 0.7989362435356612800 ) ) ;
#2194 = CARTESIAN_POINT ( 'NONE',  ( -14.62444357871614600, 9.989985746504727300, 0.6058388826782901100 ) ) ;
#2195 = CARTESIAN_POINT ( 'NONE',  ( -14.63558233796547500, 9.918579681699876400, -0.3633615019526551500 ) ) ;
#2196 = CARTESIAN_POINT ( 'NONE',  ( -14.61527294126609700, 10.05123260917364700, 0.7482786623884496400 ) ) ;
#2197 = CARTESIAN_POINT ( 'NONE',  ( -14.63241191276138400, 9.938597037302367100, -0.4460238014174488500 ) ) ;
#2198 = CARTESIAN_POINT ( 'NONE',  ( -14.63457827032346100, 9.924890607189031000, 0.3914013653533928700 ) ) ;
#2199 = CARTESIAN_POINT ( 'NONE',  ( -14.61795482761979100, 13.16695110060463000, -0.7098251375230709700 ) ) ;
#2200 = CARTESIAN_POINT ( 'NONE',  ( -14.50830940450631300, 11.20957551458132400, -1.675340543419592900 ) ) ;
#2201 = CARTESIAN_POINT ( 'NONE',  ( -14.52349629020920600, 12.28583647121413100, -1.577597168653793500 ) ) ;
#2202 = CARTESIAN_POINT ( 'NONE',  ( -14.52520499683192100, 12.31143982480461400, -1.566218332283998000 ) ) ;
#2203 = CARTESIAN_POINT ( 'NONE',  ( -14.61965578792680500, 13.17834731749628200, -0.6841161858567266200 ) ) ;
#2204 = CARTESIAN_POINT ( 'NONE',  ( -14.54267759381279000, 12.53380416803413200, -1.444510348443093500 ) ) ;
#2205 = CARTESIAN_POINT ( 'NONE',  ( -14.62445726446320100, 13.21010461255965000, -0.6056158036338096200 ) ) ;
#2206 = CARTESIAN_POINT ( 'NONE',  ( -14.51566145247208300, 11.04654655724309900, -1.628771498742612700 ) ) ;
#2207 = CARTESIAN_POINT ( 'NONE',  ( -14.50554151607079900, 11.29255245363020100, -1.692534881838823500 ) ) ;
#2208 = CARTESIAN_POINT ( 'NONE',  ( -14.53446813093773900, 12.43682833999987600, -1.502967277054804400 ) ) ;
#2209 = CARTESIAN_POINT ( 'NONE',  ( -14.54908946030550800, 12.60427693243064200, -1.397499450485374600 ) ) ;
#2210 = CARTESIAN_POINT ( 'NONE',  ( -14.53953343432704900, 12.49779754089967600, -1.467160822206008600 ) ) ;
#2211 = CARTESIAN_POINT ( 'NONE',  ( -14.58767647080314400, 12.94820999090380900, -1.068426198417379100 ) ) ;
#2212 = CARTESIAN_POINT ( 'NONE',  ( -14.59649366419525800, 13.01534309655843900, -0.9777481797442250100 ) ) ;
#2213 = CARTESIAN_POINT ( 'NONE',  ( -14.60284105320189200, 13.06205312310181600, -0.9077167242673688200 ) ) ;
#2214 = CARTESIAN_POINT ( 'NONE',  ( -14.50731689329500500, 11.23712643903949300, -1.681523447987066000 ) ) ;
#2215 = CARTESIAN_POINT ( 'NONE',  ( -14.50559567207585400, 11.90928600936883800, -1.692200165110847600 ) ) ;
#2216 = CARTESIAN_POINT ( 'NONE',  ( -14.52023696338053100, 12.23410671117827200, -1.599091357981421200 ) ) ;
#2217 = CARTESIAN_POINT ( 'NONE',  ( -14.52876870599499200, 12.36212194564205000, -1.542192147153698100 ) ) ;
#2218 = CARTESIAN_POINT ( 'NONE',  ( -14.50839190108230500, 11.99263678782934600, -1.674825414560894100 ) ) ;
#2219 = CARTESIAN_POINT ( 'NONE',  ( -14.62290715903426500, 13.19992506717539400, -0.6320086747980383500 ) ) ;
#2220 = CARTESIAN_POINT ( 'NONE',  ( -14.50116329187413900, 11.54572603318610500, -1.719374511894389300 ) ) ;
#2221 = CARTESIAN_POINT ( 'NONE',  ( -14.62739357933607400, 13.22923017077324900, -0.5521018482526908200 ) ) ;
#2222 = CARTESIAN_POINT ( 'NONE',  ( -14.62876723753447500, 13.23809471755403200, -0.5252067280069217000 ) ) ;
#2223 = CARTESIAN_POINT ( 'NONE',  ( -14.63131762140717000, 13.25444276392939000, -0.4711852295212457500 ) ) ;
#2224 = CARTESIAN_POINT ( 'NONE',  ( -14.50105539388719600, 11.57384047196125800, -1.720030188792201400 ) ) ;
#2225 = CARTESIAN_POINT ( 'NONE',  ( -14.51427355819019000, 11.07343886531238800, -1.637660941686671200 ) ) ;
#2226 = CARTESIAN_POINT ( 'NONE',  ( -14.51179446520204600, 12.07471588917861100, -1.653431799335036300 ) ) ;
#2227 = CARTESIAN_POINT ( 'NONE',  ( -14.50107083447005600, 11.65807207853480600, -1.719936415315047400 ) ) ;
#2228 = CARTESIAN_POINT ( 'NONE',  ( -14.50153333648705400, 11.71407777007787000, -1.717130556084813800 ) ) ;
#2229 = CARTESIAN_POINT ( 'NONE',  ( -14.50475847499979300, 11.32043894183827200, -1.697364464696276000 ) ) ;
#2230 = CARTESIAN_POINT ( 'NONE',  ( -14.53645733146672100, 12.46137415039870600, -1.489038447096799400 ) ) ;
#2231 = CARTESIAN_POINT ( 'NONE',  ( -14.50341053701593300, 11.37649369378530500, -1.705652318527010500 ) ) ;
#2232 = CARTESIAN_POINT ( 'NONE',  ( -14.50284405962239400, 11.40477105068951100, -1.709120245503916500 ) ) ;
#2233 = CARTESIAN_POINT ( 'NONE',  ( -14.50345938924708600, 11.82575499008713900, -1.705352682973672900 ) ) ;
#2234 = CARTESIAN_POINT ( 'NONE',  ( -14.51437418810442500, 12.12855054162187000, -1.637017481360362200 ) ) ;
#2235 = CARTESIAN_POINT ( 'NONE',  ( -14.50289445502561000, 11.79786357135995600, -1.708811737068894200 ) ) ;
#2236 = CARTESIAN_POINT ( 'NONE',  ( -14.50194277854188700, 11.46123672696761600, -1.714627583325548700 ) ) ;
#2237 = CARTESIAN_POINT ( 'NONE',  ( -14.54057529052114900, 12.50988415416834700, -1.459695803085099900 ) ) ;
#2238 = CARTESIAN_POINT ( 'NONE',  ( -14.51059518661693200, 12.04752179778103900, -1.661000352925345600 ) ) ;
#2239 = CARTESIAN_POINT ( 'NONE',  ( -14.50160698328676300, 11.48942181468586600, -1.716673183923985500 ) ) ;
#2240 = CARTESIAN_POINT ( 'NONE',  ( -14.55351253632167800, 12.64933136377711200, -1.363978813921237900 ) ) ;
#2241 = CARTESIAN_POINT ( 'NONE',  ( -14.51049630169554700, 11.15479696697143900, -1.661623143888634000 ) ) ;
#2242 = CARTESIAN_POINT ( 'NONE',  ( -14.54373888070847800, 12.54564938301812700, -1.436784299888534300 ) ) ;
#2243 = CARTESIAN_POINT ( 'NONE',  ( -14.56251079885708000, 12.73581385585234600, -1.292850192456575600 ) ) ;
#2244 = CARTESIAN_POINT ( 'NONE',  ( -14.57396692055230300, 12.83667666863021900, -1.195749284049404600 ) ) ;
#2245 = CARTESIAN_POINT ( 'NONE',  ( -14.50738458060522600, 11.96482823404798000, -1.681102369027261100 ) ) ;
#2246 = CARTESIAN_POINT ( 'NONE',  ( -14.56708637472905600, 12.77724669130452100, -1.255242364767342300 ) ) ;
#2247 = CARTESIAN_POINT ( 'NONE',  ( -14.57626333693707800, 12.85603272874749300, -1.175403888016190100 ) ) ;
#2248 = CARTESIAN_POINT ( 'NONE',  ( -14.58084545663498200, 12.89382562336508700, -1.133670035478306700 ) ) ;
#2249 = CARTESIAN_POINT ( 'NONE',  ( -14.51868633555623400, 12.20798030457742000, -1.609206709732850000 ) ) ;
#2250 = CARTESIAN_POINT ( 'NONE',  ( -14.58992331785178300, 12.96561905600805200, -1.046078439899223600 ) ) ;
#2251 = CARTESIAN_POINT ( 'NONE',  ( -14.59432996447974100, 12.99917025047131600, -1.000758165884766800 ) ) ;
#2252 = CARTESIAN_POINT ( 'NONE',  ( -14.60688346695007700, 13.09080406677400200, -0.8596732974173522100 ) ) ;
#2253 = CARTESIAN_POINT ( 'NONE',  ( -14.61257918790894200, 13.13036786139451500, -0.7855938865363956100 ) ) ;
#2254 = CARTESIAN_POINT ( 'NONE',  ( -14.53062371636323700, 12.38720072076267600, -1.529544818518549800 ) ) ;
#2255 = CARTESIAN_POINT ( 'NONE',  ( -14.51169069265289500, 11.12756934279600300, -1.654088653852643100 ) ) ;
#2256 = CARTESIAN_POINT ( 'NONE',  ( -14.51575495182017400, 12.15520221603151000, -1.628169762620937500 ) ) ;
#2257 = CARTESIAN_POINT ( 'NONE',  ( -14.61441653615201700, 13.14296140150434800, -0.7605640045840881300 ) ) ;
#2258 = CARTESIAN_POINT ( 'NONE',  ( -14.58312976905315800, 12.91225135954206800, -1.112295104909499800 ) ) ;
#2259 = CARTESIAN_POINT ( 'NONE',  ( -14.50480982122351000, 11.88146271134693100, -1.697047969999451000 ) ) ;
#2260 = B_SPLINE_CURVE_WITH_KNOTS ( 'NONE', 3,
 ( #4292, #4297, #4321, #4283 ),
 .UNSPECIFIED., .F., .F.,
 ( 4, 4 ),
 ( 0.0000000000000000000, 0.0004629930357485491200 ),
 .UNSPECIFIED. ) ;
#2261 = B_SPLINE_CURVE_WITH_KNOTS ( 'NONE', 3,
 ( #4294, #4291, #4289, #4316 ),
 .UNSPECIFIED., .F., .F.,
 ( 4, 4 ),
 ( 0.0000000000000000000, 0.0003884318914982280000 ),
 .UNSPECIFIED. ) ;
#2262 = B_SPLINE_CURVE_WITH_KNOTS ( 'NONE', 3,
 ( #4281, #4307, #4310, #4315, #4313, #4293, #4317, #4295, #4319, #4352, #4380, #4326, #4357, #4359, #4360, #4364, #4367, #4348, #4351, #4354, #4355, #4363, #4334, #4373, #4375, #4365, #4342, #4336, #4349, #4381, #4382, #4377, #4340, #4350, #4335, #4379, #4385, #4332, #4343, #4329, #4337, #4369, #4338, #4378, #4368, #4383, #4356, #4353, #4370, #4386, #4339, #4372, #4361, #4333, #4341, #4362, #4366, #4374, #4371, #4358, #4331, #4384, #4327, #4344, #4345, #4387, #4376, #4328, #4330, #4346, #4347, #4426, #4420, #4397, #4402, #4406, #4440, #4444, #4403, #4425, #4418, #4433, #4441, #4417, #4438, #4401, #4419, #4446, #4434, #4429, #4391, #4388, #4408, #4392, #4421, #4404, #4389, #4393, #4405, #4410, #4407, #4409, #4442, #4394, #4390, #4399, #4427, #4445, #4422, #4437, #4439, #4395, #4396, #4430, #4411, #4412, #4413, #4414, #4398, #4400, #4423, #4415, #4416, #4424, #4428 ),
 .UNSPECIFIED., .F., .F.,
 ( 4, 2, 2, 2, 2, 1, 2, 2, 2, 1, 1, 2, 2, 2, 1, 1, 2, 2, 2, 2, 1, 1, 2, 2, 2, 1, 2, 2, 2, 1, 2, 2, 2, 2, 2, 2, 2, 2, 2, 2, 1, 2, 2, 2, 1, 1, 2, 2, 2, 1, 1, 2, 2, 2, 2, 2, 1, 2, 2, 2, 1, 2, 2, 2, 1, 2, 2, 2, 2, 2, 4 ),
 ( 0.0000000000000000000, 0.01562499999999411200, 0.02343749999999140300, 0.03124999999998869700, 0.04687499999998327700, 0.05468749999998055700, 0.05859374999997919000, 0.06249999999997782300, 0.07812499999997278600, 0.08593749999997024600, 0.08984374999996874700, 0.09179687499996816400, 0.09374999999996756800, 0.1015624999999654700, 0.1054687499999646400, 0.1074218749999642200, 0.1083984374999641800, 0.1093749999999641300, 0.1249999999999600300, 0.1328124999999581400, 0.1367187499999571700, 0.1386718749999568700, 0.1396484374999569200, 0.1406249999999569800, 0.1484374999999587300, 0.1523437499999597000, 0.1542968749999603400, 0.1562499999999610000, 0.1718749999999649700, 0.1796874999999669400, 0.1835937499999679400, 0.1874999999999689100, 0.2031249999999726300, 0.2109374999999744900, 0.2187499999999763500, 0.2499999999999839000, 0.2656249999999876800, 0.2734374999999895600, 0.2812499999999914500, 0.2968749999999951700, 0.3046874999999971100, 0.3085937499999981100, 0.3124999999999991700, 0.3281250000000026100, 0.3359375000000043900, 0.3398437500000051100, 0.3417968750000055000, 0.3437500000000058800, 0.3515625000000081000, 0.3554687500000089900, 0.3574218750000093300, 0.3583984375000093300, 0.3593750000000093800, 0.3750000000000061100, 0.3828125000000046600, 0.3867187500000041600, 0.3886718750000038900, 0.3896484375000037200, 0.3906250000000035500, 0.3984375000000030500, 0.4023437500000030500, 0.4042968750000030500, 0.4062500000000030000, 0.4218750000000026600, 0.4296875000000025000, 0.4335937500000024400, 0.4375000000000023300, 0.4531250000000023300, 0.4609375000000021100, 0.4687500000000018900, 0.5000000000000000000 ),
 .UNSPECIFIED. ) ;
#2263 = B_SPLINE_CURVE_WITH_KNOTS ( 'NONE', 3,
 ( #4301, #4311, #4324, #4287 ),
 .UNSPECIFIED., .F., .F.,
 ( 4, 4 ),
 ( 0.0000000000000000000, 0.0003884318914982304400 ),
 .UNSPECIFIED. ) ;
#2264 = B_SPLINE_CURVE_WITH_KNOTS ( 'NONE', 3,
 ( #4278, #4285, #4304, #4284 ),
 .UNSPECIFIED., .F., .F.,
 ( 4, 4 ),
 ( 0.0000000000000000000, 0.0003884318914982417700 ),
 .UNSPECIFIED. ) ;
#2265 = B_SPLINE_CURVE_WITH_KNOTS ( 'NONE', 3,
 ( #4507, #4520, #4521, #4491 ),
 .UNSPECIFIED., .F., .F.,
 ( 4, 4 ),
 ( 0.0000000000000000000, 0.0004629930357487684500 ),
 .UNSPECIFIED. ) ;
#2266 = UNCERTAINTY_MEASURE_WITH_UNIT (LENGTH_MEASURE( 1.000000000000000100E-005 ), #4043, 'distance_accuracy_value', 'NONE');
#2267 = B_SPLINE_CURVE_WITH_KNOTS ( 'NONE', 3,
 ( #4449, #4459, #4480, #4472 ),
 .UNSPECIFIED., .F., .F.,
 ( 4, 4 ),
 ( 0.0000000000000000000, 0.0004629930357489928800 ),
 .UNSPECIFIED. ) ;
#2268 = B_SPLINE_CURVE_WITH_KNOTS ( 'NONE', 3,
 ( #4453, #4468, #4455, #4473 ),
 .UNSPECIFIED., .F., .F.,
 ( 4, 4 ),
 ( 0.0000000000000000000, 0.0003884318914982292000 ),
 .UNSPECIFIED. ) ;
#2269 = B_SPLINE_CURVE_WITH_KNOTS ( 'NONE', 3,
 ( #4511, #4513, #4514, #4529 ),
 .UNSPECIFIED., .F., .F.,
 ( 4, 4 ),
 ( 0.0000000000000000000, 0.0004629930357485490600 ),
 .UNSPECIFIED. ) ;
#2270 = UNCERTAINTY_MEASURE_WITH_UNIT (LENGTH_MEASURE( 1.000000000000000100E-005 ), #4039, 'distance_accuracy_value', 'NONE');
#2271 = B_SPLINE_CURVE_WITH_KNOTS ( 'NONE', 3,
 ( #4482, #4484, #4485, #4463, #4450, #4466, #4486, #4447, #4467, #4451, #4452, #4512, #4509, #4495, #4516, #4499, #4505, #4527, #4492, #4532, #4497, #4526, #4530, #4496, #4523, #4515 ),
 .UNSPECIFIED., .F., .F.,
 ( 4, 2, 2, 2, 2, 2, 2, 2, 2, 2, 2, 2, 4 ),
 ( 0.5000000000000000000, 0.5625000000000003300, 0.5937500000000002200, 0.6250000000000002200, 0.6562500000000002200, 0.6875000000000002200, 0.7500000000000001100, 0.7812500000000001100, 0.8125000000000001100, 0.8437500000000001100, 0.8750000000000000000, 0.9375000000000000000, 1.000000000000000000 ),
 .UNSPECIFIED. ) ;
#2272 = B_SPLINE_CURVE_WITH_KNOTS ( 'NONE', 3,
 ( #4540, #4566, #4549, #4553 ),
 .UNSPECIFIED., .F., .F.,
 ( 4, 4 ),
 ( 0.0000000000000000000, 0.0004629930357489913100 ),
 .UNSPECIFIED. ) ;
#2273 = B_SPLINE_CURVE_WITH_KNOTS ( 'NONE', 3,
 ( #4576, #4534, #4535, #4560 ),
 .UNSPECIFIED., .F., .F.,
 ( 4, 4 ),
 ( 2.168404344971008900E-019, 0.0004629930357489858900 ),
 .UNSPECIFIED. ) ;
#2274 = B_SPLINE_CURVE_WITH_KNOTS ( 'NONE', 3,
 ( #4562, #4555, #4567, #4541 ),
 .UNSPECIFIED., .F., .F.,
 ( 4, 4 ),
 ( 0.0000000000000000000, 0.0003884318914982258400 ),
 .UNSPECIFIED. ) ;
#2275 = B_SPLINE_CURVE_WITH_KNOTS ( 'NONE', 3,
 ( #4618, #4596, #4613, #4591 ),
 .UNSPECIFIED., .F., .F.,
 ( 4, 4 ),
 ( 0.0000000000000000000, 0.0003884318914982382000 ),
 .UNSPECIFIED. ) ;
#2276 = B_SPLINE_CURVE_WITH_KNOTS ( 'NONE', 3,
 ( #4600, #4589, #4597, #4617 ),
 .UNSPECIFIED., .F., .F.,
 ( 4, 4 ),
 ( 0.0000000000000000000, 0.0003884318914982384700 ),
 .UNSPECIFIED. ) ;
#2277 = B_SPLINE_CURVE_WITH_KNOTS ( 'NONE', 3,
 ( #4614, #4606, #4601, #4611 ),
 .UNSPECIFIED., .F., .F.,
 ( 4, 4 ),
 ( 0.0000000000000000000, 0.0003884318914982420400 ),
 .UNSPECIFIED. ) ;
#2278 = B_SPLINE_CURVE_WITH_KNOTS ( 'NONE', 3,
 ( #4084, #4074, #4051, #4078 ),
 .UNSPECIFIED., .F., .F.,
 ( 4, 4 ),
 ( 2.168404344971008900E-019, 0.0004629930357489308600 ),
 .UNSPECIFIED. ) ;
#2279 = MANIFOLD_SOLID_BREP ( '����4', #3534 ) ;
#2280 = B_SPLINE_CURVE_WITH_KNOTS ( 'NONE', 3,
 ( #4528, #4506, #4490, #4510 ),
 .UNSPECIFIED., .F., .F.,
 ( 4, 4 ),
 ( 0.0000000000000000000, 0.0003884318914982360800 ),
 .UNSPECIFIED. ) ;
#2281 = MANIFOLD_SOLID_BREP ( '͹̨-����5', #5594 ) ;
#2282 = B_SPLINE_CURVE_WITH_KNOTS ( 'NONE', 3,
 ( #4543, #4557, #4570, #4533 ),
 .UNSPECIFIED., .F., .F.,
 ( 4, 4 ),
 ( 0.0000000000000000000, 0.0004629930357487658500 ),
 .UNSPECIFIED. ) ;
#2283 = B_SPLINE_CURVE_WITH_KNOTS ( 'NONE', 3,
 ( #4561, #4544, #4545, #4542 ),
 .UNSPECIFIED., .F., .F.,
 ( 4, 4 ),
 ( 0.0000000000000000000, 0.0003884318914982392800 ),
 .UNSPECIFIED. ) ;
#2284 = UNCERTAINTY_MEASURE_WITH_UNIT (LENGTH_MEASURE( 1.000000000000000100E-005 ), #4027, 'distance_accuracy_value', 'NONE');
#2285 = B_SPLINE_CURVE_WITH_KNOTS ( 'NONE', 3,
 ( #4642, #4654, #4671, #4627, #4658, #4647, #4626, #4628, #4649, #4650, #4659, #4651, #4638, #4623, #4655, #4667, #4660, #4656, #4646, #4657, #4661, #4664, #4631, #4662, #4666, #4663, #4632, #4629, #4634, #4668 ),
 .UNSPECIFIED., .F., .F.,
 ( 4, 2, 2, 2, 2, 2, 2, 2, 2, 2, 2, 2, 2, 2, 4 ),
 ( 0.0000000000000000000, 0.0003480883336983472000, 0.0006961766673966944000, 0.001392353334793393300, 0.001740441668491744500, 0.002088530002190095700, 0.002436618335888447500, 0.002784706669586798800, 0.003132795003285150600, 0.003480883336983502000, 0.003828971670681853800, 0.004177060004380204300, 0.004873236671776907100, 0.005221325005475256300, 0.005569413339173605500 ),
 .UNSPECIFIED. ) ;
#2286 = B_SPLINE_CURVE_WITH_KNOTS ( 'NONE', 3,
 ( #4636, #4665, #4669, #4670, #4637, #4639, #4644, #4619, #4645, #4621, #4622, #4625, #3995, #3996 ),
 .UNSPECIFIED., .F., .F.,
 ( 4, 2, 2, 2, 2, 2, 4 ),
 ( 0.0000000000000000000, 0.0003364488489009181400, 0.0006728976978018362700, 0.001009346546702754400, 0.001345795395603672500, 0.002018693093405508800, 0.002691590791207345100 ),
 .UNSPECIFIED. ) ;
#2287 = B_SPLINE_CURVE_WITH_KNOTS ( 'NONE', 3,
 ( #4005, #4007, #4008, #4010, #4009, #4011, #4117, #4124, #4168, #4248 ),
 .UNSPECIFIED., .F., .F.,
 ( 4, 2, 2, 2, 4 ),
 ( 0.0000000000000000000, 0.0004261536423086307300, 0.0008523072846172614600, 0.001278460926925892300, 0.001704614569234522900 ),
 .UNSPECIFIED. ) ;
#2288 = B_SPLINE_CURVE_WITH_KNOTS ( 'NONE', 3,
 ( #254, #257, #258, #259 ),
 .UNSPECIFIED., .F., .F.,
 ( 4, 4 ),
 ( 0.0000000000000000000, 0.0004629930357487777800 ),
 .UNSPECIFIED. ) ;
#2289 = B_SPLINE_CURVE_WITH_KNOTS ( 'NONE', 3,
 ( #271, #240, #237, #272 ),
 .UNSPECIFIED., .F., .F.,
 ( 4, 4 ),
 ( 0.0000000000000000000, 0.0004629930357487819000 ),
 .UNSPECIFIED. ) ;
#2290 = B_SPLINE_CURVE_WITH_KNOTS ( 'NONE', 3,
 ( #4298, #4282, #4286, #4305 ),
 .UNSPECIFIED., .F., .F.,
 ( 4, 4 ),
 ( 0.0000000000000000000, 0.0003884318914982293100 ),
 .UNSPECIFIED. ) ;
#2291 = B_SPLINE_CURVE_WITH_KNOTS ( 'NONE', 3,
 ( #301, #286, #293, #306, #302, #280, #284, #288, #321, #324 ),
 .UNSPECIFIED., .F., .F.,
 ( 4, 2, 2, 2, 4 ),
 ( 0.001704614569234516000, 0.002129113660161408800, 0.002553612751088301200, 0.002978111842015194000, 0.003402610932942086800 ),
 .UNSPECIFIED. ) ;
#2292 = B_SPLINE_CURVE_WITH_KNOTS ( 'NONE', 3,
 ( #4189, #4184, #4169, #4172 ),
 .UNSPECIFIED., .F., .F.,
 ( 4, 4 ),
 ( 0.0000000000000000000, 0.0004629930357485616900 ),
 .UNSPECIFIED. ) ;
#2293 = B_SPLINE_CURVE_WITH_KNOTS ( 'NONE', 1,
 ( #4302, #4306 ),
 .UNSPECIFIED., .F., .F.,
 ( 2, 2 ),
 ( 0.0000000000000000000, 1.000000000000000000 ),
 .UNSPECIFIED. ) ;
#2294 = B_SPLINE_CURVE_WITH_KNOTS ( 'NONE', 3,
 ( #4475, #4469, #4454, #4462 ),
 .UNSPECIFIED., .F., .F.,
 ( 4, 4 ),
 ( 2.168404344971008900E-019, 0.0004629930357489338500 ),
 .UNSPECIFIED. ) ;
#2295 = B_SPLINE_CURVE_WITH_KNOTS ( 'NONE', 3,
 ( #4004, #3997, #4001, #4002 ),
 .UNSPECIFIED., .F., .F.,
 ( 4, 4 ),
 ( 0.0000000000000000000, 0.0004629930357487823300 ),
 .UNSPECIFIED. ) ;
#2296 = B_SPLINE_CURVE_WITH_KNOTS ( 'NONE', 3,
 ( #292, #320, #322, #317, #283, #291, #279, #318, #325, #277, #285, #275, #278, #307 ),
 .UNSPECIFIED., .F., .F.,
 ( 4, 2, 2, 2, 2, 2, 4 ),
 ( 0.005381926403464701300, 0.006054820221002648300, 0.006727714038540595300, 0.007064160947309570900, 0.007400607856078545700, 0.007737054764847520500, 0.008073501673616496200 ),
 .UNSPECIFIED. ) ;
#2297 = B_SPLINE_CURVE_WITH_KNOTS ( 'NONE', 3,
 ( #4551, #4573, #4574, #4550 ),
 .UNSPECIFIED., .F., .F.,
 ( 4, 4 ),
 ( 0.0000000000000000000, 0.0003884318914982297400 ),
 .UNSPECIFIED. ) ;
#2298 = MANIFOLD_SOLID_BREP ( '����7', #3393 ) ;
#2299 = B_SPLINE_CURVE_WITH_KNOTS ( 'NONE', 3,
 ( #295, #296, #297, #299, #298, #305, #315, #319, #273, #308, #281, #313, #314, #309 ),
 .UNSPECIFIED., .F., .F.,
 ( 4, 2, 2, 2, 2, 2, 4 ),
 ( 0.008073501673616496200, 0.008409635856700164300, 0.008745770039783830700, 0.009081904222867498800, 0.009418038405951166900, 0.01009030677211849800, 0.01076257513828583100 ),
 .UNSPECIFIED. ) ;
#2300 = B_SPLINE_CURVE_WITH_KNOTS ( 'NONE', 3,
 ( #4483, #4487, #4456, #4481 ),
 .UNSPECIFIED., .F., .F.,
 ( 4, 4 ),
 ( 0.0000000000000000000, 0.0003884318914982313100 ),
 .UNSPECIFIED. ) ;
#2301 = B_SPLINE_CURVE_WITH_KNOTS ( 'NONE', 3,
 ( #4524, #4531, #4493, #4501 ),
 .UNSPECIFIED., .F., .F.,
 ( 4, 4 ),
 ( 2.168404344971008900E-019, 0.0004629930357489832900 ),
 .UNSPECIFIED. ) ;
#2302 = B_SPLINE_CURVE_WITH_KNOTS ( 'NONE', 3,
 ( #311, #303, #294, #300, #323, #312, #326, #276, #347, #355, #357, #358, #360, #363, #346, #349, #352, #353 ),
 .UNSPECIFIED., .F., .F.,
 ( 4, 2, 2, 2, 2, 2, 2, 2, 4 ),
 ( 0.002691590791207345100, 0.003027882742739514800, 0.003364174694271684600, 0.003700466645803854300, 0.004036758597336024100, 0.004373050548868193800, 0.004709342500400362700, 0.005045634451932531600, 0.005381926403464701300 ),
 .UNSPECIFIED. ) ;
#2303 = B_SPLINE_CURVE_WITH_KNOTS ( 'NONE', 3,
 ( #4522, #4504, #4518, #4508 ),
 .UNSPECIFIED., .F., .F.,
 ( 4, 4 ),
 ( 0.0000000000000000000, 0.0004629930357489468600 ),
 .UNSPECIFIED. ) ;
#2304 = B_SPLINE_CURVE_WITH_KNOTS ( 'NONE', 3,
 ( #30, #33, #43, #34 ),
 .UNSPECIFIED., .F., .F.,
 ( 4, 4 ),
 ( 7.611068361834778300E-018, 0.0003718693170094101400 ),
 .UNSPECIFIED. ) ;
#2305 = B_SPLINE_CURVE_WITH_KNOTS ( 'NONE', 3,
 ( #1047, #1055, #1036, #1033, #1048, #1062, #1022, #1050, #1039, #1020, #1021, #1041, #1042, #1051, #1043, #1031, #1017, #1044, #1059, #1052, #1045, #1063, #1032, #1049, #1054, #1026, #1035, #1060, #1061, #1024 ),
 .UNSPECIFIED., .F., .F.,
 ( 4, 2, 2, 2, 2, 2, 2, 2, 2, 2, 2, 2, 2, 2, 4 ),
 ( 0.0000000000000000000, 0.0003480883336983488300, 0.0006961766673966976500, 0.001392353334793400300, 0.001740441668491749700, 0.002088530002190099600, 0.002436618335888449200, 0.002784706669586799300, 0.003132795003285149800, 0.003480883336983499400, 0.003828971670681849500, 0.004177060004380200000, 0.004873236671776899300, 0.005221325005475251100, 0.005569413339173603800 ),
 .UNSPECIFIED. ) ;
#2306 = UNCERTAINTY_MEASURE_WITH_UNIT (LENGTH_MEASURE( 1.000000000000000100E-005 ), #5281, 'distance_accuracy_value', 'NONE');
#2307 = B_SPLINE_CURVE_WITH_KNOTS ( 'NONE', 3,
 ( #582, #566, #584, #569 ),
 .UNSPECIFIED., .F., .F.,
 ( 4, 4 ),
 ( 0.0000000000000000000, 0.0003718693170094040100 ),
 .UNSPECIFIED. ) ;
#2308 = B_SPLINE_CURVE_WITH_KNOTS ( 'NONE', 3,
 ( #982, #973, #974, #984 ),
 .UNSPECIFIED., .F., .F.,
 ( 4, 4 ),
 ( 1.166915873571243200E-017, 0.0003718693170094081300 ),
 .UNSPECIFIED. ) ;
#2309 = B_SPLINE_CURVE_WITH_KNOTS ( 'NONE', 3,
 ( #568, #583, #586, #589, #559, #590, #562, #563, #570, #571 ),
 .UNSPECIFIED., .F., .F.,
 ( 4, 2, 2, 2, 4 ),
 ( 0.001704614569234517100, 0.002129113660161410100, 0.002553612751088302900, 0.002978111842015195700, 0.003402610932942089000 ),
 .UNSPECIFIED. ) ;
#2310 = UNCERTAINTY_MEASURE_WITH_UNIT (LENGTH_MEASURE( 1.000000000000000100E-005 ), #5250, 'distance_accuracy_value', 'NONE');
#2311 = UNCERTAINTY_MEASURE_WITH_UNIT (LENGTH_MEASURE( 1.000000000000000100E-005 ), #5345, 'distance_accuracy_value', 'NONE');
#2312 = UNCERTAINTY_MEASURE_WITH_UNIT (LENGTH_MEASURE( 1.000000000000000100E-005 ), #5187, 'distance_accuracy_value', 'NONE');
#2313 = B_SPLINE_CURVE_WITH_KNOTS ( 'NONE', 3,
 ( #480, #449, #485, #487 ),
 .UNSPECIFIED., .F., .F.,
 ( 4, 4 ),
 ( 0.0000000000000000000, 0.0003884318914982390100 ),
 .UNSPECIFIED. ) ;
#2314 = B_SPLINE_CURVE_WITH_KNOTS ( 'NONE', 3,
 ( #977, #993, #980, #1013 ),
 .UNSPECIFIED., .F., .F.,
 ( 4, 4 ),
 ( 0.0000000000000000000, 0.0003718693170094026000 ),
 .UNSPECIFIED. ) ;
#2315 = B_SPLINE_CURVE_WITH_KNOTS ( 'NONE', 3,
 ( #40, #52, #38, #24 ),
 .UNSPECIFIED., .F., .F.,
 ( 4, 4 ),
 ( 3.004629197474318500E-018, 0.0003718693170093749000 ),
 .UNSPECIFIED. ) ;
#2316 = UNCERTAINTY_MEASURE_WITH_UNIT (LENGTH_MEASURE( 1.000000000000000100E-005 ), #1282, 'distance_accuracy_value', 'NONE');
#2317 = UNCERTAINTY_MEASURE_WITH_UNIT (LENGTH_MEASURE( 1.000000000000000100E-005 ), #5228, 'distance_accuracy_value', 'NONE');
#2318 = B_SPLINE_CURVE_WITH_KNOTS ( 'NONE', 3,
 ( #527, #529, #533, #537 ),
 .UNSPECIFIED., .F., .F.,
 ( 4, 4 ),
 ( 0.0000000000000000000, 0.0004629930357485656000 ),
 .UNSPECIFIED. ) ;
#2319 = B_SPLINE_CURVE_WITH_KNOTS ( 'NONE', 3,
 ( #617, #618, #653, #678, #684, #650, #656, #647, #652, #667 ),
 .UNSPECIFIED., .F., .F.,
 ( 4, 2, 2, 2, 4 ),
 ( 0.001704614569234522900, 0.002129113660161418800, 0.002553612751088314200, 0.002978111842015210000, 0.003402610932942105900 ),
 .UNSPECIFIED. ) ;
#2320 = B_SPLINE_CURVE_WITH_KNOTS ( 'NONE', 3,
 ( #697, #699, #708, #702, #709, #712, #710, #722, #730, #733, #698, #719, #701, #734 ),
 .UNSPECIFIED., .F., .F.,
 ( 4, 2, 2, 2, 2, 2, 4 ),
 ( 0.008073501673616496200, 0.008409635856700164300, 0.008745770039783830700, 0.009081904222867498800, 0.009418038405951166900, 0.01009030677211849800, 0.01076257513828583100 ),
 .UNSPECIFIED. ) ;
#2321 = B_SPLINE_CURVE_WITH_KNOTS ( 'NONE', 3,
 ( #771, #777, #753, #746, #757, #778, #780, #781, #748, #758, #744, #737, #738, #742, #759, #741, #747, #749, #760, #761, #763, #764, #808, #805, #817, #782 ),
 .UNSPECIFIED., .F., .F.,
 ( 4, 2, 2, 2, 2, 2, 2, 2, 2, 2, 2, 2, 4 ),
 ( 0.005381926403464703000, 0.006054507495317343300, 0.006727088587169982800, 0.007063379133096302900, 0.007399669679022623100, 0.007735960224948943200, 0.008072250770875262500, 0.008408541316801583500, 0.008744831862727904500, 0.009081122408654223800, 0.009417412954580543100, 0.01008999404643318900, 0.01076257513828583200 ),
 .UNSPECIFIED. ) ;
#2322 = B_SPLINE_CURVE_WITH_KNOTS ( 'NONE', 3,
 ( #713, #715, #796, #784, #825 ),
 .UNSPECIFIED., .F., .F.,
 ( 4, 1, 4 ),
 ( 0.5000000000000000000, 0.5000895278742491000, 0.5001790557484981900 ),
 .UNSPECIFIED. ) ;
#2323 = UNCERTAINTY_MEASURE_WITH_UNIT (LENGTH_MEASURE( 1.000000000000000100E-005 ), #5322, 'distance_accuracy_value', 'NONE');
#2324 = B_SPLINE_CURVE_WITH_KNOTS ( 'NONE', 3,
 ( #804, #807, #809, #816, #813, #783, #797, #821, #798, #818, #810, #814, #785, #826, #795, #786, #787, #799, #828, #791, #812, #788, #790, #819, #820, #792, #822, #800 ),
 .UNSPECIFIED., .F., .F.,
 ( 4, 2, 2, 2, 2, 2, 2, 2, 2, 2, 2, 2, 2, 4 ),
 ( 0.0000000000000000000, 0.06250000000000009700, 0.1250000000000002200, 0.1562500000000002800, 0.1875000000000003300, 0.2187500000000003300, 0.2500000000000003300, 0.3125000000000003900, 0.3437500000000003300, 0.3750000000000002200, 0.4062500000000001700, 0.4375000000000001100, 0.4687500000000000600, 0.5000000000000000000 ),
 .UNSPECIFIED. ) ;
#2325 = B_SPLINE_CURVE_WITH_KNOTS ( 'NONE', 3,
 ( #503, #543, #516, #504 ),
 .UNSPECIFIED., .F., .F.,
 ( 4, 4 ),
 ( 0.0000000000000000000, 0.0003884318914982413400 ),
 .UNSPECIFIED. ) ;
#2326 = B_SPLINE_CURVE_WITH_KNOTS ( 'NONE', 3,
 ( #789, #793, #794, #803, #865, #867, #859, #843, #837, #847 ),
 .UNSPECIFIED., .F., .F.,
 ( 4, 2, 2, 2, 4 ),
 ( 6.133173666733496700E-019, 0.0004261536423086294300, 0.0008523072846172583200, 0.001278460926925887100, 0.001704614569234516000 ),
 .UNSPECIFIED. ) ;
#2327 = B_SPLINE_CURVE_WITH_KNOTS ( 'NONE', 3,
 ( #696, #706, #723, #735, #754, #762, #755, #765, #770, #773, #779, #766, #743, #768, #769, #767, #750, #745, #756, #774, #775, #751, #740, #739, #752, #776 ),
 .UNSPECIFIED., .F., .F.,
 ( 4, 2, 2, 2, 2, 2, 2, 2, 2, 2, 2, 2, 4 ),
 ( 0.005569413339173603800, 0.005917023721900311700, 0.006264634104627019500, 0.006612244487353727400, 0.006959854870080434500, 0.007307465252807142400, 0.007655075635533850300, 0.008350296400987264300, 0.008697906783713970500, 0.009045517166440676700, 0.009740737931894092500, 0.01043595869734750800, 0.01113117946280092200 ),
 .UNSPECIFIED. ) ;
#2328 = B_SPLINE_CURVE_WITH_KNOTS ( 'NONE', 3,
 ( #903, #922, #938, #969, #942, #963, #937, #967, #945, #964, #934, #946, #971, #960 ),
 .UNSPECIFIED., .F., .F.,
 ( 4, 2, 2, 2, 2, 2, 4 ),
 ( 0.005381926403464701300, 0.006054820221002648300, 0.006727714038540595300, 0.007064160947309570900, 0.007400607856078545700, 0.007737054764847520500, 0.008073501673616496200 ),
 .UNSPECIFIED. ) ;
#2329 = ADVANCED_BREP_SHAPE_REPRESENTATION ( '', ( #2281, #2973 ), #2969 ) ;
#2330 = B_SPLINE_CURVE_WITH_KNOTS ( 'NONE', 3,
 ( #11, #13, #47, #37, #44, #36, #39, #41, #45, #49 ),
 .UNSPECIFIED., .F., .F.,
 ( 4, 2, 2, 2, 4 ),
 ( 0.001704614569234517700, 0.002129113660161411000, 0.002553612751088303800, 0.002978111842015197000, 0.003402610932942090300 ),
 .UNSPECIFIED. ) ;
#2331 = B_SPLINE_CURVE_WITH_KNOTS ( 'NONE', 3,
 ( #628, #644, #604, #634, #623, #601, #602, #624, #625, #635, #626, #615, #599, #630, #642, #636, #631, #622 ),
 .UNSPECIFIED., .F., .F.,
 ( 4, 2, 2, 2, 2, 2, 2, 2, 4 ),
 ( 0.002691590791207345100, 0.003027882742739514800, 0.003364174694271684600, 0.003700466645803854300, 0.004036758597336024100, 0.004373050548868193800, 0.004709342500400362700, 0.005045634451932531600, 0.005381926403464701300 ),
 .UNSPECIFIED. ) ;
#2332 = B_SPLINE_CURVE_WITH_KNOTS ( 'NONE', 3,
 ( #901, #905, #881, #917, #883, #896, #897, #906, #913, #914 ),
 .UNSPECIFIED., .F., .F.,
 ( 4, 2, 2, 2, 4 ),
 ( 2.335442953235084600E-018, 0.0004261536423086310000, 0.0008523072846172597300, 0.001278460926925888400, 0.001704614569234517100 ),
 .UNSPECIFIED. ) ;
#2333 = UNCERTAINTY_MEASURE_WITH_UNIT (LENGTH_MEASURE( 1.000000000000000100E-005 ), #5233, 'distance_accuracy_value', 'NONE');
#2334 = ADVANCED_BREP_SHAPE_REPRESENTATION ( '', ( #2298, #2973 ), #2972 ) ;
#2335 = UNCERTAINTY_MEASURE_WITH_UNIT (LENGTH_MEASURE( 1.000000000000000100E-005 ), #5325, 'distance_accuracy_value', 'NONE');
#2336 = B_SPLINE_CURVE_WITH_KNOTS ( 'NONE', 1,
 ( #329, #444 ),
 .UNSPECIFIED., .F., .F.,
 ( 2, 2 ),
 ( 0.0000000000000000000, 1.000000000000000000 ),
 .UNSPECIFIED. ) ;
#2337 = B_SPLINE_CURVE_WITH_KNOTS ( 'NONE', 3,
 ( #574, #575, #578, #579 ),
 .UNSPECIFIED., .F., .F.,
 ( 4, 4 ),
 ( 0.0000000000000000000, 0.0003884318914982320700 ),
 .UNSPECIFIED. ) ;
#2338 = B_SPLINE_CURVE_WITH_KNOTS ( 'NONE', 3,
 ( #989, #1011, #998, #976 ),
 .UNSPECIFIED., .F., .F.,
 ( 4, 4 ),
 ( 0.0000000000000000000, 0.0003718693170093776100 ),
 .UNSPECIFIED. ) ;
#2339 = B_SPLINE_CURVE_WITH_KNOTS ( 'NONE', 3,
 ( #875, #858, #857, #868, #854, #834, #845, #869, #864, #846, #870, #831, #833, #835, #840, #842, #888, #925, #911, #889, #923, #899, #921, #926, #885, #916, #907, #890, #912, #884 ),
 .UNSPECIFIED., .F., .F.,
 ( 4, 2, 2, 2, 2, 2, 2, 2, 2, 2, 2, 2, 2, 2, 4 ),
 ( 0.0000000000000000000, 0.0003363704002165425800, 0.0006727408004330851700, 0.001009111200649627800, 0.001345481600866170300, 0.002018222401299259100, 0.002690963201732348000, 0.003027333601948892300, 0.003363704002165436600, 0.003700074402381980800, 0.004036444802598525100, 0.004372815202815069800, 0.004709185603031613600, 0.005045556003248158300, 0.005381926403464703000 ),
 .UNSPECIFIED. ) ;
#2340 = B_SPLINE_CURVE_WITH_KNOTS ( 'NONE', 3,
 ( #641, #598, #600, #603, #606, #629, #608, #609, #614, #610, #611, #612, #613, #616 ),
 .UNSPECIFIED., .F., .F.,
 ( 4, 2, 2, 2, 2, 2, 4 ),
 ( 0.0000000000000000000, 0.0003364488489009181400, 0.0006728976978018362700, 0.001009346546702754400, 0.001345795395603672500, 0.002018693093405508800, 0.002691590791207345100 ),
 .UNSPECIFIED. ) ;
#2341 = B_SPLINE_CURVE_WITH_KNOTS ( 'NONE', 3,
 ( #518, #525, #535, #522, #523, #542, #508, #509, #511, #510, #591, #594, #544, #551, #565, #581, #587, #588, #592, #593, #577, #596, #585, #580, #547, #545 ),
 .UNSPECIFIED., .F., .F.,
 ( 4, 2, 2, 2, 2, 2, 2, 2, 2, 2, 2, 2, 4 ),
 ( 0.005569413339173605500, 0.005917023721900313400, 0.006264634104627020400, 0.006612244487353728300, 0.006959854870080436200, 0.007307465252807144100, 0.007655075635533852000, 0.008350296400987266100, 0.008697906783713974000, 0.009045517166440680100, 0.009740737931894095900, 0.01043595869734751200, 0.01113117946280092800 ),
 .UNSPECIFIED. ) ;
#2342 = B_SPLINE_CURVE_WITH_KNOTS ( 'NONE', 3,
 ( #679, #681, #648, #649 ),
 .UNSPECIFIED., .F., .F.,
 ( 4, 4 ),
 ( 2.283320508550433600E-017, 0.0003718693170093805400 ),
 .UNSPECIFIED. ) ;
#2343 = B_SPLINE_CURVE_WITH_KNOTS ( 'NONE', 3,
 ( #729, #725, #691, #687, #705, #693, #714, #700, #688, #689 ),
 .UNSPECIFIED., .F., .F.,
 ( 4, 2, 2, 2, 4 ),
 ( 0.0000000000000000000, 0.0004261536423086292700, 0.0008523072846172585400, 0.001278460926925888200, 0.001704614569234517700 ),
 .UNSPECIFIED. ) ;
#2344 = ADVANCED_BREP_SHAPE_REPRESENTATION ( '', ( #2279, #2973 ), #2983 ) ;
#2345 = B_SPLINE_CURVE_WITH_KNOTS ( 'NONE', 3,
 ( #985, #1010, #991, #1008 ),
 .UNSPECIFIED., .F., .F.,
 ( 4, 4 ),
 ( 0.0000000000000000000, 0.0003718693170093791800 ),
 .UNSPECIFIED. ) ;
#2346 = B_SPLINE_CURVE_WITH_KNOTS ( 'NONE', 3,
 ( #361, #364, #367, #336, #368, #340, #369, #374, #332, #327, #338, #371, #330, #372, #373, #375, #333, #334, #376, #377, #335, #337, #339, #342, #343, #430, #380, #390, #391, #387, #441, #407, #413, #424, #414, #388, #408, #437, #420, #394, #389, #392, #402, #396, #400, #409, #401, #418, #429, #433, #439, #417, #393, #426, #428, #419, #395, #397, #403, #434, #435, #398, #382, #381, #399, #436, #404, #411, #405, #421, #385, #422, #406, #431, #423, #438, #410, #412, #425, #440, #415, #427, #432, #383, #384, #386, #416, #476, #457, #458, #475, #491, #443, #459, #448, #497, #463, #474, #472, #460, #464, #492, #477, #456, #451, #461, #493, #462, #496, #467, #489, #465, #494, #470, #490, #455, #471, #498, #486, #481, #445, #484, #478, #466, #479 ),
 .UNSPECIFIED., .F., .F.,
 ( 4, 2, 2, 2, 2, 1, 2, 2, 2, 1, 1, 2, 2, 2, 1, 2, 2, 2, 2, 2, 1, 2, 2, 2, 1, 2, 2, 2, 1, 2, 2, 2, 2, 2, 2, 2, 2, 2, 2, 1, 2, 2, 2, 1, 1, 2, 2, 2, 1, 1, 2, 2, 2, 2, 2, 1, 2, 2, 2, 1, 2, 2, 2, 1, 2, 2, 2, 2, 2, 4 ),
 ( 0.5001790557484981900, 0.5157984602563549000, 0.5236081625102831900, 0.5314178647642114900, 0.5470372692720681900, 0.5548469715259968200, 0.5587518226529610800, 0.5626566737799253400, 0.5782760782877818300, 0.5860857805417101200, 0.5899906316686742700, 0.5919430572321563400, 0.5938954827956384200, 0.6017051850495678300, 0.6056100361765325300, 0.6075624617400148300, 0.6095148873034972300, 0.6173245895574265300, 0.6251342918113559400, 0.6329439940652852300, 0.6368488451922501600, 0.6388012707557327900, 0.6407536963192154200, 0.6485633985731456000, 0.6524682497001104100, 0.6544206752635928200, 0.6563731008270751200, 0.6719925053349331500, 0.6798022075888622300, 0.6837070587158267100, 0.6876119098427913000, 0.7032313143506496700, 0.7110410166045788600, 0.7188507188585080400, 0.7500895278742247800, 0.7657089323820831500, 0.7735186346360123400, 0.7813283368899415200, 0.7969477413978000000, 0.8047574436517291900, 0.8086622947786936700, 0.8125671459056582600, 0.8281865504135164100, 0.8359962526674453700, 0.8399011037944099600, 0.8418535293578921500, 0.8438059549213744500, 0.8516156571753035200, 0.8555205083022678900, 0.8574729338657503000, 0.8584491466474912800, 0.8594253594292323700, 0.8750447639370933000, 0.8828544661910238100, 0.8867593173179887400, 0.8887117428814714800, 0.8896879556632127900, 0.8906641684449541100, 0.8984738706988872900, 0.9023787218258537700, 0.9043311473893369500, 0.9062835729528200300, 0.9219029774606832800, 0.9297126797146149100, 0.9336175308415810600, 0.9375223819685472000, 0.9531417864764109000, 0.9609514887303424200, 0.9687611909842740500, 1.000000000000000000 ),
 .UNSPECIFIED. ) ;
#2347 = EDGE_CURVE ( 'NONE', #4805, #4846, #3549, .T. ) ;
#2348 = EDGE_CURVE ( 'NONE', #4713, #4767, #3578, .T. ) ;
#2349 = EDGE_CURVE ( 'NONE', #4758, #4769, #3584, .T. ) ;
#2350 = EDGE_CURVE ( 'NONE', #4811, #4844, #3551, .T. ) ;
#2351 = EDGE_CURVE ( 'NONE', #4756, #4714, #3574, .T. ) ;
#2352 = EDGE_CURVE ( 'NONE', #4767, #4717, #3600, .T. ) ;
#2353 = EDGE_CURVE ( 'NONE', #4850, #4856, #3585, .T. ) ;
#2354 = EDGE_CURVE ( 'NONE', #4814, #4818, #3577, .T. ) ;
#2355 = EDGE_CURVE ( 'NONE', #4744, #4753, #3564, .T. ) ;
#2356 = EDGE_CURVE ( 'NONE', #4713, #4757, #2278, .T. ) ;
#2357 = EDGE_CURVE ( 'NONE', #4809, #4812, #3586, .T. ) ;
#2358 = EDGE_CURVE ( 'NONE', #4728, #4724, #3599, .T. ) ;
#2359 = EDGE_CURVE ( 'NONE', #4817, #4859, #3591, .T. ) ;
#2360 = EDGE_CURVE ( 'NONE', #4815, #4767, #3587, .T. ) ;
#2361 = EDGE_CURVE ( 'NONE', #4811, #4819, #3556, .T. ) ;
#2362 = EDGE_CURVE ( 'NONE', #4783, #4769, #3544, .T. ) ;
#2363 = EDGE_CURVE ( 'NONE', #4726, #4732, #3547, .T. ) ;
#2364 = EDGE_CURVE ( 'NONE', #4720, #4750, #3579, .T. ) ;
#2365 = EDGE_CURVE ( 'NONE', #4805, #4807, #3601, .T. ) ;
#2366 = EDGE_CURVE ( 'NONE', #4758, #4731, #3590, .T. ) ;
#2367 = EDGE_CURVE ( 'NONE', #4714, #4778, #3558, .T. ) ;
#2368 = EDGE_CURVE ( 'NONE', #4758, #4764, #3575, .T. ) ;
#2369 = EDGE_CURVE ( 'NONE', #4819, #4854, #3580, .T. ) ;
#2370 = EDGE_CURVE ( 'NONE', #4764, #4783, #3557, .T. ) ;
#2371 = EDGE_CURVE ( 'NONE', #4817, #4850, #3567, .T. ) ;
#2372 = EDGE_CURVE ( 'NONE', #4806, #4813, #3576, .T. ) ;
#2373 = EDGE_CURVE ( 'NONE', #4764, #4723, #3545, .T. ) ;
#2374 = EDGE_CURVE ( 'NONE', #4769, #4783, #3548, .T. ) ;
#2375 = EDGE_CURVE ( 'NONE', #4778, #4726, #3583, .T. ) ;
#2376 = EDGE_CURVE ( 'NONE', #4800, #4771, #3560, .T. ) ;
#2377 = EDGE_CURVE ( 'NONE', #4779, #4800, #3561, .T. ) ;
#2378 = EDGE_CURVE ( 'NONE', #4730, #4779, #3602, .T. ) ;
#2379 = EDGE_CURVE ( 'NONE', #4746, #4743, #3573, .T. ) ;
#2380 = EDGE_CURVE ( 'NONE', #4749, #4775, #3582, .T. ) ;
#2381 = EDGE_CURVE ( 'NONE', #4810, #4816, #3568, .T. ) ;
#2382 = EDGE_CURVE ( 'NONE', #4753, #4720, #3562, .T. ) ;
#2383 = EDGE_CURVE ( 'NONE', #4803, #4800, #3563, .T. ) ;
#2384 = EDGE_CURVE ( 'NONE', #4802, #4728, #3592, .T. ) ;
#2385 = EDGE_CURVE ( 'NONE', #4806, #4809, #3569, .T. ) ;
#2386 = EDGE_CURVE ( 'NONE', #4724, #4773, #3546, .T. ) ;
#2387 = EDGE_CURVE ( 'NONE', #4813, #4812, #3565, .T. ) ;
#2388 = EDGE_CURVE ( 'NONE', #4807, #4848, #3559, .T. ) ;
#2389 = EDGE_CURVE ( 'NONE', #4718, #4742, #3595, .T. ) ;
#2390 = EDGE_CURVE ( 'NONE', #4794, #4815, #3594, .T. ) ;
#2391 = EDGE_CURVE ( 'NONE', #4733, #4788, #3597, .T. ) ;
#2392 = EDGE_CURVE ( 'NONE', #4815, #4757, #3610, .T. ) ;
#2393 = EDGE_CURVE ( 'NONE', #4814, #4816, #3603, .T. ) ;
#2394 = EDGE_CURVE ( 'NONE', #4751, #4768, #3623, .T. ) ;
#2395 = EDGE_CURVE ( 'NONE', #4844, #4854, #3628, .T. ) ;
#2396 = EDGE_CURVE ( 'NONE', #4859, #4856, #3644, .T. ) ;
#2397 = EDGE_CURVE ( 'NONE', #4818, #4810, #3616, .T. ) ;
#2398 = EDGE_CURVE ( 'NONE', #4748, #4796, #3646, .T. ) ;
#2399 = EDGE_CURVE ( 'NONE', #4816, #4810, #3611, .T. ) ;
#2400 = EDGE_CURVE ( 'NONE', #4742, #4754, #3629, .T. ) ;
#2401 = EDGE_CURVE ( 'NONE', #4762, #4728, #2292, .T. ) ;
#2402 = EDGE_CURVE ( 'NONE', #4774, #4715, #3636, .T. ) ;
#2403 = EDGE_CURVE ( 'NONE', #4796, #4755, #3620, .T. ) ;
#2404 = EDGE_CURVE ( 'NONE', #4848, #4846, #3653, .T. ) ;
#2405 = EDGE_CURVE ( 'NONE', #4727, #4766, #3639, .T. ) ;
#2406 = EDGE_CURVE ( 'NONE', #4779, #4774, #3626, .T. ) ;
#2407 = EDGE_CURVE ( 'NONE', #4721, #4751, #3631, .T. ) ;
#2408 = EDGE_CURVE ( 'NONE', #4818, #4734, #3630, .T. ) ;
#2409 = EDGE_CURVE ( 'NONE', #4762, #4808, #3632, .T. ) ;
#2410 = EDGE_CURVE ( 'NONE', #4846, #4848, #3613, .T. ) ;
#2411 = EDGE_CURVE ( 'NONE', #4731, #4723, #3625, .T. ) ;
#2412 = EDGE_CURVE ( 'NONE', #4739, #4724, #3617, .T. ) ;
#2413 = EDGE_CURVE ( 'NONE', #4754, #4737, #3618, .T. ) ;
#2414 = EDGE_CURVE ( 'NONE', #4717, #4740, #3638, .T. ) ;
#2415 = EDGE_CURVE ( 'NONE', #4715, #4719, #3605, .T. ) ;
#2416 = EDGE_CURVE ( 'NONE', #4722, #4766, #3649, .T. ) ;
#2417 = EDGE_CURVE ( 'NONE', #4788, #4721, #3621, .T. ) ;
#2418 = EDGE_CURVE ( 'NONE', #4738, #4781, #3606, .T. ) ;
#2419 = EDGE_CURVE ( 'NONE', #4768, #4729, #3615, .T. ) ;
#2420 = EDGE_CURVE ( 'NONE', #4739, #4762, #3619, .T. ) ;
#2421 = EDGE_CURVE ( 'NONE', #4745, #4744, #3607, .T. ) ;
#2422 = EDGE_CURVE ( 'NONE', #4808, #4748, #3642, .T. ) ;
#2423 = EDGE_CURVE ( 'NONE', #4814, #4725, #3640, .T. ) ;
#2424 = EDGE_CURVE ( 'NONE', #4774, #4803, #3633, .T. ) ;
#2425 = EDGE_CURVE ( 'NONE', #4737, #4733, #3650, .T. ) ;
#2426 = EDGE_CURVE ( 'NONE', #4771, #4746, #3643, .T. ) ;
#2427 = EDGE_CURVE ( 'NONE', #4735, #4730, #3645, .T. ) ;
#2428 = EDGE_CURVE ( 'NONE', #4854, #4819, #3651, .T. ) ;
#2429 = EDGE_CURVE ( 'NONE', #4713, #4740, #3622, .T. ) ;
#2430 = EDGE_CURVE ( 'NONE', #4734, #4725, #3652, .T. ) ;
#2431 = EDGE_CURVE ( 'NONE', #4750, #4752, #3655, .T. ) ;
#2432 = EDGE_CURVE ( 'NONE', #4755, #4745, #3635, .T. ) ;
#2433 = EDGE_CURVE ( 'NONE', #4727, #4716, #3657, .T. ) ;
#2434 = EDGE_CURVE ( 'NONE', #4719, #4803, #3656, .T. ) ;
#2435 = EDGE_CURVE ( 'NONE', #4752, #4756, #3604, .T. ) ;
#2436 = EDGE_CURVE ( 'NONE', #4788, #4738, #2261, .T. ) ;
#2437 = EDGE_CURVE ( 'NONE', #4809, #4806, #3697, .T. ) ;
#2438 = EDGE_CURVE ( 'NONE', #4745, #4803, #2264, .T. ) ;
#2439 = EDGE_CURVE ( 'NONE', #4733, #4797, #2263, .T. ) ;
#2440 = EDGE_CURVE ( 'NONE', #4751, #4761, #2260, .T. ) ;
#2441 = EDGE_CURVE ( 'NONE', #4763, #4785, #2293, .T. ) ;
#2442 = EDGE_CURVE ( 'NONE', #4770, #4802, #3608, .T. ) ;
#2443 = EDGE_CURVE ( 'NONE', #4732, #4739, #3691, .T. ) ;
#2444 = EDGE_CURVE ( 'NONE', #4742, #4759, #2290, .T. ) ;
#2445 = EDGE_CURVE ( 'NONE', #4759, #4743, #3685, .T. ) ;
#2446 = EDGE_CURVE ( 'NONE', #4773, #4747, #3659, .T. ) ;
#2447 = EDGE_CURVE ( 'NONE', #4792, #4785, #2262, .T. ) ;
#2448 = EDGE_CURVE ( 'NONE', #4802, #4759, #3689, .T. ) ;
#2449 = EDGE_CURVE ( 'NONE', #4797, #4747, #3690, .T. ) ;
#2450 = EDGE_CURVE ( 'NONE', #4773, #4732, #2267, .T. ) ;
#2451 = EDGE_CURVE ( 'NONE', #4747, #4781, #3658, .T. ) ;
#2452 = EDGE_CURVE ( 'NONE', #4715, #4749, #2268, .T. ) ;
#2453 = EDGE_CURVE ( 'NONE', #4770, #4773, #3660, .T. ) ;
#2454 = EDGE_CURVE ( 'NONE', #4716, #4768, #2300, .T. ) ;
#2455 = EDGE_CURVE ( 'NONE', #4807, #4805, #3681, .T. ) ;
#2456 = EDGE_CURVE ( 'NONE', #4797, #4770, #3694, .T. ) ;
#2457 = EDGE_CURVE ( 'NONE', #4730, #4741, #2294, .T. ) ;
#2458 = EDGE_CURVE ( 'NONE', #4759, #4735, #3693, .T. ) ;
#2459 = EDGE_CURVE ( 'NONE', #4763, #4798, #2271, .T. ) ;
#2460 = EDGE_CURVE ( 'NONE', #4777, #4794, #2301, .T. ) ;
#2461 = EDGE_CURVE ( 'NONE', #4777, #4727, #3661, .T. ) ;
#2462 = EDGE_CURVE ( 'NONE', #4767, #4777, #3703, .T. ) ;
#2463 = EDGE_CURVE ( 'NONE', #4761, #4793, #3682, .T. ) ;
#2464 = EDGE_CURVE ( 'NONE', #4765, #4714, #2303, .T. ) ;
#2465 = EDGE_CURVE ( 'NONE', #4766, #4750, #2280, .T. ) ;
#2466 = EDGE_CURVE ( 'NONE', #4754, #4802, #2265, .T. ) ;
#2467 = EDGE_CURVE ( 'NONE', #4737, #4770, #2269, .T. ) ;
#2468 = EDGE_CURVE ( 'NONE', #4844, #4811, #3677, .T. ) ;
#2469 = EDGE_CURVE ( 'NONE', #4718, #4735, #2297, .T. ) ;
#2470 = EDGE_CURVE ( 'NONE', #4721, #4793, #2282, .T. ) ;
#2471 = EDGE_CURVE ( 'NONE', #4744, #4719, #2283, .T. ) ;
#2472 = EDGE_CURVE ( 'NONE', #4777, #4782, #3704, .T. ) ;
#2473 = EDGE_CURVE ( 'NONE', #4856, #4859, #3680, .T. ) ;
#2474 = EDGE_CURVE ( 'NONE', #4735, #4746, #3671, .T. ) ;
#2475 = EDGE_CURVE ( 'NONE', #4741, #4718, #3705, .T. ) ;
#2476 = EDGE_CURVE ( 'NONE', #4772, #4756, #2272, .T. ) ;
#2477 = EDGE_CURVE ( 'NONE', #4765, #4772, #3673, .T. ) ;
#2478 = EDGE_CURVE ( 'NONE', #4723, #4731, #3676, .T. ) ;
#2479 = EDGE_CURVE ( 'NONE', #4779, #4736, #2273, .T. ) ;
#2480 = EDGE_CURVE ( 'NONE', #4793, #4765, #3698, .T. ) ;
#2481 = EDGE_CURVE ( 'NONE', #4727, #4729, #2274, .T. ) ;
#2482 = EDGE_CURVE ( 'NONE', #4781, #4778, #2275, .T. ) ;
#2483 = EDGE_CURVE ( 'NONE', #4736, #4741, #3684, .T. ) ;
#2484 = EDGE_CURVE ( 'NONE', #4766, #4782, #3664, .T. ) ;
#2485 = EDGE_CURVE ( 'NONE', #4775, #4736, #3679, .T. ) ;
#2486 = EDGE_CURVE ( 'NONE', #4729, #4794, #3686, .T. ) ;
#2487 = EDGE_CURVE ( 'NONE', #4757, #4749, #3674, .T. ) ;
#2488 = EDGE_CURVE ( 'NONE', #4715, #4713, #3665, .T. ) ;
#2489 = EDGE_CURVE ( 'NONE', #4808, #4743, #2276, .T. ) ;
#2490 = EDGE_CURVE ( 'NONE', #4730, #4771, #3700, .T. ) ;
#2491 = EDGE_CURVE ( 'NONE', #4738, #4797, #3663, .T. ) ;
#2492 = EDGE_CURVE ( 'NONE', #4716, #4722, #3695, .T. ) ;
#2493 = EDGE_CURVE ( 'NONE', #4747, #4726, #2277, .T. ) ;
#2494 = EDGE_CURVE ( 'NONE', #4850, #4817, #3699, .T. ) ;
#2495 = EDGE_CURVE ( 'NONE', #4812, #4813, #3696, .T. ) ;
#2496 = EDGE_CURVE ( 'NONE', #4725, #4734, #3667, .T. ) ;
#2497 = EDGE_CURVE ( 'NONE', #4866, #4881, #2285, .T. ) ;
#2498 = EDGE_CURVE ( 'NONE', #4832, #4822, #3670, .T. ) ;
#2499 = EDGE_CURVE ( 'NONE', #4801, #4760, #3688, .T. ) ;
#2500 = EDGE_CURVE ( 'NONE', #4760, #4789, #2286, .T. ) ;
#2501 = EDGE_CURVE ( 'NONE', #4853, #4847, #3702, .T. ) ;
#2502 = EDGE_CURVE ( 'NONE', #4782, #4720, #2295, .T. ) ;
#2503 = EDGE_CURVE ( 'NONE', #4905, #4832, #3668, .T. ) ;
#2504 = EDGE_CURVE ( 'NONE', #4784, #4801, #2287, .T. ) ;
#2505 = EDGE_CURVE ( 'NONE', #4823, #4849, #3727, .T. ) ;
#2506 = EDGE_CURVE ( 'NONE', #4849, #4825, #3757, .T. ) ;
#2507 = EDGE_CURVE ( 'NONE', #4839, #4831, #3752, .T. ) ;
#2508 = EDGE_CURVE ( 'NONE', #4857, #4851, #3745, .T. ) ;
#2509 = EDGE_CURVE ( 'NONE', #4831, #4909, #3765, .T. ) ;
#2510 = EDGE_CURVE ( 'NONE', #4776, #4790, #3758, .T. ) ;
#2511 = EDGE_CURVE ( 'NONE', #4909, #4832, #3714, .T. ) ;
#2512 = EDGE_CURVE ( 'NONE', #4782, #4717, #3754, .T. ) ;
#2513 = EDGE_CURVE ( 'NONE', #4898, #4883, #3750, .T. ) ;
#2514 = EDGE_CURVE ( 'NONE', #4786, #4795, #3746, .T. ) ;
#2515 = EDGE_CURVE ( 'NONE', #4847, #4872, #3734, .T. ) ;
#2516 = EDGE_CURVE ( 'NONE', #4753, #4740, #2288, .T. ) ;
#2517 = EDGE_CURVE ( 'NONE', #4860, #4880, #3755, .T. ) ;
#2518 = EDGE_CURVE ( 'NONE', #4920, #4820, #3715, .T. ) ;
#2519 = EDGE_CURVE ( 'NONE', #4796, #4771, #2289, .T. ) ;
#2520 = EDGE_CURVE ( 'NONE', #4804, #4791, #3741, .T. ) ;
#2521 = EDGE_CURVE ( 'NONE', #4786, #4799, #2291, .T. ) ;
#2522 = EDGE_CURVE ( 'NONE', #4795, #4858, #2296, .T. ) ;
#2523 = EDGE_CURVE ( 'NONE', #4787, #4776, #3749, .T. ) ;
#2524 = EDGE_CURVE ( 'NONE', #4858, #4760, #2299, .T. ) ;
#2525 = EDGE_CURVE ( 'NONE', #4852, #4898, #3713, .T. ) ;
#2526 = EDGE_CURVE ( 'NONE', #4789, #4795, #2302, .T. ) ;
#2527 = EDGE_CURVE ( 'NONE', #4761, #4772, #3760, .T. ) ;
#2528 = EDGE_CURVE ( 'NONE', #4740, #4719, #3751, .T. ) ;
#2529 = EDGE_CURVE ( 'NONE', #4920, #4860, #3761, .T. ) ;
#2530 = EDGE_CURVE ( 'NONE', #4905, #4823, #3710, .T. ) ;
#2531 = EDGE_CURVE ( 'NONE', #4780, #4790, #3732, .T. ) ;
#2532 = EDGE_CURVE ( 'NONE', #4764, #4758, #3736, .T. ) ;
#2533 = EDGE_CURVE ( 'NONE', #4879, #4792, #2346, .T. ) ;
#2534 = EDGE_CURVE ( 'NONE', #4722, #4752, #2313, .T. ) ;
#2535 = EDGE_CURVE ( 'NONE', #4781, #4765, #3753, .T. ) ;
#2536 = EDGE_CURVE ( 'NONE', #4793, #4738, #3723, .T. ) ;
#2537 = EDGE_CURVE ( 'NONE', #4799, #4804, #3756, .T. ) ;
#2538 = EDGE_CURVE ( 'NONE', #4898, #4784, #3737, .T. ) ;
#2539 = EDGE_CURVE ( 'NONE', #4798, #4792, #2336, .T. ) ;
#2540 = EDGE_CURVE ( 'NONE', #4883, #4903, #3718, .T. ) ;
#2541 = EDGE_CURVE ( 'NONE', #4748, #4746, #2325, .T. ) ;
#2542 = EDGE_CURVE ( 'NONE', #4789, #4909, #3763, .T. ) ;
#2543 = EDGE_CURVE ( 'NONE', #4820, #4851, #3733, .T. ) ;
#2544 = EDGE_CURVE ( 'NONE', #4755, #4800, #2318, .T. ) ;
#2545 = EDGE_CURVE ( 'NONE', #4866, #4792, #3762, .T. ) ;
#2546 = EDGE_CURVE ( 'NONE', #4772, #4722, #3711, .T. ) ;
#2547 = EDGE_CURVE ( 'NONE', #4743, #4728, #3708, .T. ) ;
#2548 = EDGE_CURVE ( 'NONE', #4883, #4799, #3738, .T. ) ;
#2549 = EDGE_CURVE ( 'NONE', #4776, #4787, #3707, .T. ) ;
#2550 = EDGE_CURVE ( 'NONE', #4881, #4879, #3717, .T. ) ;
#2551 = EDGE_CURVE ( 'NONE', #4818, #4814, #3725, .T. ) ;
#2552 = EDGE_CURVE ( 'NONE', #4716, #4761, #3726, .T. ) ;
#2553 = EDGE_CURVE ( 'NONE', #4881, #4866, #2341, .T. ) ;
#2554 = EDGE_CURVE ( 'NONE', #4774, #4775, #2337, .T. ) ;
#2555 = EDGE_CURVE ( 'NONE', #4872, #4831, #3728, .T. ) ;
#2556 = EDGE_CURVE ( 'NONE', #4780, #4825, #3724, .T. ) ;
#2557 = EDGE_CURVE ( 'NONE', #4834, #4828, #2307, .T. ) ;
#2558 = EDGE_CURVE ( 'NONE', #4837, #4841, #3729, .T. ) ;
#2559 = EDGE_CURVE ( 'NONE', #4904, #4911, #3722, .T. ) ;
#2560 = EDGE_CURVE ( 'NONE', #4864, #4872, #3775, .T. ) ;
#2561 = EDGE_CURVE ( 'NONE', #4884, #4882, #3806, .T. ) ;
#2562 = EDGE_CURVE ( 'NONE', #4865, #4862, #3805, .T. ) ;
#2563 = EDGE_CURVE ( 'NONE', #4863, #4865, #2309, .T. ) ;
#2564 = EDGE_CURVE ( 'NONE', #4838, #4821, #3774, .T. ) ;
#2565 = EDGE_CURVE ( 'NONE', #4825, #4853, #3821, .T. ) ;
#2566 = EDGE_CURVE ( 'NONE', #4851, #4916, #3785, .T. ) ;
#2567 = EDGE_CURVE ( 'NONE', #4861, #4875, #2331, .T. ) ;
#2568 = EDGE_CURVE ( 'NONE', #4862, #4842, #3795, .T. ) ;
#2569 = EDGE_CURVE ( 'NONE', #4791, #4784, #3827, .T. ) ;
#2570 = EDGE_CURVE ( 'NONE', #4911, #4833, #3768, .T. ) ;
#2571 = EDGE_CURVE ( 'NONE', #4821, #4861, #2340, .T. ) ;
#2572 = EDGE_CURVE ( 'NONE', #4801, #4857, #2319, .T. ) ;
#2573 = EDGE_CURVE ( 'NONE', #4790, #4780, #3783, .T. ) ;
#2574 = EDGE_CURVE ( 'NONE', #4823, #4836, #2342, .T. ) ;
#2575 = EDGE_CURVE ( 'NONE', #4882, #4845, #3804, .T. ) ;
#2576 = EDGE_CURVE ( 'NONE', #4822, #4827, #3782, .T. ) ;
#2577 = EDGE_CURVE ( 'NONE', #4829, #4839, #3826, .T. ) ;
#2578 = EDGE_CURVE ( 'NONE', #4880, #4820, #3801, .T. ) ;
#2579 = EDGE_CURVE ( 'NONE', #4827, #4849, #3802, .T. ) ;
#2580 = EDGE_CURVE ( 'NONE', #4903, #4852, #3814, .T. ) ;
#2581 = EDGE_CURVE ( 'NONE', #4913, #4918, #3777, .T. ) ;
#2582 = EDGE_CURVE ( 'NONE', #4843, #4888, #3788, .T. ) ;
#2583 = EDGE_CURVE ( 'NONE', #4900, #4901, #3786, .T. ) ;
#2584 = EDGE_CURVE ( 'NONE', #4829, #4853, #3807, .T. ) ;
#2585 = EDGE_CURVE ( 'NONE', #4840, #4827, #3784, .T. ) ;
#2586 = EDGE_CURVE ( 'NONE', #4900, #4834, #3815, .T. ) ;
#2587 = EDGE_CURVE ( 'NONE', #4835, #4907, #3780, .T. ) ;
#2588 = EDGE_CURVE ( 'NONE', #4861, #4901, #3809, .T. ) ;
#2589 = EDGE_CURVE ( 'NONE', #4842, #4902, #3796, .T. ) ;
#2590 = EDGE_CURVE ( 'NONE', #4902, #4838, #2343, .T. ) ;
#2591 = EDGE_CURVE ( 'NONE', #4886, #4867, #3767, .T. ) ;
#2592 = EDGE_CURVE ( 'NONE', #4903, #4804, #3800, .T. ) ;
#2593 = EDGE_CURVE ( 'NONE', #4916, #4880, #3812, .T. ) ;
#2594 = EDGE_CURVE ( 'NONE', #4826, #4916, #3773, .T. ) ;
#2595 = EDGE_CURVE ( 'NONE', #4855, #4906, #3816, .T. ) ;
#2596 = EDGE_CURVE ( 'NONE', #4919, #4821, #2320, .T. ) ;
#2597 = EDGE_CURVE ( 'NONE', #4855, #4843, #2327, .T. ) ;
#2598 = EDGE_CURVE ( 'NONE', #4906, #4888, #2321, .T. ) ;
#2599 = EDGE_CURVE ( 'NONE', #4852, #4791, #3789, .T. ) ;
#2600 = EDGE_CURVE ( 'NONE', #4785, #4879, #2322, .T. ) ;
#2601 = EDGE_CURVE ( 'NONE', #4836, #4824, #3817, .T. ) ;
#2602 = EDGE_CURVE ( 'NONE', #4798, #4763, #2324, .T. ) ;
#2603 = EDGE_CURVE ( 'NONE', #4910, #4868, #3771, .T. ) ;
#2604 = EDGE_CURVE ( 'NONE', #4857, #4920, #3779, .T. ) ;
#2605 = EDGE_CURVE ( 'NONE', #4826, #4786, #2326, .T. ) ;
#2606 = EDGE_CURVE ( 'NONE', #4913, #4895, #3824, .T. ) ;
#2607 = EDGE_CURVE ( 'NONE', #4864, #4884, #3798, .T. ) ;
#2608 = EDGE_CURVE ( 'NONE', #4790, #4858, #3770, .T. ) ;
#2609 = EDGE_CURVE ( 'NONE', #4841, #4907, #3769, .T. ) ;
#2610 = EDGE_CURVE ( 'NONE', #4901, #4886, #3878, .T. ) ;
#2611 = EDGE_CURVE ( 'NONE', #4911, #4918, #3844, .T. ) ;
#2612 = EDGE_CURVE ( 'NONE', #4895, #4914, #3879, .T. ) ;
#2613 = EDGE_CURVE ( 'NONE', #4869, #4840, #3861, .T. ) ;
#2614 = EDGE_CURVE ( 'NONE', #4787, #4780, #3880, .T. ) ;
#2615 = EDGE_CURVE ( 'NONE', #4871, #4910, #3862, .T. ) ;
#2616 = EDGE_CURVE ( 'NONE', #4888, #4906, #2339, .T. ) ;
#2617 = EDGE_CURVE ( 'NONE', #4896, #4908, #3860, .T. ) ;
#2618 = EDGE_CURVE ( 'NONE', #4873, #4887, #3874, .T. ) ;
#2619 = EDGE_CURVE ( 'NONE', #4833, #4911, #3845, .T. ) ;
#2620 = EDGE_CURVE ( 'NONE', #4828, #4874, #3873, .T. ) ;
#2621 = EDGE_CURVE ( 'NONE', #4885, #4914, #3851, .T. ) ;
#2622 = EDGE_CURVE ( 'NONE', #4894, #4889, #3849, .T. ) ;
#2623 = EDGE_CURVE ( 'NONE', #4912, #4921, #3829, .T. ) ;
#2624 = EDGE_CURVE ( 'NONE', #4921, #4894, #3852, .T. ) ;
#2625 = EDGE_CURVE ( 'NONE', #4837, #4835, #3848, .T. ) ;
#2626 = EDGE_CURVE ( 'NONE', #4871, #4865, #3881, .T. ) ;
#2627 = EDGE_CURVE ( 'NONE', #4897, #4863, #2332, .T. ) ;
#2628 = EDGE_CURVE ( 'NONE', #4875, #4919, #2328, .T. ) ;
#2629 = EDGE_CURVE ( 'NONE', #4892, #4900, #3885, .T. ) ;
#2630 = EDGE_CURVE ( 'NONE', #4828, #4901, #3889, .T. ) ;
#2631 = EDGE_CURVE ( 'NONE', #4830, #4904, #3856, .T. ) ;
#2632 = EDGE_CURVE ( 'NONE', #4840, #4836, #3870, .T. ) ;
#2633 = EDGE_CURVE ( 'NONE', #4873, #4891, #3866, .T. ) ;
#2634 = EDGE_CURVE ( 'NONE', #4867, #4895, #3884, .T. ) ;
#2635 = EDGE_CURVE ( 'NONE', #4874, #4908, #3853, .T. ) ;
#2636 = EDGE_CURVE ( 'NONE', #4870, #4912, #3864, .T. ) ;
#2637 = EDGE_CURVE ( 'NONE', #4887, #4893, #3869, .T. ) ;
#2638 = EDGE_CURVE ( 'NONE', #4824, #4869, #3831, .T. ) ;
#2639 = EDGE_CURVE ( 'NONE', #4915, #4889, #3872, .T. ) ;
#2640 = EDGE_CURVE ( 'NONE', #4868, #4842, #3877, .T. ) ;
#2641 = EDGE_CURVE ( 'NONE', #4877, #4894, #3883, .T. ) ;
#2642 = EDGE_CURVE ( 'NONE', #4885, #4873, #3882, .T. ) ;
#2643 = EDGE_CURVE ( 'NONE', #4899, #4891, #2308, .T. ) ;
#2644 = EDGE_CURVE ( 'NONE', #4824, #4905, #2345, .T. ) ;
#2645 = EDGE_CURVE ( 'NONE', #4882, #4829, #2338, .T. ) ;
#2646 = EDGE_CURVE ( 'NONE', #4845, #4847, #3887, .T. ) ;
#2647 = EDGE_CURVE ( 'NONE', #4915, #4877, #3888, .T. ) ;
#2648 = EDGE_CURVE ( 'NONE', #4917, #4913, #2314, .T. ) ;
#2649 = EDGE_CURVE ( 'NONE', #4870, #4915, #3832, .T. ) ;
#2650 = EDGE_CURVE ( 'NONE', #4890, #4902, #3833, .T. ) ;
#2651 = EDGE_CURVE ( 'NONE', #4869, #4822, #3837, .T. ) ;
#2652 = EDGE_CURVE ( 'NONE', #4860, #4826, #3839, .T. ) ;
#2653 = EDGE_CURVE ( 'NONE', #4863, #4875, #3842, .T. ) ;
#2654 = EDGE_CURVE ( 'NONE', #4907, #4867, #3855, .T. ) ;
#2655 = EDGE_CURVE ( 'NONE', #4914, #4887, #3838, .T. ) ;
#2656 = EDGE_CURVE ( 'NONE', #4908, #4841, #3854, .T. ) ;
#2657 = EDGE_CURVE ( 'NONE', #4877, #4897, #3857, .T. ) ;
#2658 = EDGE_CURVE ( 'NONE', #4918, #4899, #3913, .T. ) ;
#2659 = EDGE_CURVE ( 'NONE', #4910, #4862, #3920, .T. ) ;
#2660 = EDGE_CURVE ( 'NONE', #4843, #4855, #2305, .T. ) ;
#2661 = EDGE_CURVE ( 'NONE', #4893, #4874, #3895, .T. ) ;
#2662 = EDGE_CURVE ( 'NONE', #4897, #4921, #3951, .T. ) ;
#2663 = EDGE_CURVE ( 'NONE', #4896, #4837, #3918, .T. ) ;
#2664 = EDGE_CURVE ( 'NONE', #4889, #4912, #3945, .T. ) ;
#2665 = EDGE_CURVE ( 'NONE', #4904, #4830, #3906, .T. ) ;
#2666 = EDGE_CURVE ( 'NONE', #4845, #4864, #3929, .T. ) ;
#2667 = EDGE_CURVE ( 'NONE', #4830, #4833, #3947, .T. ) ;
#2668 = EDGE_CURVE ( 'NONE', #4886, #4892, #2304, .T. ) ;
#2669 = EDGE_CURVE ( 'NONE', #4917, #4885, #3930, .T. ) ;
#2670 = EDGE_CURVE ( 'NONE', #4839, #4884, #2315, .T. ) ;
#2671 = EDGE_CURVE ( 'NONE', #4833, #4919, #3912, .T. ) ;
#2672 = EDGE_CURVE ( 'NONE', #4868, #4890, #3948, .T. ) ;
#2673 = EDGE_CURVE ( 'NONE', #4838, #4870, #2330, .T. ) ;
#2674 = EDGE_CURVE ( 'NONE', #4890, #4871, #3932, .T. ) ;
#2675 = EDGE_CURVE ( 'NONE', #4835, #4892, #3909, .T. ) ;
#2676 = EDGE_CURVE ( 'NONE', #4899, #4893, #3901, .T. ) ;
#2677 =( GEOMETRIC_REPRESENTATION_CONTEXT ( 3 ) GLOBAL_UNCERTAINTY_ASSIGNED_CONTEXT ( ( #2284 ) ) GLOBAL_UNIT_ASSIGNED_CONTEXT ( ( #4027, #4020, #4014 ) ) REPRESENTATION_CONTEXT ( 'NONE', 'WORKASPACE' ) );
#2678 = AXIS2_PLACEMENT_3D ( 'NONE', #4033, #4016, #4035 ) ;
#2679 = AXIS2_PLACEMENT_3D ( 'NONE', #4056, #4092, #4091 ) ;
#2680 = AXIS2_PLACEMENT_3D ( 'NONE', #4216, #4224, #4203 ) ;
#2681 = AXIS2_PLACEMENT_3D ( 'NONE', #4229, #4213, #4230 ) ;
#2682 = AXIS2_PLACEMENT_3D ( 'NONE', #4174, #4190, #4177 ) ;
#2683 = AXIS2_PLACEMENT_3D ( 'NONE', #4232, #4236, #4237 ) ;
#2684 = AXIS2_PLACEMENT_3D ( 'NONE', #4238, #4202, #4204 ) ;
#2685 = AXIS2_PLACEMENT_3D ( 'NONE', #4175, #4173, #4176 ) ;
#2686 = AXIS2_PLACEMENT_3D ( 'NONE', #4211, #4247, #4277 ) ;
#2687 = PRESENTATION_LAYER_ASSIGNMENT (  '', '', ( #2722 ) ) ;
#2688 = AXIS2_PLACEMENT_3D ( 'NONE', #4108, #4099, #4088 ) ;
#2689 = MECHANICAL_DESIGN_GEOMETRIC_PRESENTATION_REPRESENTATION (  '', ( #2722 ), #2677 ) ;
#2690 =( GEOMETRIC_REPRESENTATION_CONTEXT ( 3 ) GLOBAL_UNCERTAINTY_ASSIGNED_CONTEXT ( ( #2266 ) ) GLOBAL_UNIT_ASSIGNED_CONTEXT ( ( #4043, #4024, #4022 ) ) REPRESENTATION_CONTEXT ( 'NONE', 'WORKASPACE' ) );
#2691 =( GEOMETRIC_REPRESENTATION_CONTEXT ( 3 ) GLOBAL_UNCERTAINTY_ASSIGNED_CONTEXT ( ( #2270 ) ) GLOBAL_UNIT_ASSIGNED_CONTEXT ( ( #4039, #4029, #4015 ) ) REPRESENTATION_CONTEXT ( 'NONE', 'WORKASPACE' ) );
#2692 = PRESENTATION_LAYER_ASSIGNMENT (  '', '', ( #2698 ) ) ;
#2693 = MECHANICAL_DESIGN_GEOMETRIC_PRESENTATION_REPRESENTATION (  '', ( #2694 ), #2690 ) ;
#2694 = STYLED_ITEM ( 'NONE', ( #3535 ), #2298 ) ;
#2695 = AXIS2_PLACEMENT_3D ( 'NONE', #4071, #4072, #4073 ) ;
#2696 = AXIS2_PLACEMENT_3D ( 'NONE', #4089, #4093, #4110 ) ;
#2697 = AXIS2_PLACEMENT_3D ( 'NONE', #4094, #4113, #4095 ) ;
#2698 = STYLED_ITEM ( 'NONE', ( #3511 ), #2279 ) ;
#2699 = AXIS2_PLACEMENT_3D ( 'NONE', #4049, #4066, #4082 ) ;
#2700 = AXIS2_PLACEMENT_3D ( 'NONE', #4097, #4112, #4103 ) ;
#2701 = AXIS2_PLACEMENT_3D ( 'NONE', #4148, #4155, #4158 ) ;
#2702 = AXIS2_PLACEMENT_3D ( 'NONE', #4126, #4128, #4149 ) ;
#2703 = AXIS2_PLACEMENT_3D ( 'NONE', #4116, #4119, #4087 ) ;
#2704 = AXIS2_PLACEMENT_3D ( 'NONE', #4135, #4147, #4159 ) ;
#2705 = AXIS2_PLACEMENT_3D ( 'NONE', #4134, #4137, #4138 ) ;
#2706 = AXIS2_PLACEMENT_3D ( 'NONE', #4131, #4140, #4160 ) ;
#2707 = AXIS2_PLACEMENT_3D ( 'NONE', #4143, #4154, #4146 ) ;
#2708 = MECHANICAL_DESIGN_GEOMETRIC_PRESENTATION_REPRESENTATION (  '', ( #2698 ), #2691 ) ;
#2709 = AXIS2_PLACEMENT_3D ( 'NONE', #4046, #4036, #4012 ) ;
#2710 = AXIS2_PLACEMENT_3D ( 'NONE', #4075, #4063, #4069 ) ;
#2711 = AXIS2_PLACEMENT_3D ( 'NONE', #4083, #4059, #4055 ) ;
#2712 = AXIS2_PLACEMENT_3D ( 'NONE', #4156, #4127, #4130 ) ;
#2713 = AXIS2_PLACEMENT_3D ( 'NONE', #4196, #4197, #4194 ) ;
#2714 = AXIS2_PLACEMENT_3D ( 'NONE', #4178, #4195, #4171 ) ;
#2715 = AXIS2_PLACEMENT_3D ( 'NONE', #4181, #4198, #4199 ) ;
#2716 = EDGE_CURVE ( 'NONE', #4834, #4896, #3933, .T. ) ;
#2717 = AXIS2_PLACEMENT_3D ( 'NONE', #4053, #4057, #4060 ) ;
#2718 = AXIS2_PLACEMENT_3D ( 'NONE', #4121, #4122, #4101 ) ;
#2719 = AXIS2_PLACEMENT_3D ( 'NONE', #4038, #4044, #4017 ) ;
#2720 = AXIS2_PLACEMENT_3D ( 'NONE', #4052, #4054, #4081 ) ;
#2721 = AXIS2_PLACEMENT_3D ( 'NONE', #4142, #4136, #4151 ) ;
#2722 = STYLED_ITEM ( 'NONE', ( #3532 ), #2281 ) ;
#2723 = AXIS2_PLACEMENT_3D ( 'NONE', #4133, #4125, #4132 ) ;
#2724 = AXIS2_PLACEMENT_3D ( 'NONE', #4105, #4104, #4098 ) ;
#2725 = AXIS2_PLACEMENT_3D ( 'NONE', #4129, #4144, #4145 ) ;
#2726 = AXIS2_PLACEMENT_3D ( 'NONE', #4164, #4182, #4185 ) ;
#2727 = PRESENTATION_LAYER_ASSIGNMENT (  '', '', ( #2694 ) ) ;
#2728 = AXIS2_PLACEMENT_3D ( 'NONE', #4179, #4180, #4170 ) ;
#2729 = AXIS2_PLACEMENT_3D ( 'NONE', #4102, #4120, #4090 ) ;
#2730 = AXIS2_PLACEMENT_3D ( 'NONE', #4200, #4165, #4166 ) ;
#2731 = AXIS2_PLACEMENT_3D ( 'NONE', #4167, #4214, #4227 ) ;
#2732 = AXIS2_PLACEMENT_3D ( 'NONE', #4207, #4239, #4218 ) ;
#2733 = AXIS2_PLACEMENT_3D ( 'NONE', #4123, #4118, #4096 ) ;
#2734 = AXIS2_PLACEMENT_3D ( 'NONE', #4048, #4061, #4050 ) ;
#2735 = AXIS2_PLACEMENT_3D ( 'NONE', #4219, #4220, #4226 ) ;
#2736 = AXIS2_PLACEMENT_3D ( 'NONE', #4210, #4228, #4235 ) ;
#2737 = AXIS2_PLACEMENT_3D ( 'NONE', #4221, #4222, #4233 ) ;
#2738 = AXIS2_PLACEMENT_3D ( 'NONE', #4188, #4186, #4163 ) ;
#2739 = EDGE_CURVE ( 'NONE', #4891, #4917, #3898, .T. ) ;
#2740 = AXIS2_PLACEMENT_3D ( 'NONE', #4231, #4217, #4234 ) ;
#2741 = AXIS2_PLACEMENT_3D ( 'NONE', #354, #328, #370 ) ;
#2742 = AXIS2_PLACEMENT_3D ( 'NONE', #450, #442, #473 ) ;
#2743 = AXIS2_PLACEMENT_3D ( 'NONE', #4538, #4536, #4537 ) ;
#2744 = AXIS2_PLACEMENT_3D ( 'NONE', #513, #534, #515 ) ;
#2745 = AXIS2_PLACEMENT_3D ( 'NONE', #595, #553, #573 ) ;
#2746 = AXIS2_PLACEMENT_3D ( 'NONE', #4464, #4476, #4465 ) ;
#2747 = AXIS2_PLACEMENT_3D ( 'NONE', #528, #538, #507 ) ;
#2748 = AXIS2_PLACEMENT_3D ( 'NONE', #4257, #4262, #4267 ) ;
#2749 = AXIS2_PLACEMENT_3D ( 'NONE', #4243, #4265, #4252 ) ;
#2750 = AXIS2_PLACEMENT_3D ( 'NONE', #4279, #4318, #4280 ) ;
#2751 = AXIS2_PLACEMENT_3D ( 'NONE', #4296, #4323, #4288 ) ;
#2752 = AXIS2_PLACEMENT_3D ( 'NONE', #287, #274, #316 ) ;
#2753 = AXIS2_PLACEMENT_3D ( 'NONE', #549, #550, #552 ) ;
#2754 = AXIS2_PLACEMENT_3D ( 'NONE', #4303, #4312, #4325 ) ;
#2755 = AXIS2_PLACEMENT_3D ( 'NONE', #4585, #4586, #4584 ) ;
#2756 = AXIS2_PLACEMENT_3D ( 'NONE', #4498, #4519, #4500 ) ;
#2757 = AXIS2_PLACEMENT_3D ( 'NONE', #4587, #4605, #4582 ) ;
#2758 = AXIS2_PLACEMENT_3D ( 'NONE', #4652, #4641, #4648 ) ;
#2759 = AXIS2_PLACEMENT_3D ( 'NONE', #4242, #4266, #4274 ) ;
#2760 = AXIS2_PLACEMENT_3D ( 'NONE', #4643, #4640, #4653 ) ;
#2761 = AXIS2_PLACEMENT_3D ( 'NONE', #501, #517, #506 ) ;
#2762 = AXIS2_PLACEMENT_3D ( 'NONE', #502, #530, #514 ) ;
#2763 = AXIS2_PLACEMENT_3D ( 'NONE', #4583, #4608, #4594 ) ;
#2764 = AXIS2_PLACEMENT_3D ( 'NONE', #4314, #4300, #4322 ) ;
#2765 = AXIS2_PLACEMENT_3D ( 'NONE', #4556, #4577, #4572 ) ;
#2766 = AXIS2_PLACEMENT_3D ( 'NONE', #4590, #4604, #4615 ) ;
#2767 = AXIS2_PLACEMENT_3D ( 'NONE', #4620, #4624, #4633 ) ;
#2768 = AXIS2_PLACEMENT_3D ( 'NONE', #3998, #4003, #4000 ) ;
#2769 = AXIS2_PLACEMENT_3D ( 'NONE', #341, #350, #344 ) ;
#2770 = AXIS2_PLACEMENT_3D ( 'NONE', #362, #365, #366 ) ;
#2771 = AXIS2_PLACEMENT_3D ( 'NONE', #520, #539, #540 ) ;
#2772 = AXIS2_PLACEMENT_3D ( 'NONE', #4259, #4269, #4251 ) ;
#2773 = AXIS2_PLACEMENT_3D ( 'NONE', #633, #627, #621 ) ;
#2774 = AXIS2_PLACEMENT_3D ( 'NONE', #643, #619, #640 ) ;
#2775 = AXIS2_PLACEMENT_3D ( 'NONE', #4546, #4559, #4547 ) ;
#2776 = AXIS2_PLACEMENT_3D ( 'NONE', #245, #261, #263 ) ;
#2777 = AXIS2_PLACEMENT_3D ( 'NONE', #4299, #4320, #4290 ) ;
#2778 = AXIS2_PLACEMENT_3D ( 'NONE', #4435, #4436, #4443 ) ;
#2779 = AXIS2_PLACEMENT_3D ( 'NONE', #4474, #4448, #4458 ) ;
#2780 = AXIS2_PLACEMENT_3D ( 'NONE', #4258, #4273, #4270 ) ;
#2781 = AXIS2_PLACEMENT_3D ( 'NONE', #4253, #4263, #4275 ) ;
#2782 = AXIS2_PLACEMENT_3D ( 'NONE', #4548, #4558, #4554 ) ;
#2783 = AXIS2_PLACEMENT_3D ( 'NONE', #4595, #4598, #4599 ) ;
#2784 = AXIS2_PLACEMENT_3D ( 'NONE', #4578, #4579, #4580 ) ;
#2785 = AXIS2_PLACEMENT_3D ( 'NONE', #250, #252, #253 ) ;
#2786 = AXIS2_PLACEMENT_3D ( 'NONE', #4245, #4244, #4246 ) ;
#2787 = AXIS2_PLACEMENT_3D ( 'NONE', #4264, #4272, #4255 ) ;
#2788 = AXIS2_PLACEMENT_3D ( 'NONE', #4478, #4460, #4461 ) ;
#2789 = AXIS2_PLACEMENT_3D ( 'NONE', #4517, #4502, #4503 ) ;
#2790 = AXIS2_PLACEMENT_3D ( 'NONE', #251, #241, #256 ) ;
#2791 = AXIS2_PLACEMENT_3D ( 'NONE', #264, #248, #246 ) ;
#2792 = AXIS2_PLACEMENT_3D ( 'NONE', #289, #290, #304 ) ;
#2793 = AXIS2_PLACEMENT_3D ( 'NONE', #4470, #4479, #4471 ) ;
#2794 = AXIS2_PLACEMENT_3D ( 'NONE', #4610, #4602, #4603 ) ;
#2795 = AXIS2_PLACEMENT_3D ( 'NONE', #4525, #4568, #4569 ) ;
#2796 = AXIS2_PLACEMENT_3D ( 'NONE', #359, #348, #331 ) ;
#2797 = AXIS2_PLACEMENT_3D ( 'NONE', #4276, #4256, #4271 ) ;
#2798 = AXIS2_PLACEMENT_3D ( 'NONE', #4488, #4489, #4494 ) ;
#2799 = AXIS2_PLACEMENT_3D ( 'NONE', #4563, #4581, #3999 ) ;
#2800 = AXIS2_PLACEMENT_3D ( 'NONE', #270, #249, #255 ) ;
#2801 = AXIS2_PLACEMENT_3D ( 'NONE', #468, #469, #454 ) ;
#2802 = AXIS2_PLACEMENT_3D ( 'NONE', #4261, #4260, #4240 ) ;
#2803 = AXIS2_PLACEMENT_3D ( 'NONE', #4588, #4593, #4607 ) ;
#2804 = AXIS2_PLACEMENT_3D ( 'NONE', #345, #379, #351 ) ;
#2805 = AXIS2_PLACEMENT_3D ( 'NONE', #23, #29, #31 ) ;
#2806 = AXIS2_PLACEMENT_3D ( 'NONE', #1245, #1247, #1251 ) ;
#2807 = AXIS2_PLACEMENT_3D ( 'NONE', #886, #924, #879 ) ;
#2808 = AXIS2_PLACEMENT_3D ( 'NONE', #943, #948, #956 ) ;
#2809 = AXIS2_PLACEMENT_3D ( 'NONE', #1040, #1015, #1018 ) ;
#2810 = AXIS2_PLACEMENT_3D ( 'NONE', #1303, #1272, #1281 ) ;
#2811 = AXIS2_PLACEMENT_3D ( 'NONE', #832, #838, #839 ) ;
#2812 = AXIS2_PLACEMENT_3D ( 'NONE', #1312, #1308, #1279 ) ;
#2813 = AXIS2_PLACEMENT_3D ( 'NONE', #1027, #1025, #1029 ) ;
#2814 = AXIS2_PLACEMENT_3D ( 'NONE', #957, #928, #959 ) ;
#2815 = AXIS2_PLACEMENT_3D ( 'NONE', #1240, #1237, #1244 ) ;
#2816 = AXIS2_PLACEMENT_3D ( 'NONE', #944, #965, #970 ) ;
#2817 = AXIS2_PLACEMENT_3D ( 'NONE', #1, #3, #9 ) ;
#2818 = AXIS2_PLACEMENT_3D ( 'NONE', #850, #849, #874 ) ;
#2819 = AXIS2_PLACEMENT_3D ( 'NONE', #1030, #1038, #1034 ) ;
#2820 = AXIS2_PLACEMENT_3D ( 'NONE', #841, #851, #836 ) ;
#2821 = AXIS2_PLACEMENT_3D ( 'NONE', #1232, #1233, #1231 ) ;
#2822 = AXIS2_PLACEMENT_3D ( 'NONE', #1243, #1256, #1265 ) ;
#2823 = AXIS2_PLACEMENT_3D ( 'NONE', #972, #1001, #1003 ) ;
#2824 = AXIS2_PLACEMENT_3D ( 'NONE', #1227, #1242, #1229 ) ;
#2825 = AXIS2_PLACEMENT_3D ( 'NONE', #951, #953, #941 ) ;
#2826 = AXIS2_PLACEMENT_3D ( 'NONE', #724, #690, #686 ) ;
#2827 = AXIS2_PLACEMENT_3D ( 'NONE', #1235, #1238, #1260 ) ;
#2828 = AXIS2_PLACEMENT_3D ( 'NONE', #657, #666, #680 ) ;
#2829 = AXIS2_PLACEMENT_3D ( 'NONE', #1248, #1249, #1253 ) ;
#2830 = AXIS2_PLACEMENT_3D ( 'NONE', #931, #961, #954 ) ;
#2831 = AXIS2_PLACEMENT_3D ( 'NONE', #638, #639, #605 ) ;
#2832 = AXIS2_PLACEMENT_3D ( 'NONE', #668, #659, #677 ) ;
#2833 = AXIS2_PLACEMENT_3D ( 'NONE', #827, #830, #815 ) ;
#2834 = AXIS2_PLACEMENT_3D ( 'NONE', #665, #675, #658 ) ;
#2835 = AXIS2_PLACEMENT_3D ( 'NONE', #877, #848, #856 ) ;
#2836 = AXIS2_PLACEMENT_3D ( 'NONE', #1306, #1309, #1302 ) ;
#2837 = AXIS2_PLACEMENT_3D ( 'NONE', #920, #880, #893 ) ;
#2838 = AXIS2_PLACEMENT_3D ( 'NONE', #4, #5, #2 ) ;
#2839 = AXIS2_PLACEMENT_3D ( 'NONE', #1056, #1057, #1053 ) ;
#2840 = AXIS2_PLACEMENT_3D ( 'NONE', #669, #646, #670 ) ;
#2841 = AXIS2_PLACEMENT_3D ( 'NONE', #35, #56, #25 ) ;
#2842 = AXIS2_PLACEMENT_3D ( 'NONE', #1241, #1263, #1236 ) ;
#2843 = AXIS2_PLACEMENT_3D ( 'NONE', #1258, #1261, #1262 ) ;
#2844 = AXIS2_PLACEMENT_3D ( 'NONE', #655, #660, #682 ) ;
#2845 = AXIS2_PLACEMENT_3D ( 'NONE', #1315, #1269, #1275 ) ;
#2846 = AXIS2_PLACEMENT_3D ( 'NONE', #930, #962, #932 ) ;
#2847 = PRESENTATION_LAYER_ASSIGNMENT (  '', '', ( #2856 ) ) ;
#2848 = AXIS2_PLACEMENT_3D ( 'NONE', #1317, #1290, #1296 ) ;
#2849 = AXIS2_PLACEMENT_3D ( 'NONE', #654, #671, #664 ) ;
#2850 = AXIS2_PLACEMENT_3D ( 'NONE', #860, #861, #866 ) ;
#2851 = AXIS2_PLACEMENT_3D ( 'NONE', #997, #1009, #992 ) ;
#2852 = AXIS2_PLACEMENT_3D ( 'NONE', #19, #22, #15 ) ;
#2853 = AXIS2_PLACEMENT_3D ( 'NONE', #1254, #1264, #1246 ) ;
#2854 = AXIS2_PLACEMENT_3D ( 'NONE', #1286, #1313, #1307 ) ;
#2855 = AXIS2_PLACEMENT_3D ( 'NONE', #7, #10, #8 ) ;
#2856 = STYLED_ITEM ( 'NONE', ( #3971 ), #5625 ) ;
#2857 = AXIS2_PLACEMENT_3D ( 'NONE', #947, #929, #935 ) ;
#2858 = AXIS2_PLACEMENT_3D ( 'NONE', #891, #887, #915 ) ;
#2859 = AXIS2_PLACEMENT_3D ( 'NONE', #968, #958, #952 ) ;
#2860 = AXIS2_PLACEMENT_3D ( 'NONE', #1012, #990, #1007 ) ;
#2861 = AXIS2_PLACEMENT_3D ( 'NONE', #597, #607, #620 ) ;
#2862 = AXIS2_PLACEMENT_3D ( 'NONE', #48, #20, #27 ) ;
#2863 = AXIS2_PLACEMENT_3D ( 'NONE', #1255, #1267, #1259 ) ;
#2864 = AXIS2_PLACEMENT_3D ( 'NONE', #950, #949, #927 ) ;
#2865 = AXIS2_PLACEMENT_3D ( 'NONE', #1252, #1250, #1268 ) ;
#2866 = AXIS2_PLACEMENT_3D ( 'NONE', #54, #55, #28 ) ;
#2867 = AXIS2_PLACEMENT_3D ( 'NONE', #1391, #1384, #1393 ) ;
#2868 = AXIS2_PLACEMENT_3D ( 'NONE', #1430, #1428, #1410 ) ;
#2869 = AXIS2_PLACEMENT_3D ( 'NONE', #1359, #1394, #1399 ) ;
#2870 = AXIS2_PLACEMENT_3D ( 'NONE', #1338, #1348, #1319 ) ;
#2871 = AXIS2_PLACEMENT_3D ( 'NONE', #1353, #1361, #1362 ) ;
#2872 = AXIS2_PLACEMENT_3D ( 'NONE', #1355, #1400, #1368 ) ;
#2873 = AXIS2_PLACEMENT_3D ( 'NONE', #1327, #1326, #1330 ) ;
#2874 = AXIS2_PLACEMENT_3D ( 'NONE', #1340, #1341, #1349 ) ;
#2875 = AXIS2_PLACEMENT_3D ( 'NONE', #1274, #1300, #1283 ) ;
#2876 = AXIS2_PLACEMENT_3D ( 'NONE', #1323, #1332, #1320 ) ;
#2877 = AXIS2_PLACEMENT_3D ( 'NONE', #1849, #1847, #1850 ) ;
#2878 = AXIS2_PLACEMENT_3D ( 'NONE', #1356, #1364, #1371 ) ;
#2879 = AXIS2_PLACEMENT_3D ( 'NONE', #1435, #1418, #1404 ) ;
#2880 = AXIS2_PLACEMENT_3D ( 'NONE', #1851, #1853, #1854 ) ;
#2881 = AXIS2_PLACEMENT_3D ( 'NONE', #1316, #1270, #1271 ) ;
#2882 = AXIS2_PLACEMENT_3D ( 'NONE', #1322, #1324, #1325 ) ;
#2883 = AXIS2_PLACEMENT_3D ( 'NONE', #1369, #1373, #1374 ) ;
#2884 = AXIS2_PLACEMENT_3D ( 'NONE', #1453, #1421, #1406 ) ;
#2885 = AXIS2_PLACEMENT_3D ( 'NONE', #1305, #1280, #1273 ) ;
#2886 = AXIS2_PLACEMENT_3D ( 'NONE', #1295, #1288, #1297 ) ;
#2887 = AXIS2_PLACEMENT_3D ( 'NONE', #1335, #1336, #1398 ) ;
#2888 = AXIS2_PLACEMENT_3D ( 'NONE', #1388, #1370, #1392 ) ;
#2889 = AXIS2_PLACEMENT_3D ( 'NONE', #1409, #1412, #1444 ) ;
#2890 = AXIS2_PLACEMENT_3D ( 'NONE', #1432, #1433, #1438 ) ;
#2891 = AXIS2_PLACEMENT_3D ( 'NONE', #1350, #1351, #1339 ) ;
#2892 = AXIS2_PLACEMENT_3D ( 'NONE', #1171, #1128, #1154 ) ;
#2893 = AXIS2_PLACEMENT_3D ( 'NONE', #1170, #1167, #1141 ) ;
#2894 = AXIS2_PLACEMENT_3D ( 'NONE', #1329, #1331, #1333 ) ;
#2895 = AXIS2_PLACEMENT_3D ( 'NONE', #1318, #1321, #1345 ) ;
#2896 = MECHANICAL_DESIGN_GEOMETRIC_PRESENTATION_REPRESENTATION (  '', ( #2856 ), #2901 ) ;
#2897 = AXIS2_PLACEMENT_3D ( 'NONE', #1277, #1278, #1285 ) ;
#2898 = AXIS2_PLACEMENT_3D ( 'NONE', #1385, #1372, #1357 ) ;
#2899 = AXIS2_PLACEMENT_3D ( 'NONE', #1342, #1344, #1347 ) ;
#2900 = AXIS2_PLACEMENT_3D ( 'NONE', #1289, #1293, #1294 ) ;
#2901 =( GEOMETRIC_REPRESENTATION_CONTEXT ( 3 ) GLOBAL_UNCERTAINTY_ASSIGNED_CONTEXT ( ( #2316 ) ) GLOBAL_UNIT_ASSIGNED_CONTEXT ( ( #1282, #1291, #1310 ) ) REPRESENTATION_CONTEXT ( 'NONE', 'WORKASPACE' ) );
#2902 = AXIS2_PLACEMENT_3D ( 'NONE', #1360, #1358, #1363 ) ;
#2903 = AXIS2_PLACEMENT_3D ( 'NONE', #1276, #1298, #1299 ) ;
#2904 = AXIS2_PLACEMENT_3D ( 'NONE', #1376, #1377, #1380 ) ;
#2905 = AXIS2_PLACEMENT_3D ( 'NONE', #1397, #1367, #1383 ) ;
#2906 = AXIS2_PLACEMENT_3D ( 'NONE', #1382, #1365, #1366 ) ;
#2907 = AXIS2_PLACEMENT_3D ( 'NONE', #1386, #1395, #1396 ) ;
#2908 = AXIS2_PLACEMENT_3D ( 'NONE', #1375, #1381, #1379 ) ;
#2909 = AXIS2_PLACEMENT_3D ( 'NONE', #1352, #1334, #1346 ) ;
#2910 = AXIS2_PLACEMENT_3D ( 'NONE', #1416, #1413, #1443 ) ;
#2911 = AXIS2_PLACEMENT_3D ( 'NONE', #1408, #1441, #1442 ) ;
#2912 = AXIS2_PLACEMENT_3D ( 'NONE', #1417, #1424, #1437 ) ;
#2913 = AXIS2_PLACEMENT_3D ( 'NONE', #1411, #1431, #1414 ) ;
#2914 = AXIS2_PLACEMENT_3D ( 'NONE', #1387, #1378, #1389 ) ;
#2915 = AXIS2_PLACEMENT_3D ( 'NONE', #1343, #1337, #1328 ) ;
#2916 = AXIS2_PLACEMENT_3D ( 'NONE', #1169, #1192, #1210 ) ;
#2917 = AXIS2_PLACEMENT_3D ( 'NONE', #1177, #1216, #1205 ) ;
#2918 = AXIS2_PLACEMENT_3D ( 'NONE', #1150, #1164, #1157 ) ;
#2919 = AXIS2_PLACEMENT_3D ( 'NONE', #1151, #1138, #1158 ) ;
#2920 = AXIS2_PLACEMENT_3D ( 'NONE', #1165, #1160, #1166 ) ;
#2921 = AXIS2_PLACEMENT_3D ( 'NONE', #1145, #1143, #1149 ) ;
#2922 = AXIS2_PLACEMENT_3D ( 'NONE', #1175, #1186, #1213 ) ;
#2923 = AXIS2_PLACEMENT_3D ( 'NONE', #1139, #1140, #1136 ) ;
#2924 = AXIS2_PLACEMENT_3D ( 'NONE', #1179, #1176, #1189 ) ;
#2925 = AXIS2_PLACEMENT_3D ( 'NONE', #1129, #1144, #1133 ) ;
#2926 = AXIS2_PLACEMENT_3D ( 'NONE', #1201, #1204, #1206 ) ;
#2927 = AXIS2_PLACEMENT_3D ( 'NONE', #1132, #1159, #1172 ) ;
#2928 = AXIS2_PLACEMENT_3D ( 'NONE', #1208, #1185, #1220 ) ;
#2929 = AXIS2_PLACEMENT_3D ( 'NONE', #1199, #1187, #1193 ) ;
#2930 = AXIS2_PLACEMENT_3D ( 'NONE', #1183, #1218, #1223 ) ;
#2931 = AXIS2_PLACEMENT_3D ( 'NONE', #1195, #1219, #1188 ) ;
#2932 = AXIS2_PLACEMENT_3D ( 'NONE', #4967, #4985, #4978 ) ;
#2933 = AXIS2_PLACEMENT_3D ( 'NONE', #4962, #4989, #4965 ) ;
#2934 = AXIS2_PLACEMENT_3D ( 'NONE', #1196, #1212, #1180 ) ;
#2935 = AXIS2_PLACEMENT_3D ( 'NONE', #4983, #4995, #4997 ) ;
#2936 = AXIS2_PLACEMENT_3D ( 'NONE', #1146, #1168, #1142 ) ;
#2937 = AXIS2_PLACEMENT_3D ( 'NONE', #1153, #1135, #1137 ) ;
#2938 = AXIS2_PLACEMENT_3D ( 'NONE', #4999, #4941, #4973 ) ;
#2939 = AXIS2_PLACEMENT_3D ( 'NONE', #1214, #1215, #1217 ) ;
#2940 = AXIS2_PLACEMENT_3D ( 'NONE', #1221, #1222, #1178 ) ;
#2941 = AXIS2_PLACEMENT_3D ( 'NONE', #4976, #4951, #4987 ) ;
#2942 = AXIS2_PLACEMENT_3D ( 'NONE', #1161, #1147, #1148 ) ;
#2943 = AXIS2_PLACEMENT_3D ( 'NONE', #1200, #1194, #1207 ) ;
#2944 = AXIS2_PLACEMENT_3D ( 'NONE', #1182, #1181, #1184 ) ;
#2945 = AXIS2_PLACEMENT_3D ( 'NONE', #4960, #5004, #5006 ) ;
#2946 = AXIS2_PLACEMENT_3D ( 'NONE', #1191, #1197, #1198 ) ;
#2947 = AXIS2_PLACEMENT_3D ( 'NONE', #1449, #1889, #1173 ) ;
#2948 = AXIS2_PLACEMENT_3D ( 'NONE', #5001, #4994, #4992 ) ;
#2949 = AXIS2_PLACEMENT_3D ( 'NONE', #1156, #1155, #1174 ) ;
#2950 = AXIS2_PLACEMENT_3D ( 'NONE', #5047, #5050, #5059 ) ;
#2951 = AXIS2_PLACEMENT_3D ( 'NONE', #5058, #5052, #5034 ) ;
#2952 = AXIS2_PLACEMENT_3D ( 'NONE', #5030, #5049, #5087 ) ;
#2953 = AXIS2_PLACEMENT_3D ( 'NONE', #5061, #5073, #5065 ) ;
#2954 = AXIS2_PLACEMENT_3D ( 'NONE', #5091, #5013, #5023 ) ;
#2955 = AXIS2_PLACEMENT_3D ( 'NONE', #5070, #5021, #5071 ) ;
#2956 = AXIS2_PLACEMENT_3D ( 'NONE', #5125, #5184, #5142 ) ;
#2957 = AXIS2_PLACEMENT_3D ( 'NONE', #5026, #5068, #5074 ) ;
#2958 = AXIS2_PLACEMENT_3D ( 'NONE', #5017, #5076, #5080 ) ;
#2959 = STYLED_ITEM ( 'NONE', ( #3183 ), #5724 ) ;
#2960 = AXIS2_PLACEMENT_3D ( 'NONE', #5078, #5085, #5088 ) ;
#2961 = PRESENTATION_LAYER_ASSIGNMENT (  '', '', ( #2959 ) ) ;
#2962 = AXIS2_PLACEMENT_3D ( 'NONE', #4968, #4943, #4950 ) ;
#2963 = AXIS2_PLACEMENT_3D ( 'NONE', #4944, #4939, #4942 ) ;
#2964 = AXIS2_PLACEMENT_3D ( 'NONE', #5015, #5036, #5038 ) ;
#2965 = AXIS2_PLACEMENT_3D ( 'NONE', #4969, #4971, #4975 ) ;
#2966 = AXIS2_PLACEMENT_3D ( 'NONE', #5008, #5009, #5011 ) ;
#2967 = AXIS2_PLACEMENT_3D ( 'NONE', #5020, #5055, #5045 ) ;
#2968 = MECHANICAL_DESIGN_GEOMETRIC_PRESENTATION_REPRESENTATION (  '', ( #2992 ), #2971 ) ;
#2969 =( GEOMETRIC_REPRESENTATION_CONTEXT ( 3 ) GLOBAL_UNCERTAINTY_ASSIGNED_CONTEXT ( ( #2306 ) ) GLOBAL_UNIT_ASSIGNED_CONTEXT ( ( #5281, #5198, #5239 ) ) REPRESENTATION_CONTEXT ( 'NONE', 'WORKASPACE' ) );
#2970 = AXIS2_PLACEMENT_3D ( 'NONE', #5119, #5108, #5147 ) ;
#2971 =( GEOMETRIC_REPRESENTATION_CONTEXT ( 3 ) GLOBAL_UNCERTAINTY_ASSIGNED_CONTEXT ( ( #2317 ) ) GLOBAL_UNIT_ASSIGNED_CONTEXT ( ( #5228, #5231, #5278 ) ) REPRESENTATION_CONTEXT ( 'NONE', 'WORKASPACE' ) );
#2972 =( GEOMETRIC_REPRESENTATION_CONTEXT ( 3 ) GLOBAL_UNCERTAINTY_ASSIGNED_CONTEXT ( ( #2311 ) ) GLOBAL_UNIT_ASSIGNED_CONTEXT ( ( #5345, #5347, #5340 ) ) REPRESENTATION_CONTEXT ( 'NONE', 'WORKASPACE' ) );
#2973 = AXIS2_PLACEMENT_3D ( 'NONE', #5235, #5260, #5263 ) ;
#2974 = MECHANICAL_DESIGN_GEOMETRIC_PRESENTATION_REPRESENTATION (  '', ( #3001 ), #3008 ) ;
#2975 = AXIS2_PLACEMENT_3D ( 'NONE', #5289, #5370, #5350 ) ;
#2976 = AXIS2_PLACEMENT_3D ( 'NONE', #5341, #5299, #5332 ) ;
#2977 =( GEOMETRIC_REPRESENTATION_CONTEXT ( 3 ) GLOBAL_UNCERTAINTY_ASSIGNED_CONTEXT ( ( #2312 ) ) GLOBAL_UNIT_ASSIGNED_CONTEXT ( ( #5187, #5112, #5096 ) ) REPRESENTATION_CONTEXT ( 'NONE', 'WORKASPACE' ) );
#2978 =( GEOMETRIC_REPRESENTATION_CONTEXT ( 3 ) GLOBAL_UNCERTAINTY_ASSIGNED_CONTEXT ( ( #2323 ) ) GLOBAL_UNIT_ASSIGNED_CONTEXT ( ( #5322, #5385, #5316 ) ) REPRESENTATION_CONTEXT ( 'NONE', 'WORKASPACE' ) );
#2979 = AXIS2_PLACEMENT_3D ( 'NONE', #5337, #5343, #5352 ) ;
#2980 = PRODUCT_DEFINITION ( 'δ֪', '', #3019, #3023 ) ;
#2981 =( GEOMETRIC_REPRESENTATION_CONTEXT ( 3 ) GLOBAL_UNCERTAINTY_ASSIGNED_CONTEXT ( ( #2333 ) ) GLOBAL_UNIT_ASSIGNED_CONTEXT ( ( #5233, #5241, #5388 ) ) REPRESENTATION_CONTEXT ( 'NONE', 'WORKASPACE' ) );
#2982 = PRODUCT_DEFINITION ( 'δ֪', '', #3016, #3024 ) ;
#2983 =( GEOMETRIC_REPRESENTATION_CONTEXT ( 3 ) GLOBAL_UNCERTAINTY_ASSIGNED_CONTEXT ( ( #2310 ) ) GLOBAL_UNIT_ASSIGNED_CONTEXT ( ( #5250, #5252, #5253 ) ) REPRESENTATION_CONTEXT ( 'NONE', 'WORKASPACE' ) );
#2984 = AXIS2_PLACEMENT_3D ( 'NONE', #5179, #5190, #5104 ) ;
#2985 = AXIS2_PLACEMENT_3D ( 'NONE', #5176, #5181, #5100 ) ;
#2986 = MECHANICAL_DESIGN_GEOMETRIC_PRESENTATION_REPRESENTATION (  '', ( #2959 ), #2977 ) ;
#2987 = PRODUCT_DEFINITION ( 'δ֪', '', #2990, #3029 ) ;
#2988 = PRODUCT_RELATED_PRODUCT_CATEGORY ( 'part', '', ( #3031 ) ) ;
#2989 = AXIS2_PLACEMENT_3D ( 'NONE', #5258, #5256, #5206 ) ;
#2990 = PRODUCT_DEFINITION_FORMATION_WITH_SPECIFIED_SOURCE ( '�κ�', '', #3032, .NOT_KNOWN. ) ;
#2991 = AXIS2_PLACEMENT_3D ( 'NONE', #5172, #5161, #5167 ) ;
#2992 = STYLED_ITEM ( 'NONE', ( #3215 ), #2344 ) ;
#2993 = AXIS2_PLACEMENT_3D ( 'NONE', #5244, #5267, #5219 ) ;
#2994 = AXIS2_PLACEMENT_3D ( 'NONE', #5174, #5141, #5183 ) ;
#2995 = PRESENTATION_LAYER_ASSIGNMENT (  '', '', ( #2992 ) ) ;
#2996 = AXIS2_PLACEMENT_3D ( 'NONE', #5121, #5123, #5152 ) ;
#2997 = STYLED_ITEM ( 'NONE', ( #3217 ), #2329 ) ;
#2998 = PRESENTATION_LAYER_ASSIGNMENT (  '', '', ( #2997 ) ) ;
#2999 = AXIS2_PLACEMENT_3D ( 'NONE', #5132, #5159, #5139 ) ;
#3000 = AXIS2_PLACEMENT_3D ( 'NONE', #5202, #5248, #5226 ) ;
#3001 = STYLED_ITEM ( 'NONE', ( #3230 ), #2334 ) ;
#3002 = AXIS2_PLACEMENT_3D ( 'NONE', #5163, #5165, #5131 ) ;
#3003 = AXIS2_PLACEMENT_3D ( 'NONE', #5217, #5246, #5265 ) ;
#3004 = AXIS2_PLACEMENT_3D ( 'NONE', #5127, #5129, #5157 ) ;
#3005 = AXIS2_PLACEMENT_3D ( 'NONE', #5212, #5201, #5283 ) ;
#3006 = PRESENTATION_LAYER_ASSIGNMENT (  '', '', ( #3001 ) ) ;
#3007 = AXIS2_PLACEMENT_3D ( 'NONE', #5272, #5193, #5197 ) ;
#3008 =( GEOMETRIC_REPRESENTATION_CONTEXT ( 3 ) GLOBAL_UNCERTAINTY_ASSIGNED_CONTEXT ( ( #2335 ) ) GLOBAL_UNIT_ASSIGNED_CONTEXT ( ( #5325, #5380, #5285 ) ) REPRESENTATION_CONTEXT ( 'NONE', 'WORKASPACE' ) );
#3009 = AXIS2_PLACEMENT_3D ( 'NONE', #5353, #5355, #5366 ) ;
#3010 = PRODUCT_DEFINITION ( 'δ֪', '', #3013, #3030 ) ;
#3011 = AXIS2_PLACEMENT_3D ( 'NONE', #5357, #5291, #5314 ) ;
#3012 = AXIS2_PLACEMENT_3D ( 'NONE', #5114, #5155, #5106 ) ;
#3013 = PRODUCT_DEFINITION_FORMATION_WITH_SPECIFIED_SOURCE ( '�κ�', '', #3031, .NOT_KNOWN. ) ;
#3014 = MECHANICAL_DESIGN_GEOMETRIC_PRESENTATION_REPRESENTATION (  '', ( #2997 ), #2981 ) ;
#3015 = PRODUCT_RELATED_PRODUCT_CATEGORY ( 'part', '', ( #3032 ) ) ;
#3016 = PRODUCT_DEFINITION_FORMATION_WITH_SPECIFIED_SOURCE ( '�κ�', '', #3034, .NOT_KNOWN. ) ;
#3017 = PRODUCT_RELATED_PRODUCT_CATEGORY ( 'part', '', ( #3033 ) ) ;
#3018 = PRODUCT_RELATED_PRODUCT_CATEGORY ( 'part', '', ( #3034 ) ) ;
#3019 = PRODUCT_DEFINITION_FORMATION_WITH_SPECIFIED_SOURCE ( '�κ�', '', #3033, .NOT_KNOWN. ) ;
#3020 = PRODUCT_DEFINITION_SHAPE ( 'NONE', 'NONE',  #5742 ) ;
#3021 = PRODUCT_DEFINITION_SHAPE ( 'NONE', 'NONE',  #2980 ) ;
#3022 = PRODUCT_DEFINITION_SHAPE ( 'NONE', 'NONE',  #2982 ) ;
#3023 = PRODUCT_DEFINITION_CONTEXT ( 'detailed design', #5329, 'design' ) ;
#3024 = PRODUCT_DEFINITION_CONTEXT ( 'detailed design', #5296, 'design' ) ;
#3025 = PRODUCT_DEFINITION_SHAPE ( 'NONE', 'NONE',  #2987 ) ;
#3026 = PRODUCT_DEFINITION_SHAPE ( 'NONE', 'NONE',  #5743 ) ;
#3027 = PRODUCT_DEFINITION_SHAPE ( 'NONE', 'NONE',  #3010 ) ;
#3028 = PRODUCT_DEFINITION_SHAPE ( 'NONE', 'NONE',  #5741 ) ;
#3029 = PRODUCT_DEFINITION_CONTEXT ( 'detailed design', #5378, 'design' ) ;
#3030 = PRODUCT_DEFINITION_CONTEXT ( 'detailed design', #5361, 'design' ) ;
#3031 = PRODUCT ( 'CXHN-D30-d5-e5', 'CXHN-D30-d5-e5', '', ( #5359 ) ) ;
#3032 = PRODUCT ( '����2^1756457206259', '����2^1756457206259', '', ( #5327 ) ) ;
#3033 = PRODUCT ( '����1^1756457206259', '����1^1756457206259', '', ( #5383 ) ) ;
#3034 = PRODUCT ( '���ڻ�^1756457206259', '���ڻ�^1756457206259', '', ( #5382 ) ) ;
#3035 = B_SPLINE_SURFACE_WITH_KNOTS ( 'NONE', 1, 3, ( 
 ( #1415, #1407, #1419, #1420, #1436, #1422, #1423, #1445, #1439, #1425, #1426, #1440, #1446, #1447, #1402, #1427, #1429, #1434, #1448, #1450, #1451, #1452, #1401, #1492, #1503, #1507, #1512, #1491, #1462, #1500, #1502, #1493, #1470, #1464, #1477, #1508, #1509, #1504, #1468, #1476, #1463, #1506, #1513, #1460, #1471, #1457, #1465, #1494, #1481, #1454, #1498, #1473, #1472, #1467, #1505, #1495, #1499, #1488, #1496, #1497, #1501, #1510, #1511, #1458, #1455, #1474, #1475, #1456, #1459, #1461, #1478, #1466, #1469, #1479, #1489, #1487, #1480, #1482, #1483, #1490, #1484, #1485, #1486, #1526, #1514, #1515, #1516, #1519, #1524, #1527, #1528, #1517, #1518, #1523, #1522, #1520, #1521, #1525, #1544, #1566, #1558, #1545, #1562, #1546, #1555, #1551, #1537, #1560, #1540, #1575, #1563, #1541, #1572, #1538, #1561, #1576, #1553, #1570, #1571, #1530, #1531, #1564, #1547, #1548, #1542, #1569, #1565, #1567, #1539, #1534, #1543, #1532, #1559, #1549, #1533, #1568, #1573, #1535, #1536, #1574, #1577, #1529, #1550, #1552, #1554, #1556, #1557, #1594, #1598, #1606, #1599, #1613, #1623, #1627, #1631, #1612, #1585, #1620, #1622, #1614, #1593, #1587, #1600, #1628, #1629, #1624, #1591, #1601, #1586, #1626, #1632, #1583, #1595, #1581, #1588, #1615, #1603, #1633, #1619, #1596, #1597, #1590, #1625, #1616, #1621, #1609, #1617, #1618, #1630, #1578, #1579, #1582, #1580, #1602, #1604, #1584, #1589, #1592, #1605, #1607, #1608, #1610, #1611, #1664, #1650, #1657, #1670, #1665, #1643, #1659, #1661, #1679, #1690, #1634, #1641, #1658, #1674, #1682, #1683, #1686, #1687, #1668 ),
 ( #1653, #1671, #1655, #1663, #1660, #1644, #1672, #1647, #1689, #1673, #1648, #1688, #1645, #1675, #1691, #1662, #1684, #1685, #1635, #1636, #1676, #1652, #1654, #1649, #1637, #1677, #1678, #1646, #1639, #1651, #1638, #1667, #1656, #1640, #1681, #1669, #1642, #1666, #1680, #1732, #1747, #1693, #1695, #1696, #1705, #1715, #1709, #1713, #1721, #1714, #1730, #1742, #1746, #1752, #1729, #1700, #1739, #1741, #1731, #1708, #1702, #1716, #1748, #1749, #1743, #1706, #1717, #1701, #1745, #1753, #1698, #1710, #1697, #1703, #1733, #1718, #1754, #1737, #1711, #1712, #1707, #1744, #1734, #1738, #1726, #1735, #1736, #1740, #1750, #1751, #1699, #1692, #1719, #1720, #1694, #1704, #1722, #1723, #1724, #1725, #1727, #1728, #1788, #1772, #1779, #1795, #1789, #1765, #1782, #1785, #1805, #1817, #1755, #1763, #1780, #1800, #1808, #1809, #1813, #1814, #1793, #1791, #1806, #1777, #1760, #1774, #1803, #1794, #1775, #1797, #1778, #1787, #1783, #1766, #1796, #1769, #1816, #1798, #1770, #1815, #1767, #1799, #1818, #1786, #1810, #1811, #1756, #1757, #1801, #1776, #1781, #1771, #1812, #1802, #1804, #1768, #1761, #1773, #1758, #1792, #1784, #1759, #1807, #1762, #1764, #1790, #1857, #1858, #1873, #1820, #1822, #1823, #1831, #1841, #1835, #1839, #1848, #1840, #1856, #1868, #1872, #1878, #1855, #1827, #1865, #1867, #1859, #1834, #1829, #1842, #1874, #1875, #1869, #1832, #1843, #1828, #1871, #1879, #1825, #1836, #1824, #1830, #1860, #1845, #1880, #1863, #1837, #1838, #1833, #1870, #1861, #1864, #1852, #1862, #1866, #1876, #1877, #1819, #1826, #1821, #1844, #1846 ) ),
 .UNSPECIFIED., .F., .T., .F.,
 ( 2, 2 ),
 ( 4, 2, 2, 2, 2, 2, 2, 2, 2, 2, 2, 2, 2, 2, 2, 2, 2, 2, 2, 2, 2, 2, 2, 2, 2, 2, 2, 2, 2, 2, 2, 2, 2, 2, 2, 2, 2, 2, 2, 2, 2, 2, 2, 2, 2, 2, 2, 2, 2, 2, 2, 2, 2, 2, 2, 2, 2, 2, 2, 2, 2, 2, 2, 2, 2, 2, 2, 2, 2, 2, 2, 2, 2, 2, 2, 2, 2, 2, 2, 2, 2, 2, 2, 2, 2, 2, 2, 2, 2, 2, 2, 2, 2, 2, 2, 2, 2, 2, 2, 2, 2, 2, 2, 2, 2, 2, 2, 2, 2, 2, 4 ),
 ( 0.0000000000000000000, 1.000000000000000000 ),
 ( 0.0004661684359454371800, 0.0005651966095903259300, 0.0006642247832352147900, 0.0007632529568801036500, 0.0008622811305249924100, 0.001060337477814770100, 0.001159365651459658900, 0.001258393825104547600, 0.001357421998749436400, 0.001456450172394325100, 0.001555478346039214100, 0.001654506519684102900, 0.001852562866973880600, 0.001951591040618769300, 0.002001105127441213800, 0.002050619214263658100, 0.002149647387908546600, 0.002248675561553435600, 0.002446731908843213100, 0.002644788256132991000, 0.002694302342955435300, 0.002743816429777879600, 0.002842844603422768500, 0.002941872777067657500, 0.003040900950712546000, 0.003139929124357435000, 0.003238957298002324000, 0.003337985471647212500, 0.003437013645292101500, 0.003536041818936990500, 0.003635069992581879000, 0.003833126339871656500, 0.003932154513516545500, 0.004031182687161434000, 0.004130210860806322500, 0.004229239034451211900, 0.004427295381740989000, 0.004526323555385878400, 0.004625351729030766900, 0.004724379902675655500, 0.004823408076320544900, 0.005021464423610322000, 0.005219520770900099900, 0.005417577118189877800, 0.005615633465479654900, 0.005813689812769432800, 0.006011746160059210800, 0.006110774333704099300, 0.006209802507348987900, 0.006308830680993877300, 0.006407858854638765800, 0.006506887028283654300, 0.006605915201928543700, 0.006704943375573432300, 0.006803971549218320800, 0.007002027896508098700, 0.007101056070152987300, 0.007200084243797876700, 0.007299112417442765200, 0.007398140591087653700, 0.007497168764732543200, 0.007596196938377431700, 0.007695225112022320200, 0.007794253285667209600, 0.007893281459312097300, 0.007942795546134542900, 0.007992309632956986700, 0.008190365980246763800, 0.008388422327536542600, 0.008487450501181430200, 0.008586478674826319600, 0.008685506848471209000, 0.008784535022116096700, 0.008982591369405875500, 0.009081619543050763200, 0.009180647716695652600, 0.009279675890340542000, 0.009378704063985429700, 0.009477732237630319100, 0.009576760411275208500, 0.009774816758564985500, 0.009873844932209874900, 0.009972873105854762600, 0.01007190127949965000, 0.01017092945314454000, 0.01036898580043431700, 0.01056704214772409600, 0.01061655623454653900, 0.01066607032136898300, 0.01076509849501387300, 0.01086412666865876200, 0.01096315484230365000, 0.01106218301594853900, 0.01116121118959342900, 0.01126023936323831600, 0.01135926753688320600, 0.01145829571052809500, 0.01155732388417298300, 0.01175538023146276100, 0.01185440840510764900, 0.01195343657875253900, 0.01205246475239742800, 0.01215149292604231600, 0.01234954927333209400, 0.01244857744697698200, 0.01254760562062187100, 0.01264663379426676100, 0.01269614788108920500, 0.01274566196791164900, 0.01294371831520142700, 0.01314177466249120400 ),
 .UNSPECIFIED. ) ;
#3036 = B_SPLINE_SURFACE_WITH_KNOTS ( 'NONE', 1, 3, ( 
 ( #1888, #1941, #1904, #1916, #1913, #1898, #1905, #1920, #1914, #1891, #1907, #1910, #1930, #1942, #1881, #1890, #1906, #1925, #1932, #1933, #1937, #1938, #1918, #1917, #1931, #1903, #1886, #1900, #1928, #1919, #1901, #1922, #1908, #1912, #1909, #1892, #1921, #1895, #1940, #1923, #1896, #1939, #1893, #1924, #1882, #1911, #1934, #1935, #1883, #1884, #1926, #1902, #1915, #1897, #1936, #1927, #1929, #1894, #1887, #1899, #1885, #1980, #1961, #1945, #1995, #1982, #1951, #1949, #1983, #1984, #1999, #1944, #1946, #1947, #1956, #1966, #1960, #1964, #1973, #1965, #1985, #1994, #1998, #2004, #1981, #1952, #1991, #1993, #1986, #1959, #1953, #1967, #2000, #2001, #1996, #1957, #1968, #1954, #1997, #2005, #1950, #1962, #1948, #1955, #1987, #1970, #1958, #1963, #1988, #1989, #1969, #2002, #1990, #1992, #1978, #2003, #2006, #1943, #1971, #1972, #1974, #1975, #1976, #1977, #1979, #2063, #2008, #2024, #2014, #2069, #2030, #2043, #2040, #2025, #2031, #2047, #2041, #2017, #2034, #2037, #2057, #2070, #2007, #2015, #2032, #2052, #2060, #2061, #2065, #2066, #2045, #2044, #2058, #2029, #2012, #2026, #2055, #2046, #2027, #2049, #2033, #2039, #2035, #2018, #2048, #2021, #2068, #2050, #2022, #2067, #2019, #2051, #2009, #2038, #2062, #2064, #2010, #2011, #2053, #2028, #2036, #2023, #2013, #2054, #2056, #2020, #2016, #2042, #2059, #2108, #2089, #2073, #2123, #2110, #2079, #2077, #2111, #2112, #2127, #2072, #2074, #2075, #2084, #2094, #2088, #2092, #2101, #2093, #2113, #2122, #2126, #2132, #2109, #2080, #2119, #2121, #2114, #2087, #2081, #2095, #2128, #2129 ),
 ( #2103, #2083, #2115, #2078, #2116, #2082, #2106, #2099, #2120, #2105, #2098, #2117, #2133, #2085, #2118, #2107, #2086, #2090, #2124, #2125, #2130, #2131, #2096, #2076, #2134, #2071, #2091, #2097, #2104, #2100, #2102, #2159, #2189, #2150, #2177, #2191, #2175, #2151, #2165, #2193, #2135, #2169, #2196, #2162, #2190, #2154, #2194, #2166, #2192, #2149, #2167, #2198, #2185, #2179, #2139, #2136, #2156, #2140, #2168, #2152, #2137, #2138, #2153, #2158, #2155, #2163, #2157, #2195, #2186, #2197, #2164, #2141, #2142, #2146, #2187, #2174, #2160, #2180, #2145, #2143, #2147, #2188, #2161, #2144, #2170, #2148, #2171, #2172, #2173, #2176, #2178, #2181, #2182, #2183, #2184, #2206, #2225, #2255, #2241, #2200, #2214, #2207, #2229, #2231, #2232, #2236, #2239, #2220, #2224, #2227, #2228, #2235, #2233, #2259, #2215, #2245, #2218, #2238, #2226, #2234, #2256, #2249, #2216, #2201, #2202, #2217, #2254, #2208, #2230, #2210, #2237, #2204, #2242, #2209, #2240, #2243, #2246, #2244, #2247, #2248, #2258, #2211, #2250, #2251, #2212, #2213, #2252, #2253, #2257, #2199, #2203, #2219, #2205, #2221, #2222, #2223, #1096, #1104, #1111, #1088, #1118, #1079, #1106, #1120, #1105, #1080, #1094, #1122, #1064, #1098, #1125, #1091, #1119, #1083, #1123, #1095, #1121, #1078, #1097, #1127, #1114, #1108, #1068, #1065, #1085, #1069, #1099, #1081, #1066, #1067, #1082, #1087, #1084, #1092, #1086, #1124, #1115, #1126, #1093, #1070, #1071, #1075, #1116, #1103, #1089, #1109, #1074, #1072, #1076, #1117, #1090, #1073, #1100, #1077, #1101, #1102, #1107, #1110, #1112, #1113, #1152, #1162 ) ),
 .UNSPECIFIED., .F., .T., .F.,
 ( 2, 2 ),
 ( 4, 2, 2, 2, 2, 2, 2, 2, 2, 2, 2, 2, 2, 2, 2, 2, 2, 2, 2, 2, 2, 2, 2, 2, 2, 2, 2, 2, 2, 2, 2, 2, 2, 2, 2, 2, 2, 2, 2, 2, 2, 2, 2, 2, 2, 2, 2, 2, 2, 2, 2, 2, 2, 2, 2, 2, 2, 2, 2, 2, 2, 2, 2, 2, 2, 2, 2, 2, 2, 2, 2, 2, 2, 2, 2, 2, 2, 2, 2, 2, 2, 2, 2, 2, 2, 2, 2, 2, 2, 2, 2, 2, 2, 2, 2, 2, 2, 2, 2, 2, 2, 2, 2, 2, 2, 2, 2, 2, 2, 2, 4 ),
 ( 0.0000000000000000000, 1.000000000000000000 ),
 ( 0.0004661684359454371800, 0.0005651966095903259300, 0.0006642247832352147900, 0.0007632529568801036500, 0.0008622811305249924100, 0.001060337477814770100, 0.001159365651459658900, 0.001258393825104547600, 0.001357421998749436400, 0.001456450172394325100, 0.001555478346039214100, 0.001654506519684102900, 0.001852562866973880600, 0.001951591040618769300, 0.002001105127441213800, 0.002050619214263658100, 0.002149647387908546600, 0.002248675561553435600, 0.002446731908843213100, 0.002644788256132991000, 0.002694302342955435300, 0.002743816429777879600, 0.002842844603422768500, 0.002941872777067657500, 0.003040900950712546000, 0.003139929124357435000, 0.003238957298002324000, 0.003337985471647212500, 0.003437013645292101500, 0.003536041818936990500, 0.003635069992581879000, 0.003833126339871656500, 0.003932154513516545500, 0.004031182687161434000, 0.004130210860806322500, 0.004229239034451211900, 0.004427295381740989000, 0.004526323555385878400, 0.004625351729030766900, 0.004724379902675655500, 0.004823408076320544900, 0.005021464423610322000, 0.005219520770900099900, 0.005417577118189877800, 0.005615633465479654900, 0.005813689812769432800, 0.006011746160059210800, 0.006110774333704099300, 0.006209802507348987900, 0.006308830680993877300, 0.006407858854638765800, 0.006506887028283654300, 0.006605915201928543700, 0.006704943375573432300, 0.006803971549218320800, 0.007002027896508098700, 0.007101056070152987300, 0.007200084243797876700, 0.007299112417442765200, 0.007398140591087653700, 0.007497168764732543200, 0.007596196938377431700, 0.007695225112022320200, 0.007794253285667209600, 0.007893281459312097300, 0.007942795546134542900, 0.007992309632956986700, 0.008190365980246763800, 0.008388422327536542600, 0.008487450501181430200, 0.008586478674826319600, 0.008685506848471209000, 0.008784535022116096700, 0.008982591369405875500, 0.009081619543050763200, 0.009180647716695652600, 0.009279675890340542000, 0.009378704063985429700, 0.009477732237630319100, 0.009576760411275208500, 0.009774816758564985500, 0.009873844932209874900, 0.009972873105854762600, 0.01007190127949965000, 0.01017092945314454000, 0.01036898580043431700, 0.01056704214772409600, 0.01061655623454653900, 0.01066607032136898300, 0.01076509849501387300, 0.01086412666865876200, 0.01096315484230365000, 0.01106218301594853900, 0.01116121118959342900, 0.01126023936323831600, 0.01135926753688320600, 0.01145829571052809500, 0.01155732388417298300, 0.01175538023146276100, 0.01185440840510764900, 0.01195343657875253900, 0.01205246475239742800, 0.01215149292604231600, 0.01234954927333209400, 0.01244857744697698200, 0.01254760562062187100, 0.01264663379426676100, 0.01269614788108920500, 0.01274566196791164900, 0.01294371831520142700, 0.01314177466249120400 ),
 .UNSPECIFIED. ) ;
#3037 = CYLINDRICAL_SURFACE ( 'NONE', #2921, 12.74999999999999800 ) ;
#3038 = FACE_OUTER_BOUND ( 'NONE', #4940, .T. ) ;
#3039 = FACE_OUTER_BOUND ( 'NONE', #4935, .T. ) ;
#3040 = FACE_OUTER_BOUND ( 'NONE', #4933, .T. ) ;
#3041 = CYLINDRICAL_SURFACE ( 'NONE', #2906, 12.74999999999999100 ) ;
#3042 = FACE_OUTER_BOUND ( 'NONE', #4946, .T. ) ;
#3043 = FACE_OUTER_BOUND ( 'NONE', #4952, .T. ) ;
#3044 = CONICAL_SURFACE ( 'NONE', #2892, 4.499999999999999100, 0.7853981633974447300 ) ;
#3045 = FACE_OUTER_BOUND ( 'NONE', #5151, .T. ) ;
#3046 = CONICAL_SURFACE ( 'NONE', #2867, 12.74999999999999600, 0.7853981633974552700 ) ;
#3047 = CONICAL_SURFACE ( 'NONE', #2887, 14.74999999999999600, 0.7853981633974482800 ) ;
#3048 = FACE_OUTER_BOUND ( 'NONE', #5113, .T. ) ;
#3049 = FACE_OUTER_BOUND ( 'NONE', #5103, .T. ) ;
#3050 = FACE_BOUND ( 'NONE', #4959, .T. ) ;
#3051 = FACE_OUTER_BOUND ( 'NONE', #5042, .T. ) ;
#3052 = FACE_OUTER_BOUND ( 'NONE', #5028, .T. ) ;
#3053 = CONICAL_SURFACE ( 'NONE', #2905, 4.750000000000004400, 0.7853981633974447300 ) ;
#3054 = CONICAL_SURFACE ( 'NONE', #2889, 6.299999999999998900, 0.7853981633974500600 ) ;
#3055 = CYLINDRICAL_SURFACE ( 'NONE', #2877, 1.500000000000001300 ) ;
#3056 = CYLINDRICAL_SURFACE ( 'NONE', #2910, 6.299999999999998000 ) ;
#3057 = FACE_OUTER_BOUND ( 'NONE', #5093, .T. ) ;
#3058 = CYLINDRICAL_SURFACE ( 'NONE', #2880, 12.75000000000000400 ) ;
#3059 = CYLINDRICAL_SURFACE ( 'NONE', #2869, 15.00000000000000000 ) ;
#3060 = FACE_OUTER_BOUND ( 'NONE', #5107, .T. ) ;
#3061 = CYLINDRICAL_SURFACE ( 'NONE', #2907, 1.720000000000000000 ) ;
#3062 = CONICAL_SURFACE ( 'NONE', #2868, 6.299999999999998900, 0.7853981633974500600 ) ;
#3063 = FACE_OUTER_BOUND ( 'NONE', #5168, .T. ) ;
#3064 = FACE_OUTER_BOUND ( 'NONE', #5094, .T. ) ;
#3065 = FACE_OUTER_BOUND ( 'NONE', #5057, .T. ) ;
#3066 = CYLINDRICAL_SURFACE ( 'NONE', #2908, 15.00000000000000000 ) ;
#3067 = FACE_OUTER_BOUND ( 'NONE', #4930, .T. ) ;
#3068 = FACE_OUTER_BOUND ( 'NONE', #5000, .T. ) ;
#3069 = CYLINDRICAL_SURFACE ( 'NONE', #2890, 12.74999999999998900 ) ;
#3070 = CYLINDRICAL_SURFACE ( 'NONE', #2912, 12.74999999999999600 ) ;
#3071 = CONICAL_SURFACE ( 'NONE', #2904, 12.74999999999998900, 0.7853981633974517200 ) ;
#3072 = FACE_OUTER_BOUND ( 'NONE', #4927, .T. ) ;
#3073 = FACE_OUTER_BOUND ( 'NONE', #4966, .T. ) ;
#3074 = FACE_OUTER_BOUND ( 'NONE', #5032, .T. ) ;
#3075 = CYLINDRICAL_SURFACE ( 'NONE', #2914, 12.74999999999999800 ) ;
#3076 = CONICAL_SURFACE ( 'NONE', #2883, 4.750000000000004400, 0.7853981633974447300 ) ;
#3077 = CONICAL_SURFACE ( 'NONE', #2888, 12.50000000000000400, 0.7853981633974447300 ) ;
#3078 = FACE_OUTER_BOUND ( 'NONE', #4991, .T. ) ;
#3079 = FACE_OUTER_BOUND ( 'NONE', #4937, .T. ) ;
#3080 = CYLINDRICAL_SURFACE ( 'NONE', #2911, 12.75000000000000200 ) ;
#3081 = CONICAL_SURFACE ( 'NONE', #2872, 12.74999999999999800, 0.7853981633974517200 ) ;
#3082 = CONICAL_SURFACE ( 'NONE', #2902, 12.49999999999999600, 0.7853981633974482800 ) ;
#3083 = FACE_OUTER_BOUND ( 'NONE', #4954, .T. ) ;
#3084 = FACE_OUTER_BOUND ( 'NONE', #5005, .T. ) ;
#3085 = FACE_OUTER_BOUND ( 'NONE', #4938, .T. ) ;
#3086 = FACE_OUTER_BOUND ( 'NONE', #4963, .T. ) ;
#3087 = FACE_OUTER_BOUND ( 'NONE', #5016, .T. ) ;
#3088 = FACE_OUTER_BOUND ( 'NONE', #4964, .T. ) ;
#3089 = CONICAL_SURFACE ( 'NONE', #2898, 6.050000000000001600, 0.7853981633974466100 ) ;
#3090 = FACE_OUTER_BOUND ( 'NONE', #5221, .T. ) ;
#3091 = FACE_OUTER_BOUND ( 'NONE', #4929, .T. ) ;
#3092 = FACE_OUTER_BOUND ( 'NONE', #5116, .T. ) ;
#3093 = FACE_OUTER_BOUND ( 'NONE', #5075, .T. ) ;
#3094 = FACE_OUTER_BOUND ( 'NONE', #5014, .T. ) ;
#3095 = FACE_BOUND ( 'NONE', #4934, .T. ) ;
#3096 = CONICAL_SURFACE ( 'NONE', #2913, 15.00000000000000000, 0.7853981633974482800 ) ;
#3097 = CYLINDRICAL_SURFACE ( 'NONE', #2893, 4.499999999999999100 ) ;
#3098 = FACE_OUTER_BOUND ( 'NONE', #5173, .T. ) ;
#3099 = FACE_OUTER_BOUND ( 'NONE', #5024, .T. ) ;
#3100 = FACE_BOUND ( 'NONE', #4876, .T. ) ;
#3101 = FACE_OUTER_BOUND ( 'NONE', #5077, .T. ) ;
#3102 = CONICAL_SURFACE ( 'NONE', #2923, 4.499999999999999100, 0.7853981633974447300 ) ;
#3103 = FACE_OUTER_BOUND ( 'NONE', #5069, .T. ) ;
#3104 = CYLINDRICAL_SURFACE ( 'NONE', #2927, 6.299999999999998900 ) ;
#3105 = CONICAL_SURFACE ( 'NONE', #2925, 12.49999999999999800, 0.7853981633974482800 ) ;
#3106 = FACE_OUTER_BOUND ( 'NONE', #5207, .T. ) ;
#3107 = FACE_OUTER_BOUND ( 'NONE', #5148, .T. ) ;
#3108 = CYLINDRICAL_SURFACE ( 'NONE', #2934, 1.720000000000000000 ) ;
#3109 = CONICAL_SURFACE ( 'NONE', #2926, 14.74999999999998600, 0.7853981633974482800 ) ;
#3110 = FACE_OUTER_BOUND ( 'NONE', #5064, .T. ) ;
#3111 = FACE_OUTER_BOUND ( 'NONE', #5089, .T. ) ;
#3112 = CYLINDRICAL_SURFACE ( 'NONE', #2941, 1.720000000000000000 ) ;
#3113 = FACE_OUTER_BOUND ( 'NONE', #5019, .T. ) ;
#3114 = CONICAL_SURFACE ( 'NONE', #2938, 12.49999999999999300, 0.7853981633974447300 ) ;
#3115 = FACE_BOUND ( 'NONE', #5086, .T. ) ;
#3116 = FACE_OUTER_BOUND ( 'NONE', #5150, .T. ) ;
#3117 = CYLINDRICAL_SURFACE ( 'NONE', #2948, 12.74999999999999300 ) ;
#3118 = CYLINDRICAL_SURFACE ( 'NONE', #2946, 1.500000000000000400 ) ;
#3119 = CONICAL_SURFACE ( 'NONE', #2917, 15.00000000000000000, 0.7853981633974482800 ) ;
#3120 = FACE_OUTER_BOUND ( 'NONE', #5180, .T. ) ;
#3121 = FACE_OUTER_BOUND ( 'NONE', #4996, .T. ) ;
#3122 = CONICAL_SURFACE ( 'NONE', #2940, 14.40000000000000900, 0.7853981633974482800 ) ;
#3123 = FACE_OUTER_BOUND ( 'NONE', #4981, .T. ) ;
#3124 = FACE_OUTER_BOUND ( 'NONE', #5137, .T. ) ;
#3125 = FACE_OUTER_BOUND ( 'NONE', #5185, .T. ) ;
#3126 = FACE_OUTER_BOUND ( 'NONE', #4970, .T. ) ;
#3127 = FACE_OUTER_BOUND ( 'NONE', #5146, .T. ) ;
#3128 = CYLINDRICAL_SURFACE ( 'NONE', #2947, 1.720000000000000000 ) ;
#3129 = FACE_OUTER_BOUND ( 'NONE', #5056, .T. ) ;
#3130 = CYLINDRICAL_SURFACE ( 'NONE', #2949, 6.299999999999998900 ) ;
#3131 = FACE_OUTER_BOUND ( 'NONE', #5090, .T. ) ;
#3132 = FACE_OUTER_BOUND ( 'NONE', #5082, .T. ) ;
#3133 = FACE_OUTER_BOUND ( 'NONE', #5031, .T. ) ;
#3134 = FACE_OUTER_BOUND ( 'NONE', #5048, .T. ) ;
#3135 = CONICAL_SURFACE ( 'NONE', #2918, 6.299999999999998000, 0.7853981633974500600 ) ;
#3136 = CONICAL_SURFACE ( 'NONE', #2920, 14.40000000000000900, 0.7853981633974482800 ) ;
#3137 = FACE_OUTER_BOUND ( 'NONE', #4974, .T. ) ;
#3138 = CONICAL_SURFACE ( 'NONE', #2933, 14.40000000000000900, 0.7853981633974482800 ) ;
#3139 = FACE_OUTER_BOUND ( 'NONE', #5134, .T. ) ;
#3140 = FACE_OUTER_BOUND ( 'NONE', #5205, .T. ) ;
#3141 = FACE_OUTER_BOUND ( 'NONE', #5033, .T. ) ;
#3142 = FACE_OUTER_BOUND ( 'NONE', #5182, .T. ) ;
#3143 = FACE_OUTER_BOUND ( 'NONE', #5101, .T. ) ;
#3144 = FACE_OUTER_BOUND ( 'NONE', #5188, .T. ) ;
#3145 = CYLINDRICAL_SURFACE ( 'NONE', #2944, 6.299999999999998000 ) ;
#3146 = CYLINDRICAL_SURFACE ( 'NONE', #2962, 12.74999999999991500 ) ;
#3147 = FACE_BOUND ( 'NONE', #5029, .T. ) ;
#3148 = CONICAL_SURFACE ( 'NONE', #2936, 12.75000000000000200, 0.7853981633974517200 ) ;
#3149 = CYLINDRICAL_SURFACE ( 'NONE', #2943, 12.74999999999999600 ) ;
#3150 = FACE_OUTER_BOUND ( 'NONE', #5084, .T. ) ;
#3151 = FACE_OUTER_BOUND ( 'NONE', #5170, .T. ) ;
#3152 = FACE_BOUND ( 'NONE', #5160, .T. ) ;
#3153 = FACE_OUTER_BOUND ( 'NONE', #5081, .T. ) ;
#3154 = FACE_OUTER_BOUND ( 'NONE', #5035, .T. ) ;
#3155 = FACE_OUTER_BOUND ( 'NONE', #5144, .T. ) ;
#3156 = CYLINDRICAL_SURFACE ( 'NONE', #2966, 12.74999999999992700 ) ;
#3157 = FACE_OUTER_BOUND ( 'NONE', #4977, .T. ) ;
#3158 = FACE_OUTER_BOUND ( 'NONE', #5097, .T. ) ;
#3159 = CYLINDRICAL_SURFACE ( 'NONE', #2964, 1.499999999999999600 ) ;
#3160 = CONICAL_SURFACE ( 'NONE', #2928, 12.49999999999999600, 0.7853981633974482800 ) ;
#3161 = FACE_OUTER_BOUND ( 'NONE', #5215, .T. ) ;
#3162 = CONICAL_SURFACE ( 'NONE', #2931, 6.050000000000001600, 0.7853981633974466100 ) ;
#3163 = FACE_OUTER_BOUND ( 'NONE', #5143, .T. ) ;
#3164 = CYLINDRICAL_SURFACE ( 'NONE', #2970, 1.720000000000000000 ) ;
#3165 = FACE_BOUND ( 'NONE', #5175, .T. ) ;
#3166 = FACE_OUTER_BOUND ( 'NONE', #5022, .T. ) ;
#3167 = CYLINDRICAL_SURFACE ( 'NONE', #2953, 1.720000000000000000 ) ;
#3168 = FACE_OUTER_BOUND ( 'NONE', #5115, .T. ) ;
#3169 = FACE_OUTER_BOUND ( 'NONE', #5072, .T. ) ;
#3170 = FACE_OUTER_BOUND ( 'NONE', #4936, .T. ) ;
#3171 = CYLINDRICAL_SURFACE ( 'NONE', #2984, 2.500000000000000900 ) ;
#3172 = FACE_OUTER_BOUND ( 'NONE', #5079, .T. ) ;
#3173 = FACE_OUTER_BOUND ( 'NONE', #5025, .T. ) ;
#3174 = FACE_OUTER_BOUND ( 'NONE', #5204, .T. ) ;
#3175 = FACE_OUTER_BOUND ( 'NONE', #4988, .T. ) ;
#3176 = CYLINDRICAL_SURFACE ( 'NONE', #2957, 6.299999999999998000 ) ;
#3177 = CONICAL_SURFACE ( 'NONE', #2960, 12.50000000000000500, 0.7853981633974482800 ) ;
#3178 = FACE_OUTER_BOUND ( 'NONE', #5018, .T. ) ;
#3179 = FACE_OUTER_BOUND ( 'NONE', #5138, .T. ) ;
#3180 = CYLINDRICAL_SURFACE ( 'NONE', #3005, 6.299999999999998000 ) ;
#3181 = FACE_OUTER_BOUND ( 'NONE', #5122, .T. ) ;
#3182 = CYLINDRICAL_SURFACE ( 'NONE', #2951, 15.00000000000000000 ) ;
#3183 = PRESENTATION_STYLE_ASSIGNMENT (( #5110 ) ) ;
#3184 = FACE_OUTER_BOUND ( 'NONE', #5162, .T. ) ;
#3185 = FACE_BOUND ( 'NONE', #5213, .T. ) ;
#3186 = SURFACE_STYLE_FILL_AREA ( #5098 ) ;
#3187 = FACE_BOUND ( 'NONE', #5060, .T. ) ;
#3188 = FACE_OUTER_BOUND ( 'NONE', #5158, .T. ) ;
#3189 = CYLINDRICAL_SURFACE ( 'NONE', #2954, 12.74999999999999300 ) ;
#3190 = CYLINDRICAL_SURFACE ( 'NONE', #3002, 15.00000000000000000 ) ;
#3191 = CONICAL_SURFACE ( 'NONE', #2994, 12.75000000000000200, 0.7853981633974517200 ) ;
#3192 = FACE_OUTER_BOUND ( 'NONE', #5126, .T. ) ;
#3193 = CONICAL_SURFACE ( 'NONE', #3000, 6.050000000000000700, 0.7853981633974466100 ) ;
#3194 = CYLINDRICAL_SURFACE ( 'NONE', #2993, 1.499999999999999600 ) ;
#3195 = FACE_BOUND ( 'NONE', #5149, .T. ) ;
#3196 = CONICAL_SURFACE ( 'NONE', #2996, 12.49999999999999600, 0.7853981633974482800 ) ;
#3197 = COLOUR_RGB ( '',1.000000000000000000, 1.000000000000000000, 1.000000000000000000 ) ;
#3198 = CONICAL_SURFACE ( 'NONE', #3004, 14.74999999999999500, 0.7853981633974517200 ) ;
#3199 = CONICAL_SURFACE ( 'NONE', #2967, 12.49999999999999100, 0.7853981633974482800 ) ;
#3200 = FACE_OUTER_BOUND ( 'NONE', #5109, .T. ) ;
#3201 = CYLINDRICAL_SURFACE ( 'NONE', #2985, 6.299999999999999800 ) ;
#3202 = FACE_OUTER_BOUND ( 'NONE', #4972, .T. ) ;
#3203 = FACE_OUTER_BOUND ( 'NONE', #5177, .T. ) ;
#3204 = FACE_OUTER_BOUND ( 'NONE', #5117, .T. ) ;
#3205 = CONICAL_SURFACE ( 'NONE', #3003, 14.74999999999998600, 0.7853981633974482800 ) ;
#3206 = FACE_OUTER_BOUND ( 'NONE', #5003, .T. ) ;
#3207 = CYLINDRICAL_SURFACE ( 'NONE', #2958, 15.00000000000000000 ) ;
#3208 = FACE_OUTER_BOUND ( 'NONE', #5111, .T. ) ;
#3209 = CYLINDRICAL_SURFACE ( 'NONE', #2989, 12.74999999999999300 ) ;
#3210 = FACE_OUTER_BOUND ( 'NONE', #5054, .T. ) ;
#3211 = FACE_OUTER_BOUND ( 'NONE', #5037, .T. ) ;
#3212 = FACE_OUTER_BOUND ( 'NONE', #5083, .T. ) ;
#3213 = SHAPE_REPRESENTATION_RELATIONSHIP ( 'NONE' , 'NONE' ,  #3229, #2329 ) ;
#3214 = COLOUR_RGB ( '',0.2509803921568627400, 0.2509803921568627400, 0.2509803921568627400 ) ;
#3215 = PRESENTATION_STYLE_ASSIGNMENT (( #5214 ) ) ;
#3216 = COLOUR_RGB ( '',0.2509803921568627400, 0.2509803921568627400, 0.2509803921568627400 ) ;
#3217 = PRESENTATION_STYLE_ASSIGNMENT (( #5229 ) ) ;
#3218 = SURFACE_STYLE_FILL_AREA ( #5274 ) ;
#3219 = SURFACE_STYLE_FILL_AREA ( #5237 ) ;
#3220 = CONICAL_SURFACE ( 'NONE', #3007, 14.74999999999998600, 0.7853981633974482800 ) ;
#3221 = SHAPE_REPRESENTATION_RELATIONSHIP ( 'NONE' , 'NONE' ,  #5740, #2344 ) ;
#3222 = SHAPE_REPRESENTATION_RELATIONSHIP ( 'NONE' , 'NONE' ,  #3227, #2334 ) ;
#3223 = CONTEXT_DEPENDENT_SHAPE_REPRESENTATION ( #5308, #3028 ) ;
#3224 = SHAPE_DEFINITION_REPRESENTATION ( #3025, #3227 ) ;
#3225 = COLOUR_RGB ( '',0.2509803921568627400, 0.2509803921568627400, 0.2509803921568627400 ) ;
#3226 = CONTEXT_DEPENDENT_SHAPE_REPRESENTATION ( #5310, #3020 ) ;
#3227 = SHAPE_REPRESENTATION ( '����2^1756457206259', ( #2973 ), #2972 ) ;
#3228 = ITEM_DEFINED_TRANSFORMATION ( 'NONE', 'NONE', #2979,  #2973 ) ;
#3229 = SHAPE_REPRESENTATION ( '���ڻ�^1756457206259', ( #2973 ), #2969 ) ;
#3230 = PRESENTATION_STYLE_ASSIGNMENT (( #5312 ) ) ;
#3231 = SHAPE_DEFINITION_REPRESENTATION ( #3027, #3237 ) ;
#3232 = SURFACE_STYLE_FILL_AREA ( #5339 ) ;
#3233 = SHAPE_DEFINITION_REPRESENTATION ( #3022, #3229 ) ;
#3234 = SHAPE_DEFINITION_REPRESENTATION ( #3021, #5740 ) ;
#3235 = ITEM_DEFINED_TRANSFORMATION ( 'NONE', 'NONE', #2976,  #2973 ) ;
#3236 = ITEM_DEFINED_TRANSFORMATION ( 'NONE', 'NONE', #3011,  #2973 ) ;
#3237 = SHAPE_REPRESENTATION ( 'CXHN-D30-d5-e5', ( #3009, #2976, #3011, #2979 ), #2978 ) ;
#3238 = CONTEXT_DEPENDENT_SHAPE_REPRESENTATION ( #5375, #3026 ) ;
#3239 = ORIENTED_EDGE ( 'NONE', *, *, #2498, .F. ) ;
#3240 = ORIENTED_EDGE ( 'NONE', *, *, #2593, .F. ) ;
#3241 = ORIENTED_EDGE ( 'NONE', *, *, #2523, .T. ) ;
#3242 = ORIENTED_EDGE ( 'NONE', *, *, #2509, .F. ) ;
#3243 = ORIENTED_EDGE ( 'NONE', *, *, #2526, .T. ) ;
#3244 = ORIENTED_EDGE ( 'NONE', *, *, #2580, .T. ) ;
#3245 = ORIENTED_EDGE ( 'NONE', *, *, #2504, .T. ) ;
#3246 = ORIENTED_EDGE ( 'NONE', *, *, #2540, .T. ) ;
#3247 = ORIENTED_EDGE ( 'NONE', *, *, #2513, .T. ) ;
#3248 = ORIENTED_EDGE ( 'NONE', *, *, #2569, .T. ) ;
#3249 = ORIENTED_EDGE ( 'NONE', *, *, #2509, .T. ) ;
#3250 = ORIENTED_EDGE ( 'NONE', *, *, #2553, .T. ) ;
#3251 = ORIENTED_EDGE ( 'NONE', *, *, #2508, .F. ) ;
#3252 = ORIENTED_EDGE ( 'NONE', *, *, #2605, .T. ) ;
#3253 = ORIENTED_EDGE ( 'NONE', *, *, #2501, .F. ) ;
#3254 = ORIENTED_EDGE ( 'NONE', *, *, #2602, .T. ) ;
#3255 = ORIENTED_EDGE ( 'NONE', *, *, #2548, .T. ) ;
#3256 = ORIENTED_EDGE ( 'NONE', *, *, #2584, .F. ) ;
#3257 = ORIENTED_EDGE ( 'NONE', *, *, #2543, .T. ) ;
#3258 = ORIENTED_EDGE ( 'NONE', *, *, #2549, .T. ) ;
#3259 = ORIENTED_EDGE ( 'NONE', *, *, #2576, .F. ) ;
#3260 = ORIENTED_EDGE ( 'NONE', *, *, #2497, .T. ) ;
#3261 = ORIENTED_EDGE ( 'NONE', *, *, #2542, .F. ) ;
#3262 = ORIENTED_EDGE ( 'NONE', *, *, #2538, .T. ) ;
#3263 = ORIENTED_EDGE ( 'NONE', *, *, #2537, .T. ) ;
#3264 = ORIENTED_EDGE ( 'NONE', *, *, #2572, .T. ) ;
#3265 = ORIENTED_EDGE ( 'NONE', *, *, #2604, .T. ) ;
#3266 = ORIENTED_EDGE ( 'NONE', *, *, #2592, .T. ) ;
#3267 = ORIENTED_EDGE ( 'NONE', *, *, #2578, .T. ) ;
#3268 = ORIENTED_EDGE ( 'NONE', *, *, #2565, .F. ) ;
#3269 = ORIENTED_EDGE ( 'NONE', *, *, #2566, .F. ) ;
#3270 = ORIENTED_EDGE ( 'NONE', *, *, #2566, .T. ) ;
#3271 = ORIENTED_EDGE ( 'NONE', *, *, #2573, .T. ) ;
#3272 = ORIENTED_EDGE ( 'NONE', *, *, #2599, .T. ) ;
#3273 = ORIENTED_EDGE ( 'NONE', *, *, #2608, .F. ) ;
#3274 = ORIENTED_EDGE ( 'NONE', *, *, #2520, .T. ) ;
#3275 = ORIENTED_EDGE ( 'NONE', *, *, #2548, .F. ) ;
#3276 = ORIENTED_EDGE ( 'NONE', *, *, #2521, .T. ) ;
#3277 = ORIENTED_EDGE ( 'NONE', *, *, #2599, .F. ) ;
#3278 = ORIENTED_EDGE ( 'NONE', *, *, #2508, .T. ) ;
#3279 = ORIENTED_EDGE ( 'NONE', *, *, #2594, .F. ) ;
#3280 = ORIENTED_EDGE ( 'NONE', *, *, #2513, .F. ) ;
#3281 = ORIENTED_EDGE ( 'NONE', *, *, #2525, .F. ) ;
#3282 = ORIENTED_EDGE ( 'NONE', *, *, #2592, .F. ) ;
#3283 = ORIENTED_EDGE ( 'NONE', *, *, #2579, .F. ) ;
#3284 = ORIENTED_EDGE ( 'NONE', *, *, #2529, .T. ) ;
#3285 = ORIENTED_EDGE ( 'NONE', *, *, #2515, .F. ) ;
#3286 = ORIENTED_EDGE ( 'NONE', *, *, #2538, .F. ) ;
#3287 = ORIENTED_EDGE ( 'NONE', *, *, #2517, .T. ) ;
#3288 = ORIENTED_EDGE ( 'NONE', *, *, #2555, .F. ) ;
#3289 = ORIENTED_EDGE ( 'NONE', *, *, #2510, .F. ) ;
#3290 = ORIENTED_EDGE ( 'NONE', *, *, #2523, .F. ) ;
#3291 = ORIENTED_EDGE ( 'NONE', *, *, #2560, .F. ) ;
#3292 = ORIENTED_EDGE ( 'NONE', *, *, #2645, .T. ) ;
#3293 = ORIENTED_EDGE ( 'NONE', *, *, #2572, .F. ) ;
#3294 = ORIENTED_EDGE ( 'NONE', *, *, #2550, .F. ) ;
#3295 = ORIENTED_EDGE ( 'NONE', *, *, #2561, .F. ) ;
#3296 = ORIENTED_EDGE ( 'NONE', *, *, #2604, .F. ) ;
#3297 = ORIENTED_EDGE ( 'NONE', *, *, #2607, .T. ) ;
#3298 = ORIENTED_EDGE ( 'NONE', *, *, #2499, .T. ) ;
#3299 = ORIENTED_EDGE ( 'NONE', *, *, #2498, .T. ) ;
#3300 = ORIENTED_EDGE ( 'NONE', *, *, #2529, .F. ) ;
#3301 = ORIENTED_EDGE ( 'NONE', *, *, #2575, .T. ) ;
#3302 = ORIENTED_EDGE ( 'NONE', *, *, #2585, .T. ) ;
#3303 = ORIENTED_EDGE ( 'NONE', *, *, #2605, .F. ) ;
#3304 = ORIENTED_EDGE ( 'NONE', *, *, #2545, .T. ) ;
#3305 = ORIENTED_EDGE ( 'NONE', *, *, #2501, .T. ) ;
#3306 = ORIENTED_EDGE ( 'NONE', *, *, #2579, .T. ) ;
#3307 = ORIENTED_EDGE ( 'NONE', *, *, #2517, .F. ) ;
#3308 = ORIENTED_EDGE ( 'NONE', *, *, #2514, .F. ) ;
#3309 = ORIENTED_EDGE ( 'NONE', *, *, #2574, .T. ) ;
#3310 = ORIENTED_EDGE ( 'NONE', *, *, #2666, .F. ) ;
#3311 = ORIENTED_EDGE ( 'NONE', *, *, #2644, .T. ) ;
#3312 = ORIENTED_EDGE ( 'NONE', *, *, #2651, .F. ) ;
#3313 = ORIENTED_EDGE ( 'NONE', *, *, #2652, .F. ) ;
#3314 = ORIENTED_EDGE ( 'NONE', *, *, #2646, .F. ) ;
#3315 = ORIENTED_EDGE ( 'NONE', *, *, #2666, .T. ) ;
#3316 = ORIENTED_EDGE ( 'NONE', *, *, #2613, .F. ) ;
#3317 = ORIENTED_EDGE ( 'NONE', *, *, #2632, .T. ) ;
#3318 = ORIENTED_EDGE ( 'NONE', *, *, #2651, .T. ) ;
#3319 = ORIENTED_EDGE ( 'NONE', *, *, #2601, .T. ) ;
#3320 = ORIENTED_EDGE ( 'NONE', *, *, #2515, .T. ) ;
#3321 = ORIENTED_EDGE ( 'NONE', *, *, #2507, .F. ) ;
#3322 = ORIENTED_EDGE ( 'NONE', *, *, #2543, .F. ) ;
#3323 = ORIENTED_EDGE ( 'NONE', *, *, #2607, .F. ) ;
#3324 = ORIENTED_EDGE ( 'NONE', *, *, #2638, .F. ) ;
#3325 = ORIENTED_EDGE ( 'NONE', *, *, #2613, .T. ) ;
#3326 = ORIENTED_EDGE ( 'NONE', *, *, #2601, .F. ) ;
#3327 = ORIENTED_EDGE ( 'NONE', *, *, #2580, .F. ) ;
#3328 = ORIENTED_EDGE ( 'NONE', *, *, #2505, .F. ) ;
#3329 = ORIENTED_EDGE ( 'NONE', *, *, #2511, .F. ) ;
#3330 = ORIENTED_EDGE ( 'NONE', *, *, #2585, .F. ) ;
#3331 = ORIENTED_EDGE ( 'NONE', *, *, #2522, .F. ) ;
#3332 = ORIENTED_EDGE ( 'NONE', *, *, #2644, .F. ) ;
#3333 = ORIENTED_EDGE ( 'NONE', *, *, #2555, .T. ) ;
#3334 = ORIENTED_EDGE ( 'NONE', *, *, #2447, .T. ) ;
#3335 = ORIENTED_EDGE ( 'NONE', *, *, #2522, .T. ) ;
#3336 = ORIENTED_EDGE ( 'NONE', *, *, #2670, .T. ) ;
#3337 = ORIENTED_EDGE ( 'NONE', *, *, #2560, .T. ) ;
#3338 = ORIENTED_EDGE ( 'NONE', *, *, #2575, .F. ) ;
#3339 = ORIENTED_EDGE ( 'NONE', *, *, #2576, .T. ) ;
#3340 = ORIENTED_EDGE ( 'NONE', *, *, #2556, .T. ) ;
#3341 = ORIENTED_EDGE ( 'NONE', *, *, #2593, .T. ) ;
#3342 = ORIENTED_EDGE ( 'NONE', *, *, #2632, .F. ) ;
#3343 = ORIENTED_EDGE ( 'NONE', *, *, #2594, .T. ) ;
#3344 = ORIENTED_EDGE ( 'NONE', *, *, #2584, .T. ) ;
#3345 = ORIENTED_EDGE ( 'NONE', *, *, #2524, .F. ) ;
#3346 = ORIENTED_EDGE ( 'NONE', *, *, #2638, .T. ) ;
#3347 = ORIENTED_EDGE ( 'NONE', *, *, #2577, .F. ) ;
#3348 = ORIENTED_EDGE ( 'NONE', *, *, #2646, .T. ) ;
#3349 = ORIENTED_EDGE ( 'NONE', *, *, #2652, .T. ) ;
#3350 = ORIENTED_EDGE ( 'NONE', *, *, #2634, .T. ) ;
#3351 = ORIENTED_EDGE ( 'NONE', *, *, #2600, .T. ) ;
#3352 = ORIENTED_EDGE ( 'NONE', *, *, #2561, .T. ) ;
#3353 = ORIENTED_EDGE ( 'NONE', *, *, #2634, .F. ) ;
#3354 = ORIENTED_EDGE ( 'NONE', *, *, #2589, .F. ) ;
#3355 = ORIENTED_EDGE ( 'NONE', *, *, #2639, .T. ) ;
#3356 = ORIENTED_EDGE ( 'NONE', *, *, #2637, .F. ) ;
#3357 = ORIENTED_EDGE ( 'NONE', *, *, #2625, .F. ) ;
#3358 = ORIENTED_EDGE ( 'NONE', *, *, #2598, .T. ) ;
#3359 = ORIENTED_EDGE ( 'NONE', *, *, #2645, .F. ) ;
#3360 = ORIENTED_EDGE ( 'NONE', *, *, #2582, .F. ) ;
#3361 = ORIENTED_EDGE ( 'NONE', *, *, #2530, .F. ) ;
#3362 = ORIENTED_EDGE ( 'NONE', *, *, #2670, .F. ) ;
#3363 = ORIENTED_EDGE ( 'NONE', *, *, #2574, .F. ) ;
#3364 = ORIENTED_EDGE ( 'NONE', *, *, #2667, .T. ) ;
#3365 = ORIENTED_EDGE ( 'NONE', *, *, #2559, .F. ) ;
#3366 = ORIENTED_EDGE ( 'NONE', *, *, #2656, .F. ) ;
#3367 = ORIENTED_EDGE ( 'NONE', *, *, #2563, .F. ) ;
#3368 = ORIENTED_EDGE ( 'NONE', *, *, #2610, .T. ) ;
#3369 = ORIENTED_EDGE ( 'NONE', *, *, #2616, .T. ) ;
#3370 = ORIENTED_EDGE ( 'NONE', *, *, #2672, .T. ) ;
#3371 = ORIENTED_EDGE ( 'NONE', *, *, #2591, .T. ) ;
#3372 = ORIENTED_EDGE ( 'NONE', *, *, #2570, .F. ) ;
#3373 = ORIENTED_EDGE ( 'NONE', *, *, #2674, .T. ) ;
#3374 = ORIENTED_EDGE ( 'NONE', *, *, #2564, .F. ) ;
#3375 = ORIENTED_EDGE ( 'NONE', *, *, #2557, .F. ) ;
#3376 = ORIENTED_EDGE ( 'NONE', *, *, #2586, .F. ) ;
#3377 = ORIENTED_EDGE ( 'NONE', *, *, #2614, .T. ) ;
#3378 = ORIENTED_EDGE ( 'NONE', *, *, #2503, .T. ) ;
#3379 = ORIENTED_EDGE ( 'NONE', *, *, #2609, .T. ) ;
#3380 = ORIENTED_EDGE ( 'NONE', *, *, #2600, .F. ) ;
#3381 = ORIENTED_EDGE ( 'NONE', *, *, #2587, .F. ) ;
#3382 = ORIENTED_EDGE ( 'NONE', *, *, #2612, .F. ) ;
#3383 = ORIENTED_EDGE ( 'NONE', *, *, #2603, .T. ) ;
#3384 = ORIENTED_EDGE ( 'NONE', *, *, #2571, .F. ) ;
#3385 = ORIENTED_EDGE ( 'NONE', *, *, #2558, .T. ) ;
#3386 = ORIENTED_EDGE ( 'NONE', *, *, #2497, .F. ) ;
#3387 = ORIENTED_EDGE ( 'NONE', *, *, #2597, .F. ) ;
#3388 = ORIENTED_EDGE ( 'NONE', *, *, #2609, .F. ) ;
#3389 = ORIENTED_EDGE ( 'NONE', *, *, #2661, .F. ) ;
#3390 = ORIENTED_EDGE ( 'NONE', *, *, #2611, .F. ) ;
#3391 = ORIENTED_EDGE ( 'NONE', *, *, #2567, .F. ) ;
#3392 = ORIENTED_EDGE ( 'NONE', *, *, #2571, .T. ) ;
#3393 = CLOSED_SHELL ( 'NONE', ( #5671, #5697, #5624, #5625, #5645, #5715, #5719, #5682, #5644, #5717, #5709, #5623, #5688, #5620, #5704, #5724, #5653, #5657, #5689, #5641, #5685, #5675, #5727, #5707, #5690, #5636, #5637, #5638, #5668 ) ) ;
#3394 = ORIENTED_EDGE ( 'NONE', *, *, #2636, .F. ) ;
#3395 = ORIENTED_EDGE ( 'NONE', *, *, #2533, .F. ) ;
#3396 = ORIENTED_EDGE ( 'NONE', *, *, #2660, .T. ) ;
#3397 = ORIENTED_EDGE ( 'NONE', *, *, #2664, .T. ) ;
#3398 = ORIENTED_EDGE ( 'NONE', *, *, #2590, .F. ) ;
#3399 = ORIENTED_EDGE ( 'NONE', *, *, #2650, .F. ) ;
#3400 = ORIENTED_EDGE ( 'NONE', *, *, #2615, .T. ) ;
#3401 = ORIENTED_EDGE ( 'NONE', *, *, #2620, .F. ) ;
#3402 = ORIENTED_EDGE ( 'NONE', *, *, #2639, .F. ) ;
#3403 = ORIENTED_EDGE ( 'NONE', *, *, #2588, .T. ) ;
#3404 = ORIENTED_EDGE ( 'NONE', *, *, #2673, .T. ) ;
#3405 = ORIENTED_EDGE ( 'NONE', *, *, #2567, .T. ) ;
#3406 = ORIENTED_EDGE ( 'NONE', *, *, #2671, .T. ) ;
#3407 = ORIENTED_EDGE ( 'NONE', *, *, #2630, .F. ) ;
#3408 = ORIENTED_EDGE ( 'NONE', *, *, #2591, .F. ) ;
#3409 = ORIENTED_EDGE ( 'NONE', *, *, #2635, .F. ) ;
#3410 = ORIENTED_EDGE ( 'NONE', *, *, #2654, .F. ) ;
#3411 = ORIENTED_EDGE ( 'NONE', *, *, #2673, .F. ) ;
#3412 = ORIENTED_EDGE ( 'NONE', *, *, #2562, .F. ) ;
#3413 = ORIENTED_EDGE ( 'NONE', *, *, #2665, .T. ) ;
#3414 = ORIENTED_EDGE ( 'NONE', *, *, #2564, .T. ) ;
#3415 = ORIENTED_EDGE ( 'NONE', *, *, #2631, .F. ) ;
#3416 = ORIENTED_EDGE ( 'NONE', *, *, #2582, .T. ) ;
#3417 = ORIENTED_EDGE ( 'NONE', *, *, #2596, .T. ) ;
#3418 = ORIENTED_EDGE ( 'NONE', *, *, #2628, .F. ) ;
#3419 = ORIENTED_EDGE ( 'NONE', *, *, #2611, .T. ) ;
#3420 = ORIENTED_EDGE ( 'NONE', *, *, #2619, .T. ) ;
#3421 = ORIENTED_EDGE ( 'NONE', *, *, #2627, .T. ) ;
#3422 = ORIENTED_EDGE ( 'NONE', *, *, #2596, .F. ) ;
#3423 = ORIENTED_EDGE ( 'NONE', *, *, #2626, .T. ) ;
#3424 = ORIENTED_EDGE ( 'NONE', *, *, #2539, .T. ) ;
#3425 = ORIENTED_EDGE ( 'NONE', *, *, #2641, .F. ) ;
#3426 = ORIENTED_EDGE ( 'NONE', *, *, #2671, .F. ) ;
#3427 = ORIENTED_EDGE ( 'NONE', *, *, #2655, .F. ) ;
#3428 = ORIENTED_EDGE ( 'NONE', *, *, #2647, .T. ) ;
#3429 = ORIENTED_EDGE ( 'NONE', *, *, #2441, .F. ) ;
#3430 = ORIENTED_EDGE ( 'NONE', *, *, #2583, .T. ) ;
#3431 = ORIENTED_EDGE ( 'NONE', *, *, #2568, .F. ) ;
#3432 = ORIENTED_EDGE ( 'NONE', *, *, #2570, .T. ) ;
#3433 = ORIENTED_EDGE ( 'NONE', *, *, #2595, .F. ) ;
#3434 = ORIENTED_EDGE ( 'NONE', *, *, #2626, .F. ) ;
#3435 = ORIENTED_EDGE ( 'NONE', *, *, #2653, .T. ) ;
#3436 = ORIENTED_EDGE ( 'NONE', *, *, #2602, .F. ) ;
#3437 = ORIENTED_EDGE ( 'NONE', *, *, #2616, .F. ) ;
#3438 = ORIENTED_EDGE ( 'NONE', *, *, #2622, .T. ) ;
#3439 = ORIENTED_EDGE ( 'NONE', *, *, #2581, .T. ) ;
#3440 = ORIENTED_EDGE ( 'NONE', *, *, #2649, .T. ) ;
#3441 = ORIENTED_EDGE ( 'NONE', *, *, #2606, .F. ) ;
#3442 = ORIENTED_EDGE ( 'NONE', *, *, #2595, .T. ) ;
#3443 = ORIENTED_EDGE ( 'NONE', *, *, #2658, .T. ) ;
#3444 = ORIENTED_EDGE ( 'NONE', *, *, #2676, .T. ) ;
#3445 = ORIENTED_EDGE ( 'NONE', *, *, #2650, .T. ) ;
#3446 = ORIENTED_EDGE ( 'NONE', *, *, #2589, .T. ) ;
#3447 = ORIENTED_EDGE ( 'NONE', *, *, #2573, .F. ) ;
#3448 = ORIENTED_EDGE ( 'NONE', *, *, #2630, .T. ) ;
#3449 = ORIENTED_EDGE ( 'NONE', *, *, #2663, .T. ) ;
#3450 = ORIENTED_EDGE ( 'NONE', *, *, #2653, .F. ) ;
#3451 = ORIENTED_EDGE ( 'NONE', *, *, #2627, .F. ) ;
#3452 = ORIENTED_EDGE ( 'NONE', *, *, #2621, .T. ) ;
#3453 = ORIENTED_EDGE ( 'NONE', *, *, #2668, .F. ) ;
#3454 = ORIENTED_EDGE ( 'NONE', *, *, #2628, .T. ) ;
#3455 = ORIENTED_EDGE ( 'NONE', *, *, #2659, .T. ) ;
#3456 = ORIENTED_EDGE ( 'NONE', *, *, #2675, .T. ) ;
#3457 = ORIENTED_EDGE ( 'NONE', *, *, #2656, .T. ) ;
#3458 = ORIENTED_EDGE ( 'NONE', *, *, #2597, .T. ) ;
#3459 = ORIENTED_EDGE ( 'NONE', *, *, #2633, .F. ) ;
#3460 = ORIENTED_EDGE ( 'NONE', *, *, #2661, .T. ) ;
#3461 = ORIENTED_EDGE ( 'NONE', *, *, #2586, .T. ) ;
#3462 = ORIENTED_EDGE ( 'NONE', *, *, #2590, .T. ) ;
#3463 = ORIENTED_EDGE ( 'NONE', *, *, #2617, .F. ) ;
#3464 = ORIENTED_EDGE ( 'NONE', *, *, #2662, .F. ) ;
#3465 = ORIENTED_EDGE ( 'NONE', *, *, #2621, .F. ) ;
#3466 = ORIENTED_EDGE ( 'NONE', *, *, #2648, .T. ) ;
#3467 = ORIENTED_EDGE ( 'NONE', *, *, #2615, .F. ) ;
#3468 = ORIENTED_EDGE ( 'NONE', *, *, #2640, .T. ) ;
#3469 = ORIENTED_EDGE ( 'NONE', *, *, #2647, .F. ) ;
#3470 = ORIENTED_EDGE ( 'NONE', *, *, #2660, .F. ) ;
#3471 = ORIENTED_EDGE ( 'NONE', *, *, #2588, .F. ) ;
#3472 = ORIENTED_EDGE ( 'NONE', *, *, #2636, .T. ) ;
#3473 = ORIENTED_EDGE ( 'NONE', *, *, #2649, .F. ) ;
#3474 = ORIENTED_EDGE ( 'NONE', *, *, #2640, .F. ) ;
#3475 = ORIENTED_EDGE ( 'NONE', *, *, #2629, .T. ) ;
#3476 = ORIENTED_EDGE ( 'NONE', *, *, #2624, .F. ) ;
#3477 = ORIENTED_EDGE ( 'NONE', *, *, #2603, .F. ) ;
#3478 = ORIENTED_EDGE ( 'NONE', *, *, #2716, .T. ) ;
#3479 = ORIENTED_EDGE ( 'NONE', *, *, #2622, .F. ) ;
#3480 = ORIENTED_EDGE ( 'NONE', *, *, #2642, .F. ) ;
#3481 = ORIENTED_EDGE ( 'NONE', *, *, #2716, .F. ) ;
#3482 = ORIENTED_EDGE ( 'NONE', *, *, #2587, .T. ) ;
#3483 = ORIENTED_EDGE ( 'NONE', *, *, #2623, .T. ) ;
#3484 = ORIENTED_EDGE ( 'NONE', *, *, #2739, .F. ) ;
#3485 = ORIENTED_EDGE ( 'NONE', *, *, #2659, .F. ) ;
#3486 = ORIENTED_EDGE ( 'NONE', *, *, #2563, .T. ) ;
#3487 = ORIENTED_EDGE ( 'NONE', *, *, #2562, .T. ) ;
#3488 = ORIENTED_EDGE ( 'NONE', *, *, #2631, .T. ) ;
#3489 = ORIENTED_EDGE ( 'NONE', *, *, #2641, .T. ) ;
#3490 = ORIENTED_EDGE ( 'NONE', *, *, #2629, .F. ) ;
#3491 = ORIENTED_EDGE ( 'NONE', *, *, #2558, .F. ) ;
#3492 = ORIENTED_EDGE ( 'NONE', *, *, #2657, .F. ) ;
#3493 = ORIENTED_EDGE ( 'NONE', *, *, #2617, .T. ) ;
#3494 = ORIENTED_EDGE ( 'NONE', *, *, #2618, .T. ) ;
#3495 = ORIENTED_EDGE ( 'NONE', *, *, #2664, .F. ) ;
#3496 = ORIENTED_EDGE ( 'NONE', *, *, #2643, .F. ) ;
#3497 = ORIENTED_EDGE ( 'NONE', *, *, #2676, .F. ) ;
#3498 = ORIENTED_EDGE ( 'NONE', *, *, #2674, .F. ) ;
#3499 = ORIENTED_EDGE ( 'NONE', *, *, #2643, .T. ) ;
#3500 = ORIENTED_EDGE ( 'NONE', *, *, #2583, .F. ) ;
#3501 = ORIENTED_EDGE ( 'NONE', *, *, #2657, .T. ) ;
#3502 = ORIENTED_EDGE ( 'NONE', *, *, #2662, .T. ) ;
#3503 = ORIENTED_EDGE ( 'NONE', *, *, #2559, .T. ) ;
#3504 = ORIENTED_EDGE ( 'NONE', *, *, #2623, .F. ) ;
#3505 = ORIENTED_EDGE ( 'NONE', *, *, #2624, .T. ) ;
#3506 = ORIENTED_EDGE ( 'NONE', *, *, #2598, .F. ) ;
#3507 = ORIENTED_EDGE ( 'NONE', *, *, #2658, .F. ) ;
#3508 = ORIENTED_EDGE ( 'NONE', *, *, #2675, .F. ) ;
#3509 = ORIENTED_EDGE ( 'NONE', *, *, #2672, .F. ) ;
#3510 = ORIENTED_EDGE ( 'NONE', *, *, #2568, .T. ) ;
#3511 = PRESENTATION_STYLE_ASSIGNMENT (( #4042 ) ) ;
#3512 = SURFACE_STYLE_FILL_AREA ( #4031 ) ;
#3513 = ORIENTED_EDGE ( 'NONE', *, *, #2669, .F. ) ;
#3514 = ORIENTED_EDGE ( 'NONE', *, *, #2612, .T. ) ;
#3515 = ORIENTED_EDGE ( 'NONE', *, *, #2663, .F. ) ;
#3516 = ORIENTED_EDGE ( 'NONE', *, *, #2635, .T. ) ;
#3517 = ORIENTED_EDGE ( 'NONE', *, *, #2637, .T. ) ;
#3518 = ORIENTED_EDGE ( 'NONE', *, *, #2625, .T. ) ;
#3519 = ORIENTED_EDGE ( 'NONE', *, *, #2669, .T. ) ;
#3520 = ORIENTED_EDGE ( 'NONE', *, *, #2654, .T. ) ;
#3521 = SURFACE_STYLE_FILL_AREA ( #4023 ) ;
#3522 = ORIENTED_EDGE ( 'NONE', *, *, #2606, .T. ) ;
#3523 = ORIENTED_EDGE ( 'NONE', *, *, #2642, .T. ) ;
#3524 = ORIENTED_EDGE ( 'NONE', *, *, #2667, .F. ) ;
#3525 = COLOUR_RGB ( '',0.2509803921568627400, 0.2509803921568627400, 0.2509803921568627400 ) ;
#3526 = COLOUR_RGB ( '',0.2509803921568627400, 0.2509803921568627400, 0.2509803921568627400 ) ;
#3527 = SURFACE_STYLE_FILL_AREA ( #4032 ) ;
#3528 = ORIENTED_EDGE ( 'NONE', *, *, #2610, .F. ) ;
#3529 = ORIENTED_EDGE ( 'NONE', *, *, #2668, .T. ) ;
#3530 = ORIENTED_EDGE ( 'NONE', *, *, #2648, .F. ) ;
#3531 = COLOUR_RGB ( '',0.2509803921568627400, 0.2509803921568627400, 0.2509803921568627400 ) ;
#3532 = PRESENTATION_STYLE_ASSIGNMENT (( #4013 ) ) ;
#3533 = ORIENTED_EDGE ( 'NONE', *, *, #2619, .F. ) ;
#3534 = CLOSED_SHELL ( 'NONE', ( #5702, #5693, #5720, #5698, #5700, #5721, #5712, #5701, #5691, #5694, #5732, #5728, #5725, #5695, #5723, #5730, #5718, #5705, #5714, #5703, #5692, #5706, #5734, #5737, #5710, #5711, #5735, #5739, #5684 ) ) ;
#3535 = PRESENTATION_STYLE_ASSIGNMENT (( #4047 ) ) ;
#3536 = ORIENTED_EDGE ( 'NONE', *, *, #2739, .T. ) ;
#3537 = ORIENTED_EDGE ( 'NONE', *, *, #2655, .T. ) ;
#3538 = ORIENTED_EDGE ( 'NONE', *, *, #2618, .F. ) ;
#3539 = ORIENTED_EDGE ( 'NONE', *, *, #2620, .T. ) ;
#3540 = ORIENTED_EDGE ( 'NONE', *, *, #2665, .F. ) ;
#3541 = ORIENTED_EDGE ( 'NONE', *, *, #2581, .F. ) ;
#3542 = ORIENTED_EDGE ( 'NONE', *, *, #2557, .T. ) ;
#3543 = ORIENTED_EDGE ( 'NONE', *, *, #2633, .T. ) ;
#3544 = CIRCLE ( 'NONE', #2695, 4.750000000000000900 ) ;
#3545 = LINE ( 'NONE', #4114, #3581 ) ;
#3546 = CIRCLE ( 'NONE', #2712, 6.299999999999998900 ) ;
#3547 = CIRCLE ( 'NONE', #2699, 12.49999999999998400 ) ;
#3548 = CIRCLE ( 'NONE', #2688, 4.750000000000000900 ) ;
#3549 = LINE ( 'NONE', #4034, #3598 ) ;
#3550 = VECTOR ( 'NONE', #4037, 1000.000000000000000 ) ;
#3551 = CIRCLE ( 'NONE', #2678, 1.500000000000000400 ) ;
#3552 = VECTOR ( 'NONE', #4077, 1000.000000000000000 ) ;
#3553 = VECTOR ( 'NONE', #4086, 1000.000000000000000 ) ;
#3554 = VECTOR ( 'NONE', #4080, 1000.000000000000000 ) ;
#3555 = VECTOR ( 'NONE', #4111, 1000.000000000000000 ) ;
#3556 = LINE ( 'NONE', #4058, #3566 ) ;
#3557 = LINE ( 'NONE', #4085, #3588 ) ;
#3558 = CIRCLE ( 'NONE', #2679, 12.49999999999999300 ) ;
#3559 = LINE ( 'NONE', #4139, #3570 ) ;
#3560 = CIRCLE ( 'NONE', #2696, 6.299999999999998900 ) ;
#3561 = LINE ( 'NONE', #4100, #3555 ) ;
#3562 = CIRCLE ( 'NONE', #2702, 6.049999999999993600 ) ;
#3563 = CIRCLE ( 'NONE', #2704, 12.74999999999999800 ) ;
#3564 = CIRCLE ( 'NONE', #2710, 12.49999999999998800 ) ;
#3565 = CIRCLE ( 'NONE', #2721, 1.500000000000001300 ) ;
#3566 = VECTOR ( 'NONE', #4065, 1000.000000000000000 ) ;
#3567 = CIRCLE ( 'NONE', #2724, 1.499999999999999600 ) ;
#3568 = CIRCLE ( 'NONE', #2701, 4.750000000000004400 ) ;
#3569 = CIRCLE ( 'NONE', #2705, 1.500000000000001300 ) ;
#3570 = VECTOR ( 'NONE', #4141, 1000.000000000000000 ) ;
#3571 = VECTOR ( 'NONE', #4026, 1000.000000000000100 ) ;
#3572 = VECTOR ( 'NONE', #4064, 1000.000000000000000 ) ;
#3573 = CIRCLE ( 'NONE', #2697, 15.00000000000000000 ) ;
#3574 = CIRCLE ( 'NONE', #2719, 6.049999999999994500 ) ;
#3575 = CIRCLE ( 'NONE', #2718, 4.499999999999999100 ) ;
#3576 = LINE ( 'NONE', #4107, #3593 ) ;
#3577 = CIRCLE ( 'NONE', #2717, 4.499999999999999100 ) ;
#3578 = CIRCLE ( 'NONE', #2709, 6.299999999999998000 ) ;
#3579 = CIRCLE ( 'NONE', #2720, 12.49999999999999300 ) ;
#3580 = CIRCLE ( 'NONE', #2733, 1.500000000000001300 ) ;
#3581 = VECTOR ( 'NONE', #4109, 1000.000000000000000 ) ;
#3582 = CIRCLE ( 'NONE', #2729, 14.75000000000000200 ) ;
#3583 = CIRCLE ( 'NONE', #2703, 14.74999999999999500 ) ;
#3584 = LINE ( 'NONE', #4025, #3571 ) ;
#3585 = LINE ( 'NONE', #4070, #3552 ) ;
#3586 = LINE ( 'NONE', #4076, #3553 ) ;
#3587 = LINE ( 'NONE', #4062, #3572 ) ;
#3588 = VECTOR ( 'NONE', #4106, 1000.000000000000100 ) ;
#3589 = VECTOR ( 'NONE', #4157, 1000.000000000000000 ) ;
#3590 = LINE ( 'NONE', #4068, #3554 ) ;
#3591 = LINE ( 'NONE', #4079, #3596 ) ;
#3592 = LINE ( 'NONE', #4150, #3589 ) ;
#3593 = VECTOR ( 'NONE', #4115, 1000.000000000000000 ) ;
#3594 = CIRCLE ( 'NONE', #2706, 6.050000000000001600 ) ;
#3595 = CIRCLE ( 'NONE', #2725, 14.75000000000000200 ) ;
#3596 = VECTOR ( 'NONE', #4067, 1000.000000000000000 ) ;
#3597 = CIRCLE ( 'NONE', #2723, 14.75000000000000200 ) ;
#3598 = VECTOR ( 'NONE', #4045, 1000.000000000000000 ) ;
#3599 = CIRCLE ( 'NONE', #2734, 6.299999999999998900 ) ;
#3600 = LINE ( 'NONE', #4028, #3550 ) ;
#3601 = CIRCLE ( 'NONE', #2711, 1.499999999999999600 ) ;
#3602 = CIRCLE ( 'NONE', #2700, 6.299999999999998900 ) ;
#3603 = LINE ( 'NONE', #4161, #3627 ) ;
#3604 = CIRCLE ( 'NONE', #2750, 12.49999999999999100 ) ;
#3605 = LINE ( 'NONE', #4223, #3612 ) ;
#3606 = LINE ( 'NONE', #4225, #3614 ) ;
#3607 = CIRCLE ( 'NONE', #2686, 14.74999999999999500 ) ;
#3608 = CIRCLE ( 'NONE', #2754, 6.299999999999998900 ) ;
#3609 = VECTOR ( 'NONE', #4254, 1000.000000000000000 ) ;
#3610 = CIRCLE ( 'NONE', #2707, 6.050000000000001600 ) ;
#3611 = CIRCLE ( 'NONE', #2726, 4.750000000000004400 ) ;
#3612 = VECTOR ( 'NONE', #4215, 1000.000000000000000 ) ;
#3613 = CIRCLE ( 'NONE', #2732, 1.499999999999999600 ) ;
#3614 = VECTOR ( 'NONE', #4212, 1000.000000000000000 ) ;
#3615 = CIRCLE ( 'NONE', #2683, 14.75000000000000200 ) ;
#3616 = LINE ( 'NONE', #4187, #3634 ) ;
#3617 = LINE ( 'NONE', #4209, #3637 ) ;
#3618 = CIRCLE ( 'NONE', #2736, 6.050000000000001600 ) ;
#3619 = CIRCLE ( 'NONE', #2684, 6.049999999999994500 ) ;
#3620 = CIRCLE ( 'NONE', #2685, 6.049999999999994500 ) ;
#3621 = CIRCLE ( 'NONE', #2681, 12.50000000000000000 ) ;
#3622 = LINE ( 'NONE', #4250, #3609 ) ;
#3623 = CIRCLE ( 'NONE', #2713, 12.49999999999999600 ) ;
#3624 = VECTOR ( 'NONE', #4192, 1000.000000000000000 ) ;
#3625 = CIRCLE ( 'NONE', #2735, 4.499999999999999100 ) ;
#3626 = CIRCLE ( 'NONE', #2730, 12.74999999999999800 ) ;
#3627 = VECTOR ( 'NONE', #4152, 1000.000000000000100 ) ;
#3628 = LINE ( 'NONE', #4153, #3647 ) ;
#3629 = CIRCLE ( 'NONE', #2738, 12.50000000000000500 ) ;
#3630 = LINE ( 'NONE', #4193, #3648 ) ;
#3631 = CIRCLE ( 'NONE', #2731, 6.050000000000001600 ) ;
#3632 = CIRCLE ( 'NONE', #2740, 12.49999999999999800 ) ;
#3633 = LINE ( 'NONE', #4268, #3641 ) ;
#3634 = VECTOR ( 'NONE', #4201, 1000.000000000000100 ) ;
#3635 = CIRCLE ( 'NONE', #2759, 12.49999999999999100 ) ;
#3636 = CIRCLE ( 'NONE', #2682, 15.00000000000000000 ) ;
#3637 = VECTOR ( 'NONE', #4208, 1000.000000000000000 ) ;
#3638 = CIRCLE ( 'NONE', #2737, 6.299999999999998000 ) ;
#3639 = LINE ( 'NONE', #4191, #3624 ) ;
#3640 = LINE ( 'NONE', #4205, #3654 ) ;
#3641 = VECTOR ( 'NONE', #4249, 1000.000000000000000 ) ;
#3642 = CIRCLE ( 'NONE', #2786, 14.74999999999999500 ) ;
#3643 = CIRCLE ( 'NONE', #2748, 12.74999999999999600 ) ;
#3644 = CIRCLE ( 'NONE', #2714, 1.499999999999999600 ) ;
#3645 = CIRCLE ( 'NONE', #2772, 12.74999999999999600 ) ;
#3646 = CIRCLE ( 'NONE', #2715, 12.49999999999999100 ) ;
#3647 = VECTOR ( 'NONE', #4162, 1000.000000000000000 ) ;
#3648 = VECTOR ( 'NONE', #4183, 1000.000000000000000 ) ;
#3649 = CIRCLE ( 'NONE', #2680, 15.00000000000000000 ) ;
#3650 = CIRCLE ( 'NONE', #2787, 12.49999999999999100 ) ;
#3651 = CIRCLE ( 'NONE', #2797, 1.500000000000001300 ) ;
#3652 = CIRCLE ( 'NONE', #2802, 4.499999999999999100 ) ;
#3653 = CIRCLE ( 'NONE', #2728, 1.499999999999999600 ) ;
#3654 = VECTOR ( 'NONE', #4206, 1000.000000000000000 ) ;
#3655 = CIRCLE ( 'NONE', #2749, 14.74999999999999500 ) ;
#3656 = CIRCLE ( 'NONE', #2781, 15.00000000000000000 ) ;
#3657 = CIRCLE ( 'NONE', #2780, 15.00000000000000000 ) ;
#3658 = CIRCLE ( 'NONE', #2788, 15.00000000000000000 ) ;
#3659 = CIRCLE ( 'NONE', #2751, 12.74999999999998900 ) ;
#3660 = LINE ( 'NONE', #4432, #3687 ) ;
#3661 = CIRCLE ( 'NONE', #2789, 12.75000000000000200 ) ;
#3662 = VECTOR ( 'NONE', #4564, 1000.000000000000000 ) ;
#3663 = CIRCLE ( 'NONE', #2794, 15.00000000000000000 ) ;
#3664 = CIRCLE ( 'NONE', #2755, 12.75000000000000200 ) ;
#3665 = CIRCLE ( 'NONE', #2803, 12.74999999999999100 ) ;
#3666 = VECTOR ( 'NONE', #4612, 1000.000000000000000 ) ;
#3667 = CIRCLE ( 'NONE', #2760, 4.499999999999999100 ) ;
#3668 = LINE ( 'NONE', #3993, #3669 ) ;
#3669 = VECTOR ( 'NONE', #3994, 1000.000000000000000 ) ;
#3670 = CIRCLE ( 'NONE', #2767, 12.74999999999999800 ) ;
#3671 = LINE ( 'NONE', #4552, #3683 ) ;
#3672 = VECTOR ( 'NONE', #4309, 1000.000000000000000 ) ;
#3673 = CIRCLE ( 'NONE', #2775, 6.299999999999998900 ) ;
#3674 = CIRCLE ( 'NONE', #2766, 12.49999999999999300 ) ;
#3675 = VECTOR ( 'NONE', #4592, 1000.000000000000000 ) ;
#3676 = CIRCLE ( 'NONE', #2743, 4.499999999999999100 ) ;
#3677 = CIRCLE ( 'NONE', #2795, 1.500000000000000400 ) ;
#3678 = VECTOR ( 'NONE', #4571, 1000.000000000000000 ) ;
#3679 = CIRCLE ( 'NONE', #2783, 12.49999999999999600 ) ;
#3680 = CIRCLE ( 'NONE', #2765, 1.499999999999999600 ) ;
#3681 = CIRCLE ( 'NONE', #2793, 1.499999999999999600 ) ;
#3682 = CIRCLE ( 'NONE', #2756, 6.299999999999998900 ) ;
#3683 = VECTOR ( 'NONE', #4565, 1000.000000000000000 ) ;
#3684 = CIRCLE ( 'NONE', #2763, 6.050000000000001600 ) ;
#3685 = LINE ( 'NONE', #4308, #3672 ) ;
#3686 = CIRCLE ( 'NONE', #2757, 12.50000000000000400 ) ;
#3687 = VECTOR ( 'NONE', #4457, 1000.000000000000000 ) ;
#3688 = LINE ( 'NONE', #4630, #3701 ) ;
#3689 = CIRCLE ( 'NONE', #2778, 12.75000000000000400 ) ;
#3690 = LINE ( 'NONE', #4431, #3692 ) ;
#3691 = CIRCLE ( 'NONE', #2764, 6.049999999999994500 ) ;
#3692 = VECTOR ( 'NONE', #4477, 1000.000000000000000 ) ;
#3693 = CIRCLE ( 'NONE', #2746, 15.00000000000000000 ) ;
#3694 = CIRCLE ( 'NONE', #2779, 12.74999999999998900 ) ;
#3695 = LINE ( 'NONE', #4616, #3666 ) ;
#3696 = CIRCLE ( 'NONE', #2758, 1.500000000000001300 ) ;
#3697 = CIRCLE ( 'NONE', #2777, 1.500000000000001300 ) ;
#3698 = LINE ( 'NONE', #4539, #3662 ) ;
#3699 = CIRCLE ( 'NONE', #2784, 1.499999999999999600 ) ;
#3700 = LINE ( 'NONE', #4609, #3675 ) ;
#3701 = VECTOR ( 'NONE', #4635, 1000.000000000000000 ) ;
#3702 = CIRCLE ( 'NONE', #2768, 12.74999999999999600 ) ;
#3703 = CIRCLE ( 'NONE', #2798, 6.299999999999998000 ) ;
#3704 = LINE ( 'NONE', #4575, #3678 ) ;
#3705 = CIRCLE ( 'NONE', #2782, 12.49999999999999600 ) ;
#3706 = VECTOR ( 'NONE', #521, 1000.000000000000000 ) ;
#3707 = CIRCLE ( 'NONE', #2744, 14.40000000000000900 ) ;
#3708 = CIRCLE ( 'NONE', #2762, 12.75000000000000400 ) ;
#3709 = VECTOR ( 'NONE', #268, 1000.000000000000000 ) ;
#3710 = CIRCLE ( 'NONE', #2769, 15.00000000000000000 ) ;
#3711 = CIRCLE ( 'NONE', #2761, 12.74999999999999800 ) ;
#3712 = VECTOR ( 'NONE', #356, 1000.000000000000000 ) ;
#3713 = LINE ( 'NONE', #310, #3731 ) ;
#3714 = CIRCLE ( 'NONE', #2776, 15.00000000000000000 ) ;
#3715 = LINE ( 'NONE', #266, #3744 ) ;
#3716 = VECTOR ( 'NONE', #512, 1000.000000000000000 ) ;
#3717 = LINE ( 'NONE', #532, #3721 ) ;
#3718 = LINE ( 'NONE', #447, #3748 ) ;
#3719 = VECTOR ( 'NONE', #500, 1000.000000000000000 ) ;
#3720 = VECTOR ( 'NONE', #244, 1000.000000000000000 ) ;
#3721 = VECTOR ( 'NONE', #499, 1000.000000000000000 ) ;
#3722 = LINE ( 'NONE', #564, #3803 ) ;
#3723 = CIRCLE ( 'NONE', #2742, 12.74999999999999800 ) ;
#3724 = LINE ( 'NONE', #576, #3740 ) ;
#3725 = CIRCLE ( 'NONE', #2747, 4.499999999999999100 ) ;
#3726 = CIRCLE ( 'NONE', #2771, 12.74999999999999800 ) ;
#3727 = LINE ( 'NONE', #4006, #3730 ) ;
#3728 = CIRCLE ( 'NONE', #2745, 12.74999999999999600 ) ;
#3729 = LINE ( 'NONE', #554, #3742 ) ;
#3730 = VECTOR ( 'NONE', #4241, 1000.000000000000000 ) ;
#3731 = VECTOR ( 'NONE', #282, 1000.000000000000000 ) ;
#3732 = CIRCLE ( 'NONE', #2741, 15.00000000000000000 ) ;
#3733 = LINE ( 'NONE', #536, #3747 ) ;
#3734 = CIRCLE ( 'NONE', #2800, 6.299999999999999800 ) ;
#3735 = VECTOR ( 'NONE', #446, 1000.000000000000000 ) ;
#3736 = CIRCLE ( 'NONE', #2770, 4.499999999999999100 ) ;
#3737 = LINE ( 'NONE', #482, #3759 ) ;
#3738 = LINE ( 'NONE', #505, #3706 ) ;
#3739 = VECTOR ( 'NONE', #262, 1000.000000000000000 ) ;
#3740 = VECTOR ( 'NONE', #548, 1000.000000000000000 ) ;
#3741 = CIRCLE ( 'NONE', #2752, 1.720000000000000000 ) ;
#3742 = VECTOR ( 'NONE', #560, 1000.000000000000000 ) ;
#3743 = VECTOR ( 'NONE', #238, 1000.000000000000100 ) ;
#3744 = VECTOR ( 'NONE', #269, 1000.000000000000000 ) ;
#3745 = LINE ( 'NONE', #243, #3720 ) ;
#3746 = LINE ( 'NONE', #247, #3764 ) ;
#3747 = VECTOR ( 'NONE', #531, 1000.000000000000000 ) ;
#3748 = VECTOR ( 'NONE', #452, 1000.000000000000000 ) ;
#3749 = CIRCLE ( 'NONE', #2792, 14.40000000000000900 ) ;
#3750 = CIRCLE ( 'NONE', #2785, 2.500000000000000400 ) ;
#3751 = CIRCLE ( 'NONE', #2796, 12.74999999999999500 ) ;
#3752 = LINE ( 'NONE', #242, #3739 ) ;
#3753 = CIRCLE ( 'NONE', #2801, 12.74999999999999800 ) ;
#3754 = CIRCLE ( 'NONE', #2791, 6.299999999999998000 ) ;
#3755 = LINE ( 'NONE', #260, #3709 ) ;
#3756 = LINE ( 'NONE', #495, #3735 ) ;
#3757 = CIRCLE ( 'NONE', #2799, 15.00000000000000000 ) ;
#3758 = LINE ( 'NONE', #267, #3743 ) ;
#3759 = VECTOR ( 'NONE', #483, 1000.000000000000000 ) ;
#3760 = LINE ( 'NONE', #378, #3712 ) ;
#3761 = CIRCLE ( 'NONE', #2804, 1.720000000000000000 ) ;
#3762 = LINE ( 'NONE', #524, #3716 ) ;
#3763 = LINE ( 'NONE', #526, #3719 ) ;
#3764 = VECTOR ( 'NONE', #265, 1000.000000000000000 ) ;
#3765 = CIRCLE ( 'NONE', #2790, 15.00000000000000000 ) ;
#3766 = VECTOR ( 'NONE', #728, 1000.000000000000000 ) ;
#3767 = LINE ( 'NONE', #727, #3787 ) ;
#3768 = CIRCLE ( 'NONE', #2831, 15.00000000000000000 ) ;
#3769 = CIRCLE ( 'NONE', #2818, 6.299999999999998000 ) ;
#3770 = LINE ( 'NONE', #871, #3772 ) ;
#3771 = LINE ( 'NONE', #823, #3820 ) ;
#3772 = VECTOR ( 'NONE', #873, 1000.000000000000000 ) ;
#3773 = LINE ( 'NONE', #721, #3793 ) ;
#3774 = LINE ( 'NONE', #557, #3810 ) ;
#3775 = LINE ( 'NONE', #561, #3822 ) ;
#3776 = VECTOR ( 'NONE', #674, 1000.000000000000000 ) ;
#3777 = CIRCLE ( 'NONE', #2840, 15.00000000000000000 ) ;
#3778 = VECTOR ( 'NONE', #662, 1000.000000000000000 ) ;
#3779 = LINE ( 'NONE', #806, #3823 ) ;
#3780 = LINE ( 'NONE', #731, #3819 ) ;
#3781 = VECTOR ( 'NONE', #556, 1000.000000000000000 ) ;
#3782 = CIRCLE ( 'NONE', #2844, 6.299999999999999800 ) ;
#3783 = CIRCLE ( 'NONE', #2828, 15.00000000000000000 ) ;
#3784 = LINE ( 'NONE', #707, #3808 ) ;
#3785 = CIRCLE ( 'NONE', #2774, 2.500000000000000400 ) ;
#3786 = LINE ( 'NONE', #685, #3825 ) ;
#3787 = VECTOR ( 'NONE', #703, 1000.000000000000000 ) ;
#3788 = LINE ( 'NONE', #663, #3792 ) ;
#3789 = LINE ( 'NONE', #772, #3791 ) ;
#3790 = VECTOR ( 'NONE', #704, 1000.000000000000000 ) ;
#3791 = VECTOR ( 'NONE', #811, 1000.000000000000000 ) ;
#3792 = VECTOR ( 'NONE', #676, 1000.000000000000000 ) ;
#3793 = VECTOR ( 'NONE', #694, 1000.000000000000000 ) ;
#3794 = VECTOR ( 'NONE', #632, 1000.000000000000000 ) ;
#3795 = CIRCLE ( 'NONE', #2861, 1.720000000000000000 ) ;
#3796 = LINE ( 'NONE', #736, #3811 ) ;
#3797 = VECTOR ( 'NONE', #872, 1000.000000000000000 ) ;
#3798 = CIRCLE ( 'NONE', #2835, 12.74999999999999600 ) ;
#3799 = VECTOR ( 'NONE', #692, 1000.000000000000000 ) ;
#3800 = LINE ( 'NONE', #695, #3813 ) ;
#3801 = LINE ( 'NONE', #645, #3818 ) ;
#3802 = CIRCLE ( 'NONE', #2834, 12.74999999999992900 ) ;
#3803 = VECTOR ( 'NONE', #567, 1000.000000000000100 ) ;
#3804 = CIRCLE ( 'NONE', #2832, 12.74999999999999600 ) ;
#3805 = LINE ( 'NONE', #555, #3781 ) ;
#3806 = CIRCLE ( 'NONE', #2753, 14.75000000000000500 ) ;
#3807 = LINE ( 'NONE', #673, #3776 ) ;
#3808 = VECTOR ( 'NONE', #732, 1000.000000000000000 ) ;
#3809 = LINE ( 'NONE', #726, #3799 ) ;
#3810 = VECTOR ( 'NONE', #572, 1000.000000000000000 ) ;
#3811 = VECTOR ( 'NONE', #717, 1000.000000000000000 ) ;
#3812 = LINE ( 'NONE', #718, #3766 ) ;
#3813 = VECTOR ( 'NONE', #711, 1000.000000000000000 ) ;
#3814 = LINE ( 'NONE', #683, #3778 ) ;
#3815 = CIRCLE ( 'NONE', #2826, 14.74999999999998400 ) ;
#3816 = LINE ( 'NONE', #716, #3790 ) ;
#3817 = CIRCLE ( 'NONE', #2833, 14.75000000000000400 ) ;
#3818 = VECTOR ( 'NONE', #661, 1000.000000000000000 ) ;
#3819 = VECTOR ( 'NONE', #720, 1000.000000000000000 ) ;
#3820 = VECTOR ( 'NONE', #829, 1000.000000000000000 ) ;
#3821 = CIRCLE ( 'NONE', #2773, 15.00000000000000000 ) ;
#3822 = VECTOR ( 'NONE', #546, 1000.000000000000000 ) ;
#3823 = VECTOR ( 'NONE', #824, 1000.000000000000000 ) ;
#3824 = LINE ( 'NONE', #801, #3797 ) ;
#3825 = VECTOR ( 'NONE', #672, 1000.000000000000100 ) ;
#3826 = CIRCLE ( 'NONE', #2849, 15.00000000000000000 ) ;
#3827 = LINE ( 'NONE', #637, #3794 ) ;
#3828 = VECTOR ( 'NONE', #1000, 1000.000000000000000 ) ;
#3829 = CIRCLE ( 'NONE', #2837, 2.500000000000000900 ) ;
#3830 = VECTOR ( 'NONE', #933, 1000.000000000000000 ) ;
#3831 = CIRCLE ( 'NONE', #2814, 12.74999999999999800 ) ;
#3832 = LINE ( 'NONE', #986, #3828 ) ;
#3833 = LINE ( 'NONE', #979, #3834 ) ;
#3834 = VECTOR ( 'NONE', #981, 1000.000000000000000 ) ;
#3835 = VECTOR ( 'NONE', #902, 1000.000000000000000 ) ;
#3836 = VECTOR ( 'NONE', #940, 1000.000000000000000 ) ;
#3837 = LINE ( 'NONE', #995, #3886 ) ;
#3838 = CIRCLE ( 'NONE', #2819, 6.299999999999998000 ) ;
#3839 = LINE ( 'NONE', #987, #3840 ) ;
#3840 = VECTOR ( 'NONE', #988, 1000.000000000000000 ) ;
#3841 = VECTOR ( 'NONE', #898, 1000.000000000000000 ) ;
#3842 = LINE ( 'NONE', #994, #3843 ) ;
#3843 = VECTOR ( 'NONE', #999, 1000.000000000000000 ) ;
#3844 = LINE ( 'NONE', #855, #3865 ) ;
#3845 = CIRCLE ( 'NONE', #2858, 15.00000000000000000 ) ;
#3846 = VECTOR ( 'NONE', #918, 1000.000000000000000 ) ;
#3847 = VECTOR ( 'NONE', #983, 1000.000000000000000 ) ;
#3848 = CIRCLE ( 'NONE', #2807, 6.299999999999998000 ) ;
#3849 = LINE ( 'NONE', #909, #3841 ) ;
#3850 = VECTOR ( 'NONE', #863, 1000.000000000000100 ) ;
#3851 = LINE ( 'NONE', #919, #3846 ) ;
#3852 = LINE ( 'NONE', #904, #3863 ) ;
#3853 = CIRCLE ( 'NONE', #2846, 12.74999999999999300 ) ;
#3854 = CIRCLE ( 'NONE', #2813, 6.299999999999998000 ) ;
#3855 = CIRCLE ( 'NONE', #2823, 12.74999999999999500 ) ;
#3856 = CIRCLE ( 'NONE', #2864, 14.40000000000000900 ) ;
#3857 = LINE ( 'NONE', #1006, #3858 ) ;
#3858 = VECTOR ( 'NONE', #1016, 1000.000000000000000 ) ;
#3859 = VECTOR ( 'NONE', #996, 1000.000000000000000 ) ;
#3860 = LINE ( 'NONE', #882, #3867 ) ;
#3861 = CIRCLE ( 'NONE', #2850, 6.299999999999999800 ) ;
#3862 = LINE ( 'NONE', #878, #3876 ) ;
#3863 = VECTOR ( 'NONE', #895, 1000.000000000000000 ) ;
#3864 = LINE ( 'NONE', #966, #3830 ) ;
#3865 = VECTOR ( 'NONE', #852, 1000.000000000000000 ) ;
#3866 = CIRCLE ( 'NONE', #2859, 12.74999999999991300 ) ;
#3867 = VECTOR ( 'NONE', #900, 1000.000000000000000 ) ;
#3868 = VECTOR ( 'NONE', #894, 1000.000000000000000 ) ;
#3869 = CIRCLE ( 'NONE', #2825, 12.74999999999991300 ) ;
#3870 = CIRCLE ( 'NONE', #2830, 12.74999999999992900 ) ;
#3871 = VECTOR ( 'NONE', #975, 1000.000000000000000 ) ;
#3872 = LINE ( 'NONE', #936, #3836 ) ;
#3873 = LINE ( 'NONE', #892, #3835 ) ;
#3874 = LINE ( 'NONE', #876, #3875 ) ;
#3875 = VECTOR ( 'NONE', #908, 1000.000000000000000 ) ;
#3876 = VECTOR ( 'NONE', #853, 1000.000000000000000 ) ;
#3877 = LINE ( 'NONE', #955, #3859 ) ;
#3878 = CIRCLE ( 'NONE', #2811, 15.00000000000000000 ) ;
#3879 = CIRCLE ( 'NONE', #2820, 12.74999999999999300 ) ;
#3880 = LINE ( 'NONE', #844, #3850 ) ;
#3881 = LINE ( 'NONE', #910, #3868 ) ;
#3882 = CIRCLE ( 'NONE', #2860, 6.299999999999998000 ) ;
#3883 = LINE ( 'NONE', #1004, #3871 ) ;
#3884 = CIRCLE ( 'NONE', #2857, 15.00000000000000000 ) ;
#3885 = CIRCLE ( 'NONE', #2816, 14.74999999999998400 ) ;
#3886 = VECTOR ( 'NONE', #978, 1000.000000000000000 ) ;
#3887 = LINE ( 'NONE', #1002, #3847 ) ;
#3888 = CIRCLE ( 'NONE', #2851, 1.720000000000000000 ) ;
#3889 = CIRCLE ( 'NONE', #2808, 15.00000000000000000 ) ;
#3890 = CONICAL_SURFACE ( 'NONE', #2845, 6.050000000000001600, 0.7853981633974466100 ) ;
#3891 = CYLINDRICAL_SURFACE ( 'NONE', #2821, 12.74999999999999800 ) ;
#3892 = CONICAL_SURFACE ( 'NONE', #2836, 12.74999999999999300, 0.7853981633974517200 ) ;
#3893 = FACE_OUTER_BOUND ( 'NONE', #4990, .T. ) ;
#3894 = VECTOR ( 'NONE', #26, 1000.000000000000000 ) ;
#3895 = CIRCLE ( 'NONE', #2809, 15.00000000000000000 ) ;
#3896 = CYLINDRICAL_SURFACE ( 'NONE', #2824, 4.499999999999999100 ) ;
#3897 = FACE_BOUND ( 'NONE', #4922, .T. ) ;
#3898 = CIRCLE ( 'NONE', #2805, 14.74999999999998600 ) ;
#3899 = FACE_OUTER_BOUND ( 'NONE', #4923, .T. ) ;
#3900 = CYLINDRICAL_SURFACE ( 'NONE', #2827, 4.499999999999999100 ) ;
#3901 = LINE ( 'NONE', #50, #3946 ) ;
#3902 = FACE_OUTER_BOUND ( 'NONE', #4953, .T. ) ;
#3903 = FACE_BOUND ( 'NONE', #4928, .T. ) ;
#3904 = FACE_OUTER_BOUND ( 'NONE', #5218, .T. ) ;
#3905 = CYLINDRICAL_SURFACE ( 'NONE', #2815, 6.299999999999998000 ) ;
#3906 = CIRCLE ( 'NONE', #2817, 14.40000000000000900 ) ;
#3907 = FACE_OUTER_BOUND ( 'NONE', #4979, .T. ) ;
#3908 = FACE_BOUND ( 'NONE', #5012, .T. ) ;
#3909 = CIRCLE ( 'NONE', #2866, 12.74999999999999500 ) ;
#3910 = FACE_OUTER_BOUND ( 'NONE', #4878, .T. ) ;
#3911 = VECTOR ( 'NONE', #6, 1000.000000000000100 ) ;
#3912 = LINE ( 'NONE', #42, #3894 ) ;
#3913 = CIRCLE ( 'NONE', #2839, 15.00000000000000000 ) ;
#3914 = CYLINDRICAL_SURFACE ( 'NONE', #2822, 1.500000000000001300 ) ;
#3915 = FACE_OUTER_BOUND ( 'NONE', #4931, .T. ) ;
#3916 = FACE_OUTER_BOUND ( 'NONE', #4924, .T. ) ;
#3917 = FACE_OUTER_BOUND ( 'NONE', #4925, .T. ) ;
#3918 = CIRCLE ( 'NONE', #2855, 6.299999999999998000 ) ;
#3919 = CYLINDRICAL_SURFACE ( 'NONE', #2843, 12.74999999999999800 ) ;
#3920 = LINE ( 'NONE', #1023, #3940 ) ;
#3921 = FACE_OUTER_BOUND ( 'NONE', #5066, .T. ) ;
#3922 = CYLINDRICAL_SURFACE ( 'NONE', #2865, 1.499999999999999600 ) ;
#3923 = CONICAL_SURFACE ( 'NONE', #2829, 6.299999999999998900, 0.7853981633974500600 ) ;
#3924 = FACE_OUTER_BOUND ( 'NONE', #4932, .T. ) ;
#3925 = FACE_OUTER_BOUND ( 'NONE', #5211, .T. ) ;
#3926 = FACE_OUTER_BOUND ( 'NONE', #4949, .T. ) ;
#3927 = COLOUR_RGB ( '',1.000000000000000000, 1.000000000000000000, 1.000000000000000000 ) ;
#3928 = VECTOR ( 'NONE', #1028, 1000.000000000000000 ) ;
#3929 = CIRCLE ( 'NONE', #2838, 6.299999999999999800 ) ;
#3930 = CIRCLE ( 'NONE', #2841, 12.74999999999999300 ) ;
#3931 = VECTOR ( 'NONE', #53, 1000.000000000000000 ) ;
#3932 = CIRCLE ( 'NONE', #2862, 2.500000000000000900 ) ;
#3933 = CIRCLE ( 'NONE', #2852, 12.74999999999999300 ) ;
#3934 = FACE_OUTER_BOUND ( 'NONE', #4956, .T. ) ;
#3935 = FACE_OUTER_BOUND ( 'NONE', #4948, .T. ) ;
#3936 = FACE_BOUND ( 'NONE', #5105, .T. ) ;
#3937 = CYLINDRICAL_SURFACE ( 'NONE', #2842, 1.499999999999999600 ) ;
#3938 = FACE_OUTER_BOUND ( 'NONE', #5099, .T. ) ;
#3939 = FACE_OUTER_BOUND ( 'NONE', #5092, .T. ) ;
#3940 = VECTOR ( 'NONE', #1046, 1000.000000000000000 ) ;
#3941 = SURFACE_STYLE_FILL_AREA ( #1304 ) ;
#3942 = CONICAL_SURFACE ( 'NONE', #2853, 6.299999999999998900, 0.7853981633974500600 ) ;
#3943 = CYLINDRICAL_SURFACE ( 'NONE', #2854, 2.500000000000000400 ) ;
#3944 = VECTOR ( 'NONE', #1014, 1000.000000000000000 ) ;
#3945 = LINE ( 'NONE', #1019, #3928 ) ;
#3946 = VECTOR ( 'NONE', #51, 1000.000000000000000 ) ;
#3947 = LINE ( 'NONE', #12, #3911 ) ;
#3948 = LINE ( 'NONE', #21, #3931 ) ;
#3949 = FACE_OUTER_BOUND ( 'NONE', #5053, .T. ) ;
#3950 = CONICAL_SURFACE ( 'NONE', #2806, 12.74999999999999800, 0.7853981633974517200 ) ;
#3951 = LINE ( 'NONE', #1058, #3944 ) ;
#3952 = CYLINDRICAL_SURFACE ( 'NONE', #2863, 15.00000000000000000 ) ;
#3953 = FACE_OUTER_BOUND ( 'NONE', #4926, .T. ) ;
#3954 = FACE_OUTER_BOUND ( 'NONE', #4998, .T. ) ;
#3955 = CONICAL_SURFACE ( 'NONE', #2897, 14.74999999999999500, 0.7853981633974517200 ) ;
#3956 = FACE_OUTER_BOUND ( 'NONE', #5095, .T. ) ;
#3957 = FACE_OUTER_BOUND ( 'NONE', #4984, .T. ) ;
#3958 = CYLINDRICAL_SURFACE ( 'NONE', #2848, 1.720000000000000000 ) ;
#3959 = FACE_OUTER_BOUND ( 'NONE', #5046, .T. ) ;
#3960 = CYLINDRICAL_SURFACE ( 'NONE', #2903, 1.720000000000000000 ) ;
#3961 = FACE_OUTER_BOUND ( 'NONE', #5067, .T. ) ;
#3962 = CONICAL_SURFACE ( 'NONE', #2876, 12.74999999999999800, 0.7853981633974517200 ) ;
#3963 = CONICAL_SURFACE ( 'NONE', #2885, 15.00000000000000000, 0.7853981633974482800 ) ;
#3964 = CYLINDRICAL_SURFACE ( 'NONE', #2875, 4.499999999999999100 ) ;
#3965 = CYLINDRICAL_SURFACE ( 'NONE', #2882, 15.00000000000000000 ) ;
#3966 = CONICAL_SURFACE ( 'NONE', #2891, 14.75000000000000500, 0.7853981633974482800 ) ;
#3967 = FACE_OUTER_BOUND ( 'NONE', #5040, .T. ) ;
#3968 = FACE_OUTER_BOUND ( 'NONE', #4945, .T. ) ;
#3969 = CYLINDRICAL_SURFACE ( 'NONE', #2899, 6.299999999999999800 ) ;
#3970 = FACE_OUTER_BOUND ( 'NONE', #4961, .T. ) ;
#3971 = PRESENTATION_STYLE_ASSIGNMENT (( #1301 ) ) ;
#3972 = CONICAL_SURFACE ( 'NONE', #2909, 14.40000000000000900, 0.7853981633974482800 ) ;
#3973 = CYLINDRICAL_SURFACE ( 'NONE', #2874, 12.74999999999999800 ) ;
#3974 = CONICAL_SURFACE ( 'NONE', #2873, 14.74999999999999600, 0.7853981633974482800 ) ;
#3975 = CONICAL_SURFACE ( 'NONE', #2895, 15.00000000000000000, 0.7853981633974482800 ) ;
#3976 = FACE_OUTER_BOUND ( 'NONE', #5044, .T. ) ;
#3977 = FACE_OUTER_BOUND ( 'NONE', #5051, .T. ) ;
#3978 = CONICAL_SURFACE ( 'NONE', #2894, 6.050000000000000700, 0.7853981633974466100 ) ;
#3979 = CYLINDRICAL_SURFACE ( 'NONE', #2915, 6.299999999999998900 ) ;
#3980 = FACE_OUTER_BOUND ( 'NONE', #5027, .T. ) ;
#3981 = FACE_OUTER_BOUND ( 'NONE', #4986, .T. ) ;
#3982 = FACE_OUTER_BOUND ( 'NONE', #5007, .T. ) ;
#3983 = CONICAL_SURFACE ( 'NONE', #2870, 14.75000000000000500, 0.7853981633974482800 ) ;
#3984 = FACE_OUTER_BOUND ( 'NONE', #5039, .T. ) ;
#3985 = FACE_OUTER_BOUND ( 'NONE', #5010, .T. ) ;
#3986 = CYLINDRICAL_SURFACE ( 'NONE', #2886, 1.500000000000000400 ) ;
#3987 = FACE_OUTER_BOUND ( 'NONE', #5002, .T. ) ;
#3988 = FACE_OUTER_BOUND ( 'NONE', #4993, .T. ) ;
#3989 = CYLINDRICAL_SURFACE ( 'NONE', #2900, 15.00000000000000000 ) ;
#3990 = FACE_OUTER_BOUND ( 'NONE', #5154, .T. ) ;
#3991 = FACE_OUTER_BOUND ( 'NONE', #5062, .T. ) ;
#3992 = FACE_OUTER_BOUND ( 'NONE', #4982, .T. ) ;
#3993 = CARTESIAN_POINT ( 'NONE',  ( 13.62776781038742300, -5.220000000000000600, 6.267690524121974200 ) ) ;
#3994 = DIRECTION ( 'NONE',  ( -0.0000000000000000000, 1.000000000000000000, -0.0000000000000000000 ) ) ;
#3995 = CARTESIAN_POINT ( 'NONE',  ( 0.2246320280050348700, 9.879999999999999000, 15.00000000000000200 ) ) ;
#3996 = CARTESIAN_POINT ( 'NONE',  ( 1.836970221675633200E-015, 9.879999999999999000, 15.00000000000000000 ) ) ;
#3997 = CARTESIAN_POINT ( 'NONE',  ( 1.983428003847356600, 5.054574054566322700, 5.891268586353175100 ) ) ;
#3998 = CARTESIAN_POINT ( 'NONE',  ( -3.882285676537682800, 5.799999999999999800, -14.48888739433604100 ) ) ;
#3999 = DIRECTION ( 'NONE',  ( 0.0000000000000000000, 0.0000000000000000000, 1.000000000000000000 ) ) ;
#4000 = DIRECTION ( 'NONE',  ( 0.0000000000000000000, 0.0000000000000000000, 1.000000000000000000 ) ) ;
#4001 = CARTESIAN_POINT ( 'NONE',  ( 2.050375742370517300, 5.137972013019131100, 5.779972960850071400 ) ) ;
#4002 = CARTESIAN_POINT ( 'NONE',  ( 2.117025620737657200, 5.219999999999999800, 5.667512904364778900 ) ) ;
#4003 = DIRECTION ( 'NONE',  ( 0.0000000000000000000, 1.000000000000000000, 0.0000000000000000000 ) ) ;
#4004 = CARTESIAN_POINT ( 'NONE',  ( 1.916241495323061100, 4.969999999999996200, 6.001501356460905400 ) ) ;
#4005 = CARTESIAN_POINT ( 'NONE',  ( 0.9999999999999967800, 10.20057154523712500, 2.291287847477922100 ) ) ;
#4006 = CARTESIAN_POINT ( 'NONE',  ( 13.62776781038739500, -5.220000000000000600, -6.267690524122072800 ) ) ;
#4007 = CARTESIAN_POINT ( 'NONE',  ( 1.110499141189462200, 10.27953173845985700, 2.243062068551414000 ) ) ;
#4008 = CARTESIAN_POINT ( 'NONE',  ( 1.208283614889913400, 10.36877760078740500, 2.190977394779601200 ) ) ;
#4009 = CARTESIAN_POINT ( 'NONE',  ( 1.458782142152029500, 10.67899835626894900, 2.031782898513170700 ) ) ;
#4010 = CARTESIAN_POINT ( 'NONE',  ( 1.382159104155802800, 10.56777226295090900, 2.085657558000802800 ) ) ;
#4011 = CARTESIAN_POINT ( 'NONE',  ( 1.583623187507098300, 10.91558275444958400, 1.936059060292867600 ) ) ;
#4012 = DIRECTION ( 'NONE',  ( 0.0000000000000000000, 0.0000000000000000000, 1.000000000000000000 ) ) ;
#4013 = SURFACE_STYLE_USAGE ( .BOTH. , #4019 ) ;
#4014 =( NAMED_UNIT ( * ) SI_UNIT ( $, .STERADIAN. ) SOLID_ANGLE_UNIT ( ) );
#4015 =( NAMED_UNIT ( * ) SI_UNIT ( $, .STERADIAN. ) SOLID_ANGLE_UNIT ( ) );
#4016 = DIRECTION ( 'NONE',  ( 0.0000000000000000000, -1.000000000000000000, -6.123233995736766000E-017 ) ) ;
#4017 = DIRECTION ( 'NONE',  ( 0.0000000000000000000, 0.0000000000000000000, 1.000000000000000000 ) ) ;
#4018 = FILL_AREA_STYLE_COLOUR ( '', #3531 ) ;
#4019 = SURFACE_SIDE_STYLE ('',( #3512 ) ) ;
#4020 =( NAMED_UNIT ( * ) PLANE_ANGLE_UNIT ( ) SI_UNIT ( $, .RADIAN. ) );
#4021 = SURFACE_SIDE_STYLE ('',( #3527 ) ) ;
#4022 =( NAMED_UNIT ( * ) SI_UNIT ( $, .STERADIAN. ) SOLID_ANGLE_UNIT ( ) );
#4023 = FILL_AREA_STYLE ('',( #4018 ) ) ;
#4024 =( NAMED_UNIT ( * ) PLANE_ANGLE_UNIT ( ) SI_UNIT ( $, .RADIAN. ) );
#4025 = CARTESIAN_POINT ( 'NONE',  ( 5.510910596163087600E-016, 4.969999999999996200, -4.499999999999999100 ) ) ;
#4026 = DIRECTION ( 'NONE',  ( 8.659560562354904500E-017, 0.7071067811865500200, -0.7071067811865451300 ) ) ;
#4027 =( LENGTH_UNIT ( ) NAMED_UNIT ( * ) SI_UNIT ( .MILLI., .METRE. ) );
#4028 = CARTESIAN_POINT ( 'NONE',  ( 0.0000000000000000000, -5.219999999999999800, 6.299999999999997200 ) ) ;
#4029 =( NAMED_UNIT ( * ) PLANE_ANGLE_UNIT ( ) SI_UNIT ( $, .RADIAN. ) );
#4030 = FILL_AREA_STYLE_COLOUR ( '', #3525 ) ;
#4031 = FILL_AREA_STYLE ('',( #4040 ) ) ;
#4032 = FILL_AREA_STYLE ('',( #4030 ) ) ;
#4033 = CARTESIAN_POINT ( 'NONE',  ( -7.424621202458764600, -5.800000000000000700, 7.424621202458736100 ) ) ;
#4034 = CARTESIAN_POINT ( 'NONE',  ( -7.424621202458764600, 5.800000000000000700, -5.924621202458737000 ) ) ;
#4035 = DIRECTION ( 'NONE',  ( 0.0000000000000000000, 0.0000000000000000000, -1.000000000000000000 ) ) ;
#4036 = DIRECTION ( 'NONE',  ( 0.0000000000000000000, 1.000000000000000000, 6.123233995736751200E-017 ) ) ;
#4037 = DIRECTION ( 'NONE',  ( -0.0000000000000000000, 1.000000000000000000, 6.123233995736766000E-017 ) ) ;
#4038 = CARTESIAN_POINT ( 'NONE',  ( 0.0000000000000000000, 5.219999999999999800, -1.291817657928453600E-032 ) ) ;
#4039 =( LENGTH_UNIT ( ) NAMED_UNIT ( * ) SI_UNIT ( .MILLI., .METRE. ) );
#4040 = FILL_AREA_STYLE_COLOUR ( '', #3526 ) ;
#4041 = SURFACE_SIDE_STYLE ('',( #3521 ) ) ;
#4042 = SURFACE_STYLE_USAGE ( .BOTH. , #4041 ) ;
#4043 =( LENGTH_UNIT ( ) NAMED_UNIT ( * ) SI_UNIT ( .MILLI., .METRE. ) );
#4044 = DIRECTION ( 'NONE',  ( 0.0000000000000000000, 1.000000000000000000, 0.0000000000000000000 ) ) ;
#4045 = DIRECTION ( 'NONE',  ( -0.0000000000000000000, -1.000000000000000000, -6.123233995736766000E-017 ) ) ;
#4046 = CARTESIAN_POINT ( 'NONE',  ( 0.0000000000000000000, -4.970000000000001500, -6.239575441655764000E-016 ) ) ;
#4047 = SURFACE_STYLE_USAGE ( .BOTH. , #4021 ) ;
#4048 = CARTESIAN_POINT ( 'NONE',  ( 0.0000000000000000000, 4.969999999999996200, -1.530808498934207200E-017 ) ) ;
#4049 = CARTESIAN_POINT ( 'NONE',  ( 14.48888739433602900, 5.219999999999999800, -3.882285676537774700 ) ) ;
#4050 = DIRECTION ( 'NONE',  ( 5.329070518200750600E-015, 0.0000000000000000000, 1.000000000000000000 ) ) ;
#4051 = CARTESIAN_POINT ( 'NONE',  ( -2.050375742370719400, -5.137972013018914400, 5.779972960850241900 ) ) ;
#4052 = CARTESIAN_POINT ( 'NONE',  ( 14.48888739433604100, 5.219999999999999800, 3.882285676537765800 ) ) ;
#4053 = CARTESIAN_POINT ( 'NONE',  ( 0.0000000000000000000, -4.969999999999992600, 0.0000000000000000000 ) ) ;
#4054 = DIRECTION ( 'NONE',  ( 0.0000000000000000000, 1.000000000000000000, 0.0000000000000000000 ) ) ;
#4055 = DIRECTION ( 'NONE',  ( 0.0000000000000000000, 0.0000000000000000000, 1.000000000000000000 ) ) ;
#4056 = CARTESIAN_POINT ( 'NONE',  ( 3.882285676537765800, 5.219999999999999800, -14.48888739433603400 ) ) ;
#4057 = DIRECTION ( 'NONE',  ( -0.0000000000000000000, -1.000000000000000000, -0.0000000000000000000 ) ) ;
#4058 = CARTESIAN_POINT ( 'NONE',  ( -7.424621202458764600, -5.800000000000000700, 5.924621202458736100 ) ) ;
#4059 = DIRECTION ( 'NONE',  ( 0.0000000000000000000, 1.000000000000000000, 6.123233995736766000E-017 ) ) ;
#4060 = DIRECTION ( 'NONE',  ( 0.0000000000000000000, 0.0000000000000000000, 1.000000000000000000 ) ) ;
#4061 = DIRECTION ( 'NONE',  ( -0.0000000000000000000, -1.000000000000000000, -6.123233995736738900E-017 ) ) ;
#4062 = CARTESIAN_POINT ( 'NONE',  ( 0.0000000000000000000, -5.219999999999999800, 6.049999999999999800 ) ) ;
#4063 = DIRECTION ( 'NONE',  ( 0.0000000000000000000, 1.000000000000000000, 0.0000000000000000000 ) ) ;
#4064 = DIRECTION ( 'NONE',  ( 0.0000000000000000000, 0.7071067811865487900, 0.7071067811865463500 ) ) ;
#4065 = DIRECTION ( 'NONE',  ( -0.0000000000000000000, 1.000000000000000000, 6.123233995736766000E-017 ) ) ;
#4066 = DIRECTION ( 'NONE',  ( 0.0000000000000000000, 1.000000000000000000, 0.0000000000000000000 ) ) ;
#4067 = DIRECTION ( 'NONE',  ( -0.0000000000000000000, 1.000000000000000000, 6.123233995736766000E-017 ) ) ;
#4068 = CARTESIAN_POINT ( 'NONE',  ( 0.0000000000000000000, 5.220000000000000600, -4.499999999999999100 ) ) ;
#4069 = DIRECTION ( 'NONE',  ( 0.0000000000000000000, 0.0000000000000000000, 1.000000000000000000 ) ) ;
#4070 = CARTESIAN_POINT ( 'NONE',  ( 7.424621202458764600, -5.799999999999998900, -5.924621202458737000 ) ) ;
#4071 = CARTESIAN_POINT ( 'NONE',  ( 0.0000000000000000000, 5.219999999999999800, 0.0000000000000000000 ) ) ;
#4072 = DIRECTION ( 'NONE',  ( -0.0000000000000000000, -1.000000000000000000, -0.0000000000000000000 ) ) ;
#4073 = DIRECTION ( 'NONE',  ( 0.0000000000000000000, 0.0000000000000000000, 1.000000000000000000 ) ) ;
#4074 = CARTESIAN_POINT ( 'NONE',  ( -1.983428003847316200, -5.054574054566283600, 5.891268586353224800 ) ) ;
#4075 = CARTESIAN_POINT ( 'NONE',  ( -14.48888739433602900, 5.219999999999999800, 3.882285676537772900 ) ) ;
#4076 = CARTESIAN_POINT ( 'NONE',  ( 7.424621202458764600, 5.799999999999998900, 5.924621202458736100 ) ) ;
#4077 = DIRECTION ( 'NONE',  ( -0.0000000000000000000, 1.000000000000000000, 6.123233995736766000E-017 ) ) ;
#4078 = CARTESIAN_POINT ( 'NONE',  ( -2.117025620737481800, -5.219999999999999800, 5.667512904364760300 ) ) ;
#4079 = CARTESIAN_POINT ( 'NONE',  ( 7.424621202458764600, -5.799999999999998900, -8.924621202458736100 ) ) ;
#4080 = DIRECTION ( 'NONE',  ( 0.0000000000000000000, -1.000000000000000000, 0.0000000000000000000 ) ) ;
#4081 = DIRECTION ( 'NONE',  ( 0.0000000000000000000, 0.0000000000000000000, 1.000000000000000000 ) ) ;
#4082 = DIRECTION ( 'NONE',  ( 0.0000000000000000000, 0.0000000000000000000, 1.000000000000000000 ) ) ;
#4083 = CARTESIAN_POINT ( 'NONE',  ( -7.424621202458764600, 5.800000000000000700, -7.424621202458736100 ) ) ;
#4084 = CARTESIAN_POINT ( 'NONE',  ( -1.916241495323054200, -4.970000000000001500, 6.001501356460899200 ) ) ;
#4085 = CARTESIAN_POINT ( 'NONE',  ( 0.0000000000000000000, 4.969999999999996200, 4.499999999999999100 ) ) ;
#4086 = DIRECTION ( 'NONE',  ( -0.0000000000000000000, -1.000000000000000000, -6.123233995736766000E-017 ) ) ;
#4087 = DIRECTION ( 'NONE',  ( 0.0000000000000000000, 0.0000000000000000000, 1.000000000000000000 ) ) ;
#4088 = DIRECTION ( 'NONE',  ( 0.0000000000000000000, 0.0000000000000000000, 1.000000000000000000 ) ) ;
#4089 = CARTESIAN_POINT ( 'NONE',  ( 0.0000000000000000000, 4.969999999999996200, -1.530808498934207200E-017 ) ) ;
#4090 = DIRECTION ( 'NONE',  ( 0.0000000000000000000, 0.0000000000000000000, 1.000000000000000000 ) ) ;
#4091 = DIRECTION ( 'NONE',  ( 0.0000000000000000000, 0.0000000000000000000, 1.000000000000000000 ) ) ;
#4092 = DIRECTION ( 'NONE',  ( 0.0000000000000000000, 1.000000000000000000, 0.0000000000000000000 ) ) ;
#4093 = DIRECTION ( 'NONE',  ( -0.0000000000000000000, -1.000000000000000000, -6.123233995736738900E-017 ) ) ;
#4094 = CARTESIAN_POINT ( 'NONE',  ( 0.0000000000000000000, 4.969999999999996200, 0.0000000000000000000 ) ) ;
#4095 = DIRECTION ( 'NONE',  ( 1.776356839400250500E-015, 0.0000000000000000000, 1.000000000000000000 ) ) ;
#4096 = DIRECTION ( 'NONE',  ( 0.0000000000000000000, 0.0000000000000000000, 1.000000000000000000 ) ) ;
#4097 = CARTESIAN_POINT ( 'NONE',  ( 0.0000000000000000000, -4.970000000000001500, -6.239575441655764900E-016 ) ) ;
#4098 = DIRECTION ( 'NONE',  ( 0.0000000000000000000, 0.0000000000000000000, -1.000000000000000000 ) ) ;
#4099 = DIRECTION ( 'NONE',  ( -0.0000000000000000000, -1.000000000000000000, -0.0000000000000000000 ) ) ;
#4100 = CARTESIAN_POINT ( 'NONE',  ( -6.001501356460902800, -5.219999999999999800, 1.916241495323052900 ) ) ;
#4101 = DIRECTION ( 'NONE',  ( 0.0000000000000000000, 0.0000000000000000000, 1.000000000000000000 ) ) ;
#4102 = CARTESIAN_POINT ( 'NONE',  ( 0.0000000000000000000, -5.219999999999999800, 0.0000000000000000000 ) ) ;
#4103 = DIRECTION ( 'NONE',  ( 0.0000000000000000000, 0.0000000000000000000, 1.000000000000000000 ) ) ;
#4104 = DIRECTION ( 'NONE',  ( 0.0000000000000000000, -1.000000000000000000, -6.123233995736766000E-017 ) ) ;
#4105 = CARTESIAN_POINT ( 'NONE',  ( 7.424621202458764600, -5.799999999999998900, -7.424621202458736100 ) ) ;
#4106 = DIRECTION ( 'NONE',  ( 0.0000000000000000000, 0.7071067811865500200, 0.7071067811865451300 ) ) ;
#4107 = CARTESIAN_POINT ( 'NONE',  ( 7.424621202458764600, 5.799999999999998900, 8.924621202458737900 ) ) ;
#4108 = CARTESIAN_POINT ( 'NONE',  ( 0.0000000000000000000, 5.219999999999999800, 0.0000000000000000000 ) ) ;
#4109 = DIRECTION ( 'NONE',  ( 0.0000000000000000000, -1.000000000000000000, 0.0000000000000000000 ) ) ;
#4110 = DIRECTION ( 'NONE',  ( 0.0000000000000000000, 0.0000000000000000000, 1.000000000000000000 ) ) ;
#4111 = DIRECTION ( 'NONE',  ( -0.0000000000000000000, 1.000000000000000000, 6.123233995736766000E-017 ) ) ;
#4112 = DIRECTION ( 'NONE',  ( 0.0000000000000000000, 1.000000000000000000, 6.123233995736751200E-017 ) ) ;
#4113 = DIRECTION ( 'NONE',  ( 0.0000000000000000000, -1.000000000000000000, 0.0000000000000000000 ) ) ;
#4114 = CARTESIAN_POINT ( 'NONE',  ( 5.510910596163087600E-016, 5.220000000000000600, 4.499999999999999100 ) ) ;
#4115 = DIRECTION ( 'NONE',  ( -0.0000000000000000000, -1.000000000000000000, -6.123233995736766000E-017 ) ) ;
#4116 = CARTESIAN_POINT ( 'NONE',  ( 0.0000000000000000000, 5.219999999999999800, 0.0000000000000000000 ) ) ;
#4117 = CARTESIAN_POINT ( 'NONE',  ( 1.632869119694072600, 11.04150543585246200, 1.893643195935917900 ) ) ;
#4118 = DIRECTION ( 'NONE',  ( -0.0000000000000000000, -1.000000000000000000, -0.0000000000000000000 ) ) ;
#4119 = DIRECTION ( 'NONE',  ( 0.0000000000000000000, 1.000000000000000000, 0.0000000000000000000 ) ) ;
#4120 = DIRECTION ( 'NONE',  ( -0.0000000000000000000, -1.000000000000000000, -0.0000000000000000000 ) ) ;
#4121 = CARTESIAN_POINT ( 'NONE',  ( 0.0000000000000000000, 4.969999999999996200, 0.0000000000000000000 ) ) ;
#4122 = DIRECTION ( 'NONE',  ( 0.0000000000000000000, 1.000000000000000000, 0.0000000000000000000 ) ) ;
#4123 = CARTESIAN_POINT ( 'NONE',  ( -7.424621202458764600, -5.219999999999999800, 7.424621202458736100 ) ) ;
#4124 = CARTESIAN_POINT ( 'NONE',  ( 1.701904244689323800, 11.31416843746481900, 1.831848262677167000 ) ) ;
#4125 = DIRECTION ( 'NONE',  ( -0.0000000000000000000, -1.000000000000000000, -0.0000000000000000000 ) ) ;
#4126 = CARTESIAN_POINT ( 'NONE',  ( 0.0000000000000000000, 5.219999999999999800, 4.568321269315944500E-032 ) ) ;
#4127 = DIRECTION ( 'NONE',  ( -0.0000000000000000000, -1.000000000000000000, -6.123233995736738900E-017 ) ) ;
#4128 = DIRECTION ( 'NONE',  ( 0.0000000000000000000, 1.000000000000000000, 0.0000000000000000000 ) ) ;
#4129 = CARTESIAN_POINT ( 'NONE',  ( 0.0000000000000000000, -5.219999999999999800, 0.0000000000000000000 ) ) ;
#4130 = DIRECTION ( 'NONE',  ( 0.0000000000000000000, 0.0000000000000000000, 1.000000000000000000 ) ) ;
#4131 = CARTESIAN_POINT ( 'NONE',  ( 0.0000000000000000000, -5.219999999999999800, -6.392656291549182900E-016 ) ) ;
#4132 = DIRECTION ( 'NONE',  ( 0.0000000000000000000, 0.0000000000000000000, 1.000000000000000000 ) ) ;
#4133 = CARTESIAN_POINT ( 'NONE',  ( 0.0000000000000000000, -5.219999999999999800, 0.0000000000000000000 ) ) ;
#4134 = CARTESIAN_POINT ( 'NONE',  ( 7.424621202458764600, 5.799999999999998900, 7.424621202458736100 ) ) ;
#4135 = CARTESIAN_POINT ( 'NONE',  ( -3.882285676537767600, 4.969999999999997100, 14.48888739433603400 ) ) ;
#4136 = DIRECTION ( 'NONE',  ( 0.0000000000000000000, 1.000000000000000000, 6.123233995736766000E-017 ) ) ;
#4137 = DIRECTION ( 'NONE',  ( 0.0000000000000000000, 1.000000000000000000, 6.123233995736766000E-017 ) ) ;
#4138 = DIRECTION ( 'NONE',  ( 0.0000000000000000000, 0.0000000000000000000, 1.000000000000000000 ) ) ;
#4139 = CARTESIAN_POINT ( 'NONE',  ( -7.424621202458764600, 5.800000000000000700, -8.924621202458736100 ) ) ;
#4140 = DIRECTION ( 'NONE',  ( -0.0000000000000000000, -1.000000000000000000, -0.0000000000000000000 ) ) ;
#4141 = DIRECTION ( 'NONE',  ( -0.0000000000000000000, -1.000000000000000000, -6.123233995736766000E-017 ) ) ;
#4142 = CARTESIAN_POINT ( 'NONE',  ( 7.424621202458764600, 5.219999999999998900, 7.424621202458736100 ) ) ;
#4143 = CARTESIAN_POINT ( 'NONE',  ( 0.0000000000000000000, -5.219999999999999800, -6.392656291549182900E-016 ) ) ;
#4144 = DIRECTION ( 'NONE',  ( -0.0000000000000000000, -1.000000000000000000, -0.0000000000000000000 ) ) ;
#4145 = DIRECTION ( 'NONE',  ( 0.0000000000000000000, 0.0000000000000000000, 1.000000000000000000 ) ) ;
#4146 = DIRECTION ( 'NONE',  ( 0.0000000000000000000, 0.0000000000000000000, 1.000000000000000000 ) ) ;
#4147 = DIRECTION ( 'NONE',  ( -0.0000000000000000000, -1.000000000000000000, -0.0000000000000000000 ) ) ;
#4148 = CARTESIAN_POINT ( 'NONE',  ( 0.0000000000000000000, -5.219999999999999800, 0.0000000000000000000 ) ) ;
#4149 = DIRECTION ( 'NONE',  ( 0.0000000000000000000, 0.0000000000000000000, 1.000000000000000000 ) ) ;
#4150 = CARTESIAN_POINT ( 'NONE',  ( -1.916241495323057800, -5.219999999999999800, -6.001501356460903700 ) ) ;
#4151 = DIRECTION ( 'NONE',  ( 0.0000000000000000000, 0.0000000000000000000, 1.000000000000000000 ) ) ;
#4152 = DIRECTION ( 'NONE',  ( 8.659560562354903300E-017, -0.7071067811865500200, 0.7071067811865451300 ) ) ;
#4153 = CARTESIAN_POINT ( 'NONE',  ( -7.424621202458764600, -5.800000000000000700, 8.924621202458737900 ) ) ;
#4154 = DIRECTION ( 'NONE',  ( -0.0000000000000000000, -1.000000000000000000, -0.0000000000000000000 ) ) ;
#4155 = DIRECTION ( 'NONE',  ( 0.0000000000000000000, 1.000000000000000000, 0.0000000000000000000 ) ) ;
#4156 = CARTESIAN_POINT ( 'NONE',  ( 0.0000000000000000000, 4.969999999999996200, -1.530808498934207200E-017 ) ) ;
#4157 = DIRECTION ( 'NONE',  ( -0.0000000000000000000, 1.000000000000000000, 6.123233995736766000E-017 ) ) ;
#4158 = DIRECTION ( 'NONE',  ( 0.0000000000000000000, 0.0000000000000000000, 1.000000000000000000 ) ) ;
#4159 = DIRECTION ( 'NONE',  ( 0.0000000000000000000, 0.0000000000000000000, 1.000000000000000000 ) ) ;
#4160 = DIRECTION ( 'NONE',  ( 6.217248937900877400E-015, 0.0000000000000000000, 1.000000000000000000 ) ) ;
#4161 = CARTESIAN_POINT ( 'NONE',  ( 5.817072295949933300E-016, -5.219999999999999800, 4.750000000000004400 ) ) ;
#4162 = DIRECTION ( 'NONE',  ( -0.0000000000000000000, 1.000000000000000000, 6.123233995736766000E-017 ) ) ;
#4163 = DIRECTION ( 'NONE',  ( 1.804112415015878600E-015, 0.0000000000000000000, 1.000000000000000000 ) ) ;
#4164 = CARTESIAN_POINT ( 'NONE',  ( 0.0000000000000000000, -5.219999999999999800, 0.0000000000000000000 ) ) ;
#4165 = DIRECTION ( 'NONE',  ( 0.0000000000000000000, 1.000000000000000000, 0.0000000000000000000 ) ) ;
#4166 = DIRECTION ( 'NONE',  ( 0.0000000000000000000, 0.0000000000000000000, 1.000000000000000000 ) ) ;
#4167 = CARTESIAN_POINT ( 'NONE',  ( 0.0000000000000000000, -5.219999999999999800, -6.392656291549182900E-016 ) ) ;
#4168 = CARTESIAN_POINT ( 'NONE',  ( 1.719999999999999800, 11.45587405825922500, 1.814276715388257300 ) ) ;
#4169 = CARTESIAN_POINT ( 'NONE',  ( -1.983428003847322400, 5.054574054566281800, -5.891268586353224800 ) ) ;
#4170 = DIRECTION ( 'NONE',  ( 0.0000000000000000000, 0.0000000000000000000, 1.000000000000000000 ) ) ;
#4171 = DIRECTION ( 'NONE',  ( 0.0000000000000000000, 0.0000000000000000000, 1.000000000000000000 ) ) ;
#4172 = CARTESIAN_POINT ( 'NONE',  ( -1.916241495323057800, 4.969999999999996200, -6.001501356460902800 ) ) ;
#4173 = DIRECTION ( 'NONE',  ( 0.0000000000000000000, 1.000000000000000000, 0.0000000000000000000 ) ) ;
#4174 = CARTESIAN_POINT ( 'NONE',  ( 0.0000000000000000000, -4.970000000000001500, 0.0000000000000000000 ) ) ;
#4175 = CARTESIAN_POINT ( 'NONE',  ( 0.0000000000000000000, 5.219999999999999800, 1.291817657928452500E-032 ) ) ;
#4176 = DIRECTION ( 'NONE',  ( 0.0000000000000000000, 0.0000000000000000000, 1.000000000000000000 ) ) ;
#4177 = DIRECTION ( 'NONE',  ( 0.0000000000000000000, 0.0000000000000000000, 1.000000000000000000 ) ) ;
#4178 = CARTESIAN_POINT ( 'NONE',  ( 7.424621202458764600, -5.219999999999999800, -7.424621202458736100 ) ) ;
#4179 = CARTESIAN_POINT ( 'NONE',  ( -7.424621202458764600, 5.220000000000000600, -7.424621202458736100 ) ) ;
#4180 = DIRECTION ( 'NONE',  ( 0.0000000000000000000, 1.000000000000000000, 6.123233995736766000E-017 ) ) ;
#4181 = CARTESIAN_POINT ( 'NONE',  ( -3.882285676537771100, 5.219999999999999800, -14.48888739433603400 ) ) ;
#4182 = DIRECTION ( 'NONE',  ( 0.0000000000000000000, 1.000000000000000000, 0.0000000000000000000 ) ) ;
#4183 = DIRECTION ( 'NONE',  ( -0.0000000000000000000, 1.000000000000000000, -0.0000000000000000000 ) ) ;
#4184 = CARTESIAN_POINT ( 'NONE',  ( -2.050375742370725200, 5.137972013018912600, -5.779972960850236600 ) ) ;
#4185 = DIRECTION ( 'NONE',  ( 0.0000000000000000000, 0.0000000000000000000, 1.000000000000000000 ) ) ;
#4186 = DIRECTION ( 'NONE',  ( -0.0000000000000000000, -1.000000000000000000, -0.0000000000000000000 ) ) ;
#4187 = CARTESIAN_POINT ( 'NONE',  ( 0.0000000000000000000, -5.219999999999999800, -4.750000000000004400 ) ) ;
#4188 = CARTESIAN_POINT ( 'NONE',  ( -14.48888739433604100, -5.219999999999999800, -3.882285676537764900 ) ) ;
#4189 = CARTESIAN_POINT ( 'NONE',  ( -2.117025620737489800, 5.219999999999999800, -5.667512904364751400 ) ) ;
#4190 = DIRECTION ( 'NONE',  ( -0.0000000000000000000, 1.000000000000000000, -0.0000000000000000000 ) ) ;
#4191 = CARTESIAN_POINT ( 'NONE',  ( 6.267690524122000000, -5.220000000000000600, 13.62776781038741300 ) ) ;
#4192 = DIRECTION ( 'NONE',  ( -0.0000000000000000000, 1.000000000000000000, 6.123233995736766000E-017 ) ) ;
#4193 = CARTESIAN_POINT ( 'NONE',  ( 5.510910596163087600E-016, -5.220000000000000600, -4.499999999999999100 ) ) ;
#4194 = DIRECTION ( 'NONE',  ( 0.0000000000000000000, 0.0000000000000000000, 1.000000000000000000 ) ) ;
#4195 = DIRECTION ( 'NONE',  ( -0.0000000000000000000, -1.000000000000000000, -0.0000000000000000000 ) ) ;
#4196 = CARTESIAN_POINT ( 'NONE',  ( 3.882285676537772900, -5.219999999999999800, 14.48888739433603400 ) ) ;
#4197 = DIRECTION ( 'NONE',  ( -0.0000000000000000000, -1.000000000000000000, -0.0000000000000000000 ) ) ;
#4198 = DIRECTION ( 'NONE',  ( 0.0000000000000000000, 1.000000000000000000, 0.0000000000000000000 ) ) ;
#4199 = DIRECTION ( 'NONE',  ( 0.0000000000000000000, 0.0000000000000000000, 1.000000000000000000 ) ) ;
#4200 = CARTESIAN_POINT ( 'NONE',  ( -3.882285676537767600, -4.970000000000001500, 14.48888739433603400 ) ) ;
#4201 = DIRECTION ( 'NONE',  ( 0.0000000000000000000, -0.7071067811865500200, -0.7071067811865451300 ) ) ;
#4202 = DIRECTION ( 'NONE',  ( 0.0000000000000000000, 1.000000000000000000, 0.0000000000000000000 ) ) ;
#4203 = DIRECTION ( 'NONE',  ( 1.776356839400250500E-015, 0.0000000000000000000, 1.000000000000000000 ) ) ;
#4204 = DIRECTION ( 'NONE',  ( 0.0000000000000000000, 0.0000000000000000000, 1.000000000000000000 ) ) ;
#4205 = CARTESIAN_POINT ( 'NONE',  ( 0.0000000000000000000, -5.220000000000000600, 4.499999999999999100 ) ) ;
#4206 = DIRECTION ( 'NONE',  ( -0.0000000000000000000, 1.000000000000000000, -0.0000000000000000000 ) ) ;
#4207 = CARTESIAN_POINT ( 'NONE',  ( -7.424621202458764600, 5.220000000000000600, -7.424621202458736100 ) ) ;
#4208 = DIRECTION ( 'NONE',  ( 0.0000000000000000000, -0.7071067811865463500, -0.7071067811865487900 ) ) ;
#4209 = CARTESIAN_POINT ( 'NONE',  ( 0.0000000000000000000, 4.969999999999996200, -6.299999999999998900 ) ) ;
#4210 = CARTESIAN_POINT ( 'NONE',  ( 0.0000000000000000000, -5.219999999999999800, -6.392656291549182900E-016 ) ) ;
#4211 = CARTESIAN_POINT ( 'NONE',  ( 0.0000000000000000000, 5.219999999999999800, 0.0000000000000000000 ) ) ;
#4212 = DIRECTION ( 'NONE',  ( -0.0000000000000000000, 1.000000000000000000, 6.123233995736766000E-017 ) ) ;
#4213 = DIRECTION ( 'NONE',  ( -0.0000000000000000000, -1.000000000000000000, -0.0000000000000000000 ) ) ;
#4214 = DIRECTION ( 'NONE',  ( -0.0000000000000000000, -1.000000000000000000, -0.0000000000000000000 ) ) ;
#4215 = DIRECTION ( 'NONE',  ( -0.0000000000000000000, 1.000000000000000000, 6.123233995736766000E-017 ) ) ;
#4216 = CARTESIAN_POINT ( 'NONE',  ( 0.0000000000000000000, 4.969999999999996200, 0.0000000000000000000 ) ) ;
#4217 = DIRECTION ( 'NONE',  ( 0.0000000000000000000, 1.000000000000000000, 0.0000000000000000000 ) ) ;
#4218 = DIRECTION ( 'NONE',  ( 0.0000000000000000000, 0.0000000000000000000, 1.000000000000000000 ) ) ;
#4219 = CARTESIAN_POINT ( 'NONE',  ( 0.0000000000000000000, 2.319999999999999800, 0.0000000000000000000 ) ) ;
#4220 = DIRECTION ( 'NONE',  ( 0.0000000000000000000, 1.000000000000000000, 0.0000000000000000000 ) ) ;
#4221 = CARTESIAN_POINT ( 'NONE',  ( 0.0000000000000000000, 4.969999999999996200, -1.530808498934207200E-017 ) ) ;
#4222 = DIRECTION ( 'NONE',  ( -0.0000000000000000000, -1.000000000000000000, -6.123233995736738900E-017 ) ) ;
#4223 = CARTESIAN_POINT ( 'NONE',  ( -6.267690524121986700, -5.220000000000000600, 13.62776781038741800 ) ) ;
#4224 = DIRECTION ( 'NONE',  ( 0.0000000000000000000, -1.000000000000000000, 0.0000000000000000000 ) ) ;
#4225 = CARTESIAN_POINT ( 'NONE',  ( 13.62776781038741400, -5.219999999999999800, -6.267690524121993800 ) ) ;
#4226 = DIRECTION ( 'NONE',  ( 0.0000000000000000000, 0.0000000000000000000, 1.000000000000000000 ) ) ;
#4227 = DIRECTION ( 'NONE',  ( -2.664535259100375700E-015, 0.0000000000000000000, 1.000000000000000000 ) ) ;
#4228 = DIRECTION ( 'NONE',  ( -0.0000000000000000000, -1.000000000000000000, -0.0000000000000000000 ) ) ;
#4229 = CARTESIAN_POINT ( 'NONE',  ( 3.882285676537765800, -5.219999999999999800, -14.48888739433603400 ) ) ;
#4230 = DIRECTION ( 'NONE',  ( -9.020562075079396900E-016, 0.0000000000000000000, 1.000000000000000000 ) ) ;
#4231 = CARTESIAN_POINT ( 'NONE',  ( -14.48888739433604100, 5.219999999999999800, -3.882285676537764500 ) ) ;
#4232 = CARTESIAN_POINT ( 'NONE',  ( 0.0000000000000000000, -5.219999999999999800, 0.0000000000000000000 ) ) ;
#4233 = DIRECTION ( 'NONE',  ( 0.0000000000000000000, 0.0000000000000000000, 1.000000000000000000 ) ) ;
#4234 = DIRECTION ( 'NONE',  ( 0.0000000000000000000, 0.0000000000000000000, 1.000000000000000000 ) ) ;
#4235 = DIRECTION ( 'NONE',  ( 0.0000000000000000000, 0.0000000000000000000, 1.000000000000000000 ) ) ;
#4236 = DIRECTION ( 'NONE',  ( -0.0000000000000000000, -1.000000000000000000, -0.0000000000000000000 ) ) ;
#4237 = DIRECTION ( 'NONE',  ( 3.552713678800500900E-015, 0.0000000000000000000, 1.000000000000000000 ) ) ;
#4238 = CARTESIAN_POINT ( 'NONE',  ( 0.0000000000000000000, 5.219999999999999800, -4.568321269315945000E-032 ) ) ;
#4239 = DIRECTION ( 'NONE',  ( 0.0000000000000000000, 1.000000000000000000, 6.123233995736766000E-017 ) ) ;
#4240 = DIRECTION ( 'NONE',  ( 0.0000000000000000000, 0.0000000000000000000, 1.000000000000000000 ) ) ;
#4241 = DIRECTION ( 'NONE',  ( -0.0000000000000000000, 1.000000000000000000, -0.0000000000000000000 ) ) ;
#4242 = CARTESIAN_POINT ( 'NONE',  ( -3.882285676537767600, 5.219999999999999800, 14.48888739433603400 ) ) ;
#4243 = CARTESIAN_POINT ( 'NONE',  ( 0.0000000000000000000, 5.219999999999999800, 0.0000000000000000000 ) ) ;
#4244 = DIRECTION ( 'NONE',  ( 0.0000000000000000000, 1.000000000000000000, 0.0000000000000000000 ) ) ;
#4245 = CARTESIAN_POINT ( 'NONE',  ( 0.0000000000000000000, 5.219999999999999800, 0.0000000000000000000 ) ) ;
#4246 = DIRECTION ( 'NONE',  ( 0.0000000000000000000, 0.0000000000000000000, 1.000000000000000000 ) ) ;
#4247 = DIRECTION ( 'NONE',  ( 0.0000000000000000000, 1.000000000000000000, 0.0000000000000000000 ) ) ;
#4248 = CARTESIAN_POINT ( 'NONE',  ( 1.720000000000000200, 11.59999999999999800, 1.814276715388258000 ) ) ;
#4249 = DIRECTION ( 'NONE',  ( -0.0000000000000000000, 1.000000000000000000, 6.123233995736766000E-017 ) ) ;
#4250 = CARTESIAN_POINT ( 'NONE',  ( -1.916241495323054200, -5.219999999999999800, 6.001501356460899200 ) ) ;
#4251 = DIRECTION ( 'NONE',  ( 0.0000000000000000000, 0.0000000000000000000, 1.000000000000000000 ) ) ;
#4252 = DIRECTION ( 'NONE',  ( 0.0000000000000000000, 0.0000000000000000000, 1.000000000000000000 ) ) ;
#4253 = CARTESIAN_POINT ( 'NONE',  ( 0.0000000000000000000, 4.969999999999996200, 0.0000000000000000000 ) ) ;
#4254 = DIRECTION ( 'NONE',  ( -0.0000000000000000000, 1.000000000000000000, 6.123233995736766000E-017 ) ) ;
#4255 = DIRECTION ( 'NONE',  ( 0.0000000000000000000, 0.0000000000000000000, 1.000000000000000000 ) ) ;
#4256 = DIRECTION ( 'NONE',  ( -0.0000000000000000000, -1.000000000000000000, -0.0000000000000000000 ) ) ;
#4257 = CARTESIAN_POINT ( 'NONE',  ( -3.882285676537771100, 4.969999999999995300, -14.48888739433603400 ) ) ;
#4258 = CARTESIAN_POINT ( 'NONE',  ( 0.0000000000000000000, -4.970000000000001500, 0.0000000000000000000 ) ) ;
#4259 = CARTESIAN_POINT ( 'NONE',  ( -3.882285676537771100, -4.970000000000001500, -14.48888739433603400 ) ) ;
#4260 = DIRECTION ( 'NONE',  ( 0.0000000000000000000, 1.000000000000000000, 0.0000000000000000000 ) ) ;
#4261 = CARTESIAN_POINT ( 'NONE',  ( 0.0000000000000000000, -2.319999999999999800, 0.0000000000000000000 ) ) ;
#4262 = DIRECTION ( 'NONE',  ( -0.0000000000000000000, -1.000000000000000000, -0.0000000000000000000 ) ) ;
#4263 = DIRECTION ( 'NONE',  ( 0.0000000000000000000, -1.000000000000000000, 0.0000000000000000000 ) ) ;
#4264 = CARTESIAN_POINT ( 'NONE',  ( 14.48888739433602900, -5.219999999999999800, -3.882285676537775100 ) ) ;
#4265 = DIRECTION ( 'NONE',  ( 0.0000000000000000000, 1.000000000000000000, 0.0000000000000000000 ) ) ;
#4266 = DIRECTION ( 'NONE',  ( 0.0000000000000000000, 1.000000000000000000, 0.0000000000000000000 ) ) ;
#4267 = DIRECTION ( 'NONE',  ( 0.0000000000000000000, 0.0000000000000000000, 1.000000000000000000 ) ) ;
#4268 = CARTESIAN_POINT ( 'NONE',  ( -13.62776781038741600, -5.219999999999999800, 6.267690524121989300 ) ) ;
#4269 = DIRECTION ( 'NONE',  ( 0.0000000000000000000, 1.000000000000000000, 0.0000000000000000000 ) ) ;
#4270 = DIRECTION ( 'NONE',  ( 0.0000000000000000000, 0.0000000000000000000, 1.000000000000000000 ) ) ;
#4271 = DIRECTION ( 'NONE',  ( 0.0000000000000000000, 0.0000000000000000000, 1.000000000000000000 ) ) ;
#4272 = DIRECTION ( 'NONE',  ( -0.0000000000000000000, -1.000000000000000000, -0.0000000000000000000 ) ) ;
#4273 = DIRECTION ( 'NONE',  ( -0.0000000000000000000, 1.000000000000000000, -0.0000000000000000000 ) ) ;
#4274 = DIRECTION ( 'NONE',  ( 0.0000000000000000000, 0.0000000000000000000, 1.000000000000000000 ) ) ;
#4275 = DIRECTION ( 'NONE',  ( 0.0000000000000000000, 0.0000000000000000000, 1.000000000000000000 ) ) ;
#4276 = CARTESIAN_POINT ( 'NONE',  ( -7.424621202458764600, -5.219999999999999800, 7.424621202458736100 ) ) ;
#4277 = DIRECTION ( 'NONE',  ( 0.0000000000000000000, 0.0000000000000000000, 1.000000000000000000 ) ) ;
#4278 = CARTESIAN_POINT ( 'NONE',  ( -13.33319898449969900, 5.219999999999999800, 6.307797146368606900 ) ) ;
#4279 = CARTESIAN_POINT ( 'NONE',  ( 3.882285676537772900, 5.219999999999999800, 14.48888739433603400 ) ) ;
#4280 = DIRECTION ( 'NONE',  ( 0.0000000000000000000, 0.0000000000000000000, 1.000000000000000000 ) ) ;
#4281 = CARTESIAN_POINT ( 'NONE',  ( -14.50106036495390100, 11.60000000000000000, 1.720000000000000200 ) ) ;
#4282 = CARTESIAN_POINT ( 'NONE',  ( -6.294359254876264100, -5.136853810801184700, -13.43153770919851600 ) ) ;
#4283 = CARTESIAN_POINT ( 'NONE',  ( 6.001501356460900100, -4.970000000000001500, 1.916241495323055300 ) ) ;
#4284 = CARTESIAN_POINT ( 'NONE',  ( -13.62776781038741600, 4.969999999999996200, 6.267690524121990200 ) ) ;
#4285 = CARTESIAN_POINT ( 'NONE',  ( -13.43153770919851000, 5.136853810801183900, 6.294359254876266800 ) ) ;
#4286 = CARTESIAN_POINT ( 'NONE',  ( -6.280991797200403700, -5.053516208376686700, -13.52972450590256800 ) ) ;
#4287 = CARTESIAN_POINT ( 'NONE',  ( 6.267690524121986700, -4.970000000000001500, -13.62776781038741800 ) ) ;
#4288 = DIRECTION ( 'NONE',  ( 9.523972024970713200E-016, 0.0000000000000000000, 1.000000000000000000 ) ) ;
#4289 = CARTESIAN_POINT ( 'NONE',  ( 13.52972450590256900, -5.053516208376684900, -6.280991797200404600 ) ) ;
#4290 = DIRECTION ( 'NONE',  ( 0.0000000000000000000, 0.0000000000000000000, 1.000000000000000000 ) ) ;
#4291 = CARTESIAN_POINT ( 'NONE',  ( 13.43153770919851700, -5.136853810801184700, -6.294359254876265000 ) ) ;
#4292 = CARTESIAN_POINT ( 'NONE',  ( 5.667512904364761200, -5.219999999999999800, 2.117025620737483100 ) ) ;
#4293 = CARTESIAN_POINT ( 'NONE',  ( -14.50474756360875800, 11.87907692792644500, 1.697444009513919800 ) ) ;
#4294 = CARTESIAN_POINT ( 'NONE',  ( 13.33319898449971100, -5.219999999999999800, -6.307797146368603300 ) ) ;
#4295 = CARTESIAN_POINT ( 'NONE',  ( -14.50811331211286500, 11.98778607244099700, 1.676579822792172400 ) ) ;
#4296 = CARTESIAN_POINT ( 'NONE',  ( 14.48888739433602900, 4.969999999999996200, -3.882285676537774700 ) ) ;
#4297 = CARTESIAN_POINT ( 'NONE',  ( 5.779972960850241900, -5.137972013018913500, 2.050375742370721600 ) ) ;
#4298 = CARTESIAN_POINT ( 'NONE',  ( -6.307797146368603300, -5.219999999999999800, -13.33319898449971100 ) ) ;
#4299 = CARTESIAN_POINT ( 'NONE',  ( 7.424621202458764600, 5.799999999999998900, 7.424621202458736100 ) ) ;
#4300 = DIRECTION ( 'NONE',  ( 0.0000000000000000000, 1.000000000000000000, 0.0000000000000000000 ) ) ;
#4301 = CARTESIAN_POINT ( 'NONE',  ( 6.307797146368601600, -5.219999999999999800, -13.33319898449971100 ) ) ;
#4302 = CARTESIAN_POINT ( 'NONE',  ( -14.85581972483536400, 11.60225796500941100, -2.074757890259137500 ) ) ;
#4303 = CARTESIAN_POINT ( 'NONE',  ( 0.0000000000000000000, -4.970000000000001500, -6.239575441655764900E-016 ) ) ;
#4304 = CARTESIAN_POINT ( 'NONE',  ( -13.52972450590256600, 5.053516208376683100, 6.280991797200402800 ) ) ;
#4305 = CARTESIAN_POINT ( 'NONE',  ( -6.267690524121992900, -4.970000000000001500, -13.62776781038741400 ) ) ;
#4306 = CARTESIAN_POINT ( 'NONE',  ( -14.50106054074815100, 11.60191767415244100, -1.719998930966483200 ) ) ;
#4307 = CARTESIAN_POINT ( 'NONE',  ( -14.50106036495390400, 11.65542558067447800, 1.720000000000000400 ) ) ;
#4308 = CARTESIAN_POINT ( 'NONE',  ( -6.267690524121992900, -5.219999999999998900, -13.62776781038741400 ) ) ;
#4309 = DIRECTION ( 'NONE',  ( -0.0000000000000000000, 1.000000000000000000, 6.123233995736766000E-017 ) ) ;
#4310 = CARTESIAN_POINT ( 'NONE',  ( -14.50150729812418900, 11.71123501877782800, 1.717318860677972100 ) ) ;
#4311 = CARTESIAN_POINT ( 'NONE',  ( 6.294359254876261500, -5.136853810801183900, -13.43153770919851700 ) ) ;
#4312 = DIRECTION ( 'NONE',  ( 0.0000000000000000000, 1.000000000000000000, 6.123233995736751200E-017 ) ) ;
#4313 = CARTESIAN_POINT ( 'NONE',  ( -14.50340676409790500, 11.82311101686731900, 1.705702662039309400 ) ) ;
#4314 = CARTESIAN_POINT ( 'NONE',  ( 0.0000000000000000000, 5.219999999999999800, -4.568321269315945000E-032 ) ) ;
#4315 = CARTESIAN_POINT ( 'NONE',  ( -14.50284809763504500, 11.79512080659704200, 1.709127612407457000 ) ) ;
#4316 = CARTESIAN_POINT ( 'NONE',  ( 13.62776781038741400, -4.970000000000001500, -6.267690524121993800 ) ) ;
#4317 = CARTESIAN_POINT ( 'NONE',  ( -14.50557868843956500, 11.90858353085918600, 1.692306322604078400 ) ) ;
#4318 = DIRECTION ( 'NONE',  ( 0.0000000000000000000, 1.000000000000000000, 0.0000000000000000000 ) ) ;
#4319 = CARTESIAN_POINT ( 'NONE',  ( -14.51023559718267500, 12.04134720919546100, 1.663367249362005300 ) ) ;
#4320 = DIRECTION ( 'NONE',  ( 0.0000000000000000000, 1.000000000000000000, 6.123233995736766000E-017 ) ) ;
#4321 = CARTESIAN_POINT ( 'NONE',  ( 5.891268586353225700, -5.054574054566283600, 1.983428003847318000 ) ) ;
#4322 = DIRECTION ( 'NONE',  ( 0.0000000000000000000, 0.0000000000000000000, 1.000000000000000000 ) ) ;
#4323 = DIRECTION ( 'NONE',  ( -0.0000000000000000000, -1.000000000000000000, -0.0000000000000000000 ) ) ;
#4324 = CARTESIAN_POINT ( 'NONE',  ( 6.280991797200397500, -5.053516208376686700, -13.52972450590257100 ) ) ;
#4325 = DIRECTION ( 'NONE',  ( 0.0000000000000000000, 0.0000000000000000000, 1.000000000000000000 ) ) ;
#4326 = CARTESIAN_POINT ( 'NONE',  ( -14.51846776369492000, 12.20374534425786500, 1.610622189688253500 ) ) ;
#4327 = CARTESIAN_POINT ( 'NONE',  ( -14.64180352163834400, 13.32003359845471600, -0.05452478362014603900 ) ) ;
#4328 = CARTESIAN_POINT ( 'NONE',  ( -14.63733266329486900, 13.29237435762394500, -0.3082153544757247900 ) ) ;
#4329 = CARTESIAN_POINT ( 'NONE',  ( -14.58489959933951500, 12.92624491297250300, 1.095212162626217000 ) ) ;
#4330 = CARTESIAN_POINT ( 'NONE',  ( -14.63481662405545200, 13.27662786503504900, -0.3875947451896958900 ) ) ;
#4331 = CARTESIAN_POINT ( 'NONE',  ( -14.63999825359166200, 13.30905554851339000, 0.2247721909022652700 ) ) ;
#4332 = CARTESIAN_POINT ( 'NONE',  ( -14.58441708613417600, 12.92241339595611500, 1.099831445352910600 ) ) ;
#4333 = CARTESIAN_POINT ( 'NONE',  ( -14.62031102076122800, 13.18269312126738200, 0.6735719180029825500 ) ) ;
#4334 = CARTESIAN_POINT ( 'NONE',  ( -14.54653139141660900, 12.57628847531445800, 1.416293470424150800 ) ) ;
#4335 = CARTESIAN_POINT ( 'NONE',  ( -14.58062894081463400, 12.89199613803112900, 1.135492655667499600 ) ) ;
#4336 = CARTESIAN_POINT ( 'NONE',  ( -14.55660517011125600, 12.67897335567301400, 1.339489216478591900 ) ) ;
#4337 = CARTESIAN_POINT ( 'NONE',  ( -14.58771845231832000, 12.94856286265486900, 1.068060966358046500 ) ) ;
#4338 = CARTESIAN_POINT ( 'NONE',  ( -14.59338339741309000, 12.99196703987354900, 1.010458937020874100 ) ) ;
#4339 = CARTESIAN_POINT ( 'NONE',  ( -14.61566193403864800, 13.15152343703354100, 0.7432444638269550800 ) ) ;
#4340 = CARTESIAN_POINT ( 'NONE',  ( -14.57454071861949500, 12.84166330522781900, 1.190819006430754400 ) ) ;
#4341 = CARTESIAN_POINT ( 'NONE',  ( -14.62456423856727700, 13.21093192646771400, 0.6056109688207932400 ) ) ;
#4342 = CARTESIAN_POINT ( 'NONE',  ( -14.55568605771315300, 12.67001450074510900, 1.346688817602842900 ) ) ;
#4343 = CARTESIAN_POINT ( 'NONE',  ( -14.58482376027650000, 12.92564248453398100, 1.095937225022410600 ) ) ;
#4344 = CARTESIAN_POINT ( 'NONE',  ( -14.64136444597785000, 13.31737215493400600, -0.1104715004360027600 ) ) ;
#4345 = CARTESIAN_POINT ( 'NONE',  ( -14.64003851253264400, 13.30919447312327200, -0.1945431077747956400 ) ) ;
#4346 = CARTESIAN_POINT ( 'NONE',  ( -14.63271023513665800, 13.26339920205066400, -0.4412312882689978200 ) ) ;
#4347 = CARTESIAN_POINT ( 'NONE',  ( -14.62890710761969400, 13.23903594524711600, -0.5222611022950800500 ) ) ;
#4348 = CARTESIAN_POINT ( 'NONE',  ( -14.53681597195071300, 12.46593710439296700, 1.486637239280008700 ) ) ;
#4349 = CARTESIAN_POINT ( 'NONE',  ( -14.55722270153495900, 12.68496728463643600, 1.334638847997219100 ) ) ;
#4350 = CARTESIAN_POINT ( 'NONE',  ( -14.57720166116510900, 12.86389962911758600, 1.166939627643668300 ) ) ;
#4351 = CARTESIAN_POINT ( 'NONE',  ( -14.54063053313546300, 12.51056628979782700, 1.459339062033243800 ) ) ;
#4352 = CARTESIAN_POINT ( 'NONE',  ( -14.51406782871879700, 12.12232500511377400, 1.639015277647397900 ) ) ;
#4353 = CARTESIAN_POINT ( 'NONE',  ( -14.60309153591028200, 13.06392282442634600, 0.9050483157949942300 ) ) ;
#4354 = CARTESIAN_POINT ( 'NONE',  ( -14.54232672198560600, 12.52978769819256900, 1.447049872753824100 ) ) ;
#4355 = CARTESIAN_POINT ( 'NONE',  ( -14.54347115386655500, 12.54261998703961500, 1.438723760136226800 ) ) ;
#4356 = CARTESIAN_POINT ( 'NONE',  ( -14.59786887411715600, 13.02545934046073800, 0.9625615669121433400 ) ) ;
#4357 = CARTESIAN_POINT ( 'NONE',  ( -14.52006957617266500, 12.23094328312080300, 1.600163382943743600 ) ) ;
#4358 = CARTESIAN_POINT ( 'NONE',  ( -14.63554312303831000, 13.28117494881237400, 0.3645036067618786000 ) ) ;
#4359 = CARTESIAN_POINT ( 'NONE',  ( -14.52101723668641900, 12.24645540350579700, 1.593943488041293000 ) ) ;
#4360 = CARTESIAN_POINT ( 'NONE',  ( -14.52469349896354900, 12.30496634975896700, 1.569709958675415700 ) ) ;
#4361 = CARTESIAN_POINT ( 'NONE',  ( -14.61967065190308400, 13.17842508986862500, 0.6834788966172042900 ) ) ;
#4362 = CARTESIAN_POINT ( 'NONE',  ( -14.62753823275857100, 13.23025992456259600, 0.5512145494772827700 ) ) ;
#4363 = CARTESIAN_POINT ( 'NONE',  ( -14.54416220804432300, 12.55027509900659900, 1.433672342289328700 ) ) ;
#4364 = CARTESIAN_POINT ( 'NONE',  ( -14.52807096683915200, 12.35352395198443400, 1.547180893346626900 ) ) ;
#4365 = CARTESIAN_POINT ( 'NONE',  ( -14.55359175527983600, 12.64934256927234600, 1.362963046292584800 ) ) ;
#4366 = CARTESIAN_POINT ( 'NONE',  ( -14.63135635396520800, 13.25472982234318300, 0.4701759674267361200 ) ) ;
#4367 = CARTESIAN_POINT ( 'NONE',  ( -14.53379185573338700, 12.42816733252790400, 1.507756822259939300 ) ) ;
#4368 = CARTESIAN_POINT ( 'NONE',  ( -14.59649588505340700, 13.01528324575455100, 0.9774536308556232000 ) ) ;
#4369 = CARTESIAN_POINT ( 'NONE',  ( -14.59007430625161400, 12.96679358585281400, 1.044544545565356100 ) ) ;
#4370 = CARTESIAN_POINT ( 'NONE',  ( -14.60730542680032500, 13.09386099605065300, 0.8543565204736034400 ) ) ;
#4371 = CARTESIAN_POINT ( 'NONE',  ( -14.63463875010491900, 13.27550268278040600, 0.3896831084995660000 ) ) ;
#4372 = CARTESIAN_POINT ( 'NONE',  ( -14.61809930039344100, 13.16790843275089400, 0.7072710321768461700 ) ) ;
#4373 = CARTESIAN_POINT ( 'NONE',  ( -14.54858001251363000, 12.59808753612104900, 1.401075480027809100 ) ) ;
#4374 = CARTESIAN_POINT ( 'NONE',  ( -14.63252191602070200, 13.26213338251731100, 0.4432547617068216000 ) ) ;
#4375 = CARTESIAN_POINT ( 'NONE',  ( -14.55188285575797400, 12.63204775124454600, 1.376036063035742200 ) ) ;
#4376 = CARTESIAN_POINT ( 'NONE',  ( -14.63815647912539400, 13.29751209252203200, -0.2786680514630110500 ) ) ;
#4377 = CARTESIAN_POINT ( 'NONE',  ( -14.56542962264488300, 12.76287302207442300, 1.269502663658310000 ) ) ;
#4378 = CARTESIAN_POINT ( 'NONE',  ( -14.59498177055921000, 13.00401057350897500, 0.9937126260026704100 ) ) ;
#4379 = CARTESIAN_POINT ( 'NONE',  ( -14.58220154709717100, 12.90472782746119900, 1.120857260319739300 ) ) ;
#4380 = CARTESIAN_POINT ( 'NONE',  ( -14.51614614546972200, 12.16297137144574400, 1.625706553028325700 ) ) ;
#4381 = CARTESIAN_POINT ( 'NONE',  ( -14.55766360579367500, 12.68922370204589400, 1.331163762993547800 ) ) ;
#4382 = CARTESIAN_POINT ( 'NONE',  ( -14.56078840813531400, 12.71929967267602300, 1.306487243032266700 ) ) ;
#4383 = CARTESIAN_POINT ( 'NONE',  ( -14.59748657057133100, 13.02263184686727400, 0.9667268975596915400 ) ) ;
#4384 = CARTESIAN_POINT ( 'NONE',  ( -14.64178610871093700, 13.31993184203435700, 0.1121988686389297800 ) ) ;
#4385 = CARTESIAN_POINT ( 'NONE',  ( -14.58378944572790400, 12.91742217507145100, 1.105824520080479500 ) ) ;
#4386 = CARTESIAN_POINT ( 'NONE',  ( -14.61298355041294700, 13.13322558043097700, 0.7800036887165321400 ) ) ;
#4387 = CARTESIAN_POINT ( 'NONE',  ( -14.63948531472516900, 13.30577138710831000, -0.2225919182884010800 ) ) ;
#4388 = CARTESIAN_POINT ( 'NONE',  ( -14.58230558059287500, 12.90573289077939700, -1.120247739290895200 ) ) ;
#4389 = CARTESIAN_POINT ( 'NONE',  ( -14.56143191798076600, 12.72496855076442700, -1.301145026056699000 ) ) ;
#4390 = CARTESIAN_POINT ( 'NONE',  ( -14.54985412879184600, 12.61120519553609900, -1.391424199268346700 ) ) ;
#4391 = CARTESIAN_POINT ( 'NONE',  ( -14.58559671613660300, 12.93176178675065900, -1.088492708686723800 ) ) ;
#4392 = CARTESIAN_POINT ( 'NONE',  ( -14.56857196741723300, 12.79007828244418800, -1.242397053018462900 ) ) ;
#4393 = CARTESIAN_POINT ( 'NONE',  ( -14.56003338136191500, 12.71182602641155400, -1.312355150770613700 ) ) ;
#4394 = CARTESIAN_POINT ( 'NONE',  ( -14.55315479653221700, 12.64508546268660900, -1.366376732397095700 ) ) ;
#4395 = CARTESIAN_POINT ( 'NONE',  ( -14.53011706840645400, 12.38027495004866200, -1.533089776618644400 ) ) ;
#4396 = CARTESIAN_POINT ( 'NONE',  ( -14.52741288207134600, 12.34338775798536700, -1.551456837108735400 ) ) ;
#4397 = CARTESIAN_POINT ( 'NONE',  ( -14.62295139773959100, 13.20019335184154700, -0.6308671178436577900 ) ) ;
#4398 = CARTESIAN_POINT ( 'NONE',  ( -14.51160383471175300, 12.07035690340201700, -1.654677664150158400 ) ) ;
#4399 = CARTESIAN_POINT ( 'NONE',  ( -14.54826079251374300, 12.59457567990604300, -1.403397634703706300 ) ) ;
#4400 = CARTESIAN_POINT ( 'NONE',  ( -14.51043022357540100, 12.04348671153713500, -1.662070501026755100 ) ) ;
#4401 = CARTESIAN_POINT ( 'NONE',  ( -14.59135577078664300, 12.97654950110731200, -1.031363364116466300 ) ) ;
#4402 = CARTESIAN_POINT ( 'NONE',  ( -14.62201157570006100, 13.19398180210065500, -0.6463609055231287500 ) ) ;
#4403 = CARTESIAN_POINT ( 'NONE',  ( -14.60634859715470000, 13.08698053452957100, -0.8653384673729316300 ) ) ;
#4404 = CARTESIAN_POINT ( 'NONE',  ( -14.56246733592406900, 12.73459922170268900, -1.292780128272679400 ) ) ;
#4405 = CARTESIAN_POINT ( 'NONE',  ( -14.55937276062651300, 12.70558032055473100, -1.317625684148318700 ) ) ;
#4406 = CARTESIAN_POINT ( 'NONE',  ( -14.61836106460241600, 13.16975375327653300, -0.7048685295443798400 ) ) ;
#4407 = CARTESIAN_POINT ( 'NONE',  ( -14.55838122752726300, 12.69611951301762600, -1.325491547220108800 ) ) ;
#4408 = CARTESIAN_POINT ( 'NONE',  ( -14.57787628099919500, 12.87044346367658300, -1.161946826829226100 ) ) ;
#4409 = CARTESIAN_POINT ( 'NONE',  ( -14.55832472162913400, 12.69558134448105100, -1.325939928364008300 ) ) ;
#4410 = CARTESIAN_POINT ( 'NONE',  ( -14.55877011125215900, 12.69983618529200500, -1.322409238508365400 ) ) ;
#4411 = CARTESIAN_POINT ( 'NONE',  ( -14.52336946621256300, 12.28349769611018500, -1.578417145858937600 ) ) ;
#4412 = CARTESIAN_POINT ( 'NONE',  ( -14.52272284211681400, 12.27356007386956300, -1.582698124291582300 ) ) ;
#4413 = CARTESIAN_POINT ( 'NONE',  ( -14.51844176550708600, 12.20561766050275300, -1.610928819421707700 ) ) ;
#4414 = CARTESIAN_POINT ( 'NONE',  ( -14.51544795982533700, 12.15126933858492500, -1.630238409435130300 ) ) ;
#4415 = CARTESIAN_POINT ( 'NONE',  ( -14.50738984180559400, 11.96498751507368000, -1.681069711367712900 ) ) ;
#4416 = CARTESIAN_POINT ( 'NONE',  ( -14.50289126448032200, 11.82533554824731700, -1.708977489874415000 ) ) ;
#4417 = CARTESIAN_POINT ( 'NONE',  ( -14.59670840972417800, 13.01692300972184100, -0.9753793400695239800 ) ) ;
#4418 = CARTESIAN_POINT ( 'NONE',  ( -14.60089439913752700, 13.04764528035589800, -0.9288600215370844700 ) ) ;
#4419 = CARTESIAN_POINT ( 'NONE',  ( -14.58964872709372800, 12.96346104638879400, -1.048695692121380600 ) ) ;
#4420 = CARTESIAN_POINT ( 'NONE',  ( -14.62454087898130700, 13.21064616649109200, -0.6036812155614913500 ) ) ;
#4421 = CARTESIAN_POINT ( 'NONE',  ( -14.56588277034619800, 12.76592793001559300, -1.264830216981664800 ) ) ;
#4422 = CARTESIAN_POINT ( 'NONE',  ( -14.54539603592875000, 12.56380730594968600, -1.424617642157014300 ) ) ;
#4423 = CARTESIAN_POINT ( 'NONE',  ( -14.50829852910570500, 11.99003530521623000, -1.675419730807248000 ) ) ;
#4424 = CARTESIAN_POINT ( 'NONE',  ( -14.50108151423466300, 11.71347063439642100, -1.719874557500524800 ) ) ;
#4425 = CARTESIAN_POINT ( 'NONE',  ( -14.60257290102443800, 13.05985070685973100, -0.9097432602433973600 ) ) ;
#4426 = CARTESIAN_POINT ( 'NONE',  ( -14.62684465782651700, 13.22572480730093700, -0.5629182586362928600 ) ) ;
#4427 = CARTESIAN_POINT ( 'NONE',  ( -14.54675295262375900, 12.57845530148052000, -1.414590671511152700 ) ) ;
#4428 = CARTESIAN_POINT ( 'NONE',  ( -14.50106054074815100, 11.60191767415244100, -1.719998930966483200 ) ) ;
#4429 = CARTESIAN_POINT ( 'NONE',  ( -14.58602604181347800, 12.93515067549759800, -1.084337366103135700 ) ) ;
#4430 = CARTESIAN_POINT ( 'NONE',  ( -14.52495411057726900, 12.30733315404888900, -1.567880606459771900 ) ) ;
#4431 = CARTESIAN_POINT ( 'NONE',  ( 6.267690524121986700, -5.219999999999998900, -13.62776781038741800 ) ) ;
#4432 = CARTESIAN_POINT ( 'NONE',  ( 1.916241495323057800, -5.219999999999999800, -6.001501356460901000 ) ) ;
#4433 = CARTESIAN_POINT ( 'NONE',  ( -14.59976198756791600, 13.03937769374267600, -0.9416207581094387900 ) ) ;
#4434 = CARTESIAN_POINT ( 'NONE',  ( -14.58664193230911500, 12.93999601824946300, -1.078343878771881500 ) ) ;
#4435 = CARTESIAN_POINT ( 'NONE',  ( -14.48888739433604100, -4.970000000000001500, -3.882285676537764900 ) ) ;
#4436 = DIRECTION ( 'NONE',  ( 0.0000000000000000000, 1.000000000000000000, 0.0000000000000000000 ) ) ;
#4437 = CARTESIAN_POINT ( 'NONE',  ( -14.54011268222092700, 12.50591558850815200, -1.463404832814997100 ) ) ;
#4438 = CARTESIAN_POINT ( 'NONE',  ( -14.59465735593731300, 13.00164136480397800, -0.9972949191849698200 ) ) ;
#4439 = CARTESIAN_POINT ( 'NONE',  ( -14.53585266086470400, 12.45493999675230300, -1.493536288590726400 ) ) ;
#4440 = CARTESIAN_POINT ( 'NONE',  ( -14.61501152575087800, 13.14726636174757200, -0.7533336776829765400 ) ) ;
#4441 = CARTESIAN_POINT ( 'NONE',  ( -14.59908472323246200, 13.03441062932732000, -0.9491606165475381400 ) ) ;
#4442 = CARTESIAN_POINT ( 'NONE',  ( -14.55550723527135800, 12.66850273248416900, -1.348211101788095600 ) ) ;
#4443 = DIRECTION ( 'NONE',  ( 0.0000000000000000000, 0.0000000000000000000, 1.000000000000000000 ) ) ;
#4444 = CARTESIAN_POINT ( 'NONE',  ( -14.60934352251344100, 13.10799851332595300, -0.8277238004542570900 ) ) ;
#4445 = CARTESIAN_POINT ( 'NONE',  ( -14.54576672522780200, 12.56782588406691500, -1.421884173571042600 ) ) ;
#4446 = CARTESIAN_POINT ( 'NONE',  ( -14.58755873666286700, 12.94718968686769900, -1.069383810429108900 ) ) ;
#4447 = CARTESIAN_POINT ( 'NONE',  ( -14.93760474506388300, 13.12656257009547600, -1.370145746952479800 ) ) ;
#4448 = DIRECTION ( 'NONE',  ( 0.0000000000000000000, 1.000000000000000000, 0.0000000000000000000 ) ) ;
#4449 = CARTESIAN_POINT ( 'NONE',  ( 1.916241495323057800, 4.969999999999996200, -6.001501356460900100 ) ) ;
#4450 = CARTESIAN_POINT ( 'NONE',  ( -14.89190608554813100, 12.61728680061767700, -1.799140931204759900 ) ) ;
#4451 = CARTESIAN_POINT ( 'NONE',  ( -14.96441130862557100, 13.35804430782499400, -1.038804292138128600 ) ) ;
#4452 = CARTESIAN_POINT ( 'NONE',  ( -14.97229218706104200, 13.42009939799048500, -0.9200252252913252400 ) ) ;
#4453 = CARTESIAN_POINT ( 'NONE',  ( -6.267690524121986700, -4.970000000000001500, 13.62776781038741800 ) ) ;
#4454 = CARTESIAN_POINT ( 'NONE',  ( -5.779972960850243700, -5.137972013018913500, -2.050375742370722100 ) ) ;
#4455 = CARTESIAN_POINT ( 'NONE',  ( -6.294359254876257900, -5.136853810801185600, 13.43153770919851700 ) ) ;
#4456 = CARTESIAN_POINT ( 'NONE',  ( 13.43153770919851900, -5.136853810801184700, 6.294359254876258800 ) ) ;
#4457 = DIRECTION ( 'NONE',  ( -0.0000000000000000000, 1.000000000000000000, 6.123233995736766000E-017 ) ) ;
#4458 = DIRECTION ( 'NONE',  ( 0.0000000000000000000, 0.0000000000000000000, 1.000000000000000000 ) ) ;
#4459 = CARTESIAN_POINT ( 'NONE',  ( 1.983428003847353500, 5.054574054566320900, -5.891268586353169700 ) ) ;
#4460 = DIRECTION ( 'NONE',  ( 0.0000000000000000000, -1.000000000000000000, 0.0000000000000000000 ) ) ;
#4461 = DIRECTION ( 'NONE',  ( 1.776356839400250500E-015, 0.0000000000000000000, 1.000000000000000000 ) ) ;
#4462 = CARTESIAN_POINT ( 'NONE',  ( -5.667512904364761200, -5.219999999999999800, -2.117025620737484900 ) ) ;
#4463 = CARTESIAN_POINT ( 'NONE',  ( -14.88382404718803900, 12.49911236996780800, -1.864007607251836800 ) ) ;
#4464 = CARTESIAN_POINT ( 'NONE',  ( 0.0000000000000000000, -4.970000000000001500, 0.0000000000000000000 ) ) ;
#4465 = DIRECTION ( 'NONE',  ( 0.0000000000000000000, 0.0000000000000000000, 1.000000000000000000 ) ) ;
#4466 = CARTESIAN_POINT ( 'NONE',  ( -14.90937083194267600, 12.83723491393762800, -1.648161505053060900 ) ) ;
#4467 = CARTESIAN_POINT ( 'NONE',  ( -14.94709892464354600, 13.21161233525448600, -1.263706416856918300 ) ) ;
#4468 = CARTESIAN_POINT ( 'NONE',  ( -6.280991797200396600, -5.053516208376686700, 13.52972450590257100 ) ) ;
#4469 = CARTESIAN_POINT ( 'NONE',  ( -5.891268586353228400, -5.054574054566284500, -1.983428003847318900 ) ) ;
#4470 = CARTESIAN_POINT ( 'NONE',  ( -7.424621202458764600, 5.800000000000000700, -7.424621202458736100 ) ) ;
#4471 = DIRECTION ( 'NONE',  ( 0.0000000000000000000, 0.0000000000000000000, 1.000000000000000000 ) ) ;
#4472 = CARTESIAN_POINT ( 'NONE',  ( 2.117025620737655400, 5.219999999999999800, -5.667512904364780700 ) ) ;
#4473 = CARTESIAN_POINT ( 'NONE',  ( -6.307797146368600700, -5.219999999999999800, 13.33319898449971300 ) ) ;
#4474 = CARTESIAN_POINT ( 'NONE',  ( 14.48888739433602900, -4.970000000000001500, -3.882285676537775100 ) ) ;
#4475 = CARTESIAN_POINT ( 'NONE',  ( -6.001501356460902800, -4.970000000000001500, -1.916241495323056400 ) ) ;
#4476 = DIRECTION ( 'NONE',  ( -0.0000000000000000000, 1.000000000000000000, -0.0000000000000000000 ) ) ;
#4477 = DIRECTION ( 'NONE',  ( -0.0000000000000000000, 1.000000000000000000, 6.123233995736766000E-017 ) ) ;
#4478 = CARTESIAN_POINT ( 'NONE',  ( 0.0000000000000000000, 4.969999999999996200, 0.0000000000000000000 ) ) ;
#4479 = DIRECTION ( 'NONE',  ( 0.0000000000000000000, 1.000000000000000000, 6.123233995736766000E-017 ) ) ;
#4480 = CARTESIAN_POINT ( 'NONE',  ( 2.050375742370790900, 5.137972013018990800, -5.779972960850130900 ) ) ;
#4481 = CARTESIAN_POINT ( 'NONE',  ( 13.33319898449971300, -5.219999999999999800, 6.307797146368598900 ) ) ;
#4482 = CARTESIAN_POINT ( 'NONE',  ( -14.85581972483536400, 11.60225796500941100, -2.074757890259137500 ) ) ;
#4483 = CARTESIAN_POINT ( 'NONE',  ( 13.62776781038741800, -4.970000000000000600, 6.267690524121984000 ) ) ;
#4484 = CARTESIAN_POINT ( 'NONE',  ( -14.85585187208540100, 11.86583892294786600, -2.074527707376899100 ) ) ;
#4485 = CARTESIAN_POINT ( 'NONE',  ( -14.86375636108809500, 12.13302547517091100, -2.019831019762827300 ) ) ;
#4486 = CARTESIAN_POINT ( 'NONE',  ( -14.91871543092480600, 12.93903623088548800, -1.562454728538712700 ) ) ;
#4487 = CARTESIAN_POINT ( 'NONE',  ( 13.52972450590257300, -5.053516208376685800, 6.280991797200395700 ) ) ;
#4488 = CARTESIAN_POINT ( 'NONE',  ( 0.0000000000000000000, -4.970000000000001500, -6.239575441655764000E-016 ) ) ;
#4489 = DIRECTION ( 'NONE',  ( 0.0000000000000000000, 1.000000000000000000, 6.123233995736751200E-017 ) ) ;
#4490 = CARTESIAN_POINT ( 'NONE',  ( 6.294359254876265900, 5.136853810801183000, 13.43153770919850800 ) ) ;
#4491 = CARTESIAN_POINT ( 'NONE',  ( -1.916241495323057800, -4.970000000000001500, -6.001501356460903700 ) ) ;
#4492 = CARTESIAN_POINT ( 'NONE',  ( -14.96433476934348400, 13.35744945898879400, 1.040007756196862100 ) ) ;
#4493 = CARTESIAN_POINT ( 'NONE',  ( 2.050375742370786500, -5.137972013018991600, 5.779972960850138000 ) ) ;
#4494 = DIRECTION ( 'NONE',  ( 0.0000000000000000000, 0.0000000000000000000, 1.000000000000000000 ) ) ;
#4495 = CARTESIAN_POINT ( 'NONE',  ( -14.99998844273569400, 13.62513499273327100, 0.1375364962241179300 ) ) ;
#4496 = CARTESIAN_POINT ( 'NONE',  ( -14.86365808685715400, 12.13059187092338200, 2.020543949992887900 ) ) ;
#4497 = CARTESIAN_POINT ( 'NONE',  ( -14.93737447316381900, 13.12437820621053500, 1.372605318827608800 ) ) ;
#4498 = CARTESIAN_POINT ( 'NONE',  ( 0.0000000000000000000, -4.970000000000001500, -6.239575441655764900E-016 ) ) ;
#4499 = CARTESIAN_POINT ( 'NONE',  ( -14.99090198288055100, 13.56014804318365700, 0.5390561873350659900 ) ) ;
#4500 = DIRECTION ( 'NONE',  ( 0.0000000000000000000, 0.0000000000000000000, 1.000000000000000000 ) ) ;
#4501 = CARTESIAN_POINT ( 'NONE',  ( 2.117025620737649200, -5.219999999999999800, 5.667512904364790500 ) ) ;
#4502 = DIRECTION ( 'NONE',  ( 0.0000000000000000000, 1.000000000000000000, 0.0000000000000000000 ) ) ;
#4503 = DIRECTION ( 'NONE',  ( 0.0000000000000000000, 0.0000000000000000000, 1.000000000000000000 ) ) ;
#4504 = CARTESIAN_POINT ( 'NONE',  ( 5.891268586353225700, 5.054574054566281800, -1.983428003847322400 ) ) ;
#4505 = CARTESIAN_POINT ( 'NONE',  ( -14.98550535619531300, 13.52090824386029200, 0.6710523933276444400 ) ) ;
#4506 = CARTESIAN_POINT ( 'NONE',  ( 6.280991797200411700, 5.053516208376683100, 13.52972450590256400 ) ) ;
#4507 = CARTESIAN_POINT ( 'NONE',  ( -2.117025620737649700, -5.219999999999999800, -5.667512904364791400 ) ) ;
#4508 = CARTESIAN_POINT ( 'NONE',  ( 5.667512904364750500, 5.219999999999999800, -2.117025620737491600 ) ) ;
#4509 = CARTESIAN_POINT ( 'NONE',  ( -15.00002295418028800, 13.62536974910854300, -0.2712741308280289800 ) ) ;
#4510 = CARTESIAN_POINT ( 'NONE',  ( 6.307797146368607800, 5.219999999999999800, 13.33319898449970100 ) ) ;
#4511 = CARTESIAN_POINT ( 'NONE',  ( 2.117025620737484900, -5.219999999999999800, -5.667512904364761200 ) ) ;
#4512 = CARTESIAN_POINT ( 'NONE',  ( -14.99236098357837000, 13.57318538545288300, -0.5413235055703005100 ) ) ;
#4513 = CARTESIAN_POINT ( 'NONE',  ( 2.050375742370723400, -5.137972013018913500, -5.779972960850242800 ) ) ;
#4514 = CARTESIAN_POINT ( 'NONE',  ( 1.983428003847320200, -5.054574054566283600, -5.891268586353226600 ) ) ;
#4515 = CARTESIAN_POINT ( 'NONE',  ( -14.85581954474042200, 11.60000000000000000, 2.074759179786525000 ) ) ;
#4516 = CARTESIAN_POINT ( 'NONE',  ( -14.99810834132063200, 13.61198130734733900, 0.2728919482959268900 ) ) ;
#4517 = CARTESIAN_POINT ( 'NONE',  ( 14.48888739433604100, -4.970000000000001500, 3.882285676537765400 ) ) ;
#4518 = CARTESIAN_POINT ( 'NONE',  ( 5.779972960850236600, 5.137972013018911700, -2.050375742370727000 ) ) ;
#4519 = DIRECTION ( 'NONE',  ( 0.0000000000000000000, 1.000000000000000000, 6.123233995736751200E-017 ) ) ;
#4520 = CARTESIAN_POINT ( 'NONE',  ( -2.050375742370785100, -5.137972013018992500, -5.779972960850138900 ) ) ;
#4521 = CARTESIAN_POINT ( 'NONE',  ( -1.983428003847352000, -5.054574054566324500, -5.891268586353176900 ) ) ;
#4522 = CARTESIAN_POINT ( 'NONE',  ( 6.001501356460903700, 4.969999999999996200, -1.916241495323057800 ) ) ;
#4523 = CARTESIAN_POINT ( 'NONE',  ( -14.85580962714531200, 11.86382198023449600, 2.074830192367030700 ) ) ;
#4524 = CARTESIAN_POINT ( 'NONE',  ( 1.916241495323061100, -4.970000000000001500, 6.001501356460904500 ) ) ;
#4525 = CARTESIAN_POINT ( 'NONE',  ( -7.424621202458764600, -5.800000000000000700, 7.424621202458736100 ) ) ;
#4526 = CARTESIAN_POINT ( 'NONE',  ( -14.90920970553049000, 12.84446054370598300, 1.658997289845622700 ) ) ;
#4527 = CARTESIAN_POINT ( 'NONE',  ( -14.97221273517974000, 13.41947500185930200, 0.9211557456102246200 ) ) ;
#4528 = CARTESIAN_POINT ( 'NONE',  ( 6.267690524122000000, 4.969999999999997100, 13.62776781038741300 ) ) ;
#4529 = CARTESIAN_POINT ( 'NONE',  ( 1.916241495323057800, -4.970000000000001500, -6.001501356460901000 ) ) ;
#4530 = CARTESIAN_POINT ( 'NONE',  ( -14.89037769020335300, 12.61930315501900400, 1.813168999277503300 ) ) ;
#4531 = CARTESIAN_POINT ( 'NONE',  ( 1.983428003847355300, -5.054574054566324500, 5.891268586353176900 ) ) ;
#4532 = CARTESIAN_POINT ( 'NONE',  ( -14.94684703979073800, 13.20942829780476700, 1.266765483833028000 ) ) ;
#4533 = CARTESIAN_POINT ( 'NONE',  ( 6.001501356460903700, -4.970000000000001500, -1.916241495323058400 ) ) ;
#4534 = CARTESIAN_POINT ( 'NONE',  ( -5.891268586353175100, -5.054574054566324500, 1.983428003847347500 ) ) ;
#4535 = CARTESIAN_POINT ( 'NONE',  ( -5.779972960850138900, -5.137972013018991600, 2.050375742370785100 ) ) ;
#4536 = DIRECTION ( 'NONE',  ( 0.0000000000000000000, 1.000000000000000000, 0.0000000000000000000 ) ) ;
#4537 = DIRECTION ( 'NONE',  ( 0.0000000000000000000, 0.0000000000000000000, 1.000000000000000000 ) ) ;
#4538 = CARTESIAN_POINT ( 'NONE',  ( 0.0000000000000000000, 2.319999999999999800, 0.0000000000000000000 ) ) ;
#4539 = CARTESIAN_POINT ( 'NONE',  ( 6.001501356460903700, -5.219999999999999800, -1.916241495323058400 ) ) ;
#4540 = CARTESIAN_POINT ( 'NONE',  ( 6.001501356460900100, 4.969999999999996200, 1.916241495323056000 ) ) ;
#4541 = CARTESIAN_POINT ( 'NONE',  ( 6.307797146368603300, -5.219999999999999800, 13.33319898449971100 ) ) ;
#4542 = CARTESIAN_POINT ( 'NONE',  ( -6.267690524121986700, 4.969999999999997100, 13.62776781038741800 ) ) ;
#4543 = CARTESIAN_POINT ( 'NONE',  ( 5.667512904364792300, -5.219999999999999800, -2.117025620737647000 ) ) ;
#4544 = CARTESIAN_POINT ( 'NONE',  ( -6.294359254876263200, 5.136853810801183000, 13.43153770919851200 ) ) ;
#4545 = CARTESIAN_POINT ( 'NONE',  ( -6.280991797200398400, 5.053516208376684000, 13.52972450590256900 ) ) ;
#4546 = CARTESIAN_POINT ( 'NONE',  ( 0.0000000000000000000, 4.969999999999996200, -1.530808498934207200E-017 ) ) ;
#4547 = DIRECTION ( 'NONE',  ( -1.776356839400250500E-015, 0.0000000000000000000, 1.000000000000000000 ) ) ;
#4548 = CARTESIAN_POINT ( 'NONE',  ( -3.882285676537771100, -5.219999999999999800, -14.48888739433603400 ) ) ;
#4549 = CARTESIAN_POINT ( 'NONE',  ( 5.779972960850131800, 5.137972013018991600, 2.050375742370786900 ) ) ;
#4550 = CARTESIAN_POINT ( 'NONE',  ( -13.62776781038741600, -4.970000000000001500, -6.267690524121992000 ) ) ;
#4551 = CARTESIAN_POINT ( 'NONE',  ( -13.33319898449971100, -5.219999999999999800, -6.307797146368601600 ) ) ;
#4552 = CARTESIAN_POINT ( 'NONE',  ( -13.62776781038741600, -5.219999999999999800, -6.267690524121992000 ) ) ;
#4553 = CARTESIAN_POINT ( 'NONE',  ( 5.667512904364782500, 5.219999999999999800, 2.117025620737651900 ) ) ;
#4554 = DIRECTION ( 'NONE',  ( 0.0000000000000000000, 0.0000000000000000000, 1.000000000000000000 ) ) ;
#4555 = CARTESIAN_POINT ( 'NONE',  ( 6.280991797200410800, -5.053516208376686700, 13.52972450590256800 ) ) ;
#4556 = CARTESIAN_POINT ( 'NONE',  ( 7.424621202458764600, -5.219999999999999800, -7.424621202458736100 ) ) ;
#4557 = CARTESIAN_POINT ( 'NONE',  ( 5.779972960850139800, -5.137972013018991600, -2.050375742370783800 ) ) ;
#4558 = DIRECTION ( 'NONE',  ( -0.0000000000000000000, -1.000000000000000000, -0.0000000000000000000 ) ) ;
#4559 = DIRECTION ( 'NONE',  ( -0.0000000000000000000, -1.000000000000000000, -6.123233995736738900E-017 ) ) ;
#4560 = CARTESIAN_POINT ( 'NONE',  ( -5.667512904364790500, -5.219999999999999800, 2.117025620737650100 ) ) ;
#4561 = CARTESIAN_POINT ( 'NONE',  ( -6.307797146368602400, 5.219999999999999800, 13.33319898449970400 ) ) ;
#4562 = CARTESIAN_POINT ( 'NONE',  ( 6.267690524122000000, -4.970000000000001500, 13.62776781038741300 ) ) ;
#4563 = CARTESIAN_POINT ( 'NONE',  ( 0.0000000000000000000, 5.799999999999999800, 0.0000000000000000000 ) ) ;
#4564 = DIRECTION ( 'NONE',  ( -0.0000000000000000000, 1.000000000000000000, 6.123233995736766000E-017 ) ) ;
#4565 = DIRECTION ( 'NONE',  ( -0.0000000000000000000, 1.000000000000000000, 6.123233995736766000E-017 ) ) ;
#4566 = CARTESIAN_POINT ( 'NONE',  ( 5.891268586353170600, 5.054574054566320900, 1.983428003847352000 ) ) ;
#4567 = CARTESIAN_POINT ( 'NONE',  ( 6.294359254876264100, -5.136853810801185600, 13.43153770919851400 ) ) ;
#4568 = DIRECTION ( 'NONE',  ( 0.0000000000000000000, -1.000000000000000000, -6.123233995736766000E-017 ) ) ;
#4569 = DIRECTION ( 'NONE',  ( 0.0000000000000000000, 0.0000000000000000000, -1.000000000000000000 ) ) ;
#4570 = CARTESIAN_POINT ( 'NONE',  ( 5.891268586353176900, -5.054574054566323600, -1.983428003847352400 ) ) ;
#4571 = DIRECTION ( 'NONE',  ( -0.0000000000000000000, 1.000000000000000000, 6.123233995736766000E-017 ) ) ;
#4572 = DIRECTION ( 'NONE',  ( 0.0000000000000000000, 0.0000000000000000000, 1.000000000000000000 ) ) ;
#4573 = CARTESIAN_POINT ( 'NONE',  ( -13.43153770919851700, -5.136853810801184700, -6.294359254876261500 ) ) ;
#4574 = CARTESIAN_POINT ( 'NONE',  ( -13.52972450590256900, -5.053516208376685800, -6.280991797200402800 ) ) ;
#4575 = CARTESIAN_POINT ( 'NONE',  ( 1.916241495323061100, -5.219999999999999800, 6.001501356460904500 ) ) ;
#4576 = CARTESIAN_POINT ( 'NONE',  ( -6.001501356460902800, -4.970000000000001500, 1.916241495323052900 ) ) ;
#4577 = DIRECTION ( 'NONE',  ( -0.0000000000000000000, -1.000000000000000000, -0.0000000000000000000 ) ) ;
#4578 = CARTESIAN_POINT ( 'NONE',  ( 7.424621202458764600, -5.799999999999998900, -7.424621202458736100 ) ) ;
#4579 = DIRECTION ( 'NONE',  ( 0.0000000000000000000, -1.000000000000000000, -6.123233995736766000E-017 ) ) ;
#4580 = DIRECTION ( 'NONE',  ( 0.0000000000000000000, 0.0000000000000000000, -1.000000000000000000 ) ) ;
#4581 = DIRECTION ( 'NONE',  ( 0.0000000000000000000, 1.000000000000000000, 0.0000000000000000000 ) ) ;
#4582 = DIRECTION ( 'NONE',  ( 0.0000000000000000000, 0.0000000000000000000, 1.000000000000000000 ) ) ;
#4583 = CARTESIAN_POINT ( 'NONE',  ( 0.0000000000000000000, -5.219999999999999800, -6.392656291549182900E-016 ) ) ;
#4584 = DIRECTION ( 'NONE',  ( 0.0000000000000000000, 0.0000000000000000000, 1.000000000000000000 ) ) ;
#4585 = CARTESIAN_POINT ( 'NONE',  ( 14.48888739433604100, 4.969999999999996200, 3.882285676537765800 ) ) ;
#4586 = DIRECTION ( 'NONE',  ( -0.0000000000000000000, -1.000000000000000000, -0.0000000000000000000 ) ) ;
#4587 = CARTESIAN_POINT ( 'NONE',  ( 14.48888739433604100, -5.219999999999999800, 3.882285676537765400 ) ) ;
#4588 = CARTESIAN_POINT ( 'NONE',  ( -14.48888739433602900, -4.970000000000001500, 3.882285676537772500 ) ) ;
#4589 = CARTESIAN_POINT ( 'NONE',  ( -6.294359254876264100, 5.136853810801183000, -13.43153770919851000 ) ) ;
#4590 = CARTESIAN_POINT ( 'NONE',  ( -14.48888739433602900, -5.219999999999999800, 3.882285676537772500 ) ) ;
#4591 = CARTESIAN_POINT ( 'NONE',  ( 13.33319898449970300, 5.219999999999999800, -6.307797146368606000 ) ) ;
#4592 = DIRECTION ( 'NONE',  ( -0.0000000000000000000, 1.000000000000000000, 6.123233995736766000E-017 ) ) ;
#4593 = DIRECTION ( 'NONE',  ( 0.0000000000000000000, 1.000000000000000000, 0.0000000000000000000 ) ) ;
#4594 = DIRECTION ( 'NONE',  ( 0.0000000000000000000, 0.0000000000000000000, 1.000000000000000000 ) ) ;
#4595 = CARTESIAN_POINT ( 'NONE',  ( -3.882285676537767600, -5.219999999999999800, 14.48888739433603400 ) ) ;
#4596 = CARTESIAN_POINT ( 'NONE',  ( 13.52972450590256600, 5.053516208376683100, -6.280991797200404600 ) ) ;
#4597 = CARTESIAN_POINT ( 'NONE',  ( -6.280991797200403700, 5.053516208376682300, -13.52972450590256600 ) ) ;
#4598 = DIRECTION ( 'NONE',  ( -0.0000000000000000000, -1.000000000000000000, -0.0000000000000000000 ) ) ;
#4599 = DIRECTION ( 'NONE',  ( 0.0000000000000000000, 0.0000000000000000000, 1.000000000000000000 ) ) ;
#4600 = CARTESIAN_POINT ( 'NONE',  ( -6.307797146368606000, 5.219999999999999800, -13.33319898449970300 ) ) ;
#4601 = CARTESIAN_POINT ( 'NONE',  ( 6.294359254876261500, 5.136853810801183000, -13.43153770919851200 ) ) ;
#4602 = DIRECTION ( 'NONE',  ( -0.0000000000000000000, 1.000000000000000000, -0.0000000000000000000 ) ) ;
#4603 = DIRECTION ( 'NONE',  ( 0.0000000000000000000, 0.0000000000000000000, 1.000000000000000000 ) ) ;
#4604 = DIRECTION ( 'NONE',  ( -0.0000000000000000000, -1.000000000000000000, -0.0000000000000000000 ) ) ;
#4605 = DIRECTION ( 'NONE',  ( -0.0000000000000000000, -1.000000000000000000, -0.0000000000000000000 ) ) ;
#4606 = CARTESIAN_POINT ( 'NONE',  ( 6.280991797200398400, 5.053516208376682300, -13.52972450590256900 ) ) ;
#4607 = DIRECTION ( 'NONE',  ( 0.0000000000000000000, 0.0000000000000000000, 1.000000000000000000 ) ) ;
#4608 = DIRECTION ( 'NONE',  ( -0.0000000000000000000, -1.000000000000000000, -0.0000000000000000000 ) ) ;
#4609 = CARTESIAN_POINT ( 'NONE',  ( -6.001501356460902800, -5.219999999999999800, -1.916241495323056400 ) ) ;
#4610 = CARTESIAN_POINT ( 'NONE',  ( 0.0000000000000000000, -4.970000000000001500, 0.0000000000000000000 ) ) ;
#4611 = CARTESIAN_POINT ( 'NONE',  ( 6.307797146368604200, 5.219999999999999800, -13.33319898449970300 ) ) ;
#4612 = DIRECTION ( 'NONE',  ( -0.0000000000000000000, 1.000000000000000000, 6.123233995736766000E-017 ) ) ;
#4613 = CARTESIAN_POINT ( 'NONE',  ( 13.43153770919851000, 5.136853810801183000, -6.294359254876265900 ) ) ;
#4614 = CARTESIAN_POINT ( 'NONE',  ( 6.267690524121986700, 4.969999999999995300, -13.62776781038741800 ) ) ;
#4615 = DIRECTION ( 'NONE',  ( -3.608224830031761100E-015, 0.0000000000000000000, 1.000000000000000000 ) ) ;
#4616 = CARTESIAN_POINT ( 'NONE',  ( 13.62776781038741800, -5.219999999999999800, 6.267690524121984000 ) ) ;
#4617 = CARTESIAN_POINT ( 'NONE',  ( -6.267690524121992900, 4.969999999999995300, -13.62776781038741400 ) ) ;
#4618 = CARTESIAN_POINT ( 'NONE',  ( 13.62776781038741400, 4.969999999999996200, -6.267690524121992900 ) ) ;
#4619 = CARTESIAN_POINT ( 'NONE',  ( 1.367718092779131900, 10.55100824718477300, 14.93764649700145800 ) ) ;
#4620 = CARTESIAN_POINT ( 'NONE',  ( 3.882285676537774700, 5.799999999999999800, 14.48888739433602200 ) ) ;
#4621 = CARTESIAN_POINT ( 'NONE',  ( 1.057118666868197100, 10.22479159684973600, 14.96355020073196100 ) ) ;
#4622 = CARTESIAN_POINT ( 'NONE',  ( 0.8652590077092668900, 10.09668953249374600, 14.97645721980783400 ) ) ;
#4623 = CARTESIAN_POINT ( 'NONE',  ( -2.491356904062255400, 13.30749976913550900, 0.2369889951275270000 ) ) ;
#4624 = DIRECTION ( 'NONE',  ( 0.0000000000000000000, 1.000000000000000000, 0.0000000000000000000 ) ) ;
#4625 = CARTESIAN_POINT ( 'NONE',  ( 0.4511995285279081200, 9.925176278651365500, 14.99464447703287500 ) ) ;
#4626 = CARTESIAN_POINT ( 'NONE',  ( -2.095815660332536600, 12.65701835007816600, 1.374143736593286900 ) ) ;
#4627 = CARTESIAN_POINT ( 'NONE',  ( -1.867818178649667700, 12.05747249837447300, 1.661993734451529200 ) ) ;
#4628 = CARTESIAN_POINT ( 'NONE',  ( -2.224230713528162700, 12.88829864339706300, 1.144760370438467500 ) ) ;
#4629 = CARTESIAN_POINT ( 'NONE',  ( -1.825949261313063200, 11.83403407755072900, -1.707892811453386200 ) ) ;
#4630 = CARTESIAN_POINT ( 'NONE',  ( 1.720000000000000000, 11.60000000000000000, 0.0000000000000000000 ) ) ;
#4631 = CARTESIAN_POINT ( 'NONE',  ( -2.225100528303771700, 12.88981951958905500, -1.143121794856876400 ) ) ;
#4632 = CARTESIAN_POINT ( 'NONE',  ( -1.868323743383457400, 12.05968995492144000, -1.661431596609832500 ) ) ;
#4633 = DIRECTION ( 'NONE',  ( 0.0000000000000000000, 0.0000000000000000000, 1.000000000000000000 ) ) ;
#4634 = CARTESIAN_POINT ( 'NONE',  ( -1.814276715388257700, 11.71615075673147600, -1.720000000000000000 ) ) ;
#4635 = DIRECTION ( 'NONE',  ( -0.0000000000000000000, -0.0000000000000000000, 1.000000000000000000 ) ) ;
#4636 = CARTESIAN_POINT ( 'NONE',  ( 1.720000000000000000, 11.60000000000000000, 14.90106036495389800 ) ) ;
#4637 = CARTESIAN_POINT ( 'NONE',  ( 1.631909038556524700, 11.04503343662617200, 14.91102817577037400 ) ) ;
#4638 = CARTESIAN_POINT ( 'NONE',  ( -2.459405251944229300, 13.26053317686519000, 0.4629782002852473900 ) ) ;
#4639 = CARTESIAN_POINT ( 'NONE',  ( 1.545487148702599400, 10.83672778788917400, 14.92023316982464100 ) ) ;
#4640 = DIRECTION ( 'NONE',  ( 0.0000000000000000000, 1.000000000000000000, 0.0000000000000000000 ) ) ;
#4641 = DIRECTION ( 'NONE',  ( 0.0000000000000000000, 1.000000000000000000, 6.123233995736766000E-017 ) ) ;
#4642 = CARTESIAN_POINT ( 'NONE',  ( -1.814276715388257100, 11.60000000000000000, 1.720000000000000000 ) ) ;
#4643 = CARTESIAN_POINT ( 'NONE',  ( 0.0000000000000000000, -2.319999999999999800, 0.0000000000000000000 ) ) ;
#4644 = CARTESIAN_POINT ( 'NONE',  ( 1.492616025423133300, 10.73794786733063200, 14.92568367115373500 ) ) ;
#4645 = CARTESIAN_POINT ( 'NONE',  ( 1.295085321682601900, 10.46257812727803200, 14.94419912979544100 ) ) ;
#4646 = CARTESIAN_POINT ( 'NONE',  ( -2.436778727097830300, 13.22708395867574700, -0.5690189687053696100 ) ) ;
#4647 = CARTESIAN_POINT ( 'NONE',  ( -2.004818491430602200, 12.47441548268901600, 1.497738939982606000 ) ) ;
#4648 = DIRECTION ( 'NONE',  ( 0.0000000000000000000, 0.0000000000000000000, 1.000000000000000000 ) ) ;
#4649 = CARTESIAN_POINT ( 'NONE',  ( -2.266473035225550000, 12.95928984095056300, 1.059611074736812600 ) ) ;
#4650 = CARTESIAN_POINT ( 'NONE',  ( -2.342720335969229200, 13.08293877987955700, 0.8782579783558143200 ) ) ;
#4651 = CARTESIAN_POINT ( 'NONE',  ( -2.435528474825278300, 13.22521430883662900, 0.5742748700717484900 ) ) ;
#4652 = CARTESIAN_POINT ( 'NONE',  ( 7.424621202458764600, 5.219999999999998900, 7.424621202458736100 ) ) ;
#4653 = DIRECTION ( 'NONE',  ( 0.0000000000000000000, 0.0000000000000000000, 1.000000000000000000 ) ) ;
#4654 = CARTESIAN_POINT ( 'NONE',  ( -1.814276715388257500, 11.71822801426890100, 1.720000000000000200 ) ) ;
#4655 = CARTESIAN_POINT ( 'NONE',  ( -2.499894429057398300, 13.31984655379496400, 0.1195301397119352500 ) ) ;
#4656 = CARTESIAN_POINT ( 'NONE',  ( -2.460316710568952700, 13.26188118671672800, -0.4583170848968816100 ) ) ;
#4657 = CARTESIAN_POINT ( 'NONE',  ( -2.378602497232580800, 13.13859074596998200, -0.7771250296715320700 ) ) ;
#4658 = CARTESIAN_POINT ( 'NONE',  ( -1.898459703838567300, 12.16725264238685800, 1.627568902345383000 ) ) ;
#4659 = CARTESIAN_POINT ( 'NONE',  ( -2.377142474742564900, 13.13633620773181800, 0.7815268599705751400 ) ) ;
#4660 = CARTESIAN_POINT ( 'NONE',  ( -2.491993062193544000, 13.30842623032980900, -0.2306153607036046100 ) ) ;
#4661 = CARTESIAN_POINT ( 'NONE',  ( -2.343379475018737800, 13.08398870990221900, -0.8765762322828911700 ) ) ;
#4662 = CARTESIAN_POINT ( 'NONE',  ( -2.095783571558190900, 12.65705104277594900, -1.374369097777081100 ) ) ;
#4663 = CARTESIAN_POINT ( 'NONE',  ( -1.898419318308698600, 12.16725859230375700, -1.627635818371299100 ) ) ;
#4664 = CARTESIAN_POINT ( 'NONE',  ( -2.266672908286735800, 12.95963274465541200, -1.059248404191065300 ) ) ;
#4665 = CARTESIAN_POINT ( 'NONE',  ( 1.719999999999999800, 11.48622830481566700, 14.90106036495389800 ) ) ;
#4666 = CARTESIAN_POINT ( 'NONE',  ( -2.005842207803339300, 12.47712517480369600, -1.496453841210575500 ) ) ;
#4667 = CARTESIAN_POINT ( 'NONE',  ( -2.500103583888210000, 13.32015055804393800, -0.1150725013246107900 ) ) ;
#4668 = CARTESIAN_POINT ( 'NONE',  ( -1.814276715388256900, 11.60000000000000000, -1.720000000000000000 ) ) ;
#4669 = CARTESIAN_POINT ( 'NONE',  ( 1.708823008208088000, 11.37437733518879300, 14.90236253585574900 ) ) ;
#4670 = CARTESIAN_POINT ( 'NONE',  ( 1.665046920638813900, 11.15435393827718600, 14.90731712869654400 ) ) ;
#4671 = CARTESIAN_POINT ( 'NONE',  ( -1.825880526864432500, 11.83318669914375900, 1.707960252309041400 ) ) ;
#4672 = ORIENTED_EDGE ( 'NONE', *, *, #2499, .F. ) ;
#4673 = ORIENTED_EDGE ( 'NONE', *, *, #2372, .F. ) ;
#4674 = ORIENTED_EDGE ( 'NONE', *, *, #2500, .F. ) ;
#4675 = ORIENTED_EDGE ( 'NONE', *, *, #2495, .T. ) ;
#4676 = ORIENTED_EDGE ( 'NONE', *, *, #2353, .T. ) ;
#4677 = ORIENTED_EDGE ( 'NONE', *, *, #2514, .T. ) ;
#4678 = ORIENTED_EDGE ( 'NONE', *, *, #2539, .F. ) ;
#4679 = ORIENTED_EDGE ( 'NONE', *, *, #2385, .T. ) ;
#4680 = ORIENTED_EDGE ( 'NONE', *, *, #2459, .F. ) ;
#4681 = ORIENTED_EDGE ( 'NONE', *, *, #2521, .F. ) ;
#4682 = ORIENTED_EDGE ( 'NONE', *, *, #2551, .F. ) ;
#4683 = ORIENTED_EDGE ( 'NONE', *, *, #2359, .F. ) ;
#4684 = ORIENTED_EDGE ( 'NONE', *, *, #2395, .T. ) ;
#4685 = ORIENTED_EDGE ( 'NONE', *, *, #2437, .F. ) ;
#4686 = ORIENTED_EDGE ( 'NONE', *, *, #2361, .F. ) ;
#4687 = ORIENTED_EDGE ( 'NONE', *, *, #2494, .T. ) ;
#4688 = ORIENTED_EDGE ( 'NONE', *, *, #2533, .T. ) ;
#4689 = ORIENTED_EDGE ( 'NONE', *, *, #2428, .T. ) ;
#4690 = ORIENTED_EDGE ( 'NONE', *, *, #2437, .T. ) ;
#4691 = ORIENTED_EDGE ( 'NONE', *, *, #2553, .F. ) ;
#4692 = ORIENTED_EDGE ( 'NONE', *, *, #2608, .T. ) ;
#4693 = ORIENTED_EDGE ( 'NONE', *, *, #2505, .T. ) ;
#4694 = ORIENTED_EDGE ( 'NONE', *, *, #2511, .T. ) ;
#4695 = ORIENTED_EDGE ( 'NONE', *, *, #2350, .T. ) ;
#4696 = ORIENTED_EDGE ( 'NONE', *, *, #2524, .T. ) ;
#4697 = ORIENTED_EDGE ( 'NONE', *, *, #2526, .F. ) ;
#4698 = ORIENTED_EDGE ( 'NONE', *, *, #2531, .F. ) ;
#4699 = ORIENTED_EDGE ( 'NONE', *, *, #2549, .F. ) ;
#4700 = ORIENTED_EDGE ( 'NONE', *, *, #2565, .T. ) ;
#4701 = ORIENTED_EDGE ( 'NONE', *, *, #2540, .F. ) ;
#4702 = ORIENTED_EDGE ( 'NONE', *, *, #2577, .T. ) ;
#4703 = ORIENTED_EDGE ( 'NONE', *, *, #2506, .T. ) ;
#4704 = ORIENTED_EDGE ( 'NONE', *, *, #2468, .F. ) ;
#4705 = ORIENTED_EDGE ( 'NONE', *, *, #2556, .F. ) ;
#4706 = ORIENTED_EDGE ( 'NONE', *, *, #2371, .T. ) ;
#4707 = ORIENTED_EDGE ( 'NONE', *, *, #2459, .T. ) ;
#4708 = ORIENTED_EDGE ( 'NONE', *, *, #2578, .F. ) ;
#4709 = ORIENTED_EDGE ( 'NONE', *, *, #2518, .T. ) ;
#4710 = ORIENTED_EDGE ( 'NONE', *, *, #2518, .F. ) ;
#4711 = ORIENTED_EDGE ( 'NONE', *, *, #2507, .T. ) ;
#4712 = ORIENTED_EDGE ( 'NONE', *, *, #2506, .F. ) ;
#4713 = VERTEX_POINT ( 'NONE', #32 ) ;
#4714 = VERTEX_POINT ( 'NONE', #18 ) ;
#4715 = VERTEX_POINT ( 'NONE', #79 ) ;
#4716 = VERTEX_POINT ( 'NONE', #87 ) ;
#4717 = VERTEX_POINT ( 'NONE', #63 ) ;
#4718 = VERTEX_POINT ( 'NONE', #68 ) ;
#4719 = VERTEX_POINT ( 'NONE', #94 ) ;
#4720 = VERTEX_POINT ( 'NONE', #119 ) ;
#4721 = VERTEX_POINT ( 'NONE', #108 ) ;
#4722 = VERTEX_POINT ( 'NONE', #102 ) ;
#4723 = VERTEX_POINT ( 'NONE', #14 ) ;
#4724 = VERTEX_POINT ( 'NONE', #100 ) ;
#4725 = VERTEX_POINT ( 'NONE', #46 ) ;
#4726 = VERTEX_POINT ( 'NONE', #89 ) ;
#4727 = VERTEX_POINT ( 'NONE', #74 ) ;
#4728 = VERTEX_POINT ( 'NONE', #96 ) ;
#4729 = VERTEX_POINT ( 'NONE', #80 ) ;
#4730 = VERTEX_POINT ( 'NONE', #83 ) ;
#4731 = VERTEX_POINT ( 'NONE', #117 ) ;
#4732 = VERTEX_POINT ( 'NONE', #93 ) ;
#4733 = VERTEX_POINT ( 'NONE', #104 ) ;
#4734 = VERTEX_POINT ( 'NONE', #16 ) ;
#4735 = VERTEX_POINT ( 'NONE', #67 ) ;
#4736 = VERTEX_POINT ( 'NONE', #95 ) ;
#4737 = VERTEX_POINT ( 'NONE', #113 ) ;
#4738 = VERTEX_POINT ( 'NONE', #73 ) ;
#4739 = VERTEX_POINT ( 'NONE', #66 ) ;
#4740 = VERTEX_POINT ( 'NONE', #114 ) ;
#4741 = VERTEX_POINT ( 'NONE', #64 ) ;
#4742 = VERTEX_POINT ( 'NONE', #69 ) ;
#4743 = VERTEX_POINT ( 'NONE', #65 ) ;
#4744 = VERTEX_POINT ( 'NONE', #101 ) ;
#4745 = VERTEX_POINT ( 'NONE', #57 ) ;
#4746 = VERTEX_POINT ( 'NONE', #103 ) ;
#4747 = VERTEX_POINT ( 'NONE', #75 ) ;
#4748 = VERTEX_POINT ( 'NONE', #84 ) ;
#4749 = VERTEX_POINT ( 'NONE', #97 ) ;
#4750 = VERTEX_POINT ( 'NONE', #70 ) ;
#4751 = VERTEX_POINT ( 'NONE', #98 ) ;
#4752 = VERTEX_POINT ( 'NONE', #71 ) ;
#4753 = VERTEX_POINT ( 'NONE', #109 ) ;
#4754 = VERTEX_POINT ( 'NONE', #92 ) ;
#4755 = VERTEX_POINT ( 'NONE', #99 ) ;
#4756 = VERTEX_POINT ( 'NONE', #81 ) ;
#4757 = VERTEX_POINT ( 'NONE', #105 ) ;
#4758 = VERTEX_POINT ( 'NONE', #17 ) ;
#4759 = VERTEX_POINT ( 'NONE', #72 ) ;
#4760 = VERTEX_POINT ( 'NONE', #106 ) ;
#4761 = VERTEX_POINT ( 'NONE', #107 ) ;
#4762 = VERTEX_POINT ( 'NONE', #110 ) ;
#4763 = VERTEX_POINT ( 'NONE', #82 ) ;
#4764 = VERTEX_POINT ( 'NONE', #111 ) ;
#4765 = VERTEX_POINT ( 'NONE', #76 ) ;
#4766 = VERTEX_POINT ( 'NONE', #77 ) ;
#4767 = VERTEX_POINT ( 'NONE', #58 ) ;
#4768 = VERTEX_POINT ( 'NONE', #85 ) ;
#4769 = VERTEX_POINT ( 'NONE', #112 ) ;
#4770 = VERTEX_POINT ( 'NONE', #88 ) ;
#4771 = VERTEX_POINT ( 'NONE', #115 ) ;
#4772 = VERTEX_POINT ( 'NONE', #90 ) ;
#4773 = VERTEX_POINT ( 'NONE', #116 ) ;
#4774 = VERTEX_POINT ( 'NONE', #118 ) ;
#4775 = VERTEX_POINT ( 'NONE', #78 ) ;
#4776 = VERTEX_POINT ( 'NONE', #62 ) ;
#4777 = VERTEX_POINT ( 'NONE', #59 ) ;
#4778 = VERTEX_POINT ( 'NONE', #60 ) ;
#4779 = VERTEX_POINT ( 'NONE', #86 ) ;
#4780 = VERTEX_POINT ( 'NONE', #91 ) ;
#4781 = VERTEX_POINT ( 'NONE', #61 ) ;
#4782 = VERTEX_POINT ( 'NONE', #171 ) ;
#4783 = VERTEX_POINT ( 'NONE', #130 ) ;
#4784 = VERTEX_POINT ( 'NONE', #170 ) ;
#4785 = VERTEX_POINT ( 'NONE', #147 ) ;
#4786 = VERTEX_POINT ( 'NONE', #166 ) ;
#4787 = VERTEX_POINT ( 'NONE', #121 ) ;
#4788 = VERTEX_POINT ( 'NONE', #128 ) ;
#4789 = VERTEX_POINT ( 'NONE', #136 ) ;
#4790 = VERTEX_POINT ( 'NONE', #143 ) ;
#4791 = VERTEX_POINT ( 'NONE', #151 ) ;
#4792 = VERTEX_POINT ( 'NONE', #122 ) ;
#4793 = VERTEX_POINT ( 'NONE', #123 ) ;
#4794 = VERTEX_POINT ( 'NONE', #126 ) ;
#4795 = VERTEX_POINT ( 'NONE', #124 ) ;
#4796 = VERTEX_POINT ( 'NONE', #152 ) ;
#4797 = VERTEX_POINT ( 'NONE', #127 ) ;
#4798 = VERTEX_POINT ( 'NONE', #129 ) ;
#4799 = VERTEX_POINT ( 'NONE', #156 ) ;
#4800 = VERTEX_POINT ( 'NONE', #159 ) ;
#4801 = VERTEX_POINT ( 'NONE', #125 ) ;
#4802 = VERTEX_POINT ( 'NONE', #131 ) ;
#4803 = VERTEX_POINT ( 'NONE', #140 ) ;
#4804 = VERTEX_POINT ( 'NONE', #154 ) ;
#4805 = VERTEX_POINT ( 'NONE', #155 ) ;
#4806 = VERTEX_POINT ( 'NONE', #148 ) ;
#4807 = VERTEX_POINT ( 'NONE', #132 ) ;
#4808 = VERTEX_POINT ( 'NONE', #134 ) ;
#4809 = VERTEX_POINT ( 'NONE', #133 ) ;
#4810 = VERTEX_POINT ( 'NONE', #153 ) ;
#4811 = VERTEX_POINT ( 'NONE', #167 ) ;
#4812 = VERTEX_POINT ( 'NONE', #135 ) ;
#4813 = VERTEX_POINT ( 'NONE', #174 ) ;
#4814 = VERTEX_POINT ( 'NONE', #137 ) ;
#4815 = VERTEX_POINT ( 'NONE', #157 ) ;
#4816 = VERTEX_POINT ( 'NONE', #168 ) ;
#4817 = VERTEX_POINT ( 'NONE', #138 ) ;
#4818 = VERTEX_POINT ( 'NONE', #158 ) ;
#4819 = VERTEX_POINT ( 'NONE', #160 ) ;
#4820 = VERTEX_POINT ( 'NONE', #139 ) ;
#4821 = VERTEX_POINT ( 'NONE', #169 ) ;
#4822 = VERTEX_POINT ( 'NONE', #162 ) ;
#4823 = VERTEX_POINT ( 'NONE', #141 ) ;
#4824 = VERTEX_POINT ( 'NONE', #142 ) ;
#4825 = VERTEX_POINT ( 'NONE', #144 ) ;
#4826 = VERTEX_POINT ( 'NONE', #161 ) ;
#4827 = VERTEX_POINT ( 'NONE', #145 ) ;
#4828 = VERTEX_POINT ( 'NONE', #146 ) ;
#4829 = VERTEX_POINT ( 'NONE', #149 ) ;
#4830 = VERTEX_POINT ( 'NONE', #172 ) ;
#4831 = VERTEX_POINT ( 'NONE', #150 ) ;
#4832 = VERTEX_POINT ( 'NONE', #173 ) ;
#4833 = VERTEX_POINT ( 'NONE', #163 ) ;
#4834 = VERTEX_POINT ( 'NONE', #175 ) ;
#4835 = VERTEX_POINT ( 'NONE', #176 ) ;
#4836 = VERTEX_POINT ( 'NONE', #120 ) ;
#4837 = VERTEX_POINT ( 'NONE', #164 ) ;
#4838 = VERTEX_POINT ( 'NONE', #165 ) ;
#4839 = VERTEX_POINT ( 'NONE', #181 ) ;
#4840 = VERTEX_POINT ( 'NONE', #196 ) ;
#4841 = VERTEX_POINT ( 'NONE', #216 ) ;
#4842 = VERTEX_POINT ( 'NONE', #179 ) ;
#4843 = VERTEX_POINT ( 'NONE', #186 ) ;
#4844 = VERTEX_POINT ( 'NONE', #202 ) ;
#4845 = VERTEX_POINT ( 'NONE', #190 ) ;
#4846 = VERTEX_POINT ( 'NONE', #203 ) ;
#4847 = VERTEX_POINT ( 'NONE', #205 ) ;
#4848 = VERTEX_POINT ( 'NONE', #213 ) ;
#4849 = VERTEX_POINT ( 'NONE', #219 ) ;
#4850 = VERTEX_POINT ( 'NONE', #188 ) ;
#4851 = VERTEX_POINT ( 'NONE', #177 ) ;
#4852 = VERTEX_POINT ( 'NONE', #225 ) ;
#4853 = VERTEX_POINT ( 'NONE', #180 ) ;
#4854 = VERTEX_POINT ( 'NONE', #236 ) ;
#4855 = VERTEX_POINT ( 'NONE', #226 ) ;
#4856 = VERTEX_POINT ( 'NONE', #209 ) ;
#4857 = VERTEX_POINT ( 'NONE', #214 ) ;
#4858 = VERTEX_POINT ( 'NONE', #232 ) ;
#4859 = VERTEX_POINT ( 'NONE', #182 ) ;
#4860 = VERTEX_POINT ( 'NONE', #207 ) ;
#4861 = VERTEX_POINT ( 'NONE', #192 ) ;
#4862 = VERTEX_POINT ( 'NONE', #217 ) ;
#4863 = VERTEX_POINT ( 'NONE', #215 ) ;
#4864 = VERTEX_POINT ( 'NONE', #206 ) ;
#4865 = VERTEX_POINT ( 'NONE', #212 ) ;
#4866 = VERTEX_POINT ( 'NONE', #178 ) ;
#4867 = VERTEX_POINT ( 'NONE', #218 ) ;
#4868 = VERTEX_POINT ( 'NONE', #204 ) ;
#4869 = VERTEX_POINT ( 'NONE', #230 ) ;
#4870 = VERTEX_POINT ( 'NONE', #191 ) ;
#4871 = VERTEX_POINT ( 'NONE', #185 ) ;
#4872 = VERTEX_POINT ( 'NONE', #187 ) ;
#4873 = VERTEX_POINT ( 'NONE', #183 ) ;
#4874 = VERTEX_POINT ( 'NONE', #220 ) ;
#4875 = VERTEX_POINT ( 'NONE', #184 ) ;
#4876 = EDGE_LOOP ( 'NONE', ( #5317, #5273 ) ) ;
#4877 = VERTEX_POINT ( 'NONE', #228 ) ;
#4878 = EDGE_LOOP ( 'NONE', ( #5210, #5276, #5192, #5196 ) ) ;
#4879 = VERTEX_POINT ( 'NONE', #189 ) ;
#4880 = VERTEX_POINT ( 'NONE', #235 ) ;
#4881 = VERTEX_POINT ( 'NONE', #210 ) ;
#4882 = VERTEX_POINT ( 'NONE', #211 ) ;
#4883 = VERTEX_POINT ( 'NONE', #227 ) ;
#4884 = VERTEX_POINT ( 'NONE', #221 ) ;
#4885 = VERTEX_POINT ( 'NONE', #193 ) ;
#4886 = VERTEX_POINT ( 'NONE', #194 ) ;
#4887 = VERTEX_POINT ( 'NONE', #195 ) ;
#4888 = VERTEX_POINT ( 'NONE', #222 ) ;
#4889 = VERTEX_POINT ( 'NONE', #198 ) ;
#4890 = VERTEX_POINT ( 'NONE', #229 ) ;
#4891 = VERTEX_POINT ( 'NONE', #199 ) ;
#4892 = VERTEX_POINT ( 'NONE', #231 ) ;
#4893 = VERTEX_POINT ( 'NONE', #197 ) ;
#4894 = VERTEX_POINT ( 'NONE', #233 ) ;
#4895 = VERTEX_POINT ( 'NONE', #200 ) ;
#4896 = VERTEX_POINT ( 'NONE', #201 ) ;
#4897 = VERTEX_POINT ( 'NONE', #234 ) ;
#4898 = VERTEX_POINT ( 'NONE', #208 ) ;
#4899 = VERTEX_POINT ( 'NONE', #223 ) ;
#4900 = VERTEX_POINT ( 'NONE', #224 ) ;
#4901 = VERTEX_POINT ( 'NONE', #239 ) ;
#4902 = VERTEX_POINT ( 'NONE', #453 ) ;
#4903 = VERTEX_POINT ( 'NONE', #488 ) ;
#4904 = VERTEX_POINT ( 'NONE', #519 ) ;
#4905 = VERTEX_POINT ( 'NONE', #541 ) ;
#4906 = VERTEX_POINT ( 'NONE', #558 ) ;
#4907 = VERTEX_POINT ( 'NONE', #651 ) ;
#4908 = VERTEX_POINT ( 'NONE', #802 ) ;
#4909 = VERTEX_POINT ( 'NONE', #862 ) ;
#4910 = VERTEX_POINT ( 'NONE', #939 ) ;
#4911 = VERTEX_POINT ( 'NONE', #1005 ) ;
#4912 = VERTEX_POINT ( 'NONE', #1037 ) ;
#4913 = VERTEX_POINT ( 'NONE', #1239 ) ;
#4914 = VERTEX_POINT ( 'NONE', #1224 ) ;
#4915 = VERTEX_POINT ( 'NONE', #1234 ) ;
#4916 = VERTEX_POINT ( 'NONE', #1230 ) ;
#4917 = VERTEX_POINT ( 'NONE', #1225 ) ;
#4918 = VERTEX_POINT ( 'NONE', #1257 ) ;
#4919 = VERTEX_POINT ( 'NONE', #1228 ) ;
#4920 = VERTEX_POINT ( 'NONE', #1266 ) ;
#4921 = VERTEX_POINT ( 'NONE', #1226 ) ;
#4922 = EDGE_LOOP ( 'NONE', ( #5396, #5335 ) ) ;
#4923 = EDGE_LOOP ( 'NONE', ( #5255, #5171, #5189, #5156 ) ) ;
#4924 = EDGE_LOOP ( 'NONE', ( #5236, #5346, #5242, #5245 ) ) ;
#4925 = EDGE_LOOP ( 'NONE', ( #5262, #5334, #5298, #5333, #5415, #5277, #5266, #5223, #5288, #5309, #5338, #5254, #5371, #5243, #5280, #5225, #5279 ) ) ;
#4926 = EDGE_LOOP ( 'NONE', ( #5414, #5389, #5369, #5344 ) ) ;
#4927 = EDGE_LOOP ( 'NONE', ( #5364, #5433, #5465, #5356 ) ) ;
#4928 = EDGE_LOOP ( 'NONE', ( #5326, #5315 ) ) ;
#4929 = EDGE_LOOP ( 'NONE', ( #5431, #5421, #5475, #5467 ) ) ;
#4930 = EDGE_LOOP ( 'NONE', ( #5324, #5247, #5293, #5384, #5232, #5330, #5282, #5251, #5386, #5416, #5321, #5323, #5227, #5264, #5306, #5271, #5407 ) ) ;
#4931 = EDGE_LOOP ( 'NONE', ( #5302, #5135, #5304, #5195 ) ) ;
#4932 = EDGE_LOOP ( 'NONE', ( #5203, #5120, #5166, #5186 ) ) ;
#4933 = EDGE_LOOP ( 'NONE', ( #5295, #5313, #5290, #5200 ) ) ;
#4934 = EDGE_LOOP ( 'NONE', ( #5292, #5402 ) ) ;
#4935 = EDGE_LOOP ( 'NONE', ( #5438, #5408 ) ) ;
#4936 = EDGE_LOOP ( 'NONE', ( #5517, #5509, #5513, #5580 ) ) ;
#4937 = EDGE_LOOP ( 'NONE', ( #5441, #5392, #5372, #5377 ) ) ;
#4938 = EDGE_LOOP ( 'NONE', ( #5525, #5546, #5531, #5544 ) ) ;
#4939 = DIRECTION ( 'NONE',  ( 0.0000000000000000000, 1.000000000000000000, 0.0000000000000000000 ) ) ;
#4940 = EDGE_LOOP ( 'NONE', ( #5521, #5505, #5563, #5561 ) ) ;
#4941 = DIRECTION ( 'NONE',  ( 0.0000000000000000000, 1.000000000000000000, 0.0000000000000000000 ) ) ;
#4942 = DIRECTION ( 'NONE',  ( 0.0000000000000000000, -0.0000000000000000000, 1.000000000000000000 ) ) ;
#4943 = DIRECTION ( 'NONE',  ( -0.0000000000000000000, 1.000000000000000000, -0.0000000000000000000 ) ) ;
#4944 = CARTESIAN_POINT ( 'NONE',  ( 0.0000000000000000000, 17.49999999999999600, 0.0000000000000000000 ) ) ;
#4945 = EDGE_LOOP ( 'NONE', ( #5191, #5311, #5153, #5240 ) ) ;
#4946 = EDGE_LOOP ( 'NONE', ( #5342, #5199, #5230, #5249 ) ) ;
#4947 = PLANE ( 'NONE',  #2963 ) ;
#4948 = EDGE_LOOP ( 'NONE', ( #5133, #5194, #5216, #5208 ) ) ;
#4949 = EDGE_LOOP ( 'NONE', ( #5542, #5543, #5481, #5446 ) ) ;
#4950 = DIRECTION ( 'NONE',  ( 0.0000000000000000000, 0.0000000000000000000, 1.000000000000000000 ) ) ;
#4951 = DIRECTION ( 'NONE',  ( -0.0000000000000000000, -0.0000000000000000000, 1.000000000000000000 ) ) ;
#4952 = EDGE_LOOP ( 'NONE', ( #5410, #5349, #5360, #5518 ) ) ;
#4953 = EDGE_LOOP ( 'NONE', ( #5426, #5440, #5451, #5490 ) ) ;
#4954 = EDGE_LOOP ( 'NONE', ( #5551, #5530, #5469, #5528 ) ) ;
#4955 = PLANE ( 'NONE',  #2965 ) ;
#4956 = EDGE_LOOP ( 'NONE', ( #5482, #5429, #5508, #5473 ) ) ;
#4957 = PLANE ( 'NONE',  #2932 ) ;
#4959 = EDGE_LOOP ( 'NONE', ( #5234, #5336 ) ) ;
#4958 = PLANE ( 'NONE',  #2945 ) ;
#4960 = CARTESIAN_POINT ( 'NONE',  ( 7.244443697168020600, -5.220000000000000600, 1.941142838268873300 ) ) ;
#4961 = EDGE_LOOP ( 'NONE', ( #5238, #5348, #5418, #5354 ) ) ;
#4962 = CARTESIAN_POINT ( 'NONE',  ( 0.0000000000000000000, 17.49999999999999600, 0.0000000000000000000 ) ) ;
#4963 = EDGE_LOOP ( 'NONE', ( #5417, #5399, #5403, #5452 ) ) ;
#4964 = EDGE_LOOP ( 'NONE', ( #5268, #5257, #5424, #5259 ) ) ;
#4965 = DIRECTION ( 'NONE',  ( 0.0000000000000000000, 0.0000000000000000000, -1.000000000000000000 ) ) ;
#4966 = EDGE_LOOP ( 'NONE', ( #5427, #5449, #5445, #5470 ) ) ;
#4967 = CARTESIAN_POINT ( 'NONE',  ( 1.000000000000001300, 5.799999999999999800, 2.291287847477921700 ) ) ;
#4968 = CARTESIAN_POINT ( 'NONE',  ( -14.48888739433603400, -5.220000000000000600, -3.882285676537764500 ) ) ;
#4969 = CARTESIAN_POINT ( 'NONE',  ( 7.244443697168007300, -5.220000000000000600, -1.941142838268922000 ) ) ;
#4970 = EDGE_LOOP ( 'NONE', ( #5422, #5472, #5471, #5391, #5488 ) ) ;
#4971 = DIRECTION ( 'NONE',  ( 0.0000000000000000000, -1.000000000000000000, 0.0000000000000000000 ) ) ;
#4972 = EDGE_LOOP ( 'NONE', ( #5520, #5453, #5477, #5516 ) ) ;
#4973 = DIRECTION ( 'NONE',  ( 0.0000000000000000000, 0.0000000000000000000, 1.000000000000000000 ) ) ;
#4974 = EDGE_LOOP ( 'NONE', ( #5539, #5549, #5588, #5570 ) ) ;
#4975 = DIRECTION ( 'NONE',  ( 0.0000000000000000000, -0.0000000000000000000, -1.000000000000000000 ) ) ;
#4976 = CARTESIAN_POINT ( 'NONE',  ( 0.0000000000000000000, 11.60000000000000000, 0.0000000000000000000 ) ) ;
#4977 = EDGE_LOOP ( 'NONE', ( #5523, #5587, #5504, #5495 ) ) ;
#4978 = DIRECTION ( 'NONE',  ( -0.0000000000000000000, 0.0000000000000000000, -1.000000000000000000 ) ) ;
#4979 = EDGE_LOOP ( 'NONE', ( #5529, #5474, #5456, #5430 ) ) ;
#4980 = PLANE ( 'NONE',  #2935 ) ;
#4981 = EDGE_LOOP ( 'NONE', ( #5406, #5398 ) ) ;
#4982 = EDGE_LOOP ( 'NONE', ( #5483, #5502, #5491, #5436 ) ) ;
#4983 = CARTESIAN_POINT ( 'NONE',  ( -1.000000000000002200, 5.799999999999999800, 2.291287847477920800 ) ) ;
#4984 = EDGE_LOOP ( 'NONE', ( #5367, #5286, #5423, #5307 ) ) ;
#4985 = DIRECTION ( 'NONE',  ( 1.000000000000000000, 0.0000000000000000000, -0.0000000000000000000 ) ) ;
#4986 = EDGE_LOOP ( 'NONE', ( #5596, #5541, #5562, #5503 ) ) ;
#4987 = DIRECTION ( 'NONE',  ( 1.000000000000000000, 0.0000000000000000000, 0.0000000000000000000 ) ) ;
#4988 = EDGE_LOOP ( 'NONE', ( #5487, #5448, #5462, #5545 ) ) ;
#4989 = DIRECTION ( 'NONE',  ( 0.0000000000000000000, -1.000000000000000000, 0.0000000000000000000 ) ) ;
#4990 = EDGE_LOOP ( 'NONE', ( #5515, #5499, #5582, #5560 ) ) ;
#4991 = EDGE_LOOP ( 'NONE', ( #5533, #5500, #5454, #5485 ) ) ;
#4992 = DIRECTION ( 'NONE',  ( 0.0000000000000000000, 0.0000000000000000000, 1.000000000000000000 ) ) ;
#4993 = EDGE_LOOP ( 'NONE', ( #5478, #5480, #5458, #5510 ) ) ;
#4994 = DIRECTION ( 'NONE',  ( -0.0000000000000000000, 1.000000000000000000, -0.0000000000000000000 ) ) ;
#4995 = DIRECTION ( 'NONE',  ( -1.000000000000000000, 0.0000000000000000000, 7.175916417970819300E-016 ) ) ;
#4996 = EDGE_LOOP ( 'NONE', ( #5512, #5547, #5489, #5526 ) ) ;
#4997 = DIRECTION ( 'NONE',  ( 7.175916417970819300E-016, 0.0000000000000000000, 1.000000000000000000 ) ) ;
#4998 = EDGE_LOOP ( 'NONE', ( #5532, #5581, #5566, #5584 ) ) ;
#4999 = CARTESIAN_POINT ( 'NONE',  ( -14.48888739433602900, -5.219999999999999800, 3.882285676537772500 ) ) ;
#5000 = EDGE_LOOP ( 'NONE', ( #5319, #5124, #5209, #5300 ) ) ;
#5002 = EDGE_LOOP ( 'NONE', ( #5164, #5140, #5261, #5220 ) ) ;
#5001 = CARTESIAN_POINT ( 'NONE',  ( -14.48888739433604100, -5.220000000000000600, 3.882285676537746700 ) ) ;
#5003 = EDGE_LOOP ( 'NONE', ( #5522, #5506, #5524, #5579 ) ) ;
#5004 = DIRECTION ( 'NONE',  ( 0.0000000000000000000, -1.000000000000000000, 0.0000000000000000000 ) ) ;
#5005 = EDGE_LOOP ( 'NONE', ( #5538, #5497, #5597, #5514 ) ) ;
#5006 = DIRECTION ( 'NONE',  ( 0.0000000000000000000, -0.0000000000000000000, -1.000000000000000000 ) ) ;
#5007 = EDGE_LOOP ( 'NONE', ( #5511, #5450, #5459, #5435 ) ) ;
#5008 = CARTESIAN_POINT ( 'NONE',  ( 3.882285676537767600, -5.220000000000000600, -14.48888739433603400 ) ) ;
#5010 = EDGE_LOOP ( 'NONE', ( #5432, #5484, #5468, #5498 ) ) ;
#5009 = DIRECTION ( 'NONE',  ( -0.0000000000000000000, 1.000000000000000000, -0.0000000000000000000 ) ) ;
#5011 = DIRECTION ( 'NONE',  ( 0.0000000000000000000, 0.0000000000000000000, 1.000000000000000000 ) ) ;
#5012 = EDGE_LOOP ( 'NONE', ( #5328, #5270 ) ) ;
#5013 = DIRECTION ( 'NONE',  ( -0.0000000000000000000, 1.000000000000000000, -0.0000000000000000000 ) ) ;
#5014 = EDGE_LOOP ( 'NONE', ( #5128, #5130, #5284, #5381 ) ) ;
#5015 = CARTESIAN_POINT ( 'NONE',  ( -7.424621202458764600, 5.800000000000000700, -7.424621202458736100 ) ) ;
#5016 = EDGE_LOOP ( 'NONE', ( #3429, #3436, #3424, #3395, #3380 ) ) ;
#5017 = CARTESIAN_POINT ( 'NONE',  ( 0.0000000000000000000, 17.49999999999999600, 0.0000000000000000000 ) ) ;
#5018 = EDGE_LOOP ( 'NONE', ( #4687, #4706 ) ) ;
#5019 = EDGE_LOOP ( 'NONE', ( #3387, #3442, #3437, #3360 ) ) ;
#5020 = CARTESIAN_POINT ( 'NONE',  ( 14.48888739433602900, -5.219999999999999800, -3.882285676537775100 ) ) ;
#5022 = EDGE_LOOP ( 'NONE', ( #5555, #5564, #5576, #5535 ) ) ;
#5021 = DIRECTION ( 'NONE',  ( 1.000000000000000000, 0.0000000000000000000, -2.152774925391245800E-015 ) ) ;
#5023 = DIRECTION ( 'NONE',  ( 0.0000000000000000000, 0.0000000000000000000, 1.000000000000000000 ) ) ;
#5024 = EDGE_LOOP ( 'NONE', ( #3308, #3303, #3313, #3300, #3296, #3293, #3298, #3345, #3331 ) ) ;
#5025 = EDGE_LOOP ( 'NONE', ( #3251, #3265, #4709, #3257 ) ) ;
#5026 = CARTESIAN_POINT ( 'NONE',  ( 0.0000000000000000000, -5.220000000000000600, 0.0000000000000000000 ) ) ;
#5027 = EDGE_LOOP ( 'NONE', ( #5479, #5405, #5486, #5463 ) ) ;
#5028 = EDGE_LOOP ( 'NONE', ( #5540, #5527, #5598, #5602 ) ) ;
#5029 = EDGE_LOOP ( 'NONE', ( #3370, #3373, #3400, #3383 ) ) ;
#5030 = CARTESIAN_POINT ( 'NONE',  ( 0.0000000000000000000, 5.799999999999999800, 0.0000000000000000000 ) ) ;
#5031 = EDGE_LOOP ( 'NONE', ( #5559, #5605, #5593, #5569 ) ) ;
#5032 = EDGE_LOOP ( 'NONE', ( #5568, #4695 ) ) ;
#5033 = EDGE_LOOP ( 'NONE', ( #5534, #5585, #5492, #5537 ) ) ;
#5034 = DIRECTION ( 'NONE',  ( 0.0000000000000000000, 0.0000000000000000000, -1.000000000000000000 ) ) ;
#5035 = EDGE_LOOP ( 'NONE', ( #5496, #5556, #5589, #5557 ) ) ;
#5036 = DIRECTION ( 'NONE',  ( -0.0000000000000000000, -1.000000000000000000, -6.123233995736766000E-017 ) ) ;
#5037 = EDGE_LOOP ( 'NONE', ( #3357, #3385, #3379, #3381 ) ) ;
#5039 = EDGE_LOOP ( 'NONE', ( #3362, #3347, #3359, #3295 ) ) ;
#5038 = DIRECTION ( 'NONE',  ( 0.0000000000000000000, 0.0000000000000000000, -1.000000000000000000 ) ) ;
#5040 = EDGE_LOOP ( 'NONE', ( #5552, #4692, #4696, #5575, #5592, #4694, #5577, #5600, #4693, #4703, #4705 ) ) ;
#5041 = PLANE ( 'NONE',  #2955 ) ;
#5042 = EDGE_LOOP ( 'NONE', ( #5358, #5393, #5444, #5395 ) ) ;
#5043 = PLANE ( 'NONE',  #2950 ) ;
#5044 = EDGE_LOOP ( 'NONE', ( #3363, #3361, #3332, #3326 ) ) ;
#5045 = DIRECTION ( 'NONE',  ( 0.0000000000000000000, 0.0000000000000000000, 1.000000000000000000 ) ) ;
#5046 = EDGE_LOOP ( 'NONE', ( #5362, #5460, #5420, #5439 ) ) ;
#5047 = CARTESIAN_POINT ( 'NONE',  ( 0.0000000000000000000, 5.799999999999999800, 0.0000000000000000000 ) ) ;
#5048 = EDGE_LOOP ( 'NONE', ( #3382, #3353, #3410, #3388, #3366, #3409, #3389, #3356, #3427 ) ) ;
#5049 = DIRECTION ( 'NONE',  ( 0.0000000000000000000, 1.000000000000000000, 0.0000000000000000000 ) ) ;
#5050 = DIRECTION ( 'NONE',  ( 0.0000000000000000000, 1.000000000000000000, 0.0000000000000000000 ) ) ;
#5051 = EDGE_LOOP ( 'NONE', ( #3320, #3291, #3310, #3348 ) ) ;
#5052 = DIRECTION ( 'NONE',  ( -0.0000000000000000000, -1.000000000000000000, -0.0000000000000000000 ) ) ;
#5053 = EDGE_LOOP ( 'NONE', ( #5351, #5411, #5434, #5365 ) ) ;
#5054 = EDGE_LOOP ( 'NONE', ( #4683, #5572, #4676, #5603 ) ) ;
#5055 = DIRECTION ( 'NONE',  ( 0.0000000000000000000, 1.000000000000000000, 0.0000000000000000000 ) ) ;
#5056 = EDGE_LOOP ( 'NONE', ( #3241, #3258 ) ) ;
#5057 = EDGE_LOOP ( 'NONE', ( #5442, #5401, #5379, #5419 ) ) ;
#5058 = CARTESIAN_POINT ( 'NONE',  ( 0.0000000000000000000, 17.49999999999999600, 0.0000000000000000000 ) ) ;
#5060 = EDGE_LOOP ( 'NONE', ( #3369, #3358 ) ) ;
#5059 = DIRECTION ( 'NONE',  ( 0.0000000000000000000, -0.0000000000000000000, 1.000000000000000000 ) ) ;
#5061 = CARTESIAN_POINT ( 'NONE',  ( 0.0000000000000000000, 11.60000000000000000, 0.0000000000000000000 ) ) ;
#5062 = EDGE_LOOP ( 'NONE', ( #5599, #5571 ) ) ;
#5063 = PLANE ( 'NONE',  #2952 ) ;
#5064 = EDGE_LOOP ( 'NONE', ( #3317, #3319, #3346, #3325 ) ) ;
#5065 = DIRECTION ( 'NONE',  ( 0.0000000000000000000, 0.0000000000000000000, -1.000000000000000000 ) ) ;
#5066 = EDGE_LOOP ( 'NONE', ( #5413, #5390, #5404, #5447 ) ) ;
#5067 = EDGE_LOOP ( 'NONE', ( #3289, #3290, #3377, #3447 ) ) ;
#5068 = DIRECTION ( 'NONE',  ( -0.0000000000000000000, 1.000000000000000000, -0.0000000000000000000 ) ) ;
#5069 = EDGE_LOOP ( 'NONE', ( #3415, #3364, #3372, #3365 ) ) ;
#5070 = CARTESIAN_POINT ( 'NONE',  ( 0.9999999999999986700, 5.799999999999999800, 3.499999999999999600 ) ) ;
#5071 = DIRECTION ( 'NONE',  ( -2.152774925391245800E-015, 0.0000000000000000000, -1.000000000000000000 ) ) ;
#5072 = EDGE_LOOP ( 'NONE', ( #3413, #3488 ) ) ;
#5073 = DIRECTION ( 'NONE',  ( 1.000000000000000000, -0.0000000000000000000, -0.0000000000000000000 ) ) ;
#5074 = DIRECTION ( 'NONE',  ( 0.0000000000000000000, 0.0000000000000000000, 1.000000000000000000 ) ) ;
#5075 = EDGE_LOOP ( 'NONE', ( #5550, #5464, #5443, #5519, #5548 ) ) ;
#5076 = DIRECTION ( 'NONE',  ( -0.0000000000000000000, -1.000000000000000000, -0.0000000000000000000 ) ) ;
#5077 = EDGE_LOOP ( 'NONE', ( #4699, #5573, #4698, #5554 ) ) ;
#5079 = EDGE_LOOP ( 'NONE', ( #3273, #3271, #3340, #4700, #3256, #4702, #4711, #3249, #3261, #3243, #3335 ) ) ;
#5078 = CARTESIAN_POINT ( 'NONE',  ( -14.48888739433604100, -5.219999999999999800, -3.882285676537764900 ) ) ;
#5080 = DIRECTION ( 'NONE',  ( 0.0000000000000000000, 0.0000000000000000000, -1.000000000000000000 ) ) ;
#5081 = EDGE_LOOP ( 'NONE', ( #3338, #3292, #3344, #3305, #3314 ) ) ;
#5082 = EDGE_LOOP ( 'NONE', ( #3297, #3352, #3301, #3315 ) ) ;
#5083 = EDGE_LOOP ( 'NONE', ( #3432, #3406, #3417, #3392, #3403, #3368, #3371, #3350, #3441, #3439, #3390 ) ) ;
#5084 = EDGE_LOOP ( 'NONE', ( #3402, #3428, #3489, #3438 ) ) ;
#5085 = DIRECTION ( 'NONE',  ( 0.0000000000000000000, 1.000000000000000000, 0.0000000000000000000 ) ) ;
#5086 = EDGE_LOOP ( 'NONE', ( #3269, #3322, #4708, #3240 ) ) ;
#5087 = DIRECTION ( 'NONE',  ( 0.0000000000000000000, -0.0000000000000000000, 1.000000000000000000 ) ) ;
#5089 = EDGE_LOOP ( 'NONE', ( #4673, #4685, #5574, #4675 ) ) ;
#5088 = DIRECTION ( 'NONE',  ( 0.0000000000000000000, 0.0000000000000000000, 1.000000000000000000 ) ) ;
#5090 = EDGE_LOOP ( 'NONE', ( #3423, #3487, #3485, #3467 ) ) ;
#5091 = CARTESIAN_POINT ( 'NONE',  ( 14.48888739433604100, -5.220000000000000600, 3.882285676537746700 ) ) ;
#5092 = EDGE_LOOP ( 'NONE', ( #4691, #5606, #4688, #5553 ) ) ;
#5093 = EDGE_LOOP ( 'NONE', ( #4710, #3284, #3287, #3267 ) ) ;
#5094 = EDGE_LOOP ( 'NONE', ( #5461, #5476, #5425, #5437 ) ) ;
#5095 = EDGE_LOOP ( 'NONE', ( #5428, #5394, #5397, #5374 ) ) ;
#5096 =( NAMED_UNIT ( * ) SI_UNIT ( $, .STERADIAN. ) SOLID_ANGLE_UNIT ( ) );
#5097 = EDGE_LOOP ( 'NONE', ( #5536, #5558, #5494, #5501 ) ) ;
#5098 = FILL_AREA_STYLE ('',( #5145 ) ) ;
#5099 = EDGE_LOOP ( 'NONE', ( #3266, #3274, #3277, #3327 ) ) ;
#5100 = DIRECTION ( 'NONE',  ( 0.0000000000000000000, 0.0000000000000000000, 1.000000000000000000 ) ) ;
#5101 = EDGE_LOOP ( 'NONE', ( #3328, #3309, #3342, #3302, #3306 ) ) ;
#5102 = PLANE ( 'NONE',  #3012 ) ;
#5103 = EDGE_LOOP ( 'NONE', ( #3321, #3336, #3323, #3337, #3333 ) ) ;
#5104 = DIRECTION ( 'NONE',  ( 0.0000000000000000000, 0.0000000000000000000, 1.000000000000000000 ) ) ;
#5105 = EDGE_LOOP ( 'NONE', ( #3260, #3250 ) ) ;
#5106 = DIRECTION ( 'NONE',  ( 0.0000000000000000000, -0.0000000000000000000, 1.000000000000000000 ) ) ;
#5107 = EDGE_LOOP ( 'NONE', ( #5583, #4682, #5590, #5601 ) ) ;
#5109 = EDGE_LOOP ( 'NONE', ( #3294, #3386, #3304, #3334, #3351 ) ) ;
#5108 = DIRECTION ( 'NONE',  ( -1.000000000000000000, -0.0000000000000000000, -0.0000000000000000000 ) ) ;
#5110 = SURFACE_STYLE_USAGE ( .BOTH. , #5118 ) ;
#5111 = EDGE_LOOP ( 'NONE', ( #3464, #3421, #3486, #3434, #3498, #3445, #3462, #3404, #3472, #3483 ) ) ;
#5112 =( NAMED_UNIT ( * ) PLANE_ANGLE_UNIT ( ) SI_UNIT ( $, .RADIAN. ) );
#5113 = EDGE_LOOP ( 'NONE', ( #5493, #5455, #5457, #5507 ) ) ;
#5114 = CARTESIAN_POINT ( 'NONE',  ( 0.0000000000000000000, 17.49999999999999600, 0.0000000000000000000 ) ) ;
#5115 = EDGE_LOOP ( 'NONE', ( #3239, #3329, #3242, #3288, #3285, #3253, #3268, #4712, #3283, #3259 ) ) ;
#5116 = EDGE_LOOP ( 'NONE', ( #5466, #5409, #5400, #5412 ) ) ;
#5117 = EDGE_LOOP ( 'NONE', ( #3513, #3466, #3522, #3514, #3465 ) ) ;
#5118 = SURFACE_SIDE_STYLE ('',( #3186 ) ) ;
#5120 = ORIENTED_EDGE ( 'NONE', *, *, #2359, .T. ) ;
#5119 = CARTESIAN_POINT ( 'NONE',  ( 0.0000000000000000000, 11.60000000000000000, 0.0000000000000000000 ) ) ;
#5121 = CARTESIAN_POINT ( 'NONE',  ( -3.882285676537771100, -5.219999999999999800, -14.48888739433603400 ) ) ;
#5122 = EDGE_LOOP ( 'NONE', ( #3500, #3490, #3453, #3528 ) ) ;
#5123 = DIRECTION ( 'NONE',  ( 0.0000000000000000000, 1.000000000000000000, 0.0000000000000000000 ) ) ;
#5124 = ORIENTED_EDGE ( 'NONE', *, *, #2412, .T. ) ;
#5125 = CARTESIAN_POINT ( 'NONE',  ( 1.000000000000001300, 5.799999999999999800, 3.291287847477919900 ) ) ;
#5126 = EDGE_LOOP ( 'NONE', ( #3455, #3510, #3474, #3477 ) ) ;
#5127 = CARTESIAN_POINT ( 'NONE',  ( 0.0000000000000000000, 5.219999999999999800, 0.0000000000000000000 ) ) ;
#5128 = ORIENTED_EDGE ( 'NONE', *, *, #2348, .T. ) ;
#5129 = DIRECTION ( 'NONE',  ( 0.0000000000000000000, -1.000000000000000000, 0.0000000000000000000 ) ) ;
#5130 = ORIENTED_EDGE ( 'NONE', *, *, #2352, .T. ) ;
#5131 = DIRECTION ( 'NONE',  ( 0.0000000000000000000, 0.0000000000000000000, -1.000000000000000000 ) ) ;
#5133 = ORIENTED_EDGE ( 'NONE', *, *, #2350, .F. ) ;
#5132 = CARTESIAN_POINT ( 'NONE',  ( -0.9999999999999986700, 5.799999999999999800, 3.291287847477919900 ) ) ;
#5134 = EDGE_LOOP ( 'NONE', ( #3367, #3435, #3391, #3384, #3374, #3398, #3354, #3431, #3412 ) ) ;
#5135 = ORIENTED_EDGE ( 'NONE', *, *, #2408, .T. ) ;
#5136 = PLANE ( 'NONE',  #2991 ) ;
#5137 = EDGE_LOOP ( 'NONE', ( #3497, #3499, #3459, #3494, #3517 ) ) ;
#5138 = EDGE_LOOP ( 'NONE', ( #3496, #3507, #3541, #3530, #3484 ) ) ;
#5139 = DIRECTION ( 'NONE',  ( 4.336808689942021200E-016, 0.0000000000000000000, 1.000000000000000000 ) ) ;
#5140 = ORIENTED_EDGE ( 'NONE', *, *, #2372, .T. ) ;
#5141 = DIRECTION ( 'NONE',  ( -0.0000000000000000000, -1.000000000000000000, -0.0000000000000000000 ) ) ;
#5143 = EDGE_LOOP ( 'NONE', ( #3537, #3538, #3480, #3452 ) ) ;
#5142 = DIRECTION ( 'NONE',  ( 1.000000000000000000, 0.0000000000000000000, -0.0000000000000000000 ) ) ;
#5144 = EDGE_LOOP ( 'NONE', ( #3408, #3529, #3508, #3482, #3520 ) ) ;
#5145 = FILL_AREA_STYLE_COLOUR ( '', #3197 ) ;
#5146 = EDGE_LOOP ( 'NONE', ( #3468, #3446, #3399, #3509 ) ) ;
#5147 = DIRECTION ( 'NONE',  ( 0.0000000000000000000, 0.0000000000000000000, 1.000000000000000000 ) ) ;
#5148 = EDGE_LOOP ( 'NONE', ( #3376, #3430, #3407, #3375 ) ) ;
#5149 = EDGE_LOOP ( 'NONE', ( #3254, #4707 ) ) ;
#5150 = EDGE_LOOP ( 'NONE', ( #3491, #3515, #3493, #3457 ) ) ;
#5151 = EDGE_LOOP ( 'NONE', ( #3324, #3311, #3378, #3299, #3312 ) ) ;
#5152 = DIRECTION ( 'NONE',  ( 0.0000000000000000000, 0.0000000000000000000, 1.000000000000000000 ) ) ;
#5153 = ORIENTED_EDGE ( 'NONE', *, *, #2348, .F. ) ;
#5154 = EDGE_LOOP ( 'NONE', ( #3255, #3263, #3282, #4701 ) ) ;
#5155 = DIRECTION ( 'NONE',  ( 0.0000000000000000000, 1.000000000000000000, 0.0000000000000000000 ) ) ;
#5156 = ORIENTED_EDGE ( 'NONE', *, *, #2388, .F. ) ;
#5157 = DIRECTION ( 'NONE',  ( 0.0000000000000000000, 0.0000000000000000000, -1.000000000000000000 ) ) ;
#5158 = EDGE_LOOP ( 'NONE', ( #3433, #3470, #3416, #3506 ) ) ;
#5159 = DIRECTION ( 'NONE',  ( -1.000000000000000000, 0.0000000000000000000, 4.336808689942021200E-016 ) ) ;
#5160 = EDGE_LOOP ( 'NONE', ( #5586, #3247, #3246, #3244 ) ) ;
#5161 = DIRECTION ( 'NONE',  ( 0.0000000000000000000, -1.000000000000000000, -6.123233995736766000E-017 ) ) ;
#5162 = EDGE_LOOP ( 'NONE', ( #3339, #3330, #3316, #3318 ) ) ;
#5163 = CARTESIAN_POINT ( 'NONE',  ( 0.0000000000000000000, 17.49999999999999600, 0.0000000000000000000 ) ) ;
#5164 = ORIENTED_EDGE ( 'NONE', *, *, #2385, .F. ) ;
#5165 = DIRECTION ( 'NONE',  ( -0.0000000000000000000, -1.000000000000000000, -0.0000000000000000000 ) ) ;
#5166 = ORIENTED_EDGE ( 'NONE', *, *, #2396, .T. ) ;
#5167 = DIRECTION ( 'NONE',  ( 0.0000000000000000000, 6.123233995736766000E-017, -1.000000000000000000 ) ) ;
#5168 = EDGE_LOOP ( 'NONE', ( #4680, #5565, #5578, #4678 ) ) ;
#5169 = PLANE ( 'NONE',  #2999 ) ;
#5170 = EDGE_LOOP ( 'NONE', ( #3456, #3475, #3461, #3478, #3449, #3518 ) ) ;
#5171 = ORIENTED_EDGE ( 'NONE', *, *, #2347, .T. ) ;
#5173 = EDGE_LOOP ( 'NONE', ( #4690, #4679 ) ) ;
#5172 = CARTESIAN_POINT ( 'NONE',  ( 7.424621202458764600, -5.799999999999998900, -7.424621202458736100 ) ) ;
#5174 = CARTESIAN_POINT ( 'NONE',  ( 14.48888739433604100, 4.969999999999996200, 3.882285676537765800 ) ) ;
#5175 = EDGE_LOOP ( 'NONE', ( #3504, #3495, #3479, #3476 ) ) ;
#5176 = CARTESIAN_POINT ( 'NONE',  ( 0.0000000000000000000, -5.220000000000000600, 0.0000000000000000000 ) ) ;
#5177 = EDGE_LOOP ( 'NONE', ( #3426, #3420, #3419, #3443, #3444, #3460, #3401, #3448, #3471, #3405, #3454 ) ) ;
#5178 = PLANE ( 'NONE',  #2956 ) ;
#5179 = CARTESIAN_POINT ( 'NONE',  ( 0.0000000000000000000, 5.799999999999999800, 0.0000000000000000000 ) ) ;
#5180 = EDGE_LOOP ( 'NONE', ( #3307, #3349, #3343, #3341 ) ) ;
#5181 = DIRECTION ( 'NONE',  ( -0.0000000000000000000, 1.000000000000000000, -0.0000000000000000000 ) ) ;
#5182 = EDGE_LOOP ( 'NONE', ( #3450, #3451, #3492, #3469, #3473, #3411, #3414, #3422, #3418 ) ) ;
#5183 = DIRECTION ( 'NONE',  ( 0.0000000000000000000, 0.0000000000000000000, -1.000000000000000000 ) ) ;
#5185 = EDGE_LOOP ( 'NONE', ( #3543, #3536, #3519, #3523 ) ) ;
#5184 = DIRECTION ( 'NONE',  ( 0.0000000000000000000, 0.0000000000000000000, 1.000000000000000000 ) ) ;
#5186 = ORIENTED_EDGE ( 'NONE', *, *, #2353, .F. ) ;
#5187 =( LENGTH_UNIT ( ) NAMED_UNIT ( * ) SI_UNIT ( .MILLI., .METRE. ) );
#5188 = EDGE_LOOP ( 'NONE', ( #3524, #3540, #3503, #3533 ) ) ;
#5189 = ORIENTED_EDGE ( 'NONE', *, *, #2410, .T. ) ;
#5190 = DIRECTION ( 'NONE',  ( -0.0000000000000000000, 1.000000000000000000, -0.0000000000000000000 ) ) ;
#5191 = ORIENTED_EDGE ( 'NONE', *, *, #2392, .F. ) ;
#5192 = ORIENTED_EDGE ( 'NONE', *, *, #2411, .F. ) ;
#5194 = ORIENTED_EDGE ( 'NONE', *, *, #2361, .T. ) ;
#5193 = DIRECTION ( 'NONE',  ( 0.0000000000000000000, 1.000000000000000000, 0.0000000000000000000 ) ) ;
#5195 = ORIENTED_EDGE ( 'NONE', *, *, #2423, .F. ) ;
#5196 = ORIENTED_EDGE ( 'NONE', *, *, #2366, .F. ) ;
#5197 = DIRECTION ( 'NONE',  ( 0.0000000000000000000, 0.0000000000000000000, 1.000000000000000000 ) ) ;
#5198 =( NAMED_UNIT ( * ) PLANE_ANGLE_UNIT ( ) SI_UNIT ( $, .RADIAN. ) );
#5199 = ORIENTED_EDGE ( 'NONE', *, *, #2393, .T. ) ;
#5200 = ORIENTED_EDGE ( 'NONE', *, *, #2370, .F. ) ;
#5201 = DIRECTION ( 'NONE',  ( -0.0000000000000000000, 1.000000000000000000, -0.0000000000000000000 ) ) ;
#5203 = ORIENTED_EDGE ( 'NONE', *, *, #2371, .F. ) ;
#5202 = CARTESIAN_POINT ( 'NONE',  ( 0.0000000000000000000, -5.219999999999999800, -6.392656291549182900E-016 ) ) ;
#5204 = EDGE_LOOP ( 'NONE', ( #3425, #3501, #3502, #3505 ) ) ;
#5205 = EDGE_LOOP ( 'NONE', ( #3394, #3440, #3355, #3397 ) ) ;
#5206 = DIRECTION ( 'NONE',  ( 0.0000000000000000000, 0.0000000000000000000, 1.000000000000000000 ) ) ;
#5207 = EDGE_LOOP ( 'NONE', ( #3272, #3248, #3286, #3281 ) ) ;
#5208 = ORIENTED_EDGE ( 'NONE', *, *, #2395, .F. ) ;
#5209 = ORIENTED_EDGE ( 'NONE', *, *, #2358, .F. ) ;
#5210 = ORIENTED_EDGE ( 'NONE', *, *, #2368, .T. ) ;
#5211 = EDGE_LOOP ( 'NONE', ( #3279, #3252, #3276, #3275, #3280, #3262, #3245, #3264, #3278, #3270 ) ) ;
#5212 = CARTESIAN_POINT ( 'NONE',  ( 0.0000000000000000000, -5.220000000000000600, 0.0000000000000000000 ) ) ;
#5213 = EDGE_LOOP ( 'NONE', ( #3396, #3458 ) ) ;
#5214 = SURFACE_STYLE_USAGE ( .BOTH. , #5275 ) ;
#5215 = EDGE_LOOP ( 'NONE', ( #3481, #3542, #3539, #3516, #3463 ) ) ;
#5216 = ORIENTED_EDGE ( 'NONE', *, *, #2369, .T. ) ;
#5218 = EDGE_LOOP ( 'NONE', ( #4681, #4677, #4697, #4674, #4672, #5595, #5591, #5567, #5604 ) ) ;
#5217 = CARTESIAN_POINT ( 'NONE',  ( 0.0000000000000000000, -5.219999999999998900, 0.0000000000000000000 ) ) ;
#5219 = DIRECTION ( 'NONE',  ( 0.0000000000000000000, 0.0000000000000000000, 1.000000000000000000 ) ) ;
#5220 = ORIENTED_EDGE ( 'NONE', *, *, #2357, .F. ) ;
#5221 = EDGE_LOOP ( 'NONE', ( #4686, #4704, #4684, #4689 ) ) ;
#5222 = FILL_AREA_STYLE_COLOUR ( '', #3214 ) ;
#5223 = ORIENTED_EDGE ( 'NONE', *, *, #2375, .T. ) ;
#5224 = SURFACE_SIDE_STYLE ('',( #3219 ) ) ;
#5225 = ORIENTED_EDGE ( 'NONE', *, *, #2432, .T. ) ;
#5226 = DIRECTION ( 'NONE',  ( 0.0000000000000000000, 0.0000000000000000000, 1.000000000000000000 ) ) ;
#5227 = ORIENTED_EDGE ( 'NONE', *, *, #2400, .T. ) ;
#5228 =( LENGTH_UNIT ( ) NAMED_UNIT ( * ) SI_UNIT ( .MILLI., .METRE. ) );
#5230 = ORIENTED_EDGE ( 'NONE', *, *, #2381, .F. ) ;
#5229 = SURFACE_STYLE_USAGE ( .BOTH. , #5224 ) ;
#5231 =( NAMED_UNIT ( * ) PLANE_ANGLE_UNIT ( ) SI_UNIT ( $, .RADIAN. ) );
#5232 = ORIENTED_EDGE ( 'NONE', *, *, #2390, .T. ) ;
#5233 =( LENGTH_UNIT ( ) NAMED_UNIT ( * ) SI_UNIT ( .MILLI., .METRE. ) );
#5234 = ORIENTED_EDGE ( 'NONE', *, *, #2428, .F. ) ;
#5235 = CARTESIAN_POINT ( 'NONE',  ( 0.0000000000000000000, 0.0000000000000000000, 0.0000000000000000000 ) ) ;
#5236 = ORIENTED_EDGE ( 'NONE', *, *, #2492, .T. ) ;
#5237 = FILL_AREA_STYLE ('',( #5222 ) ) ;
#5238 = ORIENTED_EDGE ( 'NONE', *, *, #2449, .T. ) ;
#5239 =( NAMED_UNIT ( * ) SI_UNIT ( $, .STERADIAN. ) SOLID_ANGLE_UNIT ( ) );
#5240 = ORIENTED_EDGE ( 'NONE', *, *, #2356, .T. ) ;
#5241 =( NAMED_UNIT ( * ) PLANE_ANGLE_UNIT ( ) SI_UNIT ( $, .RADIAN. ) );
#5242 = ORIENTED_EDGE ( 'NONE', *, *, #2405, .F. ) ;
#5243 = ORIENTED_EDGE ( 'NONE', *, *, #2398, .T. ) ;
#5244 = CARTESIAN_POINT ( 'NONE',  ( 7.424621202458764600, -5.799999999999998900, -7.424621202458736100 ) ) ;
#5245 = ORIENTED_EDGE ( 'NONE', *, *, #2433, .T. ) ;
#5246 = DIRECTION ( 'NONE',  ( 0.0000000000000000000, 1.000000000000000000, 0.0000000000000000000 ) ) ;
#5247 = ORIENTED_EDGE ( 'NONE', *, *, #2394, .T. ) ;
#5248 = DIRECTION ( 'NONE',  ( 0.0000000000000000000, 1.000000000000000000, 6.123233995736751200E-017 ) ) ;
#5249 = ORIENTED_EDGE ( 'NONE', *, *, #2397, .F. ) ;
#5250 =( LENGTH_UNIT ( ) NAMED_UNIT ( * ) SI_UNIT ( .MILLI., .METRE. ) );
#5251 = ORIENTED_EDGE ( 'NONE', *, *, #2380, .T. ) ;
#5252 =( NAMED_UNIT ( * ) PLANE_ANGLE_UNIT ( ) SI_UNIT ( $, .RADIAN. ) );
#5254 = ORIENTED_EDGE ( 'NONE', *, *, #2409, .T. ) ;
#5253 =( NAMED_UNIT ( * ) SI_UNIT ( $, .STERADIAN. ) SOLID_ANGLE_UNIT ( ) );
#5255 = ORIENTED_EDGE ( 'NONE', *, *, #2365, .F. ) ;
#5256 = DIRECTION ( 'NONE',  ( -0.0000000000000000000, 1.000000000000000000, -0.0000000000000000000 ) ) ;
#5257 = ORIENTED_EDGE ( 'NONE', *, *, #2379, .T. ) ;
#5258 = CARTESIAN_POINT ( 'NONE',  ( 14.48888739433601500, -5.220000000000000600, -3.882285676537844000 ) ) ;
#5259 = ORIENTED_EDGE ( 'NONE', *, *, #2458, .T. ) ;
#5260 = DIRECTION ( 'NONE',  ( 0.0000000000000000000, 0.0000000000000000000, 1.000000000000000000 ) ) ;
#5261 = ORIENTED_EDGE ( 'NONE', *, *, #2387, .T. ) ;
#5262 = ORIENTED_EDGE ( 'NONE', *, *, #2355, .T. ) ;
#5263 = DIRECTION ( 'NONE',  ( 1.000000000000000000, 0.0000000000000000000, 0.0000000000000000000 ) ) ;
#5264 = ORIENTED_EDGE ( 'NONE', *, *, #2413, .T. ) ;
#5265 = DIRECTION ( 'NONE',  ( 0.0000000000000000000, 0.0000000000000000000, 1.000000000000000000 ) ) ;
#5266 = ORIENTED_EDGE ( 'NONE', *, *, #2367, .T. ) ;
#5267 = DIRECTION ( 'NONE',  ( -0.0000000000000000000, 1.000000000000000000, 6.123233995736766000E-017 ) ) ;
#5268 = ORIENTED_EDGE ( 'NONE', *, *, #2474, .T. ) ;
#5269 = FILL_AREA_STYLE_COLOUR ( '', #3216 ) ;
#5270 = ORIENTED_EDGE ( 'NONE', *, *, #2374, .T. ) ;
#5271 = ORIENTED_EDGE ( 'NONE', *, *, #2391, .T. ) ;
#5272 = CARTESIAN_POINT ( 'NONE',  ( 0.0000000000000000000, -5.219999999999998900, 0.0000000000000000000 ) ) ;
#5273 = ORIENTED_EDGE ( 'NONE', *, *, #2399, .T. ) ;
#5274 = FILL_AREA_STYLE ('',( #5269 ) ) ;
#5276 = ORIENTED_EDGE ( 'NONE', *, *, #2373, .T. ) ;
#5275 = SURFACE_SIDE_STYLE ('',( #3218 ) ) ;
#5277 = ORIENTED_EDGE ( 'NONE', *, *, #2351, .T. ) ;
#5278 =( NAMED_UNIT ( * ) SI_UNIT ( $, .STERADIAN. ) SOLID_ANGLE_UNIT ( ) );
#5279 = ORIENTED_EDGE ( 'NONE', *, *, #2421, .T. ) ;
#5280 = ORIENTED_EDGE ( 'NONE', *, *, #2403, .T. ) ;
#5281 =( LENGTH_UNIT ( ) NAMED_UNIT ( * ) SI_UNIT ( .MILLI., .METRE. ) );
#5282 = ORIENTED_EDGE ( 'NONE', *, *, #2487, .T. ) ;
#5283 = DIRECTION ( 'NONE',  ( 0.0000000000000000000, 0.0000000000000000000, 1.000000000000000000 ) ) ;
#5284 = ORIENTED_EDGE ( 'NONE', *, *, #2414, .T. ) ;
#5286 = ORIENTED_EDGE ( 'NONE', *, *, #2434, .T. ) ;
#5285 =( NAMED_UNIT ( * ) SI_UNIT ( $, .STERADIAN. ) SOLID_ANGLE_UNIT ( ) );
#5287 = APPLICATION_PROTOCOL_DEFINITION ( 'draft international standard', 'automotive_design', 1998, #5378 ) ;
#5288 = ORIENTED_EDGE ( 'NONE', *, *, #2363, .T. ) ;
#5289 = CARTESIAN_POINT ( 'NONE',  ( 0.0000000000000000000, 0.0000000000000000000, 0.0000000000000000000 ) ) ;
#5290 = ORIENTED_EDGE ( 'NONE', *, *, #2362, .F. ) ;
#5291 = DIRECTION ( 'NONE',  ( -1.146568979978905400E-017, 1.000000000000000000, 0.0000000000000000000 ) ) ;
#5292 = ORIENTED_EDGE ( 'NONE', *, *, #2473, .F. ) ;
#5293 = ORIENTED_EDGE ( 'NONE', *, *, #2419, .T. ) ;
#5294 = APPLICATION_CONTEXT ( 'automotive_design' ) ;
#5295 = ORIENTED_EDGE ( 'NONE', *, *, #2368, .F. ) ;
#5296 = APPLICATION_CONTEXT ( 'automotive_design' ) ;
#5298 = ORIENTED_EDGE ( 'NONE', *, *, #2364, .T. ) ;
#5297 = APPLICATION_PROTOCOL_DEFINITION ( 'draft international standard', 'automotive_design', 1998, #5329 ) ;
#5299 = DIRECTION ( 'NONE',  ( -1.146568979978905400E-017, 1.000000000000000000, 0.0000000000000000000 ) ) ;
#5300 = ORIENTED_EDGE ( 'NONE', *, *, #2401, .F. ) ;
#5301 = APPLICATION_CONTEXT ( 'automotive_design' ) ;
#5302 = ORIENTED_EDGE ( 'NONE', *, *, #2354, .T. ) ;
#5303 = SURFACE_SIDE_STYLE ('',( #3232 ) ) ;
#5304 = ORIENTED_EDGE ( 'NONE', *, *, #2430, .T. ) ;
#5305 = APPLICATION_PROTOCOL_DEFINITION ( 'draft international standard', 'automotive_design', 1998, #5301 ) ;
#5306 = ORIENTED_EDGE ( 'NONE', *, *, #2425, .T. ) ;
#5307 = ORIENTED_EDGE ( 'NONE', *, *, #2402, .T. ) ;
#5308 =( REPRESENTATION_RELATIONSHIP ('NONE','NONE', #3237, #5740 ) REPRESENTATION_RELATIONSHIP_WITH_TRANSFORMATION ( #3235 )SHAPE_REPRESENTATION_RELATIONSHIP( ) );
#5309 = ORIENTED_EDGE ( 'NONE', *, *, #2443, .T. ) ;
#5310 =( REPRESENTATION_RELATIONSHIP ('NONE','NONE', #3237, #3229 ) REPRESENTATION_RELATIONSHIP_WITH_TRANSFORMATION ( #3236 )SHAPE_REPRESENTATION_RELATIONSHIP( ) );
#5311 = ORIENTED_EDGE ( 'NONE', *, *, #2360, .T. ) ;
#5312 = SURFACE_STYLE_USAGE ( .BOTH. , #5303 ) ;
#5313 = ORIENTED_EDGE ( 'NONE', *, *, #2349, .T. ) ;
#5314 = DIRECTION ( 'NONE',  ( 1.730528297822698800E-016, 1.387778780781445700E-017, 1.000000000000000400 ) ) ;
#5315 = ORIENTED_EDGE ( 'NONE', *, *, #2410, .F. ) ;
#5316 =( NAMED_UNIT ( * ) SI_UNIT ( $, .STERADIAN. ) SOLID_ANGLE_UNIT ( ) );
#5317 = ORIENTED_EDGE ( 'NONE', *, *, #2381, .T. ) ;
#5318 = APPLICATION_CONTEXT ( 'automotive_design' ) ;
#5319 = ORIENTED_EDGE ( 'NONE', *, *, #2420, .F. ) ;
#5320 = APPLICATION_PROTOCOL_DEFINITION ( 'draft international standard', 'automotive_design', 1998, #5294 ) ;
#5321 = ORIENTED_EDGE ( 'NONE', *, *, #2475, .T. ) ;
#5322 =( LENGTH_UNIT ( ) NAMED_UNIT ( * ) SI_UNIT ( .MILLI., .METRE. ) );
#5323 = ORIENTED_EDGE ( 'NONE', *, *, #2389, .T. ) ;
#5324 = ORIENTED_EDGE ( 'NONE', *, *, #2407, .T. ) ;
#5325 =( LENGTH_UNIT ( ) NAMED_UNIT ( * ) SI_UNIT ( .MILLI., .METRE. ) );
#5326 = ORIENTED_EDGE ( 'NONE', *, *, #2404, .F. ) ;
#5327 = PRODUCT_CONTEXT ( 'NONE', #5331, 'mechanical' ) ;
#5328 = ORIENTED_EDGE ( 'NONE', *, *, #2362, .T. ) ;
#5329 = APPLICATION_CONTEXT ( 'automotive_design' ) ;
#5330 = ORIENTED_EDGE ( 'NONE', *, *, #2392, .T. ) ;
#5331 = APPLICATION_CONTEXT ( 'automotive_design' ) ;
#5333 = ORIENTED_EDGE ( 'NONE', *, *, #2431, .T. ) ;
#5332 = DIRECTION ( 'NONE',  ( 1.730528297822698800E-016, 1.387778780781445700E-017, 1.000000000000000400 ) ) ;
#5334 = ORIENTED_EDGE ( 'NONE', *, *, #2382, .T. ) ;
#5335 = ORIENTED_EDGE ( 'NONE', *, *, #2387, .F. ) ;
#5336 = ORIENTED_EDGE ( 'NONE', *, *, #2369, .F. ) ;
#5337 = CARTESIAN_POINT ( 'NONE',  ( 0.0000000000000000000, 0.0000000000000000000, 0.0000000000000000000 ) ) ;
#5338 = ORIENTED_EDGE ( 'NONE', *, *, #2420, .T. ) ;
#5339 = FILL_AREA_STYLE ('',( #5376 ) ) ;
#5340 =( NAMED_UNIT ( * ) SI_UNIT ( $, .STERADIAN. ) SOLID_ANGLE_UNIT ( ) );
#5342 = ORIENTED_EDGE ( 'NONE', *, *, #2354, .F. ) ;
#5341 = CARTESIAN_POINT ( 'NONE',  ( 0.0000000000000000000, 0.0000000000000000000, 0.0000000000000000000 ) ) ;
#5343 = DIRECTION ( 'NONE',  ( 1.206583041216836300E-016, 1.000000000000000000, 0.0000000000000000000 ) ) ;
#5344 = ORIENTED_EDGE ( 'NONE', *, *, #2406, .T. ) ;
#5345 =( LENGTH_UNIT ( ) NAMED_UNIT ( * ) SI_UNIT ( .MILLI., .METRE. ) );
#5346 = ORIENTED_EDGE ( 'NONE', *, *, #2416, .T. ) ;
#5347 =( NAMED_UNIT ( * ) PLANE_ANGLE_UNIT ( ) SI_UNIT ( $, .RADIAN. ) );
#5348 = ORIENTED_EDGE ( 'NONE', *, *, #2451, .T. ) ;
#5349 = ORIENTED_EDGE ( 'NONE', *, *, #2532, .F. ) ;
#5350 = DIRECTION ( 'NONE',  ( 1.000000000000000000, 0.0000000000000000000, 0.0000000000000000000 ) ) ;
#5351 = ORIENTED_EDGE ( 'NONE', *, *, #2418, .T. ) ;
#5352 = DIRECTION ( 'NONE',  ( 1.461362897974543900E-016, -1.387778780781445700E-017, -1.000000000000000400 ) ) ;
#5354 = ORIENTED_EDGE ( 'NONE', *, *, #2491, .T. ) ;
#5353 = CARTESIAN_POINT ( 'NONE',  ( 0.0000000000000000000, 0.0000000000000000000, 0.0000000000000000000 ) ) ;
#5355 = DIRECTION ( 'NONE',  ( 0.0000000000000000000, 0.0000000000000000000, 1.000000000000000000 ) ) ;
#5356 = ORIENTED_EDGE ( 'NONE', *, *, #2448, .T. ) ;
#5357 = CARTESIAN_POINT ( 'NONE',  ( 0.0000000000000000000, 0.0000000000000000000, 0.0000000000000000000 ) ) ;
#5358 = ORIENTED_EDGE ( 'NONE', *, *, #2453, .T. ) ;
#5359 = PRODUCT_CONTEXT ( 'NONE', #5301, 'mechanical' ) ;
#5360 = ORIENTED_EDGE ( 'NONE', *, *, #2370, .T. ) ;
#5361 = APPLICATION_CONTEXT ( 'automotive_design' ) ;
#5362 = ORIENTED_EDGE ( 'NONE', *, *, #2480, .T. ) ;
#5363 = APPLICATION_PROTOCOL_DEFINITION ( 'draft international standard', 'automotive_design', 1998, #5361 ) ;
#5364 = ORIENTED_EDGE ( 'NONE', *, *, #2445, .T. ) ;
#5365 = ORIENTED_EDGE ( 'NONE', *, *, #2536, .T. ) ;
#5366 = DIRECTION ( 'NONE',  ( 1.000000000000000000, 0.0000000000000000000, 0.0000000000000000000 ) ) ;
#5367 = ORIENTED_EDGE ( 'NONE', *, *, #2415, .T. ) ;
#5368 = APPLICATION_PROTOCOL_DEFINITION ( 'draft international standard', 'automotive_design', 1998, #5296 ) ;
#5369 = ORIENTED_EDGE ( 'NONE', *, *, #2377, .F. ) ;
#5370 = DIRECTION ( 'NONE',  ( 0.0000000000000000000, 0.0000000000000000000, 1.000000000000000000 ) ) ;
#5371 = ORIENTED_EDGE ( 'NONE', *, *, #2422, .T. ) ;
#5372 = ORIENTED_EDGE ( 'NONE', *, *, #2472, .F. ) ;
#5373 = APPLICATION_PROTOCOL_DEFINITION ( 'draft international standard', 'automotive_design', 1998, #5318 ) ;
#5374 = ORIENTED_EDGE ( 'NONE', *, *, #2478, .F. ) ;
#5375 =( REPRESENTATION_RELATIONSHIP ('NONE','NONE', #3237, #3227 ) REPRESENTATION_RELATIONSHIP_WITH_TRANSFORMATION ( #3228 )SHAPE_REPRESENTATION_RELATIONSHIP( ) );
#5377 = ORIENTED_EDGE ( 'NONE', *, *, #2461, .T. ) ;
#5376 = FILL_AREA_STYLE_COLOUR ( '', #3225 ) ;
#5378 = APPLICATION_CONTEXT ( 'automotive_design' ) ;
#5379 = ORIENTED_EDGE ( 'NONE', *, *, #2415, .F. ) ;
#5380 =( NAMED_UNIT ( * ) PLANE_ANGLE_UNIT ( ) SI_UNIT ( $, .RADIAN. ) );
#5381 = ORIENTED_EDGE ( 'NONE', *, *, #2429, .F. ) ;
#5382 = PRODUCT_CONTEXT ( 'NONE', #5318, 'mechanical' ) ;
#5383 = PRODUCT_CONTEXT ( 'NONE', #5294, 'mechanical' ) ;
#5384 = ORIENTED_EDGE ( 'NONE', *, *, #2486, .T. ) ;
#5385 =( NAMED_UNIT ( * ) PLANE_ANGLE_UNIT ( ) SI_UNIT ( $, .RADIAN. ) );
#5386 = ORIENTED_EDGE ( 'NONE', *, *, #2485, .T. ) ;
#5387 = APPLICATION_PROTOCOL_DEFINITION ( 'draft international standard', 'automotive_design', 1998, #5331 ) ;
#5389 = ORIENTED_EDGE ( 'NONE', *, *, #2383, .T. ) ;
#5388 =( NAMED_UNIT ( * ) SI_UNIT ( $, .STERADIAN. ) SOLID_ANGLE_UNIT ( ) );
#5390 = ORIENTED_EDGE ( 'NONE', *, *, #2462, .T. ) ;
#5391 = ORIENTED_EDGE ( 'NONE', *, *, #2453, .F. ) ;
#5392 = ORIENTED_EDGE ( 'NONE', *, *, #2484, .T. ) ;
#5393 = ORIENTED_EDGE ( 'NONE', *, *, #2446, .T. ) ;
#5394 = ORIENTED_EDGE ( 'NONE', *, *, #2532, .T. ) ;
#5395 = ORIENTED_EDGE ( 'NONE', *, *, #2456, .T. ) ;
#5396 = ORIENTED_EDGE ( 'NONE', *, *, #2495, .F. ) ;
#5397 = ORIENTED_EDGE ( 'NONE', *, *, #2366, .T. ) ;
#5398 = ORIENTED_EDGE ( 'NONE', *, *, #2430, .F. ) ;
#5399 = ORIENTED_EDGE ( 'NONE', *, *, #2426, .T. ) ;
#5400 = ORIENTED_EDGE ( 'NONE', *, *, #2423, .T. ) ;
#5401 = ORIENTED_EDGE ( 'NONE', *, *, #2528, .T. ) ;
#5402 = ORIENTED_EDGE ( 'NONE', *, *, #2396, .F. ) ;
#5403 = ORIENTED_EDGE ( 'NONE', *, *, #2474, .F. ) ;
#5404 = ORIENTED_EDGE ( 'NONE', *, *, #2472, .T. ) ;
#5405 = ORIENTED_EDGE ( 'NONE', *, *, #2546, .T. ) ;
#5406 = ORIENTED_EDGE ( 'NONE', *, *, #2496, .F. ) ;
#5407 = ORIENTED_EDGE ( 'NONE', *, *, #2417, .T. ) ;
#5408 = ORIENTED_EDGE ( 'NONE', *, *, #2478, .T. ) ;
#5409 = ORIENTED_EDGE ( 'NONE', *, *, #2551, .T. ) ;
#5410 = ORIENTED_EDGE ( 'NONE', *, *, #2349, .F. ) ;
#5411 = ORIENTED_EDGE ( 'NONE', *, *, #2535, .T. ) ;
#5412 = ORIENTED_EDGE ( 'NONE', *, *, #2496, .T. ) ;
#5413 = ORIENTED_EDGE ( 'NONE', *, *, #2352, .F. ) ;
#5414 = ORIENTED_EDGE ( 'NONE', *, *, #2424, .T. ) ;
#5415 = ORIENTED_EDGE ( 'NONE', *, *, #2435, .T. ) ;
#5416 = ORIENTED_EDGE ( 'NONE', *, *, #2483, .T. ) ;
#5417 = ORIENTED_EDGE ( 'NONE', *, *, #2490, .T. ) ;
#5418 = ORIENTED_EDGE ( 'NONE', *, *, #2418, .F. ) ;
#5419 = ORIENTED_EDGE ( 'NONE', *, *, #2488, .T. ) ;
#5420 = ORIENTED_EDGE ( 'NONE', *, *, #2527, .F. ) ;
#5421 = ORIENTED_EDGE ( 'NONE', *, *, #2376, .T. ) ;
#5422 = ORIENTED_EDGE ( 'NONE', *, *, #2384, .T. ) ;
#5423 = ORIENTED_EDGE ( 'NONE', *, *, #2424, .F. ) ;
#5424 = ORIENTED_EDGE ( 'NONE', *, *, #2445, .F. ) ;
#5425 = ORIENTED_EDGE ( 'NONE', *, *, #2438, .F. ) ;
#5426 = ORIENTED_EDGE ( 'NONE', *, *, #2519, .T. ) ;
#5427 = ORIENTED_EDGE ( 'NONE', *, *, #2401, .T. ) ;
#5428 = ORIENTED_EDGE ( 'NONE', *, *, #2373, .F. ) ;
#5429 = ORIENTED_EDGE ( 'NONE', *, *, #2435, .F. ) ;
#5430 = ORIENTED_EDGE ( 'NONE', *, *, #2355, .F. ) ;
#5431 = ORIENTED_EDGE ( 'NONE', *, *, #2377, .T. ) ;
#5432 = ORIENTED_EDGE ( 'NONE', *, *, #2438, .T. ) ;
#5433 = ORIENTED_EDGE ( 'NONE', *, *, #2547, .T. ) ;
#5434 = ORIENTED_EDGE ( 'NONE', *, *, #2480, .F. ) ;
#5435 = ORIENTED_EDGE ( 'NONE', *, *, #2422, .F. ) ;
#5436 = ORIENTED_EDGE ( 'NONE', *, *, #2451, .F. ) ;
#5437 = ORIENTED_EDGE ( 'NONE', *, *, #2432, .F. ) ;
#5438 = ORIENTED_EDGE ( 'NONE', *, *, #2411, .T. ) ;
#5439 = ORIENTED_EDGE ( 'NONE', *, *, #2463, .T. ) ;
#5440 = ORIENTED_EDGE ( 'NONE', *, *, #2376, .F. ) ;
#5441 = ORIENTED_EDGE ( 'NONE', *, *, #2405, .T. ) ;
#5442 = ORIENTED_EDGE ( 'NONE', *, *, #2429, .T. ) ;
#5443 = ORIENTED_EDGE ( 'NONE', *, *, #2516, .T. ) ;
#5444 = ORIENTED_EDGE ( 'NONE', *, *, #2449, .F. ) ;
#5445 = ORIENTED_EDGE ( 'NONE', *, *, #2489, .F. ) ;
#5446 = ORIENTED_EDGE ( 'NONE', *, *, #2477, .F. ) ;
#5447 = ORIENTED_EDGE ( 'NONE', *, *, #2512, .T. ) ;
#5448 = ORIENTED_EDGE ( 'NONE', *, *, #2364, .F. ) ;
#5449 = ORIENTED_EDGE ( 'NONE', *, *, #2547, .F. ) ;
#5450 = ORIENTED_EDGE ( 'NONE', *, *, #2379, .F. ) ;
#5451 = ORIENTED_EDGE ( 'NONE', *, *, #2544, .F. ) ;
#5452 = ORIENTED_EDGE ( 'NONE', *, *, #2427, .T. ) ;
#5453 = ORIENTED_EDGE ( 'NONE', *, *, #2431, .F. ) ;
#5454 = ORIENTED_EDGE ( 'NONE', *, *, #2493, .F. ) ;
#5455 = ORIENTED_EDGE ( 'NONE', *, *, #2367, .F. ) ;
#5456 = ORIENTED_EDGE ( 'NONE', *, *, #2516, .F. ) ;
#5457 = ORIENTED_EDGE ( 'NONE', *, *, #2464, .F. ) ;
#5458 = ORIENTED_EDGE ( 'NONE', *, *, #2519, .F. ) ;
#5459 = ORIENTED_EDGE ( 'NONE', *, *, #2541, .F. ) ;
#5460 = ORIENTED_EDGE ( 'NONE', *, *, #2477, .T. ) ;
#5461 = ORIENTED_EDGE ( 'NONE', *, *, #2544, .T. ) ;
#5462 = ORIENTED_EDGE ( 'NONE', *, *, #2502, .F. ) ;
#5463 = ORIENTED_EDGE ( 'NONE', *, *, #2552, .T. ) ;
#5464 = ORIENTED_EDGE ( 'NONE', *, *, #2382, .F. ) ;
#5465 = ORIENTED_EDGE ( 'NONE', *, *, #2384, .F. ) ;
#5466 = ORIENTED_EDGE ( 'NONE', *, *, #2408, .F. ) ;
#5467 = ORIENTED_EDGE ( 'NONE', *, *, #2378, .T. ) ;
#5468 = ORIENTED_EDGE ( 'NONE', *, *, #2471, .F. ) ;
#5469 = ORIENTED_EDGE ( 'NONE', *, *, #2450, .F. ) ;
#5470 = ORIENTED_EDGE ( 'NONE', *, *, #2409, .F. ) ;
#5471 = ORIENTED_EDGE ( 'NONE', *, *, #2386, .T. ) ;
#5472 = ORIENTED_EDGE ( 'NONE', *, *, #2358, .T. ) ;
#5473 = ORIENTED_EDGE ( 'NONE', *, *, #2546, .F. ) ;
#5474 = ORIENTED_EDGE ( 'NONE', *, *, #2528, .F. ) ;
#5475 = ORIENTED_EDGE ( 'NONE', *, *, #2490, .F. ) ;
#5476 = ORIENTED_EDGE ( 'NONE', *, *, #2383, .F. ) ;
#5477 = ORIENTED_EDGE ( 'NONE', *, *, #2465, .F. ) ;
#5478 = ORIENTED_EDGE ( 'NONE', *, *, #2541, .T. ) ;
#5479 = ORIENTED_EDGE ( 'NONE', *, *, #2527, .T. ) ;
#5480 = ORIENTED_EDGE ( 'NONE', *, *, #2426, .F. ) ;
#5481 = ORIENTED_EDGE ( 'NONE', *, *, #2476, .F. ) ;
#5482 = ORIENTED_EDGE ( 'NONE', *, *, #2476, .T. ) ;
#5483 = ORIENTED_EDGE ( 'NONE', *, *, #2493, .T. ) ;
#5484 = ORIENTED_EDGE ( 'NONE', *, *, #2434, .F. ) ;
#5485 = ORIENTED_EDGE ( 'NONE', *, *, #2446, .F. ) ;
#5486 = ORIENTED_EDGE ( 'NONE', *, *, #2492, .F. ) ;
#5487 = ORIENTED_EDGE ( 'NONE', *, *, #2465, .T. ) ;
#5488 = ORIENTED_EDGE ( 'NONE', *, *, #2442, .T. ) ;
#5489 = ORIENTED_EDGE ( 'NONE', *, *, #2356, .F. ) ;
#5490 = ORIENTED_EDGE ( 'NONE', *, *, #2403, .F. ) ;
#5491 = ORIENTED_EDGE ( 'NONE', *, *, #2482, .F. ) ;
#5492 = ORIENTED_EDGE ( 'NONE', *, *, #2440, .F. ) ;
#5493 = ORIENTED_EDGE ( 'NONE', *, *, #2482, .T. ) ;
#5494 = ORIENTED_EDGE ( 'NONE', *, *, #2470, .F. ) ;
#5495 = ORIENTED_EDGE ( 'NONE', *, *, #2425, .F. ) ;
#5496 = ORIENTED_EDGE ( 'NONE', *, *, #2481, .T. ) ;
#5497 = ORIENTED_EDGE ( 'NONE', *, *, #2486, .F. ) ;
#5498 = ORIENTED_EDGE ( 'NONE', *, *, #2421, .F. ) ;
#5499 = ORIENTED_EDGE ( 'NONE', *, *, #2483, .F. ) ;
#5500 = ORIENTED_EDGE ( 'NONE', *, *, #2363, .F. ) ;
#5501 = ORIENTED_EDGE ( 'NONE', *, *, #2417, .F. ) ;
#5502 = ORIENTED_EDGE ( 'NONE', *, *, #2375, .F. ) ;
#5503 = ORIENTED_EDGE ( 'NONE', *, *, #2402, .F. ) ;
#5504 = ORIENTED_EDGE ( 'NONE', *, *, #2439, .F. ) ;
#5505 = ORIENTED_EDGE ( 'NONE', *, *, #2442, .F. ) ;
#5506 = ORIENTED_EDGE ( 'NONE', *, *, #2390, .F. ) ;
#5507 = ORIENTED_EDGE ( 'NONE', *, *, #2535, .F. ) ;
#5508 = ORIENTED_EDGE ( 'NONE', *, *, #2534, .F. ) ;
#5509 = ORIENTED_EDGE ( 'NONE', *, *, #2427, .F. ) ;
#5510 = ORIENTED_EDGE ( 'NONE', *, *, #2398, .F. ) ;
#5511 = ORIENTED_EDGE ( 'NONE', *, *, #2489, .T. ) ;
#5512 = ORIENTED_EDGE ( 'NONE', *, *, #2452, .T. ) ;
#5513 = ORIENTED_EDGE ( 'NONE', *, *, #2469, .F. ) ;
#5514 = ORIENTED_EDGE ( 'NONE', *, *, #2461, .F. ) ;
#5515 = ORIENTED_EDGE ( 'NONE', *, *, #2457, .T. ) ;
#5516 = ORIENTED_EDGE ( 'NONE', *, *, #2416, .F. ) ;
#5517 = ORIENTED_EDGE ( 'NONE', *, *, #2457, .F. ) ;
#5518 = ORIENTED_EDGE ( 'NONE', *, *, #2374, .F. ) ;
#5519 = ORIENTED_EDGE ( 'NONE', *, *, #2414, .F. ) ;
#5520 = ORIENTED_EDGE ( 'NONE', *, *, #2534, .T. ) ;
#5521 = ORIENTED_EDGE ( 'NONE', *, *, #2466, .T. ) ;
#5522 = ORIENTED_EDGE ( 'NONE', *, *, #2360, .F. ) ;
#5523 = ORIENTED_EDGE ( 'NONE', *, *, #2467, .T. ) ;
#5524 = ORIENTED_EDGE ( 'NONE', *, *, #2460, .F. ) ;
#5525 = ORIENTED_EDGE ( 'NONE', *, *, #2469, .T. ) ;
#5526 = ORIENTED_EDGE ( 'NONE', *, *, #2488, .F. ) ;
#5527 = ORIENTED_EDGE ( 'NONE', *, *, #2552, .F. ) ;
#5528 = ORIENTED_EDGE ( 'NONE', *, *, #2386, .F. ) ;
#5529 = ORIENTED_EDGE ( 'NONE', *, *, #2471, .T. ) ;
#5530 = ORIENTED_EDGE ( 'NONE', *, *, #2443, .F. ) ;
#5531 = ORIENTED_EDGE ( 'NONE', *, *, #2444, .F. ) ;
#5532 = ORIENTED_EDGE ( 'NONE', *, *, #2439, .T. ) ;
#5533 = ORIENTED_EDGE ( 'NONE', *, *, #2450, .T. ) ;
#5534 = ORIENTED_EDGE ( 'NONE', *, *, #2470, .T. ) ;
#5535 = ORIENTED_EDGE ( 'NONE', *, *, #2400, .F. ) ;
#5536 = ORIENTED_EDGE ( 'NONE', *, *, #2436, .T. ) ;
#5537 = ORIENTED_EDGE ( 'NONE', *, *, #2407, .F. ) ;
#5538 = ORIENTED_EDGE ( 'NONE', *, *, #2460, .T. ) ;
#5539 = ORIENTED_EDGE ( 'NONE', *, *, #2479, .T. ) ;
#5540 = ORIENTED_EDGE ( 'NONE', *, *, #2440, .T. ) ;
#5541 = ORIENTED_EDGE ( 'NONE', *, *, #2380, .F. ) ;
#5542 = ORIENTED_EDGE ( 'NONE', *, *, #2464, .T. ) ;
#5543 = ORIENTED_EDGE ( 'NONE', *, *, #2351, .F. ) ;
#5544 = ORIENTED_EDGE ( 'NONE', *, *, #2389, .F. ) ;
#5545 = ORIENTED_EDGE ( 'NONE', *, *, #2484, .F. ) ;
#5546 = ORIENTED_EDGE ( 'NONE', *, *, #2458, .F. ) ;
#5547 = ORIENTED_EDGE ( 'NONE', *, *, #2487, .F. ) ;
#5548 = ORIENTED_EDGE ( 'NONE', *, *, #2512, .F. ) ;
#5549 = ORIENTED_EDGE ( 'NONE', *, *, #2485, .F. ) ;
#5550 = ORIENTED_EDGE ( 'NONE', *, *, #2502, .T. ) ;
#5551 = ORIENTED_EDGE ( 'NONE', *, *, #2412, .F. ) ;
#5552 = ORIENTED_EDGE ( 'NONE', *, *, #2531, .T. ) ;
#5553 = ORIENTED_EDGE ( 'NONE', *, *, #2545, .F. ) ;
#5554 = ORIENTED_EDGE ( 'NONE', *, *, #2614, .F. ) ;
#5555 = ORIENTED_EDGE ( 'NONE', *, *, #2444, .T. ) ;
#5556 = ORIENTED_EDGE ( 'NONE', *, *, #2419, .F. ) ;
#5557 = ORIENTED_EDGE ( 'NONE', *, *, #2433, .F. ) ;
#5558 = ORIENTED_EDGE ( 'NONE', *, *, #2536, .F. ) ;
#5559 = ORIENTED_EDGE ( 'NONE', *, *, #2347, .F. ) ;
#5560 = ORIENTED_EDGE ( 'NONE', *, *, #2378, .F. ) ;
#5561 = ORIENTED_EDGE ( 'NONE', *, *, #2413, .F. ) ;
#5562 = ORIENTED_EDGE ( 'NONE', *, *, #2452, .F. ) ;
#5563 = ORIENTED_EDGE ( 'NONE', *, *, #2467, .F. ) ;
#5564 = ORIENTED_EDGE ( 'NONE', *, *, #2448, .F. ) ;
#5565 = ORIENTED_EDGE ( 'NONE', *, *, #2441, .T. ) ;
#5566 = ORIENTED_EDGE ( 'NONE', *, *, #2436, .F. ) ;
#5567 = ORIENTED_EDGE ( 'NONE', *, *, #2520, .F. ) ;
#5568 = ORIENTED_EDGE ( 'NONE', *, *, #2468, .T. ) ;
#5569 = ORIENTED_EDGE ( 'NONE', *, *, #2404, .T. ) ;
#5570 = ORIENTED_EDGE ( 'NONE', *, *, #2406, .F. ) ;
#5571 = ORIENTED_EDGE ( 'NONE', *, *, #2365, .T. ) ;
#5572 = ORIENTED_EDGE ( 'NONE', *, *, #2494, .F. ) ;
#5573 = ORIENTED_EDGE ( 'NONE', *, *, #2510, .T. ) ;
#5574 = ORIENTED_EDGE ( 'NONE', *, *, #2357, .T. ) ;
#5575 = ORIENTED_EDGE ( 'NONE', *, *, #2500, .T. ) ;
#5576 = ORIENTED_EDGE ( 'NONE', *, *, #2466, .F. ) ;
#5577 = ORIENTED_EDGE ( 'NONE', *, *, #2503, .F. ) ;
#5578 = ORIENTED_EDGE ( 'NONE', *, *, #2447, .F. ) ;
#5579 = ORIENTED_EDGE ( 'NONE', *, *, #2462, .F. ) ;
#5580 = ORIENTED_EDGE ( 'NONE', *, *, #2475, .F. ) ;
#5581 = ORIENTED_EDGE ( 'NONE', *, *, #2491, .F. ) ;
#5582 = ORIENTED_EDGE ( 'NONE', *, *, #2479, .F. ) ;
#5583 = ORIENTED_EDGE ( 'NONE', *, *, #2393, .F. ) ;
#5584 = ORIENTED_EDGE ( 'NONE', *, *, #2391, .F. ) ;
#5585 = ORIENTED_EDGE ( 'NONE', *, *, #2463, .F. ) ;
#5586 = ORIENTED_EDGE ( 'NONE', *, *, #2525, .T. ) ;
#5587 = ORIENTED_EDGE ( 'NONE', *, *, #2456, .F. ) ;
#5588 = ORIENTED_EDGE ( 'NONE', *, *, #2554, .F. ) ;
#5589 = ORIENTED_EDGE ( 'NONE', *, *, #2454, .F. ) ;
#5590 = ORIENTED_EDGE ( 'NONE', *, *, #2397, .T. ) ;
#5591 = ORIENTED_EDGE ( 'NONE', *, *, #2569, .F. ) ;
#5592 = ORIENTED_EDGE ( 'NONE', *, *, #2542, .T. ) ;
#5593 = ORIENTED_EDGE ( 'NONE', *, *, #2388, .T. ) ;
#5594 = CLOSED_SHELL ( 'NONE', ( #5631, #5609, #5616, #5611, #5656, #5634, #5665, #5676, #5613, #5612, #5662, #5619, #5660, #5617, #5642, #5651, #5630, #5663, #5677, #5618, #5683, #5670, #5666, #5632, #5608, #5639, #5607, #5661, #5652, #5628, #5650, #5672, #5681, #5674, #5659, #5658, #5679, #5633, #5629, #5648, #5635, #5610, #5614, #5615, #5646, #5729, #5643, #5733, #5621, #5678, #5726, #5667, #5622, #5722, #5686, #5655, #5640, #5716, #5708, #5627, #5736, #5680, #5647, #5696, #5687, #5649, #5654, #5738, #5731, #5669, #5673, #5713, #5626, #5699, #5664 ) ) ;
#5595 = ORIENTED_EDGE ( 'NONE', *, *, #2504, .F. ) ;
#5596 = ORIENTED_EDGE ( 'NONE', *, *, #2554, .T. ) ;
#5597 = ORIENTED_EDGE ( 'NONE', *, *, #2481, .F. ) ;
#5598 = ORIENTED_EDGE ( 'NONE', *, *, #2454, .T. ) ;
#5599 = ORIENTED_EDGE ( 'NONE', *, *, #2455, .T. ) ;
#5600 = ORIENTED_EDGE ( 'NONE', *, *, #2530, .T. ) ;
#5601 = ORIENTED_EDGE ( 'NONE', *, *, #2399, .F. ) ;
#5602 = ORIENTED_EDGE ( 'NONE', *, *, #2394, .F. ) ;
#5603 = ORIENTED_EDGE ( 'NONE', *, *, #2473, .T. ) ;
#5604 = ORIENTED_EDGE ( 'NONE', *, *, #2537, .F. ) ;
#5605 = ORIENTED_EDGE ( 'NONE', *, *, #2455, .F. ) ;
#5606 = ORIENTED_EDGE ( 'NONE', *, *, #2550, .T. ) ;
#5607 = ADVANCED_FACE ( 'NONE', ( #3921 ), #3905, .T. ) ;
#5608 = ADVANCED_FACE ( 'NONE', ( #3949 ), #3891, .T. ) ;
#5609 = ADVANCED_FACE ( 'NONE', ( #3899 ), #3922, .T. ) ;
#5610 = ADVANCED_FACE ( 'NONE', ( #3926 ), #3942, .T. ) ;
#5611 = ADVANCED_FACE ( 'NONE', ( #3924 ), #3937, .T. ) ;
#5612 = ADVANCED_FACE ( 'NONE', ( #3910 ), #3896, .F. ) ;
#5613 = ADVANCED_FACE ( 'NONE', ( #3915 ), #3900, .F. ) ;
#5614 = ADVANCED_FACE ( 'NONE', ( #3902 ), #3923, .T. ) ;
#5615 = ADVANCED_FACE ( 'NONE', ( #3934 ), #3950, .T. ) ;
#5616 = ADVANCED_FACE ( 'NONE', ( #3935 ), #3914, .T. ) ;
#5617 = ADVANCED_FACE ( 'NONE', ( #3916 ), #3952, .T. ) ;
#5618 = ADVANCED_FACE ( 'NONE', ( #3953 ), #3919, .T. ) ;
#5619 = ADVANCED_FACE ( 'NONE', ( #3903, #3908, #3917, #3897 ), #1314, .T. ) ;
#5620 = ADVANCED_FACE ( 'NONE', ( #3938 ), #1311, .F. ) ;
#5621 = ADVANCED_FACE ( 'NONE', ( #3907 ), #3892, .T. ) ;
#5622 = ADVANCED_FACE ( 'NONE', ( #3893 ), #3890, .T. ) ;
#5623 = ADVANCED_FACE ( 'NONE', ( #3936, #3925 ), #3943, .F. ) ;
#5624 = ADVANCED_FACE ( 'NONE', ( #3904 ), #3958, .F. ) ;
#5625 = ADVANCED_FACE ( 'NONE', ( #3939 ), #3960, .F. ) ;
#5626 = ADVANCED_FACE ( 'NONE', ( #3991 ), #1284, .T. ) ;
#5627 = ADVANCED_FACE ( 'NONE', ( #3954 ), #3963, .T. ) ;
#5628 = ADVANCED_FACE ( 'NONE', ( #3956 ), #3964, .F. ) ;
#5629 = ADVANCED_FACE ( 'NONE', ( #3982 ), #3955, .T. ) ;
#5630 = ADVANCED_FACE ( 'NONE', ( #3957 ), #3989, .T. ) ;
#5631 = ADVANCED_FACE ( 'NONE', ( #3987 ), #3986, .T. ) ;
#5632 = ADVANCED_FACE ( 'NONE', ( #3959 ), #3979, .T. ) ;
#5633 = ADVANCED_FACE ( 'NONE', ( #3992 ), #3974, .T. ) ;
#5634 = ADVANCED_FACE ( 'NONE', ( #3968 ), #3978, .T. ) ;
#5635 = ADVANCED_FACE ( 'NONE', ( #3988 ), #3962, .T. ) ;
#5636 = ADVANCED_FACE ( 'NONE', ( #3976 ), #3983, .T. ) ;
#5637 = ADVANCED_FACE ( 'NONE', ( #3984 ), #3966, .T. ) ;
#5638 = ADVANCED_FACE ( 'NONE', ( #3961 ), #3972, .T. ) ;
#5639 = ADVANCED_FACE ( 'NONE', ( #3980 ), #3973, .T. ) ;
#5640 = ADVANCED_FACE ( 'NONE', ( #3981 ), #3975, .T. ) ;
#5641 = ADVANCED_FACE ( 'NONE', ( #3977 ), #3969, .F. ) ;
#5642 = ADVANCED_FACE ( 'NONE', ( #3970 ), #3965, .T. ) ;
#5643 = ADVANCED_FACE ( 'NONE', ( #3985 ), #3047, .T. ) ;
#5644 = ADVANCED_FACE ( 'NONE', ( #3990 ), #1390, .F. ) ;
#5645 = ADVANCED_FACE ( 'NONE', ( #3967 ), #3066, .T. ) ;
#5646 = ADVANCED_FACE ( 'NONE', ( #3064 ), #3046, .T. ) ;
#5647 = ADVANCED_FACE ( 'NONE', ( #3084 ), #3077, .T. ) ;
#5648 = ADVANCED_FACE ( 'NONE', ( #3048 ), #3081, .T. ) ;
#5649 = ADVANCED_FACE ( 'NONE', ( #3052 ), #3082, .T. ) ;
#5650 = ADVANCED_FACE ( 'NONE', ( #3039 ), #1354, .T. ) ;
#5651 = ADVANCED_FACE ( 'NONE', ( #3088 ), #3059, .T. ) ;
#5652 = ADVANCED_FACE ( 'NONE', ( #3065 ), #3041, .T. ) ;
#5653 = ADVANCED_FACE ( 'NONE', ( #3099 ), #3061, .F. ) ;
#5654 = ADVANCED_FACE ( 'NONE', ( #3060 ), #3053, .F. ) ;
#5655 = ADVANCED_FACE ( 'NONE', ( #3038 ), #3089, .T. ) ;
#5656 = ADVANCED_FACE ( 'NONE', ( #3042 ), #3076, .F. ) ;
#5657 = ADVANCED_FACE ( 'NONE', ( #3049 ), #3075, .F. ) ;
#5658 = ADVANCED_FACE ( 'NONE', ( #3078 ), #3071, .T. ) ;
#5659 = ADVANCED_FACE ( 'NONE', ( #3083 ), #3062, .T. ) ;
#5660 = ADVANCED_FACE ( 'NONE', ( #3095, #3067, #3100, #3050 ), #1403, .F. ) ;
#5661 = ADVANCED_FACE ( 'NONE', ( #3079 ), #3080, .T. ) ;
#5662 = ADVANCED_FACE ( 'NONE', ( #3094 ), #3056, .T. ) ;
#5663 = ADVANCED_FACE ( 'NONE', ( #3086 ), #3070, .T. ) ;
#5664 = ADVANCED_FACE ( 'NONE', ( #3098 ), #1405, .T. ) ;
#5665 = ADVANCED_FACE ( 'NONE', ( #3068 ), #3054, .T. ) ;
#5666 = ADVANCED_FACE ( 'NONE', ( #3051 ), #3069, .T. ) ;
#5667 = ADVANCED_FACE ( 'NONE', ( #3085 ), #3096, .T. ) ;
#5668 = ADVANCED_FACE ( 'NONE', ( #3087 ), #3035, .T. ) ;
#5669 = ADVANCED_FACE ( 'NONE', ( #3090 ), #3055, .T. ) ;
#5670 = ADVANCED_FACE ( 'NONE', ( #3072 ), #3058, .T. ) ;
#5671 = ADVANCED_FACE ( 'NONE', ( #3063 ), #3036, .T. ) ;
#5672 = ADVANCED_FACE ( 'NONE', ( #3092 ), #3097, .F. ) ;
#5673 = ADVANCED_FACE ( 'NONE', ( #3074 ), #1163, .T. ) ;
#5674 = ADVANCED_FACE ( 'NONE', ( #3043 ), #3044, .F. ) ;
#5675 = ADVANCED_FACE ( 'NONE', ( #3045 ), #3037, .F. ) ;
#5676 = ADVANCED_FACE ( 'NONE', ( #3040 ), #3102, .F. ) ;
#5677 = ADVANCED_FACE ( 'NONE', ( #3091 ), #3130, .T. ) ;
#5678 = ADVANCED_FACE ( 'NONE', ( #3093 ), #3135, .T. ) ;
#5679 = ADVANCED_FACE ( 'NONE', ( #3073 ), #3148, .T. ) ;
#5680 = ADVANCED_FACE ( 'NONE', ( #3158 ), #3105, .T. ) ;
#5681 = ADVANCED_FACE ( 'NONE', ( #3123 ), #1131, .F. ) ;
#5682 = ADVANCED_FACE ( 'NONE', ( #3057 ), #1130, .F. ) ;
#5683 = ADVANCED_FACE ( 'NONE', ( #3126 ), #3104, .T. ) ;
#5684 = ADVANCED_FACE ( 'NONE', ( #3144 ), #3136, .T. ) ;
#5685 = ADVANCED_FACE ( 'NONE', ( #3132 ), #1134, .T. ) ;
#5686 = ADVANCED_FACE ( 'NONE', ( #3137 ), #3160, .T. ) ;
#5687 = ADVANCED_FACE ( 'NONE', ( #3154 ), #3119, .T. ) ;
#5688 = ADVANCED_FACE ( 'NONE', ( #3106 ), #1202, .F. ) ;
#5689 = ADVANCED_FACE ( 'NONE', ( #3153 ), #3149, .F. ) ;
#5690 = ADVANCED_FACE ( 'NONE', ( #3110 ), #1203, .T. ) ;
#5691 = ADVANCED_FACE ( 'NONE', ( #3150 ), #1209, .F. ) ;
#5692 = ADVANCED_FACE ( 'NONE', ( #3116 ), #3145, .F. ) ;
#5693 = ADVANCED_FACE ( 'NONE', ( #3107 ), #3109, .T. ) ;
#5694 = ADVANCED_FACE ( 'NONE', ( #3131 ), #1190, .F. ) ;
#5695 = ADVANCED_FACE ( 'NONE', ( #3127 ), #1211, .F. ) ;
#5696 = ADVANCED_FACE ( 'NONE', ( #3141 ), #3162, .T. ) ;
#5697 = ADVANCED_FACE ( 'NONE', ( #3101 ), #3122, .T. ) ;
#5698 = ADVANCED_FACE ( 'NONE', ( #3139 ), #3108, .F. ) ;
#5699 = ADVANCED_FACE ( 'NONE', ( #3111 ), #3118, .T. ) ;
#5700 = ADVANCED_FACE ( 'NONE', ( #3113 ), #3128, .F. ) ;
#5701 = ADVANCED_FACE ( 'NONE', ( #3140 ), #4957, .F. ) ;
#5702 = ADVANCED_FACE ( 'NONE', ( #3103 ), #3138, .T. ) ;
#5703 = ADVANCED_FACE ( 'NONE', ( #3161 ), #3117, .F. ) ;
#5704 = ADVANCED_FACE ( 'NONE', ( #3120 ), #4980, .F. ) ;
#5705 = ADVANCED_FACE ( 'NONE', ( #3142 ), #3112, .F. ) ;
#5706 = ADVANCED_FACE ( 'NONE', ( #3151 ), #4958, .T. ) ;
#5707 = ADVANCED_FACE ( 'NONE', ( #3143 ), #3156, .F. ) ;
#5708 = ADVANCED_FACE ( 'NONE', ( #3121 ), #3114, .T. ) ;
#5709 = ADVANCED_FACE ( 'NONE', ( #3129, #3115 ), #4947, .T. ) ;
#5710 = ADVANCED_FACE ( 'NONE', ( #3124 ), #3146, .F. ) ;
#5711 = ADVANCED_FACE ( 'NONE', ( #3125 ), #4955, .T. ) ;
#5712 = ADVANCED_FACE ( 'NONE', ( #3147, #3134 ), #5063, .F. ) ;
#5713 = ADVANCED_FACE ( 'NONE', ( #3133 ), #3159, .T. ) ;
#5714 = ADVANCED_FACE ( 'NONE', ( #3155 ), #3189, .F. ) ;
#5715 = ADVANCED_FACE ( 'NONE', ( #3152, #3168 ), #5043, .F. ) ;
#5716 = ADVANCED_FACE ( 'NONE', ( #3157 ), #3199, .T. ) ;
#5717 = ADVANCED_FACE ( 'NONE', ( #3172, #3195 ), #3182, .T. ) ;
#5718 = ADVANCED_FACE ( 'NONE', ( #3188 ), #3167, .F. ) ;
#5719 = ADVANCED_FACE ( 'NONE', ( #3173 ), #5041, .F. ) ;
#5720 = ADVANCED_FACE ( 'NONE', ( #3211 ), #3176, .F. ) ;
#5721 = ADVANCED_FACE ( 'NONE', ( #3187, #3212 ), #3207, .T. ) ;
#5722 = ADVANCED_FACE ( 'NONE', ( #3166 ), #3177, .T. ) ;
#5723 = ADVANCED_FACE ( 'NONE', ( #3192 ), #5178, .F. ) ;
#5724 = ADVANCED_FACE ( 'NONE', ( #3200 ), #3164, .F. ) ;
#5725 = ADVANCED_FACE ( 'NONE', ( #3185, #3208 ), #3171, .F. ) ;
#5726 = ADVANCED_FACE ( 'NONE', ( #3170 ), #3196, .T. ) ;
#5727 = ADVANCED_FACE ( 'NONE', ( #3184 ), #3201, .F. ) ;
#5728 = ADVANCED_FACE ( 'NONE', ( #3169, #3165 ), #5102, .T. ) ;
#5729 = ADVANCED_FACE ( 'NONE', ( #3202 ), #3198, .T. ) ;
#5730 = ADVANCED_FACE ( 'NONE', ( #3174 ), #5169, .F. ) ;
#5731 = ADVANCED_FACE ( 'NONE', ( #3178 ), #5136, .T. ) ;
#5732 = ADVANCED_FACE ( 'NONE', ( #3203 ), #3190, .T. ) ;
#5733 = ADVANCED_FACE ( 'NONE', ( #3175 ), #3191, .T. ) ;
#5734 = ADVANCED_FACE ( 'NONE', ( #3204 ), #3209, .F. ) ;
#5735 = ADVANCED_FACE ( 'NONE', ( #3179 ), #3205, .T. ) ;
#5736 = ADVANCED_FACE ( 'NONE', ( #3206 ), #3193, .T. ) ;
#5737 = ADVANCED_FACE ( 'NONE', ( #3163 ), #3180, .F. ) ;
#5738 = ADVANCED_FACE ( 'NONE', ( #3210 ), #3194, .T. ) ;
#5739 = ADVANCED_FACE ( 'NONE', ( #3181 ), #3220, .T. ) ;
#5740 = SHAPE_REPRESENTATION ( '����1^1756457206259', ( #2973 ), #2983 ) ;
#5741 = NEXT_ASSEMBLY_USAGE_OCCURRENCE ( 'NAUO1', ' ', ' ', #3010, #2980, $ ) ;
#5742 = NEXT_ASSEMBLY_USAGE_OCCURRENCE ( 'NAUO2', ' ', ' ', #3010, #2982, $ ) ;
#5743 = NEXT_ASSEMBLY_USAGE_OCCURRENCE ( 'NAUO3', ' ', ' ', #3010, #2987, $ ) ;
ENDSEC;
END-ISO-10303-21;
